parent_id	result_id	system	version	claim	metric_scope	qualifying_basis	primary_source	artifact_status	disposition_code	disposition	source_card
2608.03859	2608.03859:pan12-ngram	PAN12 character n-gram plagiarism detector	PAN12 character n-gram plagiarism detector	Tables 1-2; every listed plagiarism detector, source-conditioned description-gain state, or retrieval/reranking state has a reported score >=0.90 on a plagiarism or source-retrieval metric, not general AI-text detection	Tables 1-2; every listed plagiarism detector, source-conditioned description-gain state, or retrieval/reranking state has a reported score >=0.90 on a plagiarism or source-retrieval metric, not general AI-text detection	Named submitted/proposed/fitted configuration with a threshold metric or explicit high-performance result in the cited full-text table scope.	https://arxiv.org/abs/2608.03859	The reported F1, recall, and ranking gains concern candidate-source plagiarism retrieval, not human-versus-machine authorship detection.	reject_scope	named plagiarism classifier, source-conditioned description-gain scorer, or source-retrieval/reranking pipeline. The reported F1, recall, and ranking gains concern candidate-source plagiarism retrieval, not human-versus-machine authorship detection.	Full-text source 2608.03859
2608.03859	2608.03859:bm25-pair	BM25 pair classifier	BM25 pair classifier	Tables 1-2; every listed plagiarism detector, source-conditioned description-gain state, or retrieval/reranking state has a reported score >=0.90 on a plagiarism or source-retrieval metric, not general AI-text detection	Tables 1-2; every listed plagiarism detector, source-conditioned description-gain state, or retrieval/reranking state has a reported score >=0.90 on a plagiarism or source-retrieval metric, not general AI-text detection	Named submitted/proposed/fitted configuration with a threshold metric or explicit high-performance result in the cited full-text table scope.	https://arxiv.org/abs/2608.03859	The reported F1, recall, and ranking gains concern candidate-source plagiarism retrieval, not human-versus-machine authorship detection.	reject_scope	named plagiarism classifier, source-conditioned description-gain scorer, or source-retrieval/reranking pipeline. The reported F1, recall, and ranking gains concern candidate-source plagiarism retrieval, not human-versus-machine authorship detection.	Full-text source 2608.03859
2608.03859	2608.03859:linq-cosine	Linq cosine similarity	Linq cosine similarity	Tables 1-2; every listed plagiarism detector, source-conditioned description-gain state, or retrieval/reranking state has a reported score >=0.90 on a plagiarism or source-retrieval metric, not general AI-text detection	Tables 1-2; every listed plagiarism detector, source-conditioned description-gain state, or retrieval/reranking state has a reported score >=0.90 on a plagiarism or source-retrieval metric, not general AI-text detection	Named submitted/proposed/fitted configuration with a threshold metric or explicit high-performance result in the cited full-text table scope.	https://arxiv.org/abs/2608.03859	The reported F1, recall, and ranking gains concern candidate-source plagiarism retrieval, not human-versus-machine authorship detection.	reject_scope	named plagiarism classifier, source-conditioned description-gain scorer, or source-retrieval/reranking pipeline. The reported F1, recall, and ranking gains concern candidate-source plagiarism retrieval, not human-versus-machine authorship detection.	Full-text source 2608.03859
2608.03859	2608.03859:plagbench-zero	PlagBench zero-shot vanilla	PlagBench zero-shot vanilla	Tables 1-2; every listed plagiarism detector, source-conditioned description-gain state, or retrieval/reranking state has a reported score >=0.90 on a plagiarism or source-retrieval metric, not general AI-text detection	Tables 1-2; every listed plagiarism detector, source-conditioned description-gain state, or retrieval/reranking state has a reported score >=0.90 on a plagiarism or source-retrieval metric, not general AI-text detection	Named submitted/proposed/fitted configuration with a threshold metric or explicit high-performance result in the cited full-text table scope.	https://arxiv.org/abs/2608.03859	The reported F1, recall, and ranking gains concern candidate-source plagiarism retrieval, not human-versus-machine authorship detection.	reject_scope	named plagiarism classifier, source-conditioned description-gain scorer, or source-retrieval/reranking pipeline. The reported F1, recall, and ranking gains concern candidate-source plagiarism retrieval, not human-versus-machine authorship detection.	Full-text source 2608.03859
2608.03859	2608.03859:plagbench-zero-cot	PlagBench zero-shot chain-of-thought	PlagBench zero-shot chain-of-thought	Tables 1-2; every listed plagiarism detector, source-conditioned description-gain state, or retrieval/reranking state has a reported score >=0.90 on a plagiarism or source-retrieval metric, not general AI-text detection	Tables 1-2; every listed plagiarism detector, source-conditioned description-gain state, or retrieval/reranking state has a reported score >=0.90 on a plagiarism or source-retrieval metric, not general AI-text detection	Named submitted/proposed/fitted configuration with a threshold metric or explicit high-performance result in the cited full-text table scope.	https://arxiv.org/abs/2608.03859	The reported F1, recall, and ranking gains concern candidate-source plagiarism retrieval, not human-versus-machine authorship detection.	reject_scope	named plagiarism classifier, source-conditioned description-gain scorer, or source-retrieval/reranking pipeline. The reported F1, recall, and ranking gains concern candidate-source plagiarism retrieval, not human-versus-machine authorship detection.	Full-text source 2608.03859
2608.03859	2608.03859:plagbench-few	PlagBench few-shot vanilla	PlagBench few-shot vanilla	Tables 1-2; every listed plagiarism detector, source-conditioned description-gain state, or retrieval/reranking state has a reported score >=0.90 on a plagiarism or source-retrieval metric, not general AI-text detection	Tables 1-2; every listed plagiarism detector, source-conditioned description-gain state, or retrieval/reranking state has a reported score >=0.90 on a plagiarism or source-retrieval metric, not general AI-text detection	Named submitted/proposed/fitted configuration with a threshold metric or explicit high-performance result in the cited full-text table scope.	https://arxiv.org/abs/2608.03859	The reported F1, recall, and ranking gains concern candidate-source plagiarism retrieval, not human-versus-machine authorship detection.	reject_scope	named plagiarism classifier, source-conditioned description-gain scorer, or source-retrieval/reranking pipeline. The reported F1, recall, and ranking gains concern candidate-source plagiarism retrieval, not human-versus-machine authorship detection.	Full-text source 2608.03859
2608.03859	2608.03859:plagbench-few-cot	PlagBench few-shot chain-of-thought	PlagBench few-shot chain-of-thought	Tables 1-2; every listed plagiarism detector, source-conditioned description-gain state, or retrieval/reranking state has a reported score >=0.90 on a plagiarism or source-retrieval metric, not general AI-text detection	Tables 1-2; every listed plagiarism detector, source-conditioned description-gain state, or retrieval/reranking state has a reported score >=0.90 on a plagiarism or source-retrieval metric, not general AI-text detection	Named submitted/proposed/fitted configuration with a threshold metric or explicit high-performance result in the cited full-text table scope.	https://arxiv.org/abs/2608.03859	The reported F1, recall, and ranking gains concern candidate-source plagiarism retrieval, not human-versus-machine authorship detection.	reject_scope	named plagiarism classifier, source-conditioned description-gain scorer, or source-retrieval/reranking pipeline. The reported F1, recall, and ranking gains concern candidate-source plagiarism retrieval, not human-versus-machine authorship detection.	Full-text source 2608.03859
2608.03859	2608.03859:scdg-qwen-avg	SCDG Qwen3-8B average aggregation	SCDG Qwen3-8B average aggregation	Tables 1-2; every listed plagiarism detector, source-conditioned description-gain state, or retrieval/reranking state has a reported score >=0.90 on a plagiarism or source-retrieval metric, not general AI-text detection	Tables 1-2; every listed plagiarism detector, source-conditioned description-gain state, or retrieval/reranking state has a reported score >=0.90 on a plagiarism or source-retrieval metric, not general AI-text detection	Named submitted/proposed/fitted configuration with a threshold metric or explicit high-performance result in the cited full-text table scope.	https://arxiv.org/abs/2608.03859	The reported F1, recall, and ranking gains concern candidate-source plagiarism retrieval, not human-versus-machine authorship detection.	reject_scope	named plagiarism classifier, source-conditioned description-gain scorer, or source-retrieval/reranking pipeline. The reported F1, recall, and ranking gains concern candidate-source plagiarism retrieval, not human-versus-machine authorship detection.	Full-text source 2608.03859
2608.03859	2608.03859:scdg-qwen-topq	SCDG Qwen3-8B top-q aggregation	SCDG Qwen3-8B top-q aggregation	Tables 1-2; every listed plagiarism detector, source-conditioned description-gain state, or retrieval/reranking state has a reported score >=0.90 on a plagiarism or source-retrieval metric, not general AI-text detection	Tables 1-2; every listed plagiarism detector, source-conditioned description-gain state, or retrieval/reranking state has a reported score >=0.90 on a plagiarism or source-retrieval metric, not general AI-text detection	Named submitted/proposed/fitted configuration with a threshold metric or explicit high-performance result in the cited full-text table scope.	https://arxiv.org/abs/2608.03859	The reported F1, recall, and ranking gains concern candidate-source plagiarism retrieval, not human-versus-machine authorship detection.	reject_scope	named plagiarism classifier, source-conditioned description-gain scorer, or source-retrieval/reranking pipeline. The reported F1, recall, and ranking gains concern candidate-source plagiarism retrieval, not human-versus-machine authorship detection.	Full-text source 2608.03859
2608.03859	2608.03859:scdg-ministral-avg	SCDG Ministral-8B average aggregation	SCDG Ministral-8B average aggregation	Tables 1-2; every listed plagiarism detector, source-conditioned description-gain state, or retrieval/reranking state has a reported score >=0.90 on a plagiarism or source-retrieval metric, not general AI-text detection	Tables 1-2; every listed plagiarism detector, source-conditioned description-gain state, or retrieval/reranking state has a reported score >=0.90 on a plagiarism or source-retrieval metric, not general AI-text detection	Named submitted/proposed/fitted configuration with a threshold metric or explicit high-performance result in the cited full-text table scope.	https://arxiv.org/abs/2608.03859	The reported F1, recall, and ranking gains concern candidate-source plagiarism retrieval, not human-versus-machine authorship detection.	reject_scope	named plagiarism classifier, source-conditioned description-gain scorer, or source-retrieval/reranking pipeline. The reported F1, recall, and ranking gains concern candidate-source plagiarism retrieval, not human-versus-machine authorship detection.	Full-text source 2608.03859
2608.03859	2608.03859:scdg-ministral-topq	SCDG Ministral-8B top-q aggregation	SCDG Ministral-8B top-q aggregation	Tables 1-2; every listed plagiarism detector, source-conditioned description-gain state, or retrieval/reranking state has a reported score >=0.90 on a plagiarism or source-retrieval metric, not general AI-text detection	Tables 1-2; every listed plagiarism detector, source-conditioned description-gain state, or retrieval/reranking state has a reported score >=0.90 on a plagiarism or source-retrieval metric, not general AI-text detection	Named submitted/proposed/fitted configuration with a threshold metric or explicit high-performance result in the cited full-text table scope.	https://arxiv.org/abs/2608.03859	The reported F1, recall, and ranking gains concern candidate-source plagiarism retrieval, not human-versus-machine authorship detection.	reject_scope	named plagiarism classifier, source-conditioned description-gain scorer, or source-retrieval/reranking pipeline. The reported F1, recall, and ranking gains concern candidate-source plagiarism retrieval, not human-versus-machine authorship detection.	Full-text source 2608.03859
2608.03859	2608.03859:scdg-llama-avg	SCDG Llama-3.1-8B average aggregation	SCDG Llama-3.1-8B average aggregation	Tables 1-2; every listed plagiarism detector, source-conditioned description-gain state, or retrieval/reranking state has a reported score >=0.90 on a plagiarism or source-retrieval metric, not general AI-text detection	Tables 1-2; every listed plagiarism detector, source-conditioned description-gain state, or retrieval/reranking state has a reported score >=0.90 on a plagiarism or source-retrieval metric, not general AI-text detection	Named submitted/proposed/fitted configuration with a threshold metric or explicit high-performance result in the cited full-text table scope.	https://arxiv.org/abs/2608.03859	The reported F1, recall, and ranking gains concern candidate-source plagiarism retrieval, not human-versus-machine authorship detection.	reject_scope	named plagiarism classifier, source-conditioned description-gain scorer, or source-retrieval/reranking pipeline. The reported F1, recall, and ranking gains concern candidate-source plagiarism retrieval, not human-versus-machine authorship detection.	Full-text source 2608.03859
2608.03859	2608.03859:scdg-llama-topq	SCDG Llama-3.1-8B top-q aggregation	SCDG Llama-3.1-8B top-q aggregation	Tables 1-2; every listed plagiarism detector, source-conditioned description-gain state, or retrieval/reranking state has a reported score >=0.90 on a plagiarism or source-retrieval metric, not general AI-text detection	Tables 1-2; every listed plagiarism detector, source-conditioned description-gain state, or retrieval/reranking state has a reported score >=0.90 on a plagiarism or source-retrieval metric, not general AI-text detection	Named submitted/proposed/fitted configuration with a threshold metric or explicit high-performance result in the cited full-text table scope.	https://arxiv.org/abs/2608.03859	The reported F1, recall, and ranking gains concern candidate-source plagiarism retrieval, not human-versus-machine authorship detection.	reject_scope	named plagiarism classifier, source-conditioned description-gain scorer, or source-retrieval/reranking pipeline. The reported F1, recall, and ranking gains concern candidate-source plagiarism retrieval, not human-versus-machine authorship detection.	Full-text source 2608.03859
2608.03859	2608.03859:bm25-full	BM25 full-document retrieval	BM25 full-document retrieval	Tables 1-2; every listed plagiarism detector, source-conditioned description-gain state, or retrieval/reranking state has a reported score >=0.90 on a plagiarism or source-retrieval metric, not general AI-text detection	Tables 1-2; every listed plagiarism detector, source-conditioned description-gain state, or retrieval/reranking state has a reported score >=0.90 on a plagiarism or source-retrieval metric, not general AI-text detection	Named submitted/proposed/fitted configuration with a threshold metric or explicit high-performance result in the cited full-text table scope.	https://arxiv.org/abs/2608.03859	The reported F1, recall, and ranking gains concern candidate-source plagiarism retrieval, not human-versus-machine authorship detection.	reject_scope	named plagiarism classifier, source-conditioned description-gain scorer, or source-retrieval/reranking pipeline. The reported F1, recall, and ranking gains concern candidate-source plagiarism retrieval, not human-versus-machine authorship detection.	Full-text source 2608.03859
2608.03859	2608.03859:bm25-sentence	BM25 sentence retrieval	BM25 sentence retrieval	Tables 1-2; every listed plagiarism detector, source-conditioned description-gain state, or retrieval/reranking state has a reported score >=0.90 on a plagiarism or source-retrieval metric, not general AI-text detection	Tables 1-2; every listed plagiarism detector, source-conditioned description-gain state, or retrieval/reranking state has a reported score >=0.90 on a plagiarism or source-retrieval metric, not general AI-text detection	Named submitted/proposed/fitted configuration with a threshold metric or explicit high-performance result in the cited full-text table scope.	https://arxiv.org/abs/2608.03859	The reported F1, recall, and ranking gains concern candidate-source plagiarism retrieval, not human-versus-machine authorship detection.	reject_scope	named plagiarism classifier, source-conditioned description-gain scorer, or source-retrieval/reranking pipeline. The reported F1, recall, and ranking gains concern candidate-source plagiarism retrieval, not human-versus-machine authorship detection.	Full-text source 2608.03859
2608.03859	2608.03859:bge-m3-full	BGE-M3 full-document retrieval	BGE-M3 full-document retrieval	Tables 1-2; every listed plagiarism detector, source-conditioned description-gain state, or retrieval/reranking state has a reported score >=0.90 on a plagiarism or source-retrieval metric, not general AI-text detection	Tables 1-2; every listed plagiarism detector, source-conditioned description-gain state, or retrieval/reranking state has a reported score >=0.90 on a plagiarism or source-retrieval metric, not general AI-text detection	Named submitted/proposed/fitted configuration with a threshold metric or explicit high-performance result in the cited full-text table scope.	https://arxiv.org/abs/2608.03859	The reported F1, recall, and ranking gains concern candidate-source plagiarism retrieval, not human-versus-machine authorship detection.	reject_scope	named plagiarism classifier, source-conditioned description-gain scorer, or source-retrieval/reranking pipeline. The reported F1, recall, and ranking gains concern candidate-source plagiarism retrieval, not human-versus-machine authorship detection.	Full-text source 2608.03859
2608.03859	2608.03859:bge-m3-sentence	BGE-M3 sentence retrieval	BGE-M3 sentence retrieval	Tables 1-2; every listed plagiarism detector, source-conditioned description-gain state, or retrieval/reranking state has a reported score >=0.90 on a plagiarism or source-retrieval metric, not general AI-text detection	Tables 1-2; every listed plagiarism detector, source-conditioned description-gain state, or retrieval/reranking state has a reported score >=0.90 on a plagiarism or source-retrieval metric, not general AI-text detection	Named submitted/proposed/fitted configuration with a threshold metric or explicit high-performance result in the cited full-text table scope.	https://arxiv.org/abs/2608.03859	The reported F1, recall, and ranking gains concern candidate-source plagiarism retrieval, not human-versus-machine authorship detection.	reject_scope	named plagiarism classifier, source-conditioned description-gain scorer, or source-retrieval/reranking pipeline. The reported F1, recall, and ranking gains concern candidate-source plagiarism retrieval, not human-versus-machine authorship detection.	Full-text source 2608.03859
2608.03859	2608.03859:four-way-combsum	Four-way CombSUM retrieval	Four-way CombSUM retrieval	Tables 1-2; every listed plagiarism detector, source-conditioned description-gain state, or retrieval/reranking state has a reported score >=0.90 on a plagiarism or source-retrieval metric, not general AI-text detection	Tables 1-2; every listed plagiarism detector, source-conditioned description-gain state, or retrieval/reranking state has a reported score >=0.90 on a plagiarism or source-retrieval metric, not general AI-text detection	Named submitted/proposed/fitted configuration with a threshold metric or explicit high-performance result in the cited full-text table scope.	https://arxiv.org/abs/2608.03859	The reported F1, recall, and ranking gains concern candidate-source plagiarism retrieval, not human-versus-machine authorship detection.	reject_scope	named plagiarism classifier, source-conditioned description-gain scorer, or source-retrieval/reranking pipeline. The reported F1, recall, and ranking gains concern candidate-source plagiarism retrieval, not human-versus-machine authorship detection.	Full-text source 2608.03859
2608.03859	2608.03859:linq-sentence-chunk	Linq sentence-to-chunk retrieval	Linq sentence-to-chunk retrieval	Tables 1-2; every listed plagiarism detector, source-conditioned description-gain state, or retrieval/reranking state has a reported score >=0.90 on a plagiarism or source-retrieval metric, not general AI-text detection	Tables 1-2; every listed plagiarism detector, source-conditioned description-gain state, or retrieval/reranking state has a reported score >=0.90 on a plagiarism or source-retrieval metric, not general AI-text detection	Named submitted/proposed/fitted configuration with a threshold metric or explicit high-performance result in the cited full-text table scope.	https://arxiv.org/abs/2608.03859	The reported F1, recall, and ranking gains concern candidate-source plagiarism retrieval, not human-versus-machine authorship detection.	reject_scope	named plagiarism classifier, source-conditioned description-gain scorer, or source-retrieval/reranking pipeline. The reported F1, recall, and ranking gains concern candidate-source plagiarism retrieval, not human-versus-machine authorship detection.	Full-text source 2608.03859
2608.03859	2608.03859:three-route-rrf	Three-route reciprocal-rank fusion	Three-route reciprocal-rank fusion	Tables 1-2; every listed plagiarism detector, source-conditioned description-gain state, or retrieval/reranking state has a reported score >=0.90 on a plagiarism or source-retrieval metric, not general AI-text detection	Tables 1-2; every listed plagiarism detector, source-conditioned description-gain state, or retrieval/reranking state has a reported score >=0.90 on a plagiarism or source-retrieval metric, not general AI-text detection	Named submitted/proposed/fitted configuration with a threshold metric or explicit high-performance result in the cited full-text table scope.	https://arxiv.org/abs/2608.03859	The reported F1, recall, and ranking gains concern candidate-source plagiarism retrieval, not human-versus-machine authorship detection.	reject_scope	named plagiarism classifier, source-conditioned description-gain scorer, or source-retrieval/reranking pipeline. The reported F1, recall, and ranking gains concern candidate-source plagiarism retrieval, not human-versus-machine authorship detection.	Full-text source 2608.03859
2608.03859	2608.03859:rrf-scdg	Reciprocal-rank fusion plus SCDG	Reciprocal-rank fusion plus SCDG	Tables 1-2; every listed plagiarism detector, source-conditioned description-gain state, or retrieval/reranking state has a reported score >=0.90 on a plagiarism or source-retrieval metric, not general AI-text detection	Tables 1-2; every listed plagiarism detector, source-conditioned description-gain state, or retrieval/reranking state has a reported score >=0.90 on a plagiarism or source-retrieval metric, not general AI-text detection	Named submitted/proposed/fitted configuration with a threshold metric or explicit high-performance result in the cited full-text table scope.	https://arxiv.org/abs/2608.03859	The reported F1, recall, and ranking gains concern candidate-source plagiarism retrieval, not human-versus-machine authorship detection.	reject_scope	named plagiarism classifier, source-conditioned description-gain scorer, or source-retrieval/reranking pipeline. The reported F1, recall, and ranking gains concern candidate-source plagiarism retrieval, not human-versus-machine authorship detection.	Full-text source 2608.03859
2608.03859	2608.03859:daac	DAAC retrieval	DAAC retrieval	Tables 1-2; every listed plagiarism detector, source-conditioned description-gain state, or retrieval/reranking state has a reported score >=0.90 on a plagiarism or source-retrieval metric, not general AI-text detection	Tables 1-2; every listed plagiarism detector, source-conditioned description-gain state, or retrieval/reranking state has a reported score >=0.90 on a plagiarism or source-retrieval metric, not general AI-text detection	Named submitted/proposed/fitted configuration with a threshold metric or explicit high-performance result in the cited full-text table scope.	https://arxiv.org/abs/2608.03859	The reported F1, recall, and ranking gains concern candidate-source plagiarism retrieval, not human-versus-machine authorship detection.	reject_scope	named plagiarism classifier, source-conditioned description-gain scorer, or source-retrieval/reranking pipeline. The reported F1, recall, and ranking gains concern candidate-source plagiarism retrieval, not human-versus-machine authorship detection.	Full-text source 2608.03859
2608.03859	2608.03859:daac-scdg	DAAC plus SCDG	DAAC plus SCDG	Tables 1-2; every listed plagiarism detector, source-conditioned description-gain state, or retrieval/reranking state has a reported score >=0.90 on a plagiarism or source-retrieval metric, not general AI-text detection	Tables 1-2; every listed plagiarism detector, source-conditioned description-gain state, or retrieval/reranking state has a reported score >=0.90 on a plagiarism or source-retrieval metric, not general AI-text detection	Named submitted/proposed/fitted configuration with a threshold metric or explicit high-performance result in the cited full-text table scope.	https://arxiv.org/abs/2608.03859	The reported F1, recall, and ranking gains concern candidate-source plagiarism retrieval, not human-versus-machine authorship detection.	reject_scope	named plagiarism classifier, source-conditioned description-gain scorer, or source-retrieval/reranking pipeline. The reported F1, recall, and ranking gains concern candidate-source plagiarism retrieval, not human-versus-machine authorship detection.	Full-text source 2608.03859
2608.01046	2608.01046:deberta-finetuned	Fine-tuned DeBERTa-Sentinel	Fine-tuned DeBERTa-Sentinel	main comparison and class tables; fine-tuned DeBERTa AUC 0.9953/F1 0.976, RoBERTa F1 0.953, TF-IDF+LogReg AUC 0.936, and zero-shot DeBERTa machine recall above 0.90 despite poor balance	main comparison and class tables; fine-tuned DeBERTa AUC 0.9953/F1 0.976, RoBERTa F1 0.953, TF-IDF+LogReg AUC 0.936, and zero-shot DeBERTa machine recall above 0.90 despite poor balance	Named submitted/proposed/fitted configuration with a threshold metric or explicit high-performance result in the cited full-text table scope.	https://arxiv.org/abs/2608.01046	The high GLC random-split metrics lack a released checkpoint and cross-distribution, low-FPR, or fixed A6000 comparison.	retain_reject	named directly supervised or zero-shot encoder/classical sequence classifier. The high GLC random-split metrics lack a released checkpoint and cross-distribution, low-FPR, or fixed A6000 comparison.	Full-text source 2608.01046
2608.01046	2608.01046:roberta-finetuned	Fine-tuned RoBERTa-Sentinel	Fine-tuned RoBERTa-Sentinel	main comparison and class tables; fine-tuned DeBERTa AUC 0.9953/F1 0.976, RoBERTa F1 0.953, TF-IDF+LogReg AUC 0.936, and zero-shot DeBERTa machine recall above 0.90 despite poor balance	main comparison and class tables; fine-tuned DeBERTa AUC 0.9953/F1 0.976, RoBERTa F1 0.953, TF-IDF+LogReg AUC 0.936, and zero-shot DeBERTa machine recall above 0.90 despite poor balance	Named submitted/proposed/fitted configuration with a threshold metric or explicit high-performance result in the cited full-text table scope.	https://arxiv.org/abs/2608.01046	The high GLC random-split metrics lack a released checkpoint and cross-distribution, low-FPR, or fixed A6000 comparison.	retain_reject	named directly supervised or zero-shot encoder/classical sequence classifier. The high GLC random-split metrics lack a released checkpoint and cross-distribution, low-FPR, or fixed A6000 comparison.	Full-text source 2608.01046
2608.01046	2608.01046:tfidf-logreg	TF-IDF logistic regression	TF-IDF logistic regression	main comparison and class tables; fine-tuned DeBERTa AUC 0.9953/F1 0.976, RoBERTa F1 0.953, TF-IDF+LogReg AUC 0.936, and zero-shot DeBERTa machine recall above 0.90 despite poor balance	main comparison and class tables; fine-tuned DeBERTa AUC 0.9953/F1 0.976, RoBERTa F1 0.953, TF-IDF+LogReg AUC 0.936, and zero-shot DeBERTa machine recall above 0.90 despite poor balance	Named submitted/proposed/fitted configuration with a threshold metric or explicit high-performance result in the cited full-text table scope.	https://arxiv.org/abs/2608.01046	The high GLC random-split metrics lack a released checkpoint and cross-distribution, low-FPR, or fixed A6000 comparison.	retain_reject	named directly supervised or zero-shot encoder/classical sequence classifier. The high GLC random-split metrics lack a released checkpoint and cross-distribution, low-FPR, or fixed A6000 comparison.	Full-text source 2608.01046
2608.01046	2608.01046:deberta-zeroshot	Zero-shot DeBERTa-Sentinel	Zero-shot DeBERTa-Sentinel	main comparison and class tables; fine-tuned DeBERTa AUC 0.9953/F1 0.976, RoBERTa F1 0.953, TF-IDF+LogReg AUC 0.936, and zero-shot DeBERTa machine recall above 0.90 despite poor balance	main comparison and class tables; fine-tuned DeBERTa AUC 0.9953/F1 0.976, RoBERTa F1 0.953, TF-IDF+LogReg AUC 0.936, and zero-shot DeBERTa machine recall above 0.90 despite poor balance	Named submitted/proposed/fitted configuration with a threshold metric or explicit high-performance result in the cited full-text table scope.	https://arxiv.org/abs/2608.01046	The high GLC random-split metrics lack a released checkpoint and cross-distribution, low-FPR, or fixed A6000 comparison.	retain_reject	named directly supervised or zero-shot encoder/classical sequence classifier. The high GLC random-split metrics lack a released checkpoint and cross-distribution, low-FPR, or fixed A6000 comparison.	Full-text source 2608.01046
2607.22026	2607.22026:multilevel-energy	DWT multilevel detail energy	DWT multilevel detail energy	main scalar-score and voting tables plus proxy/wavelet sensitivity; HC3 best individual 0.9876 AUROC and calibrated hard vote 0.9919, with much weaker M4/MAGE rows	main scalar-score and voting tables plus proxy/wavelet sensitivity; HC3 best individual 0.9876 AUROC and calibrated hard vote 0.9919, with much weaker M4/MAGE rows	Named submitted/proposed/fitted configuration with a threshold metric or explicit high-performance result in the cited full-text table scope.	https://arxiv.org/abs/2607.22026	The training-free method trails stronger candidates on reported M4/MAGE results and has no released detector state or fixed deployment comparison.	retain_reject	wavelet statistic or named hard/soft fusion over proxy-wavelet configurations. The training-free method trails stronger candidates on reported M4/MAGE results and has no released detector state or fixed deployment comparison.	Full-text source 2607.22026
2607.22026	2607.22026:energy-norm	DWT normalized energy	DWT normalized energy	main scalar-score and voting tables plus proxy/wavelet sensitivity; HC3 best individual 0.9876 AUROC and calibrated hard vote 0.9919, with much weaker M4/MAGE rows	main scalar-score and voting tables plus proxy/wavelet sensitivity; HC3 best individual 0.9876 AUROC and calibrated hard vote 0.9919, with much weaker M4/MAGE rows	Named submitted/proposed/fitted configuration with a threshold metric or explicit high-performance result in the cited full-text table scope.	https://arxiv.org/abs/2607.22026	The training-free method trails stronger candidates on reported M4/MAGE results and has no released detector state or fixed deployment comparison.	retain_reject	wavelet statistic or named hard/soft fusion over proxy-wavelet configurations. The training-free method trails stronger candidates on reported M4/MAGE results and has no released detector state or fixed deployment comparison.	Full-text source 2607.22026
2607.22026	2607.22026:window-std	DWT windowed coefficient standard deviation	DWT windowed coefficient standard deviation	Table 7 reports the strongest window_std state on HC3 at 0.7137 AUROC, 0.5835 AUPRC, 0.7640 F1, and 0.0000 TPR at 1% FPR. It is retained as an individually disposed proposed state, not as a threshold-qualifying high-accuracy result.	Table 7 reports the strongest window_std state on HC3 at 0.7137 AUROC, 0.5835 AUPRC, 0.7640 F1, and 0.0000 TPR at 1% FPR. It is retained as an individually disposed proposed state, not as a threshold-qualifying high-accuracy result.	Named submitted/proposed/fitted configuration with a threshold metric or explicit high-performance result in the cited full-text table scope.	https://arxiv.org/abs/2607.22026	The training-free method trails stronger candidates on reported M4/MAGE results and has no released detector state or fixed deployment comparison.	retain_reject	wavelet statistic or named hard/soft fusion over proxy-wavelet configurations. The training-free method trails stronger candidates on reported M4/MAGE results and has no released detector state or fixed deployment comparison.	Full-text source 2607.22026
2607.22026	2607.22026:equal-hard	DWT equal-weight hard voting	DWT equal-weight hard voting	main scalar-score and voting tables plus proxy/wavelet sensitivity; HC3 best individual 0.9876 AUROC and calibrated hard vote 0.9919, with much weaker M4/MAGE rows	main scalar-score and voting tables plus proxy/wavelet sensitivity; HC3 best individual 0.9876 AUROC and calibrated hard vote 0.9919, with much weaker M4/MAGE rows	Named submitted/proposed/fitted configuration with a threshold metric or explicit high-performance result in the cited full-text table scope.	https://arxiv.org/abs/2607.22026	The training-free method trails stronger candidates on reported M4/MAGE results and has no released detector state or fixed deployment comparison.	retain_reject	wavelet statistic or named hard/soft fusion over proxy-wavelet configurations. The training-free method trails stronger candidates on reported M4/MAGE results and has no released detector state or fixed deployment comparison.	Full-text source 2607.22026
2607.22026	2607.22026:equal-soft	DWT equal-weight soft voting	DWT equal-weight soft voting	main scalar-score and voting tables plus proxy/wavelet sensitivity; HC3 best individual 0.9876 AUROC and calibrated hard vote 0.9919, with much weaker M4/MAGE rows	main scalar-score and voting tables plus proxy/wavelet sensitivity; HC3 best individual 0.9876 AUROC and calibrated hard vote 0.9919, with much weaker M4/MAGE rows	Named submitted/proposed/fitted configuration with a threshold metric or explicit high-performance result in the cited full-text table scope.	https://arxiv.org/abs/2607.22026	The training-free method trails stronger candidates on reported M4/MAGE results and has no released detector state or fixed deployment comparison.	retain_reject	wavelet statistic or named hard/soft fusion over proxy-wavelet configurations. The training-free method trails stronger candidates on reported M4/MAGE results and has no released detector state or fixed deployment comparison.	Full-text source 2607.22026
2607.22026	2607.22026:calibrated-hard	DWT calibration-weighted hard voting	DWT calibration-weighted hard voting	main scalar-score and voting tables plus proxy/wavelet sensitivity; HC3 best individual 0.9876 AUROC and calibrated hard vote 0.9919, with much weaker M4/MAGE rows	main scalar-score and voting tables plus proxy/wavelet sensitivity; HC3 best individual 0.9876 AUROC and calibrated hard vote 0.9919, with much weaker M4/MAGE rows	Named submitted/proposed/fitted configuration with a threshold metric or explicit high-performance result in the cited full-text table scope.	https://arxiv.org/abs/2607.22026	The training-free method trails stronger candidates on reported M4/MAGE results and has no released detector state or fixed deployment comparison.	retain_reject	wavelet statistic or named hard/soft fusion over proxy-wavelet configurations. The training-free method trails stronger candidates on reported M4/MAGE results and has no released detector state or fixed deployment comparison.	Full-text source 2607.22026
2607.22026	2607.22026:calibrated-soft	DWT calibration-weighted soft voting	DWT calibration-weighted soft voting	main scalar-score and voting tables plus proxy/wavelet sensitivity; HC3 best individual 0.9876 AUROC and calibrated hard vote 0.9919, with much weaker M4/MAGE rows	main scalar-score and voting tables plus proxy/wavelet sensitivity; HC3 best individual 0.9876 AUROC and calibrated hard vote 0.9919, with much weaker M4/MAGE rows	Named submitted/proposed/fitted configuration with a threshold metric or explicit high-performance result in the cited full-text table scope.	https://arxiv.org/abs/2607.22026	The training-free method trails stronger candidates on reported M4/MAGE results and has no released detector state or fixed deployment comparison.	retain_reject	wavelet statistic or named hard/soft fusion over proxy-wavelet configurations. The training-free method trails stronger candidates on reported M4/MAGE results and has no released detector state or fixed deployment comparison.	Full-text source 2607.22026
2607.17382	2607.17382:modernbert-large	DACTYL ModernBERT-large	DACTYL ModernBERT-large	Tables 8-11 and PAN leaderboard; each named classifier/calibration state has at least one AUROC >=0.93, but calibration and OOD metrics vary	Tables 8-11 and PAN leaderboard; each named classifier/calibration state has at least one AUROC >=0.93, but calibration and OOD metrics vary	Named submitted/proposed/fitted configuration with a threshold metric or explicit high-performance result in the cited full-text table scope.	https://arxiv.org/abs/2607.17382	The released ModernBERT and PAN result lack a same-row Binoculars result, low-FPR transfer, 2,048-token memory, and A6000 timing.	released_watchlist	supervised large encoder classifier, with MCGrad calibration where named. The released ModernBERT and PAN result lack a same-row Binoculars result, low-FPR transfer, 2,048-token memory, and A6000 timing.	Full-text source 2607.17382
2607.17382	2607.17382:modernbert-large-mcgrad	DACTYL ModernBERT-large with MCGrad	DACTYL ModernBERT-large with MCGrad	Tables 8-11 and PAN leaderboard; each named classifier/calibration state has at least one AUROC >=0.93, but calibration and OOD metrics vary	Tables 8-11 and PAN leaderboard; each named classifier/calibration state has at least one AUROC >=0.93, but calibration and OOD metrics vary	Named submitted/proposed/fitted configuration with a threshold metric or explicit high-performance result in the cited full-text table scope.	https://arxiv.org/abs/2607.17382	The released ModernBERT and PAN result lack a same-row Binoculars result, low-FPR transfer, 2,048-token memory, and A6000 timing.	released_watchlist	supervised large encoder classifier, with MCGrad calibration where named. The released ModernBERT and PAN result lack a same-row Binoculars result, low-FPR transfer, 2,048-token memory, and A6000 timing.	Full-text source 2607.17382
2607.17382	2607.17382:deberta-v3-large	DACTYL DeBERTa-v3-large	DACTYL DeBERTa-v3-large	Tables 8-11 and PAN leaderboard; each named classifier/calibration state has at least one AUROC >=0.93, but calibration and OOD metrics vary	Tables 8-11 and PAN leaderboard; each named classifier/calibration state has at least one AUROC >=0.93, but calibration and OOD metrics vary	Named submitted/proposed/fitted configuration with a threshold metric or explicit high-performance result in the cited full-text table scope.	https://arxiv.org/abs/2607.17382	The released ModernBERT and PAN result lack a same-row Binoculars result, low-FPR transfer, 2,048-token memory, and A6000 timing.	released_watchlist	supervised large encoder classifier, with MCGrad calibration where named. The released ModernBERT and PAN result lack a same-row Binoculars result, low-FPR transfer, 2,048-token memory, and A6000 timing.	Full-text source 2607.17382
2607.14967	2607.14967:gtcl-nomic	GTCL with Nomic embeddings	GTCL with Nomic embeddings	Tables 3 and 10; GTCL with both named embedding backbones and the DeTeCtive, Desklib, and TMR comparison rows each have a threshold metric >=0.90 on a reported slice	Tables 3 and 10; GTCL with both named embedding backbones and the DeTeCtive, Desklib, and TMR comparison rows each have a threshold metric >=0.90 on a reported slice	Named submitted/proposed/fitted configuration with a threshold metric or explicit high-performance result in the cited full-text table scope.	https://arxiv.org/abs/2607.14967	Official inference uses k-nearest-neighbor classification over retained representations, violating the no-retrieval constraint.	exclude_retrieval	named latent-trajectory, embedding-retrieval, or supervised comparison detector. Official inference uses k-nearest-neighbor classification over retained representations, violating the no-retrieval constraint.	Full-text source 2607.14967
2607.14967	2607.14967:gtcl-jina	GTCL with Jina embeddings	GTCL with Jina embeddings	Tables 3 and 10; GTCL with both named embedding backbones and the DeTeCtive, Desklib, and TMR comparison rows each have a threshold metric >=0.90 on a reported slice	Tables 3 and 10; GTCL with both named embedding backbones and the DeTeCtive, Desklib, and TMR comparison rows each have a threshold metric >=0.90 on a reported slice	Named submitted/proposed/fitted configuration with a threshold metric or explicit high-performance result in the cited full-text table scope.	https://arxiv.org/abs/2607.14967	Official inference uses k-nearest-neighbor classification over retained representations, violating the no-retrieval constraint.	exclude_retrieval	named latent-trajectory, embedding-retrieval, or supervised comparison detector. Official inference uses k-nearest-neighbor classification over retained representations, violating the no-retrieval constraint.	Full-text source 2607.14967
2607.14967	2607.14967:detective	DeTeCtive	DeTeCtive	Tables 3 and 10; GTCL with both named embedding backbones and the DeTeCtive, Desklib, and TMR comparison rows each have a threshold metric >=0.90 on a reported slice	Tables 3 and 10; GTCL with both named embedding backbones and the DeTeCtive, Desklib, and TMR comparison rows each have a threshold metric >=0.90 on a reported slice	Named submitted/proposed/fitted configuration with a threshold metric or explicit high-performance result in the cited full-text table scope.	https://arxiv.org/abs/2607.14967	This reported comparator supplies no new released state or matched low-FPR, cross-distribution, and two-A6000 evidence sufficient for promotion.	retain_reject	the named directly supervised DeTeCtive comparator. This reported comparator supplies no new released state or matched low-FPR, cross-distribution, and two-A6000 evidence sufficient for promotion.	Full-text source 2607.14967
2607.14967	2607.14967:desklib	Desklib	Desklib	Tables 3 and 10; GTCL with both named embedding backbones and the DeTeCtive, Desklib, and TMR comparison rows each have a threshold metric >=0.90 on a reported slice	Tables 3 and 10; GTCL with both named embedding backbones and the DeTeCtive, Desklib, and TMR comparison rows each have a threshold metric >=0.90 on a reported slice	Named submitted/proposed/fitted configuration with a threshold metric or explicit high-performance result in the cited full-text table scope.	https://arxiv.org/abs/2607.14967	This table row adds no new matched low-FPR or speed evidence; the separately preserved public Desklib state remains only the bounded runnable follow-up described in M8.	retain_reject	the named directly supervised Desklib comparator. This table row adds no new matched low-FPR or speed evidence; the separately preserved public Desklib state remains only the bounded runnable follow-up described in M8.	Full-text source 2607.14967
2607.14967	2607.14967:tmr	TMR	TMR	Tables 3 and 10; GTCL with both named embedding backbones and the DeTeCtive, Desklib, and TMR comparison rows each have a threshold metric >=0.90 on a reported slice	Tables 3 and 10; GTCL with both named embedding backbones and the DeTeCtive, Desklib, and TMR comparison rows each have a threshold metric >=0.90 on a reported slice	Named submitted/proposed/fitted configuration with a threshold metric or explicit high-performance result in the cited full-text table scope.	https://arxiv.org/abs/2607.14967	This reported comparator supplies no new released state or matched low-FPR, cross-distribution, and two-A6000 evidence sufficient for promotion.	retain_reject	the named TMR comparison detector. This reported comparator supplies no new released state or matched low-FPR, cross-distribution, and two-A6000 evidence sufficient for promotion.	Full-text source 2607.14967
2607.14905	2607.14905:longformer	Longformer text-only baseline	Longformer text-only baseline	Tables 2-3 and 7-8; Longformer reaches 0.97/0.96 F1 in same-version original text, while each named reasoning-graph architecture is separately evaluated and claimed more robust/better across obfuscation or cross-version slices	Tables 2-3 and 7-8; Longformer reaches 0.97/0.96 F1 in same-version original text, while each named reasoning-graph architecture is separately evaluated and claimed more robust/better across obfuscation or cross-version slices	Named submitted/proposed/fitted configuration with a threshold metric or explicit high-performance result in the cited full-text table scope.	https://arxiv.org/abs/2607.14905	The improvement percentages concern multi-class LLM authorship attribution from reasoning graphs, not the fixed binary general-document task.	reject_scope	Longformer text classifier or named graph neural network over extracted argumentative reasoning graphs. The improvement percentages concern multi-class LLM authorship attribution from reasoning graphs, not the fixed binary general-document task.	Full-text source 2607.14905
2607.14905	2607.14905:gcn	Reasoning-graph GCN	Reasoning-graph GCN	Tables 2-3 and 7-8; Longformer reaches 0.97/0.96 F1 in same-version original text, while each named reasoning-graph architecture is separately evaluated and claimed more robust/better across obfuscation or cross-version slices	Tables 2-3 and 7-8; Longformer reaches 0.97/0.96 F1 in same-version original text, while each named reasoning-graph architecture is separately evaluated and claimed more robust/better across obfuscation or cross-version slices	Named submitted/proposed/fitted configuration with a threshold metric or explicit high-performance result in the cited full-text table scope.	https://arxiv.org/abs/2607.14905	The improvement percentages concern multi-class LLM authorship attribution from reasoning graphs, not the fixed binary general-document task.	reject_scope	Longformer text classifier or named graph neural network over extracted argumentative reasoning graphs. The improvement percentages concern multi-class LLM authorship attribution from reasoning graphs, not the fixed binary general-document task.	Full-text source 2607.14905
2607.14905	2607.14905:gat	Reasoning-graph GAT	Reasoning-graph GAT	Tables 2-3 and 7-8; Longformer reaches 0.97/0.96 F1 in same-version original text, while each named reasoning-graph architecture is separately evaluated and claimed more robust/better across obfuscation or cross-version slices	Tables 2-3 and 7-8; Longformer reaches 0.97/0.96 F1 in same-version original text, while each named reasoning-graph architecture is separately evaluated and claimed more robust/better across obfuscation or cross-version slices	Named submitted/proposed/fitted configuration with a threshold metric or explicit high-performance result in the cited full-text table scope.	https://arxiv.org/abs/2607.14905	The improvement percentages concern multi-class LLM authorship attribution from reasoning graphs, not the fixed binary general-document task.	reject_scope	Longformer text classifier or named graph neural network over extracted argumentative reasoning graphs. The improvement percentages concern multi-class LLM authorship attribution from reasoning graphs, not the fixed binary general-document task.	Full-text source 2607.14905
2607.14905	2607.14905:graph-transformer	Reasoning-graph Transformer	Reasoning-graph Transformer	Tables 2-3 and 7-8; Longformer reaches 0.97/0.96 F1 in same-version original text, while each named reasoning-graph architecture is separately evaluated and claimed more robust/better across obfuscation or cross-version slices	Tables 2-3 and 7-8; Longformer reaches 0.97/0.96 F1 in same-version original text, while each named reasoning-graph architecture is separately evaluated and claimed more robust/better across obfuscation or cross-version slices	Named submitted/proposed/fitted configuration with a threshold metric or explicit high-performance result in the cited full-text table scope.	https://arxiv.org/abs/2607.14905	The improvement percentages concern multi-class LLM authorship attribution from reasoning graphs, not the fixed binary general-document task.	reject_scope	Longformer text classifier or named graph neural network over extracted argumentative reasoning graphs. The improvement percentages concern multi-class LLM authorship attribution from reasoning graphs, not the fixed binary general-document task.	Full-text source 2607.14905
2607.14905	2607.14905:gps	Reasoning-graph GPS	Reasoning-graph GPS	Tables 2-3 and 7-8; Longformer reaches 0.97/0.96 F1 in same-version original text, while each named reasoning-graph architecture is separately evaluated and claimed more robust/better across obfuscation or cross-version slices	Tables 2-3 and 7-8; Longformer reaches 0.97/0.96 F1 in same-version original text, while each named reasoning-graph architecture is separately evaluated and claimed more robust/better across obfuscation or cross-version slices	Named submitted/proposed/fitted configuration with a threshold metric or explicit high-performance result in the cited full-text table scope.	https://arxiv.org/abs/2607.14905	The improvement percentages concern multi-class LLM authorship attribution from reasoning graphs, not the fixed binary general-document task.	reject_scope	Longformer text classifier or named graph neural network over extracted argumentative reasoning graphs. The improvement percentages concern multi-class LLM authorship attribution from reasoning graphs, not the fixed binary general-document task.	Full-text source 2607.14905
2607.03680	2607.03680:vanilla-intellabs-base	IntelLabs-trained Vanilla RoBERTa-base	IntelLabs-trained Vanilla RoBERTa-base	Table 5 reports the separately trained IntelLabs/base Vanilla state at 1.000 AUROC on its IntelLabs diagonal; several cross-corpus cells are much weaker.	Table 5 reports the separately trained IntelLabs/base Vanilla state at 1.000 AUROC on its IntelLabs diagonal; several cross-corpus cells are much weaker.	Named submitted/proposed/fitted configuration with a threshold metric or explicit high-performance result in the cited full-text table scope.	https://arxiv.org/abs/2607.03680	The diagonal result does not transfer reliably across the four corpora, and no separately frozen fitted state, transferable low-FPR calibration, or fixed two-A6000 near-Binoculars timing is available.	retain_reject	a RoBERTa-base sequence classifier fitted separately on IntelLabs. The diagonal result does not transfer reliably across the four corpora, and no separately frozen fitted state, transferable low-FPR calibration, or fixed two-A6000 near-Binoculars timing is available.	Full-text source 2607.03680
2607.03680	2607.03680:vanilla-mage-large	MAGE-trained Vanilla RoBERTa-large	MAGE-trained Vanilla RoBERTa-large	Table 5 reports the separately trained MAGE/large Vanilla state at 0.982 AUROC on its MAGE diagonal; cross-corpus cells vary substantially.	Table 5 reports the separately trained MAGE/large Vanilla state at 0.982 AUROC on its MAGE diagonal; cross-corpus cells vary substantially.	Named submitted/proposed/fitted configuration with a threshold metric or explicit high-performance result in the cited full-text table scope.	https://arxiv.org/abs/2607.03680	The diagonal result does not transfer reliably across the four corpora, and no separately frozen fitted state, transferable low-FPR calibration, or fixed two-A6000 near-Binoculars timing is available.	retain_reject	a RoBERTa-large sequence classifier fitted separately on MAGE. The diagonal result does not transfer reliably across the four corpora, and no separately frozen fitted state, transferable low-FPR calibration, or fixed two-A6000 near-Binoculars timing is available.	Full-text source 2607.03680
2607.03680	2607.03680:vanilla-faid-base	FAID-trained Vanilla RoBERTa-base	FAID-trained Vanilla RoBERTa-base	Table 5 reports the separately trained FAID/base Vanilla state at 0.997 AUROC on its FAID diagonal; cross-corpus cells vary substantially.	Table 5 reports the separately trained FAID/base Vanilla state at 0.997 AUROC on its FAID diagonal; cross-corpus cells vary substantially.	Named submitted/proposed/fitted configuration with a threshold metric or explicit high-performance result in the cited full-text table scope.	https://arxiv.org/abs/2607.03680	The diagonal result does not transfer reliably across the four corpora, and no separately frozen fitted state, transferable low-FPR calibration, or fixed two-A6000 near-Binoculars timing is available.	retain_reject	a RoBERTa-base sequence classifier fitted separately on FAID. The diagonal result does not transfer reliably across the four corpora, and no separately frozen fitted state, transferable low-FPR calibration, or fixed two-A6000 near-Binoculars timing is available.	Full-text source 2607.03680
2607.03680	2607.03680:vanilla-mirage-large	MIRAGE-trained Vanilla RoBERTa-large	MIRAGE-trained Vanilla RoBERTa-large	Table 5 reports the separately trained MIRAGE/large Vanilla state at 0.976 AUROC on its MIRAGE diagonal; cross-corpus cells vary substantially.	Table 5 reports the separately trained MIRAGE/large Vanilla state at 0.976 AUROC on its MIRAGE diagonal; cross-corpus cells vary substantially.	Named submitted/proposed/fitted configuration with a threshold metric or explicit high-performance result in the cited full-text table scope.	https://arxiv.org/abs/2607.03680	The diagonal result does not transfer reliably across the four corpora, and no separately frozen fitted state, transferable low-FPR calibration, or fixed two-A6000 near-Binoculars timing is available.	retain_reject	a RoBERTa-large sequence classifier fitted separately on MIRAGE. The diagonal result does not transfer reliably across the four corpora, and no separately frozen fitted state, transferable low-FPR calibration, or fixed two-A6000 near-Binoculars timing is available.	Full-text source 2607.03680
2607.03680	2607.03680:anchor	Anchor peer-review detector	Anchor peer-review detector	Tables 2-14; the four separately trained Vanilla states, Anchor, Longformer, LLM-DetectAIve, FAID, extra-fitted FAID states, DetectAnyLLM, MIRAGE-base state, K-shot FOMAML states, pooled-training states, and both ensemble directions have an explicit >=0.90 slice or material fitted-state result; cross-corpus and low-FPR transfer are weaker, and the binned LR rows are target-label oracle diagnostics rather than detector accounts	Tables 2-14; the four separately trained Vanilla states, Anchor, Longformer, LLM-DetectAIve, FAID, extra-fitted FAID states, DetectAnyLLM, MIRAGE-base state, K-shot FOMAML states, pooled-training states, and both ensemble directions have an explicit >=0.90 slice or material fitted-state result; cross-corpus and low-FPR transfer are weaker, and the binned LR rows are target-label oracle diagnostics rather than detector accounts	Named submitted/proposed/fitted configuration with a threshold metric or explicit high-performance result in the cited full-text table scope.	https://arxiv.org/abs/2607.03680	This table state has a qualifying in-domain, adapted, or pooled slice, but transfer or low-FPR performance is materially weaker and no exact frozen state with fixed two-A6000 near-Binoculars timing is released.	retain_reject	the Anchor peer-review score with per-source-LLM thresholds calibrated from reference reviews. This table state has a qualifying in-domain, adapted, or pooled slice, but transfer or low-FPR performance is materially weaker and no exact frozen state with fixed two-A6000 near-Binoculars timing is released.	Full-text source 2607.03680
2607.03680	2607.03680:mage-longformer	MAGE Longformer comparator	MAGE Longformer comparator	Tables 2-14; the four separately trained Vanilla states, Anchor, Longformer, LLM-DetectAIve, FAID, extra-fitted FAID states, DetectAnyLLM, MIRAGE-base state, K-shot FOMAML states, pooled-training states, and both ensemble directions have an explicit >=0.90 slice or material fitted-state result; cross-corpus and low-FPR transfer are weaker, and the binned LR rows are target-label oracle diagnostics rather than detector accounts	Tables 2-14; the four separately trained Vanilla states, Anchor, Longformer, LLM-DetectAIve, FAID, extra-fitted FAID states, DetectAnyLLM, MIRAGE-base state, K-shot FOMAML states, pooled-training states, and both ensemble directions have an explicit >=0.90 slice or material fitted-state result; cross-corpus and low-FPR transfer are weaker, and the binned LR rows are target-label oracle diagnostics rather than detector accounts	Named submitted/proposed/fitted configuration with a threshold metric or explicit high-performance result in the cited full-text table scope.	https://arxiv.org/abs/2607.03680	This table state has a qualifying in-domain, adapted, or pooled slice, but transfer or low-FPR performance is materially weaker and no exact frozen state with fixed two-A6000 near-Binoculars timing is released.	retain_reject	the directly supervised 4,096-token Longformer detector fitted on MAGE. This table state has a qualifying in-domain, adapted, or pooled slice, but transfer or low-FPR performance is materially weaker and no exact frozen state with fixed two-A6000 near-Binoculars timing is released.	Full-text source 2607.03680
2607.03680	2607.03680:llmdetectaive	LLM-DetectAIve comparator	LLM-DetectAIve comparator	Tables 2-14; the four separately trained Vanilla states, Anchor, Longformer, LLM-DetectAIve, FAID, extra-fitted FAID states, DetectAnyLLM, MIRAGE-base state, K-shot FOMAML states, pooled-training states, and both ensemble directions have an explicit >=0.90 slice or material fitted-state result; cross-corpus and low-FPR transfer are weaker, and the binned LR rows are target-label oracle diagnostics rather than detector accounts	Tables 2-14; the four separately trained Vanilla states, Anchor, Longformer, LLM-DetectAIve, FAID, extra-fitted FAID states, DetectAnyLLM, MIRAGE-base state, K-shot FOMAML states, pooled-training states, and both ensemble directions have an explicit >=0.90 slice or material fitted-state result; cross-corpus and low-FPR transfer are weaker, and the binned LR rows are target-label oracle diagnostics rather than detector accounts	Named submitted/proposed/fitted configuration with a threshold metric or explicit high-performance result in the cited full-text table scope.	https://arxiv.org/abs/2607.03680	This table state has a qualifying in-domain, adapted, or pooled slice, but transfer or low-FPR performance is materially weaker and no exact frozen state with fixed two-A6000 near-Binoculars timing is released.	retain_reject	the published directly supervised LLM-DetectAIve comparison classifier. This table state has a qualifying in-domain, adapted, or pooled slice, but transfer or low-FPR performance is materially weaker and no exact frozen state with fixed two-A6000 near-Binoculars timing is released.	Full-text source 2607.03680
2607.03680	2607.03680:faid	FAID comparator	FAID comparator	Tables 2-14; the four separately trained Vanilla states, Anchor, Longformer, LLM-DetectAIve, FAID, extra-fitted FAID states, DetectAnyLLM, MIRAGE-base state, K-shot FOMAML states, pooled-training states, and both ensemble directions have an explicit >=0.90 slice or material fitted-state result; cross-corpus and low-FPR transfer are weaker, and the binned LR rows are target-label oracle diagnostics rather than detector accounts	Tables 2-14; the four separately trained Vanilla states, Anchor, Longformer, LLM-DetectAIve, FAID, extra-fitted FAID states, DetectAnyLLM, MIRAGE-base state, K-shot FOMAML states, pooled-training states, and both ensemble directions have an explicit >=0.90 slice or material fitted-state result; cross-corpus and low-FPR transfer are weaker, and the binned LR rows are target-label oracle diagnostics rather than detector accounts	Named submitted/proposed/fitted configuration with a threshold metric or explicit high-performance result in the cited full-text table scope.	https://arxiv.org/abs/2607.03680	The published FAID detector uses vector-database augmentation at inference, violating the no-retrieval boundary; this comparison paper also supplies no frozen FAID state or fixed A6000 timing.	exclude_retrieval	the published FAID multi-task contrastive detector with vector-database augmentation. The published FAID detector uses vector-database augmentation at inference, violating the no-retrieval boundary; this comparison paper also supplies no frozen FAID state or fixed A6000 timing.	Full-text source 2607.03680
2607.03680	2607.03680:vanilla-faid-extra-domain	FAID Vanilla+extra adapted to the unseen-domain validation set	FAID Vanilla+extra adapted to the unseen-domain validation set	Tables 2-14; the four separately trained Vanilla states, Anchor, Longformer, LLM-DetectAIve, FAID, extra-fitted FAID states, DetectAnyLLM, MIRAGE-base state, K-shot FOMAML states, pooled-training states, and both ensemble directions have an explicit >=0.90 slice or material fitted-state result; cross-corpus and low-FPR transfer are weaker, and the binned LR rows are target-label oracle diagnostics rather than detector accounts	Tables 2-14; the four separately trained Vanilla states, Anchor, Longformer, LLM-DetectAIve, FAID, extra-fitted FAID states, DetectAnyLLM, MIRAGE-base state, K-shot FOMAML states, pooled-training states, and both ensemble directions have an explicit >=0.90 slice or material fitted-state result; cross-corpus and low-FPR transfer are weaker, and the binned LR rows are target-label oracle diagnostics rather than detector accounts	Named submitted/proposed/fitted configuration with a threshold metric or explicit high-performance result in the cited full-text table scope.	https://arxiv.org/abs/2607.03680	This table state has a qualifying in-domain, adapted, or pooled slice, but transfer or low-FPR performance is materially weaker and no exact frozen state with fixed two-A6000 near-Binoculars timing is released.	retain_reject	a RoBERTa-base classifier additionally fitted on the released unseen-domain validation set. This table state has a qualifying in-domain, adapted, or pooled slice, but transfer or low-FPR performance is materially weaker and no exact frozen state with fixed two-A6000 near-Binoculars timing is released.	Full-text source 2607.03680
2607.03680	2607.03680:vanilla-faid-extra-domain-generator	FAID Vanilla+extra adapted to the unseen-domain-plus-generator validation set	FAID Vanilla+extra adapted to the unseen-domain-plus-generator validation set	Tables 2-14; the four separately trained Vanilla states, Anchor, Longformer, LLM-DetectAIve, FAID, extra-fitted FAID states, DetectAnyLLM, MIRAGE-base state, K-shot FOMAML states, pooled-training states, and both ensemble directions have an explicit >=0.90 slice or material fitted-state result; cross-corpus and low-FPR transfer are weaker, and the binned LR rows are target-label oracle diagnostics rather than detector accounts	Tables 2-14; the four separately trained Vanilla states, Anchor, Longformer, LLM-DetectAIve, FAID, extra-fitted FAID states, DetectAnyLLM, MIRAGE-base state, K-shot FOMAML states, pooled-training states, and both ensemble directions have an explicit >=0.90 slice or material fitted-state result; cross-corpus and low-FPR transfer are weaker, and the binned LR rows are target-label oracle diagnostics rather than detector accounts	Named submitted/proposed/fitted configuration with a threshold metric or explicit high-performance result in the cited full-text table scope.	https://arxiv.org/abs/2607.03680	This table state has a qualifying in-domain, adapted, or pooled slice, but transfer or low-FPR performance is materially weaker and no exact frozen state with fixed two-A6000 near-Binoculars timing is released.	retain_reject	a RoBERTa-base classifier additionally fitted on the released unseen-domain-plus-generator validation set. This table state has a qualifying in-domain, adapted, or pooled slice, but transfer or low-FPR performance is materially weaker and no exact frozen state with fixed two-A6000 near-Binoculars timing is released.	Full-text source 2607.03680
2607.03680	2607.03680:detectanyllm	DetectAnyLLM comparator	DetectAnyLLM comparator	Tables 2-14; the four separately trained Vanilla states, Anchor, Longformer, LLM-DetectAIve, FAID, extra-fitted FAID states, DetectAnyLLM, MIRAGE-base state, K-shot FOMAML states, pooled-training states, and both ensemble directions have an explicit >=0.90 slice or material fitted-state result; cross-corpus and low-FPR transfer are weaker, and the binned LR rows are target-label oracle diagnostics rather than detector accounts	Tables 2-14; the four separately trained Vanilla states, Anchor, Longformer, LLM-DetectAIve, FAID, extra-fitted FAID states, DetectAnyLLM, MIRAGE-base state, K-shot FOMAML states, pooled-training states, and both ensemble directions have an explicit >=0.90 slice or material fitted-state result; cross-corpus and low-FPR transfer are weaker, and the binned LR rows are target-label oracle diagnostics rather than detector accounts	Named submitted/proposed/fitted configuration with a threshold metric or explicit high-performance result in the cited full-text table scope.	https://arxiv.org/abs/2607.03680	This table state has a qualifying in-domain, adapted, or pooled slice, but transfer or low-FPR performance is materially weaker and no exact frozen state with fixed two-A6000 near-Binoculars timing is released.	retain_reject	the published DetectAnyLLM detector trained on 500 paired GPT-3.5-polish examples. This table state has a qualifying in-domain, adapted, or pooled slice, but transfer or low-FPR performance is materially weaker and no exact frozen state with fixed two-A6000 near-Binoculars timing is released.	Full-text source 2607.03680
2607.03680	2607.03680:vanilla-mirage-base	MIRAGE-trained Vanilla RoBERTa-base	MIRAGE-trained Vanilla RoBERTa-base	Tables 2-14; the four separately trained Vanilla states, Anchor, Longformer, LLM-DetectAIve, FAID, extra-fitted FAID states, DetectAnyLLM, MIRAGE-base state, K-shot FOMAML states, pooled-training states, and both ensemble directions have an explicit >=0.90 slice or material fitted-state result; cross-corpus and low-FPR transfer are weaker, and the binned LR rows are target-label oracle diagnostics rather than detector accounts	Tables 2-14; the four separately trained Vanilla states, Anchor, Longformer, LLM-DetectAIve, FAID, extra-fitted FAID states, DetectAnyLLM, MIRAGE-base state, K-shot FOMAML states, pooled-training states, and both ensemble directions have an explicit >=0.90 slice or material fitted-state result; cross-corpus and low-FPR transfer are weaker, and the binned LR rows are target-label oracle diagnostics rather than detector accounts	Named submitted/proposed/fitted configuration with a threshold metric or explicit high-performance result in the cited full-text table scope.	https://arxiv.org/abs/2607.03680	This table state has a qualifying in-domain, adapted, or pooled slice, but transfer or low-FPR performance is materially weaker and no exact frozen state with fixed two-A6000 near-Binoculars timing is released.	retain_reject	a RoBERTa-base sequence classifier fitted separately on MIRAGE. This table state has a qualifying in-domain, adapted, or pooled slice, but transfer or low-FPR performance is materially weaker and no exact frozen state with fixed two-A6000 near-Binoculars timing is released.	Full-text source 2607.03680
2607.03680	2607.03680:fomaml-lora	FOMAML+LoRA K=10 target-adapted detector	FOMAML+LoRA K=10 target-adapted detector	Tables 2-14; the four separately trained Vanilla states, Anchor, Longformer, LLM-DetectAIve, FAID, extra-fitted FAID states, DetectAnyLLM, MIRAGE-base state, K-shot FOMAML states, pooled-training states, and both ensemble directions have an explicit >=0.90 slice or material fitted-state result; cross-corpus and low-FPR transfer are weaker, and the binned LR rows are target-label oracle diagnostics rather than detector accounts	Tables 2-14; the four separately trained Vanilla states, Anchor, Longformer, LLM-DetectAIve, FAID, extra-fitted FAID states, DetectAnyLLM, MIRAGE-base state, K-shot FOMAML states, pooled-training states, and both ensemble directions have an explicit >=0.90 slice or material fitted-state result; cross-corpus and low-FPR transfer are weaker, and the binned LR rows are target-label oracle diagnostics rather than detector accounts	Named submitted/proposed/fitted configuration with a threshold metric or explicit high-performance result in the cited full-text table scope.	https://arxiv.org/abs/2607.03680	This table state has a qualifying in-domain, adapted, or pooled slice, but transfer or low-FPR performance is materially weaker and no exact frozen state with fixed two-A6000 near-Binoculars timing is released.	retain_reject	a RoBERTa-large detector adapted with FOMAML and LoRA on ten labeled target examples. This table state has a qualifying in-domain, adapted, or pooled slice, but transfer or low-FPR performance is materially weaker and no exact frozen state with fixed two-A6000 near-Binoculars timing is released.	Full-text source 2607.03680
2607.03680	2607.03680:fomaml-hc3-k5	FOMAML+LoRA MAGE-to-HC3 K=5 adaptation	FOMAML+LoRA MAGE-to-HC3 K=5 adaptation	Tables 2-14; the four separately trained Vanilla states, Anchor, Longformer, LLM-DetectAIve, FAID, extra-fitted FAID states, DetectAnyLLM, MIRAGE-base state, K-shot FOMAML states, pooled-training states, and both ensemble directions have an explicit >=0.90 slice or material fitted-state result; cross-corpus and low-FPR transfer are weaker, and the binned LR rows are target-label oracle diagnostics rather than detector accounts	Tables 2-14; the four separately trained Vanilla states, Anchor, Longformer, LLM-DetectAIve, FAID, extra-fitted FAID states, DetectAnyLLM, MIRAGE-base state, K-shot FOMAML states, pooled-training states, and both ensemble directions have an explicit >=0.90 slice or material fitted-state result; cross-corpus and low-FPR transfer are weaker, and the binned LR rows are target-label oracle diagnostics rather than detector accounts	Named submitted/proposed/fitted configuration with a threshold metric or explicit high-performance result in the cited full-text table scope.	https://arxiv.org/abs/2607.03680	This table state has a qualifying in-domain, adapted, or pooled slice, but transfer or low-FPR performance is materially weaker and no exact frozen state with fixed two-A6000 near-Binoculars timing is released.	retain_reject	a MAGE-meta-trained RoBERTa-large detector adapted with FOMAML and LoRA on five labeled HC3 examples. This table state has a qualifying in-domain, adapted, or pooled slice, but transfer or low-FPR performance is materially weaker and no exact frozen state with fixed two-A6000 near-Binoculars timing is released.	Full-text source 2607.03680
2607.03680	2607.03680:fomaml-hc3-k20	FOMAML+LoRA MAGE-to-HC3 K=20 adaptation	FOMAML+LoRA MAGE-to-HC3 K=20 adaptation	Tables 2-14; the four separately trained Vanilla states, Anchor, Longformer, LLM-DetectAIve, FAID, extra-fitted FAID states, DetectAnyLLM, MIRAGE-base state, K-shot FOMAML states, pooled-training states, and both ensemble directions have an explicit >=0.90 slice or material fitted-state result; cross-corpus and low-FPR transfer are weaker, and the binned LR rows are target-label oracle diagnostics rather than detector accounts	Tables 2-14; the four separately trained Vanilla states, Anchor, Longformer, LLM-DetectAIve, FAID, extra-fitted FAID states, DetectAnyLLM, MIRAGE-base state, K-shot FOMAML states, pooled-training states, and both ensemble directions have an explicit >=0.90 slice or material fitted-state result; cross-corpus and low-FPR transfer are weaker, and the binned LR rows are target-label oracle diagnostics rather than detector accounts	Named submitted/proposed/fitted configuration with a threshold metric or explicit high-performance result in the cited full-text table scope.	https://arxiv.org/abs/2607.03680	This table state has a qualifying in-domain, adapted, or pooled slice, but transfer or low-FPR performance is materially weaker and no exact frozen state with fixed two-A6000 near-Binoculars timing is released.	retain_reject	a MAGE-meta-trained RoBERTa-large detector adapted with FOMAML and LoRA on twenty labeled HC3 examples. This table state has a qualifying in-domain, adapted, or pooled slice, but transfer or low-FPR performance is materially weaker and no exact frozen state with fixed two-A6000 near-Binoculars timing is released.	Full-text source 2607.03680
2607.03680	2607.03680:fomaml-hc3-k50	FOMAML+LoRA MAGE-to-HC3 K=50 adaptation	FOMAML+LoRA MAGE-to-HC3 K=50 adaptation	Tables 2-14; the four separately trained Vanilla states, Anchor, Longformer, LLM-DetectAIve, FAID, extra-fitted FAID states, DetectAnyLLM, MIRAGE-base state, K-shot FOMAML states, pooled-training states, and both ensemble directions have an explicit >=0.90 slice or material fitted-state result; cross-corpus and low-FPR transfer are weaker, and the binned LR rows are target-label oracle diagnostics rather than detector accounts	Tables 2-14; the four separately trained Vanilla states, Anchor, Longformer, LLM-DetectAIve, FAID, extra-fitted FAID states, DetectAnyLLM, MIRAGE-base state, K-shot FOMAML states, pooled-training states, and both ensemble directions have an explicit >=0.90 slice or material fitted-state result; cross-corpus and low-FPR transfer are weaker, and the binned LR rows are target-label oracle diagnostics rather than detector accounts	Named submitted/proposed/fitted configuration with a threshold metric or explicit high-performance result in the cited full-text table scope.	https://arxiv.org/abs/2607.03680	This table state has a qualifying in-domain, adapted, or pooled slice, but transfer or low-FPR performance is materially weaker and no exact frozen state with fixed two-A6000 near-Binoculars timing is released.	retain_reject	a MAGE-meta-trained RoBERTa-large detector adapted with FOMAML and LoRA on fifty labeled HC3 examples. This table state has a qualifying in-domain, adapted, or pooled slice, but transfer or low-FPR performance is materially weaker and no exact frozen state with fixed two-A6000 near-Binoculars timing is released.	Full-text source 2607.03680
2607.03680	2607.03680:confidence-ensemble	Confidence-weighted vanilla/FOMAML ensemble	Confidence-weighted vanilla/FOMAML ensemble	Tables 2-14; the four separately trained Vanilla states, Anchor, Longformer, LLM-DetectAIve, FAID, extra-fitted FAID states, DetectAnyLLM, MIRAGE-base state, K-shot FOMAML states, pooled-training states, and both ensemble directions have an explicit >=0.90 slice or material fitted-state result; cross-corpus and low-FPR transfer are weaker, and the binned LR rows are target-label oracle diagnostics rather than detector accounts	Tables 2-14; the four separately trained Vanilla states, Anchor, Longformer, LLM-DetectAIve, FAID, extra-fitted FAID states, DetectAnyLLM, MIRAGE-base state, K-shot FOMAML states, pooled-training states, and both ensemble directions have an explicit >=0.90 slice or material fitted-state result; cross-corpus and low-FPR transfer are weaker, and the binned LR rows are target-label oracle diagnostics rather than detector accounts	Named submitted/proposed/fitted configuration with a threshold metric or explicit high-performance result in the cited full-text table scope.	https://arxiv.org/abs/2607.03680	This table state has a qualifying in-domain, adapted, or pooled slice, but transfer or low-FPR performance is materially weaker and no exact frozen state with fixed two-A6000 near-Binoculars timing is released.	retain_reject	confidence-weighted score fusion of the Vanilla and target-adapted FOMAML detectors. This table state has a qualifying in-domain, adapted, or pooled slice, but transfer or low-FPR performance is materially weaker and no exact frozen state with fixed two-A6000 near-Binoculars timing is released.	Full-text source 2607.03680
2607.03680	2607.03680:reverse-confidence-ensemble	Reverse-confidence FOMAML/vanilla ensemble	Reverse-confidence FOMAML/vanilla ensemble	Tables 2-14; the four separately trained Vanilla states, Anchor, Longformer, LLM-DetectAIve, FAID, extra-fitted FAID states, DetectAnyLLM, MIRAGE-base state, K-shot FOMAML states, pooled-training states, and both ensemble directions have an explicit >=0.90 slice or material fitted-state result; cross-corpus and low-FPR transfer are weaker, and the binned LR rows are target-label oracle diagnostics rather than detector accounts	Tables 2-14; the four separately trained Vanilla states, Anchor, Longformer, LLM-DetectAIve, FAID, extra-fitted FAID states, DetectAnyLLM, MIRAGE-base state, K-shot FOMAML states, pooled-training states, and both ensemble directions have an explicit >=0.90 slice or material fitted-state result; cross-corpus and low-FPR transfer are weaker, and the binned LR rows are target-label oracle diagnostics rather than detector accounts	Named submitted/proposed/fitted configuration with a threshold metric or explicit high-performance result in the cited full-text table scope.	https://arxiv.org/abs/2607.03680	This table state has a qualifying in-domain, adapted, or pooled slice, but transfer or low-FPR performance is materially weaker and no exact frozen state with fixed two-A6000 near-Binoculars timing is released.	retain_reject	confidence-weighted score fusion using the FOMAML detector as the confidence source. This table state has a qualifying in-domain, adapted, or pooled slice, but transfer or low-FPR performance is materially weaker and no exact frozen state with fixed two-A6000 near-Binoculars timing is released.	Full-text source 2607.03680
2607.03680	2607.03680:pooled-four-way	Four-way mixed pooled Vanilla detector	Four-way mixed pooled Vanilla detector	Tables 2-14; the four separately trained Vanilla states, Anchor, Longformer, LLM-DetectAIve, FAID, extra-fitted FAID states, DetectAnyLLM, MIRAGE-base state, K-shot FOMAML states, pooled-training states, and both ensemble directions have an explicit >=0.90 slice or material fitted-state result; cross-corpus and low-FPR transfer are weaker, and the binned LR rows are target-label oracle diagnostics rather than detector accounts	Tables 2-14; the four separately trained Vanilla states, Anchor, Longformer, LLM-DetectAIve, FAID, extra-fitted FAID states, DetectAnyLLM, MIRAGE-base state, K-shot FOMAML states, pooled-training states, and both ensemble directions have an explicit >=0.90 slice or material fitted-state result; cross-corpus and low-FPR transfer are weaker, and the binned LR rows are target-label oracle diagnostics rather than detector accounts	Named submitted/proposed/fitted configuration with a threshold metric or explicit high-performance result in the cited full-text table scope.	https://arxiv.org/abs/2607.03680	This table state has a qualifying in-domain, adapted, or pooled slice, but transfer or low-FPR performance is materially weaker and no exact frozen state with fixed two-A6000 near-Binoculars timing is released.	retain_reject	a directly supervised RoBERTa detector fitted on a four-benchmark pooled training set. This table state has a qualifying in-domain, adapted, or pooled slice, but transfer or low-FPR performance is materially weaker and no exact frozen state with fixed two-A6000 near-Binoculars timing is released.	Full-text source 2607.03680
2607.03680	2607.03680:pooled-stratified-base	Stratified pooled Vanilla RoBERTa-base	Stratified pooled Vanilla RoBERTa-base	Tables 2-14; the four separately trained Vanilla states, Anchor, Longformer, LLM-DetectAIve, FAID, extra-fitted FAID states, DetectAnyLLM, MIRAGE-base state, K-shot FOMAML states, pooled-training states, and both ensemble directions have an explicit >=0.90 slice or material fitted-state result; cross-corpus and low-FPR transfer are weaker, and the binned LR rows are target-label oracle diagnostics rather than detector accounts	Tables 2-14; the four separately trained Vanilla states, Anchor, Longformer, LLM-DetectAIve, FAID, extra-fitted FAID states, DetectAnyLLM, MIRAGE-base state, K-shot FOMAML states, pooled-training states, and both ensemble directions have an explicit >=0.90 slice or material fitted-state result; cross-corpus and low-FPR transfer are weaker, and the binned LR rows are target-label oracle diagnostics rather than detector accounts	Named submitted/proposed/fitted configuration with a threshold metric or explicit high-performance result in the cited full-text table scope.	https://arxiv.org/abs/2607.03680	This table state has a qualifying in-domain, adapted, or pooled slice, but transfer or low-FPR performance is materially weaker and no exact frozen state with fixed two-A6000 near-Binoculars timing is released.	retain_reject	a directly supervised RoBERTa-base detector fitted on the paper's stratified pooled training set. This table state has a qualifying in-domain, adapted, or pooled slice, but transfer or low-FPR performance is materially weaker and no exact frozen state with fixed two-A6000 near-Binoculars timing is released.	Full-text source 2607.03680
2607.03680	2607.03680:pooled-stratified-large	Stratified pooled Vanilla RoBERTa-large	Stratified pooled Vanilla RoBERTa-large	Tables 2-14; the four separately trained Vanilla states, Anchor, Longformer, LLM-DetectAIve, FAID, extra-fitted FAID states, DetectAnyLLM, MIRAGE-base state, K-shot FOMAML states, pooled-training states, and both ensemble directions have an explicit >=0.90 slice or material fitted-state result; cross-corpus and low-FPR transfer are weaker, and the binned LR rows are target-label oracle diagnostics rather than detector accounts	Tables 2-14; the four separately trained Vanilla states, Anchor, Longformer, LLM-DetectAIve, FAID, extra-fitted FAID states, DetectAnyLLM, MIRAGE-base state, K-shot FOMAML states, pooled-training states, and both ensemble directions have an explicit >=0.90 slice or material fitted-state result; cross-corpus and low-FPR transfer are weaker, and the binned LR rows are target-label oracle diagnostics rather than detector accounts	Named submitted/proposed/fitted configuration with a threshold metric or explicit high-performance result in the cited full-text table scope.	https://arxiv.org/abs/2607.03680	This table state has a qualifying in-domain, adapted, or pooled slice, but transfer or low-FPR performance is materially weaker and no exact frozen state with fixed two-A6000 near-Binoculars timing is released.	retain_reject	a directly supervised RoBERTa-large detector fitted on the paper's stratified pooled training set. This table state has a qualifying in-domain, adapted, or pooled slice, but transfer or low-FPR performance is materially weaker and no exact frozen state with fixed two-A6000 near-Binoculars timing is released.	Full-text source 2607.03680
2606.31074	2606.31074:raidar	RAIDAR	RAIDAR	Tables 3 and 5; every listed baseline, Triospect/base pairing, or named proxy/token-budget state has AUROC >=0.90 on at least one reported pre-attack, attacked, or efficiency slice	Tables 3 and 5; every listed baseline, Triospect/base pairing, or named proxy/token-budget state has AUROC >=0.90 on at least one reported pre-attack, attacked, or efficiency slice	Named submitted/proposed/fitted configuration with a threshold metric or explicit high-performance result in the cited full-text table scope.	https://arxiv.org/abs/2606.31074	Inference derives features from multiple rewrites of the target text, violating the no-rewriting boundary.	exclude_rewriting	RAIDAR features derived from multiple target-text rewrites. Inference derives features from multiple rewrites of the target text, violating the no-rewriting boundary.	Full-text source 2606.31074
2606.31074	2606.31074:binoculars	Binoculars	Binoculars	Tables 3 and 5; every listed baseline, Triospect/base pairing, or named proxy/token-budget state has AUROC >=0.90 on at least one reported pre-attack, attacked, or efficiency slice	Tables 3 and 5; every listed baseline, Triospect/base pairing, or named proxy/token-budget state has AUROC >=0.90 on at least one reported pre-attack, attacked, or efficiency slice	Named submitted/proposed/fitted configuration with a threshold metric or explicit high-performance result in the cited full-text table scope.	https://arxiv.org/abs/2606.31074	This is an existing comparator rather than the Triospect transformation pipeline; this paper adds no new released state or fixed low-FPR and two-A6000 superiority evidence for it.	retain_reject	the Binoculars cross-model perplexity-ratio statistic. This is an existing comparator rather than the Triospect transformation pipeline; this paper adds no new released state or fixed low-FPR and two-A6000 superiority evidence for it.	Full-text source 2606.31074
2606.31074	2606.31074:triospect-binoculars	Triospect-Binoculars	Triospect-Binoculars	Tables 3 and 5; every listed baseline, Triospect/base pairing, or named proxy/token-budget state has AUROC >=0.90 on at least one reported pre-attack, attacked, or efficiency slice	Tables 3 and 5; every listed baseline, Triospect/base pairing, or named proxy/token-budget state has AUROC >=0.90 on at least one reported pre-attack, attacked, or efficiency slice	Named submitted/proposed/fitted configuration with a threshold metric or explicit high-performance result in the cited full-text table scope.	https://arxiv.org/abs/2606.31074	Inference generates summaries and simplifications and aggregates transformed views, violating regeneration, rewriting, and multi-view constraints.	exclude_generation	named zero-shot baseline or Triospect aggregation over target rewrites from multiple generation perspectives. Inference generates summaries and simplifications and aggregates transformed views, violating regeneration, rewriting, and multi-view constraints.	Full-text source 2606.31074
2606.31074	2606.31074:imbd	ImBD	ImBD	Tables 3 and 5; every listed baseline, Triospect/base pairing, or named proxy/token-budget state has AUROC >=0.90 on at least one reported pre-attack, attacked, or efficiency slice	Tables 3 and 5; every listed baseline, Triospect/base pairing, or named proxy/token-budget state has AUROC >=0.90 on at least one reported pre-attack, attacked, or efficiency slice	Named submitted/proposed/fitted configuration with a threshold metric or explicit high-performance result in the cited full-text table scope.	https://arxiv.org/abs/2606.31074	This is an existing comparator rather than the Triospect transformation pipeline; this paper adds no new released state or fixed low-FPR and two-A6000 superiority evidence for it.	retain_reject	the ImBD preference-divergence comparator. This is an existing comparator rather than the Triospect transformation pipeline; this paper adds no new released state or fixed low-FPR and two-A6000 superiority evidence for it.	Full-text source 2606.31074
2606.31074	2606.31074:triospect-imbd	Triospect-ImBD	Triospect-ImBD	Tables 3 and 5; every listed baseline, Triospect/base pairing, or named proxy/token-budget state has AUROC >=0.90 on at least one reported pre-attack, attacked, or efficiency slice	Tables 3 and 5; every listed baseline, Triospect/base pairing, or named proxy/token-budget state has AUROC >=0.90 on at least one reported pre-attack, attacked, or efficiency slice	Named submitted/proposed/fitted configuration with a threshold metric or explicit high-performance result in the cited full-text table scope.	https://arxiv.org/abs/2606.31074	Inference generates summaries and simplifications and aggregates transformed views, violating regeneration, rewriting, and multi-view constraints.	exclude_generation	named zero-shot baseline or Triospect aggregation over target rewrites from multiple generation perspectives. Inference generates summaries and simplifications and aggregates transformed views, violating regeneration, rewriting, and multi-view constraints.	Full-text source 2606.31074
2606.31074	2606.31074:fastdetectgpt	FastDetectGPT	FastDetectGPT	Tables 3 and 5; every listed baseline, Triospect/base pairing, or named proxy/token-budget state has AUROC >=0.90 on at least one reported pre-attack, attacked, or efficiency slice	Tables 3 and 5; every listed baseline, Triospect/base pairing, or named proxy/token-budget state has AUROC >=0.90 on at least one reported pre-attack, attacked, or efficiency slice	Named submitted/proposed/fitted configuration with a threshold metric or explicit high-performance result in the cited full-text table scope.	https://arxiv.org/abs/2606.31074	This is an existing comparator rather than the Triospect transformation pipeline; this paper adds no new released state or fixed low-FPR and two-A6000 superiority evidence for it.	retain_reject	the FastDetectGPT conditional-probability-curvature statistic. This is an existing comparator rather than the Triospect transformation pipeline; this paper adds no new released state or fixed low-FPR and two-A6000 superiority evidence for it.	Full-text source 2606.31074
2606.31074	2606.31074:triospect-fastdetectgpt	Triospect-FastDetectGPT	Triospect-FastDetectGPT	Tables 3 and 5; every listed baseline, Triospect/base pairing, or named proxy/token-budget state has AUROC >=0.90 on at least one reported pre-attack, attacked, or efficiency slice	Tables 3 and 5; every listed baseline, Triospect/base pairing, or named proxy/token-budget state has AUROC >=0.90 on at least one reported pre-attack, attacked, or efficiency slice	Named submitted/proposed/fitted configuration with a threshold metric or explicit high-performance result in the cited full-text table scope.	https://arxiv.org/abs/2606.31074	Inference generates summaries and simplifications and aggregates transformed views, violating regeneration, rewriting, and multi-view constraints.	exclude_generation	named zero-shot baseline or Triospect aggregation over target rewrites from multiple generation perspectives. Inference generates summaries and simplifications and aggregates transformed views, violating regeneration, rewriting, and multi-view constraints.	Full-text source 2606.31074
2606.31074	2606.31074:triospect-fd-qwen200	Triospect-FastDetectGPT Qwen max-tokens 200	Triospect-FastDetectGPT Qwen max-tokens 200	Tables 3 and 5; every listed baseline, Triospect/base pairing, or named proxy/token-budget state has AUROC >=0.90 on at least one reported pre-attack, attacked, or efficiency slice	Tables 3 and 5; every listed baseline, Triospect/base pairing, or named proxy/token-budget state has AUROC >=0.90 on at least one reported pre-attack, attacked, or efficiency slice	Named submitted/proposed/fitted configuration with a threshold metric or explicit high-performance result in the cited full-text table scope.	https://arxiv.org/abs/2606.31074	Inference generates summaries and simplifications and aggregates transformed views, violating regeneration, rewriting, and multi-view constraints.	exclude_generation	named zero-shot baseline or Triospect aggregation over target rewrites from multiple generation perspectives. Inference generates summaries and simplifications and aggregates transformed views, violating regeneration, rewriting, and multi-view constraints.	Full-text source 2606.31074
2606.31074	2606.31074:triospect-fd-gpt4o200	Triospect-FastDetectGPT GPT-4o max-tokens 200	Triospect-FastDetectGPT GPT-4o max-tokens 200	Tables 3 and 5; every listed baseline, Triospect/base pairing, or named proxy/token-budget state has AUROC >=0.90 on at least one reported pre-attack, attacked, or efficiency slice	Tables 3 and 5; every listed baseline, Triospect/base pairing, or named proxy/token-budget state has AUROC >=0.90 on at least one reported pre-attack, attacked, or efficiency slice	Named submitted/proposed/fitted configuration with a threshold metric or explicit high-performance result in the cited full-text table scope.	https://arxiv.org/abs/2606.31074	Inference generates summaries and simplifications and aggregates transformed views, violating regeneration, rewriting, and multi-view constraints.	exclude_generation	named zero-shot baseline or Triospect aggregation over target rewrites from multiple generation perspectives. Inference generates summaries and simplifications and aggregates transformed views, violating regeneration, rewriting, and multi-view constraints.	Full-text source 2606.31074
2606.23336	2606.23336:base	WaveDetect-base	WaveDetect-base	Tables 1-3; both WaveDetect states exceed 0.90 on paper rows, while the separately frozen public-state screen is 0.8906 AUROC	Tables 1-3; both WaveDetect states exceed 0.90 on paper rows, while the separately frozen public-state screen is 0.8906 AUROC	Named submitted/proposed/fitted configuration with a threshold metric or explicit high-performance result in the cited full-text table scope.	https://arxiv.org/abs/2606.23336	The released checkpoint is fast, but the frozen same-row screen measured 0.8906 AUROC versus 0.9595 for Binoculars.	retain_reject	small-LM surprisal sequence transformed to spectral/wavelet features and classified by a CNN. The released checkpoint is fast, but the frozen same-row screen measured 0.8906 AUROC versus 0.9595 for Binoculars.	Full-text source 2606.23336
2606.23336	2606.23336:all	WaveDetect-all	WaveDetect-all	Tables 1-3; both WaveDetect states exceed 0.90 on paper rows, while the separately frozen public-state screen is 0.8906 AUROC	Tables 1-3; both WaveDetect states exceed 0.90 on paper rows, while the separately frozen public-state screen is 0.8906 AUROC	Named submitted/proposed/fitted configuration with a threshold metric or explicit high-performance result in the cited full-text table scope.	https://arxiv.org/abs/2606.23336	The released checkpoint is fast, but the frozen same-row screen measured 0.8906 AUROC versus 0.9595 for Binoculars.	retain_reject	small-LM surprisal sequence transformed to spectral/wavelet features and classified by a CNN. The released checkpoint is fast, but the frozen same-row screen measured 0.8906 AUROC versus 0.9595 for Binoculars.	Full-text source 2606.23336
2606.18946	2606.18946:poger	POGER	POGER	Tables 2 and 5; POGER AUC 0.938, SeqXGPT up to 0.950, SenDetEX macro F1 0.924, SenFlow 0.940, and each named SenFlow ablation has macro F1 0.922-0.935	Tables 2 and 5; POGER AUC 0.938, SeqXGPT up to 0.950, SenDetEX macro F1 0.924, SenFlow 0.940, and each named SenFlow ablation has macro F1 0.922-0.935	Named submitted/proposed/fitted configuration with a threshold metric or explicit high-performance result in the cited full-text table scope.	https://arxiv.org/abs/2606.18946	The SOTA Macro-F1 claim is for sentence labeling inside hybrid documents, not general document-level binary detection.	reject_scope	named sentence-level sequential/graph detector or SenFlow component-ablation state. The SOTA Macro-F1 claim is for sentence labeling inside hybrid documents, not general document-level binary detection.	Full-text source 2606.18946
2606.18946	2606.18946:seqxgpt	SeqXGPT	SeqXGPT	Tables 2 and 5; POGER AUC 0.938, SeqXGPT up to 0.950, SenDetEX macro F1 0.924, SenFlow 0.940, and each named SenFlow ablation has macro F1 0.922-0.935	Tables 2 and 5; POGER AUC 0.938, SeqXGPT up to 0.950, SenDetEX macro F1 0.924, SenFlow 0.940, and each named SenFlow ablation has macro F1 0.922-0.935	Named submitted/proposed/fitted configuration with a threshold metric or explicit high-performance result in the cited full-text table scope.	https://arxiv.org/abs/2606.18946	The SOTA Macro-F1 claim is for sentence labeling inside hybrid documents, not general document-level binary detection.	reject_scope	named sentence-level sequential/graph detector or SenFlow component-ablation state. The SOTA Macro-F1 claim is for sentence labeling inside hybrid documents, not general document-level binary detection.	Full-text source 2606.18946
2606.18946	2606.18946:sendetex	SenDetEX	SenDetEX	Tables 2 and 5; POGER AUC 0.938, SeqXGPT up to 0.950, SenDetEX macro F1 0.924, SenFlow 0.940, and each named SenFlow ablation has macro F1 0.922-0.935	Tables 2 and 5; POGER AUC 0.938, SeqXGPT up to 0.950, SenDetEX macro F1 0.924, SenFlow 0.940, and each named SenFlow ablation has macro F1 0.922-0.935	Named submitted/proposed/fitted configuration with a threshold metric or explicit high-performance result in the cited full-text table scope.	https://arxiv.org/abs/2606.18946	The SOTA Macro-F1 claim is for sentence labeling inside hybrid documents, not general document-level binary detection.	reject_scope	named sentence-level sequential/graph detector or SenFlow component-ablation state. The SOTA Macro-F1 claim is for sentence labeling inside hybrid documents, not general document-level binary detection.	Full-text source 2606.18946
2606.18946	2606.18946:senflow	SenFlow	SenFlow	Tables 2 and 5; POGER AUC 0.938, SeqXGPT up to 0.950, SenDetEX macro F1 0.924, SenFlow 0.940, and each named SenFlow ablation has macro F1 0.922-0.935	Tables 2 and 5; POGER AUC 0.938, SeqXGPT up to 0.950, SenDetEX macro F1 0.924, SenFlow 0.940, and each named SenFlow ablation has macro F1 0.922-0.935	Named submitted/proposed/fitted configuration with a threshold metric or explicit high-performance result in the cited full-text table scope.	https://arxiv.org/abs/2606.18946	The SOTA Macro-F1 claim is for sentence labeling inside hybrid documents, not general document-level binary detection.	reject_scope	named sentence-level sequential/graph detector or SenFlow component-ablation state. The SOTA Macro-F1 claim is for sentence labeling inside hybrid documents, not general document-level binary detection.	Full-text source 2606.18946
2606.18946	2606.18946:senflow-no-gcn	SenFlow without GCN	SenFlow without GCN	Tables 2 and 5; POGER AUC 0.938, SeqXGPT up to 0.950, SenDetEX macro F1 0.924, SenFlow 0.940, and each named SenFlow ablation has macro F1 0.922-0.935	Tables 2 and 5; POGER AUC 0.938, SeqXGPT up to 0.950, SenDetEX macro F1 0.924, SenFlow 0.940, and each named SenFlow ablation has macro F1 0.922-0.935	Named submitted/proposed/fitted configuration with a threshold metric or explicit high-performance result in the cited full-text table scope.	https://arxiv.org/abs/2606.18946	The SOTA Macro-F1 claim is for sentence labeling inside hybrid documents, not general document-level binary detection.	reject_scope	named sentence-level sequential/graph detector or SenFlow component-ablation state. The SOTA Macro-F1 claim is for sentence labeling inside hybrid documents, not general document-level binary detection.	Full-text source 2606.18946
2606.18946	2606.18946:senflow-no-crf	SenFlow without CRF	SenFlow without CRF	Tables 2 and 5; POGER AUC 0.938, SeqXGPT up to 0.950, SenDetEX macro F1 0.924, SenFlow 0.940, and each named SenFlow ablation has macro F1 0.922-0.935	Tables 2 and 5; POGER AUC 0.938, SeqXGPT up to 0.950, SenDetEX macro F1 0.924, SenFlow 0.940, and each named SenFlow ablation has macro F1 0.922-0.935	Named submitted/proposed/fitted configuration with a threshold metric or explicit high-performance result in the cited full-text table scope.	https://arxiv.org/abs/2606.18946	The SOTA Macro-F1 claim is for sentence labeling inside hybrid documents, not general document-level binary detection.	reject_scope	named sentence-level sequential/graph detector or SenFlow component-ablation state. The SOTA Macro-F1 claim is for sentence labeling inside hybrid documents, not general document-level binary detection.	Full-text source 2606.18946
2606.18946	2606.18946:senflow-no-cl	SenFlow without contrastive learning	SenFlow without contrastive learning	Tables 2 and 5; POGER AUC 0.938, SeqXGPT up to 0.950, SenDetEX macro F1 0.924, SenFlow 0.940, and each named SenFlow ablation has macro F1 0.922-0.935	Tables 2 and 5; POGER AUC 0.938, SeqXGPT up to 0.950, SenDetEX macro F1 0.924, SenFlow 0.940, and each named SenFlow ablation has macro F1 0.922-0.935	Named submitted/proposed/fitted configuration with a threshold metric or explicit high-performance result in the cited full-text table scope.	https://arxiv.org/abs/2606.18946	The SOTA Macro-F1 claim is for sentence labeling inside hybrid documents, not general document-level binary detection.	reject_scope	named sentence-level sequential/graph detector or SenFlow component-ablation state. The SOTA Macro-F1 claim is for sentence labeling inside hybrid documents, not general document-level binary detection.	Full-text source 2606.18946
2606.18946	2606.18946:senflow-no-tcn	SenFlow without TCN	SenFlow without TCN	Tables 2 and 5; POGER AUC 0.938, SeqXGPT up to 0.950, SenDetEX macro F1 0.924, SenFlow 0.940, and each named SenFlow ablation has macro F1 0.922-0.935	Tables 2 and 5; POGER AUC 0.938, SeqXGPT up to 0.950, SenDetEX macro F1 0.924, SenFlow 0.940, and each named SenFlow ablation has macro F1 0.922-0.935	Named submitted/proposed/fitted configuration with a threshold metric or explicit high-performance result in the cited full-text table scope.	https://arxiv.org/abs/2606.18946	The SOTA Macro-F1 claim is for sentence labeling inside hybrid documents, not general document-level binary detection.	reject_scope	named sentence-level sequential/graph detector or SenFlow component-ablation state. The SOTA Macro-F1 claim is for sentence labeling inside hybrid documents, not general document-level binary detection.	Full-text source 2606.18946
2606.07313	2606.07313:gpt-neo-logreg-all	SV-Detect GPT-Neo-2.7B LogReg/all	SV-Detect GPT-Neo-2.7B LogReg/all	backbone Table 2, COLING Tables 5-6, and MIRAGE Table 9; every backbone or separately fitted polish-only/three-task state has a development, test, or DetectRL AUROC >=0.90, while official COLING F1 can be 0.740	backbone Table 2, COLING Tables 5-6, and MIRAGE Table 9; every backbone or separately fitted polish-only/three-task state has a development, test, or DetectRL AUROC >=0.90, while official COLING F1 can be 0.740	Named submitted/proposed/fitted configuration with a threshold metric or explicit high-performance result in the cited full-text table scope.	https://arxiv.org/abs/2606.07313	Near-perfect matched-family AUROC is supervised and the release omits trained steering directions and classifier state.	reconstruction_only	steering-vector representation from the named probe LM, pool, and downstream rule. Near-perfect matched-family AUROC is supervised and the release omits trained steering directions and classifier state.	Full-text source 2606.07313
2606.07313	2606.07313:gpt-neo-logreg-trimmed	SV-Detect GPT-Neo-2.7B LogReg/trimmed	SV-Detect GPT-Neo-2.7B LogReg/trimmed	backbone Table 2, COLING Tables 5-6, and MIRAGE Table 9; every backbone or separately fitted polish-only/three-task state has a development, test, or DetectRL AUROC >=0.90, while official COLING F1 can be 0.740	backbone Table 2, COLING Tables 5-6, and MIRAGE Table 9; every backbone or separately fitted polish-only/three-task state has a development, test, or DetectRL AUROC >=0.90, while official COLING F1 can be 0.740	Named submitted/proposed/fitted configuration with a threshold metric or explicit high-performance result in the cited full-text table scope.	https://arxiv.org/abs/2606.07313	Near-perfect matched-family AUROC is supervised and the release omits trained steering directions and classifier state.	reconstruction_only	steering-vector representation from the named probe LM, pool, and downstream rule. Near-perfect matched-family AUROC is supervised and the release omits trained steering directions and classifier state.	Full-text source 2606.07313
2606.07313	2606.07313:qwen3-1.7b	SV-Detect Qwen3-1.7B	SV-Detect Qwen3-1.7B	backbone Table 2, COLING Tables 5-6, and MIRAGE Table 9; every backbone or separately fitted polish-only/three-task state has a development, test, or DetectRL AUROC >=0.90, while official COLING F1 can be 0.740	backbone Table 2, COLING Tables 5-6, and MIRAGE Table 9; every backbone or separately fitted polish-only/three-task state has a development, test, or DetectRL AUROC >=0.90, while official COLING F1 can be 0.740	Named submitted/proposed/fitted configuration with a threshold metric or explicit high-performance result in the cited full-text table scope.	https://arxiv.org/abs/2606.07313	Near-perfect matched-family AUROC is supervised and the release omits trained steering directions and classifier state.	reconstruction_only	steering-vector representation from the named probe LM, pool, and downstream rule. Near-perfect matched-family AUROC is supervised and the release omits trained steering directions and classifier state.	Full-text source 2606.07313
2606.07313	2606.07313:qwen3-1.7b-base	SV-Detect Qwen3-1.7B-Base	SV-Detect Qwen3-1.7B-Base	backbone Table 2, COLING Tables 5-6, and MIRAGE Table 9; every backbone or separately fitted polish-only/three-task state has a development, test, or DetectRL AUROC >=0.90, while official COLING F1 can be 0.740	backbone Table 2, COLING Tables 5-6, and MIRAGE Table 9; every backbone or separately fitted polish-only/three-task state has a development, test, or DetectRL AUROC >=0.90, while official COLING F1 can be 0.740	Named submitted/proposed/fitted configuration with a threshold metric or explicit high-performance result in the cited full-text table scope.	https://arxiv.org/abs/2606.07313	Near-perfect matched-family AUROC is supervised and the release omits trained steering directions and classifier state.	reconstruction_only	steering-vector representation from the named probe LM, pool, and downstream rule. Near-perfect matched-family AUROC is supervised and the release omits trained steering directions and classifier state.	Full-text source 2606.07313
2606.07313	2606.07313:gemma3-1b-pt	SV-Detect Gemma3-1B pretrained	SV-Detect Gemma3-1B pretrained	backbone Table 2, COLING Tables 5-6, and MIRAGE Table 9; every backbone or separately fitted polish-only/three-task state has a development, test, or DetectRL AUROC >=0.90, while official COLING F1 can be 0.740	backbone Table 2, COLING Tables 5-6, and MIRAGE Table 9; every backbone or separately fitted polish-only/three-task state has a development, test, or DetectRL AUROC >=0.90, while official COLING F1 can be 0.740	Named submitted/proposed/fitted configuration with a threshold metric or explicit high-performance result in the cited full-text table scope.	https://arxiv.org/abs/2606.07313	Near-perfect matched-family AUROC is supervised and the release omits trained steering directions and classifier state.	reconstruction_only	steering-vector representation from the named probe LM, pool, and downstream rule. Near-perfect matched-family AUROC is supervised and the release omits trained steering directions and classifier state.	Full-text source 2606.07313
2606.07313	2606.07313:gemma3-1b-it	SV-Detect Gemma3-1B instruction-tuned	SV-Detect Gemma3-1B instruction-tuned	backbone Table 2, COLING Tables 5-6, and MIRAGE Table 9; every backbone or separately fitted polish-only/three-task state has a development, test, or DetectRL AUROC >=0.90, while official COLING F1 can be 0.740	backbone Table 2, COLING Tables 5-6, and MIRAGE Table 9; every backbone or separately fitted polish-only/three-task state has a development, test, or DetectRL AUROC >=0.90, while official COLING F1 can be 0.740	Named submitted/proposed/fitted configuration with a threshold metric or explicit high-performance result in the cited full-text table scope.	https://arxiv.org/abs/2606.07313	Near-perfect matched-family AUROC is supervised and the release omits trained steering directions and classifier state.	reconstruction_only	steering-vector representation from the named probe LM, pool, and downstream rule. Near-perfect matched-family AUROC is supervised and the release omits trained steering directions and classifier state.	Full-text source 2606.07313
2606.07313	2606.07313:llama2-mean-all	SV-Detect Llama-2-7B Mean/all	SV-Detect Llama-2-7B Mean/all	backbone Table 2, COLING Tables 5-6, and MIRAGE Table 9; every backbone or separately fitted polish-only/three-task state has a development, test, or DetectRL AUROC >=0.90, while official COLING F1 can be 0.740	backbone Table 2, COLING Tables 5-6, and MIRAGE Table 9; every backbone or separately fitted polish-only/three-task state has a development, test, or DetectRL AUROC >=0.90, while official COLING F1 can be 0.740	Named submitted/proposed/fitted configuration with a threshold metric or explicit high-performance result in the cited full-text table scope.	https://arxiv.org/abs/2606.07313	Near-perfect matched-family AUROC is supervised and the release omits trained steering directions and classifier state.	reconstruction_only	steering-vector representation from the named probe LM, pool, and downstream rule. Near-perfect matched-family AUROC is supervised and the release omits trained steering directions and classifier state.	Full-text source 2606.07313
2606.07313	2606.07313:llama2-mean-trimmed	SV-Detect Llama-2-7B Mean/trimmed	SV-Detect Llama-2-7B Mean/trimmed	backbone Table 2, COLING Tables 5-6, and MIRAGE Table 9; every backbone or separately fitted polish-only/three-task state has a development, test, or DetectRL AUROC >=0.90, while official COLING F1 can be 0.740	backbone Table 2, COLING Tables 5-6, and MIRAGE Table 9; every backbone or separately fitted polish-only/three-task state has a development, test, or DetectRL AUROC >=0.90, while official COLING F1 can be 0.740	Named submitted/proposed/fitted configuration with a threshold metric or explicit high-performance result in the cited full-text table scope.	https://arxiv.org/abs/2606.07313	Near-perfect matched-family AUROC is supervised and the release omits trained steering directions and classifier state.	reconstruction_only	steering-vector representation from the named probe LM, pool, and downstream rule. Near-perfect matched-family AUROC is supervised and the release omits trained steering directions and classifier state.	Full-text source 2606.07313
2606.07313	2606.07313:llama2-logreg-all	SV-Detect Llama-2-7B LogReg/all	SV-Detect Llama-2-7B LogReg/all	backbone Table 2, COLING Tables 5-6, and MIRAGE Table 9; every backbone or separately fitted polish-only/three-task state has a development, test, or DetectRL AUROC >=0.90, while official COLING F1 can be 0.740	backbone Table 2, COLING Tables 5-6, and MIRAGE Table 9; every backbone or separately fitted polish-only/three-task state has a development, test, or DetectRL AUROC >=0.90, while official COLING F1 can be 0.740	Named submitted/proposed/fitted configuration with a threshold metric or explicit high-performance result in the cited full-text table scope.	https://arxiv.org/abs/2606.07313	Near-perfect matched-family AUROC is supervised and the release omits trained steering directions and classifier state.	reconstruction_only	steering-vector representation from the named probe LM, pool, and downstream rule. Near-perfect matched-family AUROC is supervised and the release omits trained steering directions and classifier state.	Full-text source 2606.07313
2606.07313	2606.07313:llama2-logreg-trimmed	SV-Detect Llama-2-7B LogReg/trimmed	SV-Detect Llama-2-7B LogReg/trimmed	backbone Table 2, COLING Tables 5-6, and MIRAGE Table 9; every backbone or separately fitted polish-only/three-task state has a development, test, or DetectRL AUROC >=0.90, while official COLING F1 can be 0.740	backbone Table 2, COLING Tables 5-6, and MIRAGE Table 9; every backbone or separately fitted polish-only/three-task state has a development, test, or DetectRL AUROC >=0.90, while official COLING F1 can be 0.740	Named submitted/proposed/fitted configuration with a threshold metric or explicit high-performance result in the cited full-text table scope.	https://arxiv.org/abs/2606.07313	Near-perfect matched-family AUROC is supervised and the release omits trained steering directions and classifier state.	reconstruction_only	steering-vector representation from the named probe LM, pool, and downstream rule. Near-perfect matched-family AUROC is supervised and the release omits trained steering directions and classifier state.	Full-text source 2606.07313
2606.07313	2606.07313:polish-only	SV-Detect MIRAGE polish-only fitted state	SV-Detect MIRAGE polish-only fitted state	backbone Table 2, COLING Tables 5-6, and MIRAGE Table 9; every backbone or separately fitted polish-only/three-task state has a development, test, or DetectRL AUROC >=0.90, while official COLING F1 can be 0.740	backbone Table 2, COLING Tables 5-6, and MIRAGE Table 9; every backbone or separately fitted polish-only/three-task state has a development, test, or DetectRL AUROC >=0.90, while official COLING F1 can be 0.740	Named submitted/proposed/fitted configuration with a threshold metric or explicit high-performance result in the cited full-text table scope.	https://arxiv.org/abs/2606.07313	This separately fitted MIRAGE state has high in-task AUROC, but no exact frozen fitted state, transferable low-FPR calibration, or fixed two-A6000 near-Binoculars timing is released.	retain_reject	the SV-Detect steering-vector classifier separately fitted on MIRAGE polish examples only. This separately fitted MIRAGE state has high in-task AUROC, but no exact frozen fitted state, transferable low-FPR calibration, or fixed two-A6000 near-Binoculars timing is released.	Full-text source 2606.07313
2606.07313	2606.07313:three-task	SV-Detect MIRAGE three-task fitted state	SV-Detect MIRAGE three-task fitted state	backbone Table 2, COLING Tables 5-6, and MIRAGE Table 9; every backbone or separately fitted polish-only/three-task state has a development, test, or DetectRL AUROC >=0.90, while official COLING F1 can be 0.740	backbone Table 2, COLING Tables 5-6, and MIRAGE Table 9; every backbone or separately fitted polish-only/three-task state has a development, test, or DetectRL AUROC >=0.90, while official COLING F1 can be 0.740	Named submitted/proposed/fitted configuration with a threshold metric or explicit high-performance result in the cited full-text table scope.	https://arxiv.org/abs/2606.07313	This separately fitted MIRAGE state has high in-task AUROC, but no exact frozen fitted state, transferable low-FPR calibration, or fixed two-A6000 near-Binoculars timing is released.	retain_reject	the SV-Detect steering-vector classifier separately fitted on MIRAGE generate, polish, and rewrite examples. This separately fitted MIRAGE state has high in-task AUROC, but no exact frozen fitted state, transferable low-FPR calibration, or fixed two-A6000 near-Binoculars timing is released.	Full-text source 2606.07313
2606.04177	2606.04177:linguistic-svm	Linguistic-feature SVM	Linguistic-feature SVM	Tables 2-15; the proposed linguistic-feature SVM reaches AUROC 0.968 in-domain and 0.907-0.945 in held-out settings, while the distinct MAGE baseline remains separately embedded	Tables 2-15; the proposed linguistic-feature SVM reaches AUROC 0.968 in-domain and 0.907-0.945 in held-out settings, while the distinct MAGE baseline remains separately embedded	Named submitted/proposed/fitted configuration with a threshold metric or explicit high-performance result in the cited full-text table scope.	https://arxiv.org/abs/2606.04177	The paper's linear SVM reaches 0.968 AUROC in-domain and 0.907-0.945 under held-out tests, but F1 falls to 0.588-0.827 and no frozen detector state, low-FPR row, or timing is public.	retain_reject	support-vector machine over the paper's fixed linguistic feature representation. The paper's linear SVM reaches 0.968 AUROC in-domain and 0.907-0.945 under held-out tests, but F1 falls to 0.588-0.827 and no frozen detector state, low-FPR row, or timing is public.	Full-text source 2606.04177
2606.02158	2606.02158:uncertainty	Uncertainty	Uncertainty	Tables 1-5 and 12-16; both proposed scores, nine named comparison detectors, and the two named feature ablations have an AUROC/TPR >=0.90 on at least one model/domain cell, with lower paraphrase/cross-domain averages	Tables 1-5 and 12-16; both proposed scores, nine named comparison detectors, and the two named feature ablations have an AUROC/TPR >=0.90 on at least one model/domain cell, with lower paraphrase/cross-domain averages	Named submitted/proposed/fitted configuration with a threshold metric or explicit high-performance result in the cited full-text table scope.	https://arxiv.org/abs/2606.02158	Strong AUROC and public code lack a like-for-like Binoculars row and a complete length, batch, and timing basis.	retain_reject	selective low-probability-token local/global uncertainty statistic. Strong AUROC and public code lack a like-for-like Binoculars row and a complete length, batch, and timing basis.	Full-text source 2606.02158
2606.02158	2606.02158:uncertainty-plus	Uncertainty++	Uncertainty++	Tables 1-5 and 12-16; both proposed scores, nine named comparison detectors, and the two named feature ablations have an AUROC/TPR >=0.90 on at least one model/domain cell, with lower paraphrase/cross-domain averages	Tables 1-5 and 12-16; both proposed scores, nine named comparison detectors, and the two named feature ablations have an AUROC/TPR >=0.90 on at least one model/domain cell, with lower paraphrase/cross-domain averages	Named submitted/proposed/fitted configuration with a threshold metric or explicit high-performance result in the cited full-text table scope.	https://arxiv.org/abs/2606.02158	Strong AUROC and public code lack a like-for-like Binoculars row and a complete length, batch, and timing basis.	retain_reject	selective low-probability-token local/global uncertainty statistic. Strong AUROC and public code lack a like-for-like Binoculars row and a complete length, batch, and timing basis.	Full-text source 2606.02158
2606.02158	2606.02158:likelihood	Likelihood comparator	Likelihood comparator	Tables 1-5 and 12-16; both proposed scores, nine named comparison detectors, and the two named feature ablations have an AUROC/TPR >=0.90 on at least one model/domain cell, with lower paraphrase/cross-domain averages	Tables 1-5 and 12-16; both proposed scores, nine named comparison detectors, and the two named feature ablations have an AUROC/TPR >=0.90 on at least one model/domain cell, with lower paraphrase/cross-domain averages	Named submitted/proposed/fitted configuration with a threshold metric or explicit high-performance result in the cited full-text table scope.	https://arxiv.org/abs/2606.02158	This named table state has a qualifying slice, but the paper supplies no separately frozen state, transferable low-FPR and cross-distribution calibration, or fixed two-A6000 near-Binoculars timing basis.	retain_reject	mean token likelihood under the scoring language model. This named table state has a qualifying slice, but the paper supplies no separately frozen state, transferable low-FPR and cross-distribution calibration, or fixed two-A6000 near-Binoculars timing basis.	Full-text source 2606.02158
2606.02158	2606.02158:logrank	LogRank comparator	LogRank comparator	Tables 1-5 and 12-16; both proposed scores, nine named comparison detectors, and the two named feature ablations have an AUROC/TPR >=0.90 on at least one model/domain cell, with lower paraphrase/cross-domain averages	Tables 1-5 and 12-16; both proposed scores, nine named comparison detectors, and the two named feature ablations have an AUROC/TPR >=0.90 on at least one model/domain cell, with lower paraphrase/cross-domain averages	Named submitted/proposed/fitted configuration with a threshold metric or explicit high-performance result in the cited full-text table scope.	https://arxiv.org/abs/2606.02158	This named table state has a qualifying slice, but the paper supplies no separately frozen state, transferable low-FPR and cross-distribution calibration, or fixed two-A6000 near-Binoculars timing basis.	retain_reject	mean token log-rank under the scoring language model. This named table state has a qualifying slice, but the paper supplies no separately frozen state, transferable low-FPR and cross-distribution calibration, or fixed two-A6000 near-Binoculars timing basis.	Full-text source 2606.02158
2606.02158	2606.02158:detectlrr	DetectLRR comparator	DetectLRR comparator	Tables 1-5 and 12-16; both proposed scores, nine named comparison detectors, and the two named feature ablations have an AUROC/TPR >=0.90 on at least one model/domain cell, with lower paraphrase/cross-domain averages	Tables 1-5 and 12-16; both proposed scores, nine named comparison detectors, and the two named feature ablations have an AUROC/TPR >=0.90 on at least one model/domain cell, with lower paraphrase/cross-domain averages	Named submitted/proposed/fitted configuration with a threshold metric or explicit high-performance result in the cited full-text table scope.	https://arxiv.org/abs/2606.02158	This named table state has a qualifying slice, but the paper supplies no separately frozen state, transferable low-FPR and cross-distribution calibration, or fixed two-A6000 near-Binoculars timing basis.	retain_reject	the DetectLLM likelihood-to-log-rank-ratio statistic. This named table state has a qualifying slice, but the paper supplies no separately frozen state, transferable low-FPR and cross-distribution calibration, or fixed two-A6000 near-Binoculars timing basis.	Full-text source 2606.02158
2606.02158	2606.02158:lastde	Lastde comparator	Lastde comparator	Tables 1-5 and 12-16; both proposed scores, nine named comparison detectors, and the two named feature ablations have an AUROC/TPR >=0.90 on at least one model/domain cell, with lower paraphrase/cross-domain averages	Tables 1-5 and 12-16; both proposed scores, nine named comparison detectors, and the two named feature ablations have an AUROC/TPR >=0.90 on at least one model/domain cell, with lower paraphrase/cross-domain averages	Named submitted/proposed/fitted configuration with a threshold metric or explicit high-performance result in the cited full-text table scope.	https://arxiv.org/abs/2606.02158	This named table state has a qualifying slice, but the paper supplies no separately frozen state, transferable low-FPR and cross-distribution calibration, or fixed two-A6000 near-Binoculars timing basis.	retain_reject	the Lastde local-subsequence statistic over token-probability series. This named table state has a qualifying slice, but the paper supplies no separately frozen state, transferable low-FPR and cross-distribution calibration, or fixed two-A6000 near-Binoculars timing basis.	Full-text source 2606.02158
2606.02158	2606.02158:detectgpt	DetectGPT comparator	DetectGPT comparator	Tables 1-5 and 12-16; both proposed scores, nine named comparison detectors, and the two named feature ablations have an AUROC/TPR >=0.90 on at least one model/domain cell, with lower paraphrase/cross-domain averages	Tables 1-5 and 12-16; both proposed scores, nine named comparison detectors, and the two named feature ablations have an AUROC/TPR >=0.90 on at least one model/domain cell, with lower paraphrase/cross-domain averages	Named submitted/proposed/fitted configuration with a threshold metric or explicit high-performance result in the cited full-text table scope.	https://arxiv.org/abs/2606.02158	This named table state has a qualifying slice, but the paper supplies no separately frozen state, transferable low-FPR and cross-distribution calibration, or fixed two-A6000 near-Binoculars timing basis.	exclude_multi_perturbation	DetectGPT scoring over multiple masked-and-filled perturbations of the target text. This named table state has a qualifying slice, but the paper supplies no separately frozen state, transferable low-FPR and cross-distribution calibration, or fixed two-A6000 near-Binoculars timing basis.	Full-text source 2606.02158
2606.02158	2606.02158:detectnpr	DetectNPR comparator	DetectNPR comparator	Tables 1-5 and 12-16; both proposed scores, nine named comparison detectors, and the two named feature ablations have an AUROC/TPR >=0.90 on at least one model/domain cell, with lower paraphrase/cross-domain averages	Tables 1-5 and 12-16; both proposed scores, nine named comparison detectors, and the two named feature ablations have an AUROC/TPR >=0.90 on at least one model/domain cell, with lower paraphrase/cross-domain averages	Named submitted/proposed/fitted configuration with a threshold metric or explicit high-performance result in the cited full-text table scope.	https://arxiv.org/abs/2606.02158	This named table state has a qualifying slice, but the paper supplies no separately frozen state, transferable low-FPR and cross-distribution calibration, or fixed two-A6000 near-Binoculars timing basis.	exclude_multi_perturbation	DetectLLM normalized perturbed log-rank over multiple target-text perturbations. This named table state has a qualifying slice, but the paper supplies no separately frozen state, transferable low-FPR and cross-distribution calibration, or fixed two-A6000 near-Binoculars timing basis.	Full-text source 2606.02158
2606.02158	2606.02158:dnagpt	DNA-GPT comparator	DNA-GPT comparator	Tables 1-5 and 12-16; both proposed scores, nine named comparison detectors, and the two named feature ablations have an AUROC/TPR >=0.90 on at least one model/domain cell, with lower paraphrase/cross-domain averages	Tables 1-5 and 12-16; both proposed scores, nine named comparison detectors, and the two named feature ablations have an AUROC/TPR >=0.90 on at least one model/domain cell, with lower paraphrase/cross-domain averages	Named submitted/proposed/fitted configuration with a threshold metric or explicit high-performance result in the cited full-text table scope.	https://arxiv.org/abs/2606.02158	This named table state has a qualifying slice, but the paper supplies no separately frozen state, transferable low-FPR and cross-distribution calibration, or fixed two-A6000 near-Binoculars timing basis.	exclude_regeneration	DNA-GPT scoring over generated continuations. This named table state has a qualifying slice, but the paper supplies no separately frozen state, transferable low-FPR and cross-distribution calibration, or fixed two-A6000 near-Binoculars timing basis.	Full-text source 2606.02158
2606.02158	2606.02158:fastdetectgpt	Fast-DetectGPT comparator	Fast-DetectGPT comparator	Tables 1-5 and 12-16; both proposed scores, nine named comparison detectors, and the two named feature ablations have an AUROC/TPR >=0.90 on at least one model/domain cell, with lower paraphrase/cross-domain averages	Tables 1-5 and 12-16; both proposed scores, nine named comparison detectors, and the two named feature ablations have an AUROC/TPR >=0.90 on at least one model/domain cell, with lower paraphrase/cross-domain averages	Named submitted/proposed/fitted configuration with a threshold metric or explicit high-performance result in the cited full-text table scope.	https://arxiv.org/abs/2606.02158	This named table state has a qualifying slice, but the paper supplies no separately frozen state, transferable low-FPR and cross-distribution calibration, or fixed two-A6000 near-Binoculars timing basis.	retain_reject	the FastDetectGPT conditional-probability-curvature statistic. This named table state has a qualifying slice, but the paper supplies no separately frozen state, transferable low-FPR and cross-distribution calibration, or fixed two-A6000 near-Binoculars timing basis.	Full-text source 2606.02158
2606.02158	2606.02158:lastde-plus	Lastde++ comparator	Lastde++ comparator	Tables 1-5 and 12-16; both proposed scores, nine named comparison detectors, and the two named feature ablations have an AUROC/TPR >=0.90 on at least one model/domain cell, with lower paraphrase/cross-domain averages	Tables 1-5 and 12-16; both proposed scores, nine named comparison detectors, and the two named feature ablations have an AUROC/TPR >=0.90 on at least one model/domain cell, with lower paraphrase/cross-domain averages	Named submitted/proposed/fitted configuration with a threshold metric or explicit high-performance result in the cited full-text table scope.	https://arxiv.org/abs/2606.02158	This named table state has a qualifying slice, but the paper supplies no separately frozen state, transferable low-FPR and cross-distribution calibration, or fixed two-A6000 near-Binoculars timing basis.	retain_reject	the Lastde++ local-subsequence statistic over token-probability series. This named table state has a qualifying slice, but the paper supplies no separately frozen state, transferable low-FPR and cross-distribution calibration, or fixed two-A6000 near-Binoculars timing basis.	Full-text source 2606.02158
2606.02158	2606.02158:without-low-probability	Uncertainty without low-probability feature	Uncertainty without low-probability feature	Tables 1-5 and 12-16; both proposed scores, nine named comparison detectors, and the two named feature ablations have an AUROC/TPR >=0.90 on at least one model/domain cell, with lower paraphrase/cross-domain averages	Tables 1-5 and 12-16; both proposed scores, nine named comparison detectors, and the two named feature ablations have an AUROC/TPR >=0.90 on at least one model/domain cell, with lower paraphrase/cross-domain averages	Named submitted/proposed/fitted configuration with a threshold metric or explicit high-performance result in the cited full-text table scope.	https://arxiv.org/abs/2606.02158	This named table state has a qualifying slice, but the paper supplies no separately frozen state, transferable low-FPR and cross-distribution calibration, or fixed two-A6000 near-Binoculars timing basis.	retain_reject	the proposed local/global uncertainty statistic with its low-probability-token feature removed. This named table state has a qualifying slice, but the paper supplies no separately frozen state, transferable low-FPR and cross-distribution calibration, or fixed two-A6000 near-Binoculars timing basis.	Full-text source 2606.02158
2606.02158	2606.02158:without-entropy	Uncertainty without entropy feature	Uncertainty without entropy feature	Tables 1-5 and 12-16; both proposed scores, nine named comparison detectors, and the two named feature ablations have an AUROC/TPR >=0.90 on at least one model/domain cell, with lower paraphrase/cross-domain averages	Tables 1-5 and 12-16; both proposed scores, nine named comparison detectors, and the two named feature ablations have an AUROC/TPR >=0.90 on at least one model/domain cell, with lower paraphrase/cross-domain averages	Named submitted/proposed/fitted configuration with a threshold metric or explicit high-performance result in the cited full-text table scope.	https://arxiv.org/abs/2606.02158	This named table state has a qualifying slice, but the paper supplies no separately frozen state, transferable low-FPR and cross-distribution calibration, or fixed two-A6000 near-Binoculars timing basis.	retain_reject	the proposed local/global uncertainty statistic with its entropy feature removed. This named table state has a qualifying slice, but the paper supplies no separately frozen state, transferable low-FPR and cross-distribution calibration, or fixed two-A6000 near-Binoculars timing basis.	Full-text source 2606.02158
2606.00402	2606.00402:l2d-knockoff	Knockoff-calibrated L2D	Knockoff-calibrated L2D	Table 2; L2D and ImBD knockoff variants have detection power >=0.90 on at least one generator/q cell; power is not document AUROC	Table 2; L2D and ImBD knockoff variants have detection power >=0.90 on at least one generator/q cell; power is not document AUROC	Named submitted/proposed/fitted configuration with a threshold metric or explicit high-performance result in the cited full-text table scope.	https://arxiv.org/abs/2606.00402	The framework expressly converts rewrite-based detectors and therefore remains outside the no-rewriting method boundary.	exclude_rewriting	distribution-free knockoff filter applied to the named rewrite detector's target/rewrite score. The framework expressly converts rewrite-based detectors and therefore remains outside the no-rewriting method boundary.	Full-text source 2606.00402
2606.00402	2606.00402:imbd-knockoff	Knockoff-calibrated ImBD	Knockoff-calibrated ImBD	Table 2; L2D and ImBD knockoff variants have detection power >=0.90 on at least one generator/q cell; power is not document AUROC	Table 2; L2D and ImBD knockoff variants have detection power >=0.90 on at least one generator/q cell; power is not document AUROC	Named submitted/proposed/fitted configuration with a threshold metric or explicit high-performance result in the cited full-text table scope.	https://arxiv.org/abs/2606.00402	The framework expressly converts rewrite-based detectors and therefore remains outside the no-rewriting method boundary.	exclude_rewriting	distribution-free knockoff filter applied to the named rewrite detector's target/rewrite score. The framework expressly converts rewrite-based detectors and therefore remains outside the no-rewriting method boundary.	Full-text source 2606.00402
2606.00016	2606.00016:cnn	AEyeDE CNN	AEyeDE CNN	Tables 1-4 and attack/external Tables 5-9; every named architecture/arrangement and the released SuperAnnotate RoBERTa comparator exceed 0.90 F1 or AUC on at least one cell, with weaker unified/transfer results	Tables 1-4 and attack/external Tables 5-9; every named architecture/arrangement and the released SuperAnnotate RoBERTa comparator exceed 0.90 F1 or AUC on at least one cell, with weaker unified/transfer results	Named submitted/proposed/fitted configuration with a threshold metric or explicit high-performance result in the cited full-text table scope.	https://arxiv.org/abs/2606.00016	Attention attribution lacks a released detector state and fixed low-FPR, 2,048-token A6000 comparison.	retain_reject	CNN over proxy attention-attribution maps, optionally concatenated with text, under the named training arrangement. Attention attribution lacks a released detector state and fixed low-FPR, 2,048-token A6000 comparison.	Full-text source 2606.00016
2606.00016	2606.00016:cnn-text	AEyeDE CNN+text	AEyeDE CNN+text	Tables 1-4 and attack/external Tables 5-9; every named architecture/arrangement and the released SuperAnnotate RoBERTa comparator exceed 0.90 F1 or AUC on at least one cell, with weaker unified/transfer results	Tables 1-4 and attack/external Tables 5-9; every named architecture/arrangement and the released SuperAnnotate RoBERTa comparator exceed 0.90 F1 or AUC on at least one cell, with weaker unified/transfer results	Named submitted/proposed/fitted configuration with a threshold metric or explicit high-performance result in the cited full-text table scope.	https://arxiv.org/abs/2606.00016	Attention attribution lacks a released detector state and fixed low-FPR, 2,048-token A6000 comparison.	retain_reject	CNN over proxy attention-attribution maps, optionally concatenated with text, under the named training arrangement. Attention attribution lacks a released detector state and fixed low-FPR, 2,048-token A6000 comparison.	Full-text source 2606.00016
2606.00016	2606.00016:individual	AEyeDE individual-generator arrangement	AEyeDE individual-generator arrangement	Tables 1-4 and attack/external Tables 5-9; every named architecture/arrangement and the released SuperAnnotate RoBERTa comparator exceed 0.90 F1 or AUC on at least one cell, with weaker unified/transfer results	Tables 1-4 and attack/external Tables 5-9; every named architecture/arrangement and the released SuperAnnotate RoBERTa comparator exceed 0.90 F1 or AUC on at least one cell, with weaker unified/transfer results	Named submitted/proposed/fitted configuration with a threshold metric or explicit high-performance result in the cited full-text table scope.	https://arxiv.org/abs/2606.00016	Attention attribution lacks a released detector state and fixed low-FPR, 2,048-token A6000 comparison.	retain_reject	CNN over proxy attention-attribution maps, optionally concatenated with text, under the named training arrangement. Attention attribution lacks a released detector state and fixed low-FPR, 2,048-token A6000 comparison.	Full-text source 2606.00016
2606.00016	2606.00016:unified	AEyeDE unified-generator arrangement	AEyeDE unified-generator arrangement	Tables 1-4 and attack/external Tables 5-9; every named architecture/arrangement and the released SuperAnnotate RoBERTa comparator exceed 0.90 F1 or AUC on at least one cell, with weaker unified/transfer results	Tables 1-4 and attack/external Tables 5-9; every named architecture/arrangement and the released SuperAnnotate RoBERTa comparator exceed 0.90 F1 or AUC on at least one cell, with weaker unified/transfer results	Named submitted/proposed/fitted configuration with a threshold metric or explicit high-performance result in the cited full-text table scope.	https://arxiv.org/abs/2606.00016	Attention attribution lacks a released detector state and fixed low-FPR, 2,048-token A6000 comparison.	retain_reject	CNN over proxy attention-attribution maps, optionally concatenated with text, under the named training arrangement. Attention attribution lacks a released detector state and fixed low-FPR, 2,048-token A6000 comparison.	Full-text source 2606.00016
2606.00016	2606.00016:superannotate-roberta	SuperAnnotate RoBERTa comparator	SuperAnnotate RoBERTa comparator	Tables 2 and 4 report the released SuperAnnotate RoBERTa detector at 98.35% AUC on the RAID Llama slice and 99.57% on HC3, while several unified, attacked, and external-transfer cells are much weaker.	Tables 2 and 4 report the released SuperAnnotate RoBERTa detector at 98.35% AUC on the RAID Llama slice and 99.57% on HC3, while several unified, attacked, and external-transfer cells are much weaker.	Named submitted/proposed/fitted configuration with a threshold metric or explicit high-performance result in the cited full-text table scope.	https://arxiv.org/abs/2606.00016	The public classifier has a high aligned slice but HC3 was in its training data and transfer/attack cells are much weaker; the paper supplies no portable low-FPR calibration or fixed near-Binoculars timing.	retain_reject	the released SuperAnnotate RoBERTa sequence classifier. The public classifier has a high aligned slice but HC3 was in its training data and transfer/attack cells are much weaker; the paper supplies no portable low-FPR calibration or fixed near-Binoculars timing.	Full-text source 2606.00016
2605.27921	2605.27921:tell	TELL	TELL	Tables 5 and 7; TELL, MAGE, and Pangram EditLens exceed 0.90 aggregate AUROC, while ten additional named comparators cross 0.90 only on a domain slice and remain much weaker in aggregate	Tables 5 and 7; TELL, MAGE, and Pangram EditLens exceed 0.90 aggregate AUROC, while ten additional named comparators cross 0.90 only on a domain slice and remain much weaker in aggregate	Named submitted/proposed/fitted configuration with a threshold metric or explicit high-performance result in the cited full-text table scope.	https://arxiv.org/abs/2605.27921	Reported 0.927 AUROC is below the accuracy lead sought and the explanation-generating system lacks fixed speed evidence.	retain_reject	named supervised/explainable encoder classifier. Reported 0.927 AUROC is below the accuracy lead sought and the explanation-generating system lacks fixed speed evidence.	Full-text source 2605.27921
2605.27921	2605.27921:mage	MAGE classifier	MAGE classifier	Tables 5 and 7; TELL, MAGE, and Pangram EditLens exceed 0.90 aggregate AUROC, while ten additional named comparators cross 0.90 only on a domain slice and remain much weaker in aggregate	Tables 5 and 7; TELL, MAGE, and Pangram EditLens exceed 0.90 aggregate AUROC, while ten additional named comparators cross 0.90 only on a domain slice and remain much weaker in aggregate	Named submitted/proposed/fitted configuration with a threshold metric or explicit high-performance result in the cited full-text table scope.	https://arxiv.org/abs/2605.27921	Reported 0.927 AUROC is below the accuracy lead sought and the explanation-generating system lacks fixed speed evidence.	retain_reject	named supervised/explainable encoder classifier. Reported 0.927 AUROC is below the accuracy lead sought and the explanation-generating system lacks fixed speed evidence.	Full-text source 2605.27921
2605.27921	2605.27921:pangram-editlens	Pangram EditLens	Pangram EditLens	Tables 5 and 7; TELL, MAGE, and Pangram EditLens exceed 0.90 aggregate AUROC, while ten additional named comparators cross 0.90 only on a domain slice and remain much weaker in aggregate	Tables 5 and 7; TELL, MAGE, and Pangram EditLens exceed 0.90 aggregate AUROC, while ten additional named comparators cross 0.90 only on a domain slice and remain much weaker in aggregate	Named submitted/proposed/fitted configuration with a threshold metric or explicit high-performance result in the cited full-text table scope.	https://arxiv.org/abs/2605.27921	Reported 0.927 AUROC is below the accuracy lead sought and the explanation-generating system lacks fixed speed evidence.	retain_reject	named supervised/explainable encoder classifier. Reported 0.927 AUROC is below the accuracy lead sought and the explanation-generating system lacks fixed speed evidence.	Full-text source 2605.27921
2605.27921	2605.27921:fastdetectgpt	FastDetectGPT	FastDetectGPT	Tables 5 and 7: aggregate AUROC is 0.8609, but per-domain AUROC reaches 0.965 on educational web, 0.919 on email, 0.986 on finance, and 0.914 on student essays.	Tables 5 and 7: aggregate AUROC is 0.8609, but per-domain AUROC reaches 0.965 on educational web, 0.919 on email, 0.986 on finance, and 0.914 on student essays.	Named submitted/proposed/fitted configuration with a threshold metric or explicit high-performance result in the cited full-text table scope.	https://arxiv.org/abs/2605.27921	The qualifying value is a narrow domain cell; the same frozen table reports a much weaker aggregate, and this comparator contributes no new released state or fixed low-FPR, cross-distribution, and A6000 timing basis.	retain_reject	the FastDetectGPT conditional-probability-curvature statistic. The qualifying value is a narrow domain cell; the same frozen table reports a much weaker aggregate, and this comparator contributes no new released state or fixed low-FPR, cross-distribution, and A6000 timing basis.	Full-text source 2605.27921
2605.27921	2605.27921:argugpt	ArguGPT	ArguGPT	Tables 5 and 7: aggregate AUROC is 0.8281, but per-domain AUROC reaches 0.926 on educational web, 0.989 on email, 0.997 on finance, and 0.990 on student essays.	Tables 5 and 7: aggregate AUROC is 0.8281, but per-domain AUROC reaches 0.926 on educational web, 0.989 on email, 0.997 on finance, and 0.990 on student essays.	Named submitted/proposed/fitted configuration with a threshold metric or explicit high-performance result in the cited full-text table scope.	https://arxiv.org/abs/2605.27921	The qualifying value is a narrow domain cell; the same frozen table reports a much weaker aggregate, and this comparator contributes no new released state or fixed low-FPR, cross-distribution, and A6000 timing basis.	retain_reject	the named supervised argumentative-essay classifier. The qualifying value is a narrow domain cell; the same frozen table reports a much weaker aggregate, and this comparator contributes no new released state or fixed low-FPR, cross-distribution, and A6000 timing basis.	Full-text source 2605.27921
2605.27921	2605.27921:t5-sentinel	T5-Sentinel	T5-Sentinel	Tables 5 and 7: aggregate AUROC is 0.8020, but per-domain AUROC reaches 1.000 on web text and 0.948 on student essays.	Tables 5 and 7: aggregate AUROC is 0.8020, but per-domain AUROC reaches 1.000 on web text and 0.948 on student essays.	Named submitted/proposed/fitted configuration with a threshold metric or explicit high-performance result in the cited full-text table scope.	https://arxiv.org/abs/2605.27921	The qualifying value is a narrow domain cell; the same frozen table reports a much weaker aggregate, and this comparator contributes no new released state or fixed low-FPR, cross-distribution, and A6000 timing basis.	retain_reject	the named supervised T5 text-to-text detector. The qualifying value is a narrow domain cell; the same frozen table reports a much weaker aggregate, and this comparator contributes no new released state or fixed low-FPR, cross-distribution, and A6000 timing basis.	Full-text source 2605.27921
2605.27921	2605.27921:detectllm-npr	DetectLLM-NPR	DetectLLM-NPR	Tables 5 and 7: aggregate AUROC is 0.7824, but per-domain AUROC reaches 0.956 on email, 0.987 on finance, and 0.967 on student essays.	Tables 5 and 7: aggregate AUROC is 0.7824, but per-domain AUROC reaches 0.956 on email, 0.987 on finance, and 0.967 on student essays.	Named submitted/proposed/fitted configuration with a threshold metric or explicit high-performance result in the cited full-text table scope.	https://arxiv.org/abs/2605.27921	The qualifying value is a narrow domain cell; the same frozen table reports a much weaker aggregate, and this comparator contributes no new released state or fixed low-FPR, cross-distribution, and A6000 timing basis.	exclude_multi_perturbation	DetectLLM normalized perturbed log-rank over multiple target-text perturbations. The qualifying value is a narrow domain cell; the same frozen table reports a much weaker aggregate, and this comparator contributes no new released state or fixed low-FPR, cross-distribution, and A6000 timing basis.	Full-text source 2605.27921
2605.27921	2605.27921:openai-roberta	OpenAI RoBERTa	OpenAI RoBERTa	Tables 5 and 7: aggregate AUROC is 0.7770, but per-domain AUROC reaches 0.986 on finance and 0.945 on student essays.	Tables 5 and 7: aggregate AUROC is 0.7770, but per-domain AUROC reaches 0.986 on finance and 0.945 on student essays.	Named submitted/proposed/fitted configuration with a threshold metric or explicit high-performance result in the cited full-text table scope.	https://arxiv.org/abs/2605.27921	The qualifying value is a narrow domain cell; the same frozen table reports a much weaker aggregate, and this comparator contributes no new released state or fixed low-FPR, cross-distribution, and A6000 timing basis.	retain_reject	the named directly supervised OpenAI RoBERTa detector. The qualifying value is a narrow domain cell; the same frozen table reports a much weaker aggregate, and this comparator contributes no new released state or fixed low-FPR, cross-distribution, and A6000 timing basis.	Full-text source 2605.27921
2605.27921	2605.27921:aigc-mpu	AIGC MPU	AIGC MPU	Tables 5 and 7: aggregate AUROC is 0.7741, but per-domain AUROC reaches 0.947 on educational web, 0.991 on email, and 0.979 on student essays.	Tables 5 and 7: aggregate AUROC is 0.7741, but per-domain AUROC reaches 0.947 on educational web, 0.991 on email, and 0.979 on student essays.	Named submitted/proposed/fitted configuration with a threshold metric or explicit high-performance result in the cited full-text table scope.	https://arxiv.org/abs/2605.27921	The qualifying value is a narrow domain cell; the same frozen table reports a much weaker aggregate, and this comparator contributes no new released state or fixed low-FPR, cross-distribution, and A6000 timing basis.	retain_reject	the named multi-scale positive-unlabeled classifier. The qualifying value is a narrow domain cell; the same frozen table reports a much weaker aggregate, and this comparator contributes no new released state or fixed low-FPR, cross-distribution, and A6000 timing basis.	Full-text source 2605.27921
2605.27921	2605.27921:detectllm-lrr	DetectLLM-LRR	DetectLLM-LRR	Tables 5 and 7: aggregate AUROC is 0.7627, but per-domain AUROC reaches 0.931 on email, 0.976 on finance, and 0.909 on student essays.	Tables 5 and 7: aggregate AUROC is 0.7627, but per-domain AUROC reaches 0.931 on email, 0.976 on finance, and 0.909 on student essays.	Named submitted/proposed/fitted configuration with a threshold metric or explicit high-performance result in the cited full-text table scope.	https://arxiv.org/abs/2605.27921	The qualifying value is a narrow domain cell; the same frozen table reports a much weaker aggregate, and this comparator contributes no new released state or fixed low-FPR, cross-distribution, and A6000 timing basis.	retain_reject	the DetectLLM log-likelihood/log-rank-ratio statistic. The qualifying value is a narrow domain cell; the same frozen table reports a much weaker aggregate, and this comparator contributes no new released state or fixed low-FPR, cross-distribution, and A6000 timing basis.	Full-text source 2605.27921
2605.27921	2605.27921:logrank-gpt2-medium	LogRank GPT-2-medium	LogRank GPT-2-medium	Tables 5 and 7: aggregate AUROC is 0.7573, but per-domain AUROC reaches 0.943 on email, 0.981 on finance, and 0.941 on student essays.	Tables 5 and 7: aggregate AUROC is 0.7573, but per-domain AUROC reaches 0.943 on email, 0.981 on finance, and 0.941 on student essays.	Named submitted/proposed/fitted configuration with a threshold metric or explicit high-performance result in the cited full-text table scope.	https://arxiv.org/abs/2605.27921	The qualifying value is a narrow domain cell; the same frozen table reports a much weaker aggregate, and this comparator contributes no new released state or fixed low-FPR, cross-distribution, and A6000 timing basis.	retain_reject	average token log-rank under GPT-2-medium. The qualifying value is a narrow domain cell; the same frozen table reports a much weaker aggregate, and this comparator contributes no new released state or fixed low-FPR, cross-distribution, and A6000 timing basis.	Full-text source 2605.27921
2605.27921	2605.27921:radar	RADAR	RADAR	Tables 5 and 7: aggregate AUROC is 0.7441, but per-domain AUROC reaches 0.956 on educational web, 0.913 on encyclopedic reference, and 0.919 on student essays.	Tables 5 and 7: aggregate AUROC is 0.7441, but per-domain AUROC reaches 0.956 on educational web, 0.913 on encyclopedic reference, and 0.919 on student essays.	Named submitted/proposed/fitted configuration with a threshold metric or explicit high-performance result in the cited full-text table scope.	https://arxiv.org/abs/2605.27921	The qualifying value is a narrow domain cell; the same frozen table reports a much weaker aggregate, and this comparator contributes no new released state or fixed low-FPR, cross-distribution, and A6000 timing basis.	retain_reject	the named adversarially trained supervised RADAR detector. The qualifying value is a narrow domain cell; the same frozen table reports a much weaker aggregate, and this comparator contributes no new released state or fixed low-FPR, cross-distribution, and A6000 timing basis.	Full-text source 2605.27921
2605.27921	2605.27921:chatgpt-d	ChatGPT-D	ChatGPT-D	Tables 5 and 7: aggregate AUROC is 0.6972, but the finance-domain AUROC is 1.000.	Tables 5 and 7: aggregate AUROC is 0.6972, but the finance-domain AUROC is 1.000.	Named submitted/proposed/fitted configuration with a threshold metric or explicit high-performance result in the cited full-text table scope.	https://arxiv.org/abs/2605.27921	The qualifying value is a narrow domain cell; the same frozen table reports a much weaker aggregate, and this comparator contributes no new released state or fixed low-FPR, cross-distribution, and A6000 timing basis.	retain_reject	the named supervised ChatGPT text detector. The qualifying value is a narrow domain cell; the same frozen table reports a much weaker aggregate, and this comparator contributes no new released state or fixed low-FPR, cross-distribution, and A6000 timing basis.	Full-text source 2605.27921
2605.25281	2605.25281:imbd-read	ImBD trained on READ	ImBD trained on READ	Table 2 reports ImBD trained on READ at 0.920 AUROC on the per-domain Gemma-2-9B slice but only 0.728 under one global threshold; per-domain and global thresholds are test-label oracle settings.	Table 2 reports ImBD trained on READ at 0.920 AUROC on the per-domain Gemma-2-9B slice but only 0.728 under one global threshold; per-domain and global thresholds are test-label oracle settings.	Named submitted/proposed/fitted configuration with a threshold metric or explicit high-performance result in the cited full-text table scope.	https://arxiv.org/abs/2605.25281	The qualifying per-domain value depends on an infeasible test-label oracle threshold while the global result is much weaker; no frozen READ-fitted state, transferable low-FPR calibration, or fixed A6000 timing is released.	retain_reject	the ImBD proxy language model fine-tuned toward machine-text preference on the READ training split. The qualifying per-domain value depends on an infeasible test-label oracle threshold while the global result is much weaker; no frozen READ-fitted state, transferable low-FPR calibration, or fixed A6000 timing is released.	Full-text source 2605.25281
2605.25281	2605.25281:imbd-target-adapted	ImBD target-adapted	ImBD target-adapted	Table 14 reports target-adapted ImBD* at 0.929 mean AUROC across GPT-4o domains, with individual domain cells up to 0.980; adaptation uses labeled outputs from the same target generator in other domains.	Table 14 reports target-adapted ImBD* at 0.929 mean AUROC across GPT-4o domains, with individual domain cells up to 0.980; adaptation uses labeled outputs from the same target generator in other domains.	Named submitted/proposed/fitted configuration with a threshold metric or explicit high-performance result in the cited full-text table scope.	https://arxiv.org/abs/2605.25281	This slice-specific result requires labeled target-generator adaptation, and the paper releases no exact adapted state, general deployment calibration, low-FPR transfer result, or fixed A6000 timing.	retain_reject	the ImBD proxy language model fine-tuned with labeled samples from the target generator on other READ domains. This slice-specific result requires labeled target-generator adaptation, and the paper releases no exact adapted state, general deployment calibration, low-FPR transfer result, or fixed A6000 timing.	Full-text source 2605.25281
2605.25281	2605.25281:biscope-read	BiScope trained on READ	BiScope trained on READ	Tables 2-3, 8-15, and 17-18; READ- and target-adapted supervised states, qualifying Gemma/Qwen proxy configurations, RADAR, and both GRPO prompting states exceed 0.90 on a reported per-domain, target-generator, in-domain, or OOD slice; base/SFT READER rows and rationale-prediction diagnostics are not detector accounts	Tables 2-3, 8-15, and 17-18; READ- and target-adapted supervised states, qualifying Gemma/Qwen proxy configurations, RADAR, and both GRPO prompting states exceed 0.90 on a reported per-domain, target-generator, in-domain, or OOD slice; base/SFT READER rows and rationale-prediction diagnostics are not detector accounts	Named submitted/proposed/fitted configuration with a threshold metric or explicit high-performance result in the cited full-text table scope.	https://arxiv.org/abs/2605.25281	This named READ or OOD table state crosses 0.90 only under a per-domain oracle threshold, a narrow slice, or target adaptation; it adds no exact frozen state with transferable low-FPR calibration and fixed A6000 timing.	retain_reject	the directly supervised BiScope bidirectional cross-entropy classifier fitted on READ. This named READ or OOD table state crosses 0.90 only under a per-domain oracle threshold, a narrow slice, or target adaptation; it adds no exact frozen state with transferable low-FPR calibration and fixed A6000 timing.	Full-text source 2605.25281
2605.25281	2605.25281:biscope-target-adapted	BiScope target-adapted	BiScope target-adapted	Tables 2-3, 8-15, and 17-18; READ- and target-adapted supervised states, qualifying Gemma/Qwen proxy configurations, RADAR, and both GRPO prompting states exceed 0.90 on a reported per-domain, target-generator, in-domain, or OOD slice; base/SFT READER rows and rationale-prediction diagnostics are not detector accounts	Tables 2-3, 8-15, and 17-18; READ- and target-adapted supervised states, qualifying Gemma/Qwen proxy configurations, RADAR, and both GRPO prompting states exceed 0.90 on a reported per-domain, target-generator, in-domain, or OOD slice; base/SFT READER rows and rationale-prediction diagnostics are not detector accounts	Named submitted/proposed/fitted configuration with a threshold metric or explicit high-performance result in the cited full-text table scope.	https://arxiv.org/abs/2605.25281	This named READ or OOD table state crosses 0.90 only under a per-domain oracle threshold, a narrow slice, or target adaptation; it adds no exact frozen state with transferable low-FPR calibration and fixed A6000 timing.	retain_reject	the BiScope classifier additionally fitted with labeled target-generator examples from other READ domains. This named READ or OOD table state crosses 0.90 only under a per-domain oracle threshold, a narrow slice, or target adaptation; it adds no exact frozen state with transferable low-FPR calibration and fixed A6000 timing.	Full-text source 2605.25281
2605.25281	2605.25281:npr-gemma	NPR with Gemma surrogate	NPR with Gemma surrogate	Tables 2-3, 8-15, and 17-18; READ- and target-adapted supervised states, qualifying Gemma/Qwen proxy configurations, RADAR, and both GRPO prompting states exceed 0.90 on a reported per-domain, target-generator, in-domain, or OOD slice; base/SFT READER rows and rationale-prediction diagnostics are not detector accounts	Tables 2-3, 8-15, and 17-18; READ- and target-adapted supervised states, qualifying Gemma/Qwen proxy configurations, RADAR, and both GRPO prompting states exceed 0.90 on a reported per-domain, target-generator, in-domain, or OOD slice; base/SFT READER rows and rationale-prediction diagnostics are not detector accounts	Named submitted/proposed/fitted configuration with a threshold metric or explicit high-performance result in the cited full-text table scope.	https://arxiv.org/abs/2605.25281	Inference aggregates multiple perturbed versions of the target, violating the strict multi-perturbation boundary.	exclude_multi_perturbation	DetectLLM normalized perturbed log-rank using the Gemma surrogate. Inference aggregates multiple perturbed versions of the target, violating the strict multi-perturbation boundary.	Full-text source 2605.25281
2605.25281	2605.25281:npr-qwen	NPR with Qwen surrogate	NPR with Qwen surrogate	Tables 2-3, 8-15, and 17-18; READ- and target-adapted supervised states, qualifying Gemma/Qwen proxy configurations, RADAR, and both GRPO prompting states exceed 0.90 on a reported per-domain, target-generator, in-domain, or OOD slice; base/SFT READER rows and rationale-prediction diagnostics are not detector accounts	Tables 2-3, 8-15, and 17-18; READ- and target-adapted supervised states, qualifying Gemma/Qwen proxy configurations, RADAR, and both GRPO prompting states exceed 0.90 on a reported per-domain, target-generator, in-domain, or OOD slice; base/SFT READER rows and rationale-prediction diagnostics are not detector accounts	Named submitted/proposed/fitted configuration with a threshold metric or explicit high-performance result in the cited full-text table scope.	https://arxiv.org/abs/2605.25281	Inference aggregates multiple perturbed versions of the target, violating the strict multi-perturbation boundary.	exclude_multi_perturbation	DetectLLM normalized perturbed log-rank using the Qwen surrogate. Inference aggregates multiple perturbed versions of the target, violating the strict multi-perturbation boundary.	Full-text source 2605.25281
2605.25281	2605.25281:detectgpt-gemma	DetectGPT with Gemma surrogate	DetectGPT with Gemma surrogate	Tables 2-3, 8-15, and 17-18; READ- and target-adapted supervised states, qualifying Gemma/Qwen proxy configurations, RADAR, and both GRPO prompting states exceed 0.90 on a reported per-domain, target-generator, in-domain, or OOD slice; base/SFT READER rows and rationale-prediction diagnostics are not detector accounts	Tables 2-3, 8-15, and 17-18; READ- and target-adapted supervised states, qualifying Gemma/Qwen proxy configurations, RADAR, and both GRPO prompting states exceed 0.90 on a reported per-domain, target-generator, in-domain, or OOD slice; base/SFT READER rows and rationale-prediction diagnostics are not detector accounts	Named submitted/proposed/fitted configuration with a threshold metric or explicit high-performance result in the cited full-text table scope.	https://arxiv.org/abs/2605.25281	Inference aggregates multiple perturbed versions of the target, violating the strict multi-perturbation boundary.	exclude_multi_perturbation	DetectGPT perturbation scoring using Gemma as the surrogate language model. Inference aggregates multiple perturbed versions of the target, violating the strict multi-perturbation boundary.	Full-text source 2605.25281
2605.25281	2605.25281:detectgpt-qwen	DetectGPT with Qwen surrogate	DetectGPT with Qwen surrogate	Tables 2-3, 8-15, and 17-18; READ- and target-adapted supervised states, qualifying Gemma/Qwen proxy configurations, RADAR, and both GRPO prompting states exceed 0.90 on a reported per-domain, target-generator, in-domain, or OOD slice; base/SFT READER rows and rationale-prediction diagnostics are not detector accounts	Tables 2-3, 8-15, and 17-18; READ- and target-adapted supervised states, qualifying Gemma/Qwen proxy configurations, RADAR, and both GRPO prompting states exceed 0.90 on a reported per-domain, target-generator, in-domain, or OOD slice; base/SFT READER rows and rationale-prediction diagnostics are not detector accounts	Named submitted/proposed/fitted configuration with a threshold metric or explicit high-performance result in the cited full-text table scope.	https://arxiv.org/abs/2605.25281	Inference aggregates multiple perturbed versions of the target, violating the strict multi-perturbation boundary.	exclude_multi_perturbation	DetectGPT perturbation scoring using Qwen as the surrogate language model. Inference aggregates multiple perturbed versions of the target, violating the strict multi-perturbation boundary.	Full-text source 2605.25281
2605.25281	2605.25281:binoculars-gemma	Binoculars with Gemma model pair	Binoculars with Gemma model pair	Tables 2-3, 8-15, and 17-18; READ- and target-adapted supervised states, qualifying Gemma/Qwen proxy configurations, RADAR, and both GRPO prompting states exceed 0.90 on a reported per-domain, target-generator, in-domain, or OOD slice; base/SFT READER rows and rationale-prediction diagnostics are not detector accounts	Tables 2-3, 8-15, and 17-18; READ- and target-adapted supervised states, qualifying Gemma/Qwen proxy configurations, RADAR, and both GRPO prompting states exceed 0.90 on a reported per-domain, target-generator, in-domain, or OOD slice; base/SFT READER rows and rationale-prediction diagnostics are not detector accounts	Named submitted/proposed/fitted configuration with a threshold metric or explicit high-performance result in the cited full-text table scope.	https://arxiv.org/abs/2605.25281	This named READ or OOD table state crosses 0.90 only under a per-domain oracle threshold, a narrow slice, or target adaptation; it adds no exact frozen state with transferable low-FPR calibration and fixed A6000 timing.	retain_reject	the Binoculars cross-model perplexity-ratio statistic with the paper's Gemma model pair. This named READ or OOD table state crosses 0.90 only under a per-domain oracle threshold, a narrow slice, or target adaptation; it adds no exact frozen state with transferable low-FPR calibration and fixed A6000 timing.	Full-text source 2605.25281
2605.25281	2605.25281:radar	RADAR released comparator	RADAR released comparator	Tables 2-3, 8-15, and 17-18; READ- and target-adapted supervised states, qualifying Gemma/Qwen proxy configurations, RADAR, and both GRPO prompting states exceed 0.90 on a reported per-domain, target-generator, in-domain, or OOD slice; base/SFT READER rows and rationale-prediction diagnostics are not detector accounts	Tables 2-3, 8-15, and 17-18; READ- and target-adapted supervised states, qualifying Gemma/Qwen proxy configurations, RADAR, and both GRPO prompting states exceed 0.90 on a reported per-domain, target-generator, in-domain, or OOD slice; base/SFT READER rows and rationale-prediction diagnostics are not detector accounts	Named submitted/proposed/fitted configuration with a threshold metric or explicit high-performance result in the cited full-text table scope.	https://arxiv.org/abs/2605.25281	This named READ or OOD table state crosses 0.90 only under a per-domain oracle threshold, a narrow slice, or target adaptation; it adds no exact frozen state with transferable low-FPR calibration and fixed A6000 timing.	retain_reject	the released adversarially trained RADAR-Vicuna-7B classifier. This named READ or OOD table state crosses 0.90 only under a per-domain oracle threshold, a narrow slice, or target adaptation; it adds no exact frozen state with transferable low-FPR calibration and fixed A6000 timing.	Full-text source 2605.25281
2605.25281	2605.25281:fastdetectgpt-gemma	FastDetectGPT with Gemma sampling/scoring models	FastDetectGPT with Gemma sampling/scoring models	Tables 2-3, 8-15, and 17-18; READ- and target-adapted supervised states, qualifying Gemma/Qwen proxy configurations, RADAR, and both GRPO prompting states exceed 0.90 on a reported per-domain, target-generator, in-domain, or OOD slice; base/SFT READER rows and rationale-prediction diagnostics are not detector accounts	Tables 2-3, 8-15, and 17-18; READ- and target-adapted supervised states, qualifying Gemma/Qwen proxy configurations, RADAR, and both GRPO prompting states exceed 0.90 on a reported per-domain, target-generator, in-domain, or OOD slice; base/SFT READER rows and rationale-prediction diagnostics are not detector accounts	Named submitted/proposed/fitted configuration with a threshold metric or explicit high-performance result in the cited full-text table scope.	https://arxiv.org/abs/2605.25281	This named READ or OOD table state crosses 0.90 only under a per-domain oracle threshold, a narrow slice, or target adaptation; it adds no exact frozen state with transferable low-FPR calibration and fixed A6000 timing.	retain_reject	FastDetectGPT conditional-probability curvature with the paper's Gemma scoring and sampling models. This named READ or OOD table state crosses 0.90 only under a per-domain oracle threshold, a narrow slice, or target adaptation; it adds no exact frozen state with transferable low-FPR calibration and fixed A6000 timing.	Full-text source 2605.25281
2605.25281	2605.25281:adadetectgpt-gemma	AdaDetectGPT with Gemma sampling/scoring models	AdaDetectGPT with Gemma sampling/scoring models	Tables 2-3, 8-15, and 17-18; READ- and target-adapted supervised states, qualifying Gemma/Qwen proxy configurations, RADAR, and both GRPO prompting states exceed 0.90 on a reported per-domain, target-generator, in-domain, or OOD slice; base/SFT READER rows and rationale-prediction diagnostics are not detector accounts	Tables 2-3, 8-15, and 17-18; READ- and target-adapted supervised states, qualifying Gemma/Qwen proxy configurations, RADAR, and both GRPO prompting states exceed 0.90 on a reported per-domain, target-generator, in-domain, or OOD slice; base/SFT READER rows and rationale-prediction diagnostics are not detector accounts	Named submitted/proposed/fitted configuration with a threshold metric or explicit high-performance result in the cited full-text table scope.	https://arxiv.org/abs/2605.25281	This named READ or OOD table state crosses 0.90 only under a per-domain oracle threshold, a narrow slice, or target adaptation; it adds no exact frozen state with transferable low-FPR calibration and fixed A6000 timing.	retain_reject	AdaDetectGPT with the paper's Gemma scoring and sampling models. This named READ or OOD table state crosses 0.90 only under a per-domain oracle threshold, a narrow slice, or target adaptation; it adds no exact frozen state with transferable low-FPR calibration and fixed A6000 timing.	Full-text source 2605.25281
2605.25281	2605.25281:adadetectgpt-gemma-target	Target-adapted AdaDetectGPT with Gemma sampling/scoring models	Target-adapted AdaDetectGPT with Gemma sampling/scoring models	Tables 2-3, 8-15, and 17-18; READ- and target-adapted supervised states, qualifying Gemma/Qwen proxy configurations, RADAR, and both GRPO prompting states exceed 0.90 on a reported per-domain, target-generator, in-domain, or OOD slice; base/SFT READER rows and rationale-prediction diagnostics are not detector accounts	Tables 2-3, 8-15, and 17-18; READ- and target-adapted supervised states, qualifying Gemma/Qwen proxy configurations, RADAR, and both GRPO prompting states exceed 0.90 on a reported per-domain, target-generator, in-domain, or OOD slice; base/SFT READER rows and rationale-prediction diagnostics are not detector accounts	Named submitted/proposed/fitted configuration with a threshold metric or explicit high-performance result in the cited full-text table scope.	https://arxiv.org/abs/2605.25281	This named READ or OOD table state crosses 0.90 only under a per-domain oracle threshold, a narrow slice, or target adaptation; it adds no exact frozen state with transferable low-FPR calibration and fixed A6000 timing.	retain_reject	AdaDetectGPT with the paper's Gemma models and labeled target-generator adaptation. This named READ or OOD table state crosses 0.90 only under a per-domain oracle threshold, a narrow slice, or target adaptation; it adds no exact frozen state with transferable low-FPR calibration and fixed A6000 timing.	Full-text source 2605.25281
2605.25281	2605.25281:grpo-noncot	READER GRPO non-CoT	READER GRPO non-CoT	Tables 2-3, 8-15, and 17-18; READ- and target-adapted supervised states, qualifying Gemma/Qwen proxy configurations, RADAR, and both GRPO prompting states exceed 0.90 on a reported per-domain, target-generator, in-domain, or OOD slice; base/SFT READER rows and rationale-prediction diagnostics are not detector accounts	Tables 2-3, 8-15, and 17-18; READ- and target-adapted supervised states, qualifying Gemma/Qwen proxy configurations, RADAR, and both GRPO prompting states exceed 0.90 on a reported per-domain, target-generator, in-domain, or OOD slice; base/SFT READER rows and rationale-prediction diagnostics are not detector accounts	Named submitted/proposed/fitted configuration with a threshold metric or explicit high-performance result in the cited full-text table scope.	https://arxiv.org/abs/2605.25281	The 1.5B detector autoregressively reasons before classifying, making generation part of inference.	exclude_generation	Qwen2.5-1.5B SFT+GRPO detector queried in the named autoregressive prompting mode. The 1.5B detector autoregressively reasons before classifying, making generation part of inference.	Full-text source 2605.25281
2605.25281	2605.25281:grpo-cot	READER GRPO CoT	READER GRPO CoT	Tables 2-3, 8-15, and 17-18; READ- and target-adapted supervised states, qualifying Gemma/Qwen proxy configurations, RADAR, and both GRPO prompting states exceed 0.90 on a reported per-domain, target-generator, in-domain, or OOD slice; base/SFT READER rows and rationale-prediction diagnostics are not detector accounts	Tables 2-3, 8-15, and 17-18; READ- and target-adapted supervised states, qualifying Gemma/Qwen proxy configurations, RADAR, and both GRPO prompting states exceed 0.90 on a reported per-domain, target-generator, in-domain, or OOD slice; base/SFT READER rows and rationale-prediction diagnostics are not detector accounts	Named submitted/proposed/fitted configuration with a threshold metric or explicit high-performance result in the cited full-text table scope.	https://arxiv.org/abs/2605.25281	The 1.5B detector autoregressively reasons before classifying, making generation part of inference.	exclude_generation	Qwen2.5-1.5B SFT+GRPO detector queried in the named autoregressive prompting mode. The 1.5B detector autoregressively reasons before classifying, making generation part of inference.	Full-text source 2605.25281
2605.16107	2605.16107:likelihood	Likelihood baseline	Likelihood baseline	Table III reports the unmodified Likelihood baseline at 95.58% average AUROC on Essay and 90.17% on TruthfulQA.	Table III reports the unmodified Likelihood baseline at 95.58% average AUROC on Essay and 90.17% on TruthfulQA.	Named submitted/proposed/fitted configuration with a threshold metric or explicit high-performance result in the cited full-text table scope.	https://arxiv.org/abs/2605.16107	The high value is confined to the paper's source/generator slices; the paper releases no runnable detector state, transferable low-FPR calibration, or fixed two-A6000 near-Binoculars timing for this baseline.	retain_reject	mean token likelihood under the scoring language model. The high value is confined to the paper's source/generator slices; the paper releases no runnable detector state, transferable low-FPR calibration, or fixed two-A6000 near-Binoculars timing for this baseline.	Full-text source 2605.16107
2605.16107	2605.16107:logrank	Log-Rank baseline	Log-Rank baseline	Table III reports the unmodified Log-Rank baseline at 95.39% average AUROC on Essay; its TruthfulQA average is 89.37%.	Table III reports the unmodified Log-Rank baseline at 95.39% average AUROC on Essay; its TruthfulQA average is 89.37%.	Named submitted/proposed/fitted configuration with a threshold metric or explicit high-performance result in the cited full-text table scope.	https://arxiv.org/abs/2605.16107	The high value is confined to the paper's source/generator slices; the paper releases no runnable detector state, transferable low-FPR calibration, or fixed two-A6000 near-Binoculars timing for this baseline.	retain_reject	mean token log-rank under the scoring language model. The high value is confined to the paper's source/generator slices; the paper releases no runnable detector state, transferable low-FPR calibration, or fixed two-A6000 near-Binoculars timing for this baseline.	Full-text source 2605.16107
2605.16107	2605.16107:entropy	Entropy baseline	Entropy baseline	Table III reports the unmodified Entropy baseline with 96.02% AUROC on the TruthfulQA/ChatGLM slice, while the two benchmark averages are 81.53% and 88.23%.	Table III reports the unmodified Entropy baseline with 96.02% AUROC on the TruthfulQA/ChatGLM slice, while the two benchmark averages are 81.53% and 88.23%.	Named submitted/proposed/fitted configuration with a threshold metric or explicit high-performance result in the cited full-text table scope.	https://arxiv.org/abs/2605.16107	The high value is confined to the paper's source/generator slices; the paper releases no runnable detector state, transferable low-FPR calibration, or fixed two-A6000 near-Binoculars timing for this baseline.	retain_reject	mean token entropy under the scoring language model. The high value is confined to the paper's source/generator slices; the paper releases no runnable detector state, transferable low-FPR calibration, or fixed two-A6000 near-Binoculars timing for this baseline.	Full-text source 2605.16107
2605.16107	2605.16107:detectgpt	DetectGPT baseline	DetectGPT baseline	Table III reports the unmodified DetectGPT baseline at 92.84% AUROC on two TruthfulQA generator slices, while the Essay and TruthfulQA averages are 49.33% and 84.07%.	Table III reports the unmodified DetectGPT baseline at 92.84% AUROC on two TruthfulQA generator slices, while the Essay and TruthfulQA averages are 49.33% and 84.07%.	Named submitted/proposed/fitted configuration with a threshold metric or explicit high-performance result in the cited full-text table scope.	https://arxiv.org/abs/2605.16107	Inference scores multiple masked-and-filled perturbations of every target, violating the strict multi-perturbation boundary.	exclude_multi_perturbation	DetectGPT scoring over multiple masked-and-filled perturbations of the target text. Inference scores multiple masked-and-filled perturbations of every target, violating the strict multi-perturbation boundary.	Full-text source 2605.16107
2605.16107	2605.16107:fastgpt	FastGPT baseline	FastGPT baseline	Table III reports the unmodified FastGPT baseline at 96.26% AUROC on TruthfulQA/ChatGLM, while the Essay and TruthfulQA averages are 65.17% and 89.34%.	Table III reports the unmodified FastGPT baseline at 96.26% AUROC on TruthfulQA/ChatGLM, while the Essay and TruthfulQA averages are 65.17% and 89.34%.	Named submitted/proposed/fitted configuration with a threshold metric or explicit high-performance result in the cited full-text table scope.	https://arxiv.org/abs/2605.16107	The high value is confined to the paper's source/generator slices; the paper releases no runnable detector state, transferable low-FPR calibration, or fixed two-A6000 near-Binoculars timing for this baseline.	retain_reject	the FastDetectGPT conditional-probability-curvature statistic. The high value is confined to the paper's source/generator slices; the paper releases no runnable detector state, transferable low-FPR calibration, or fixed two-A6000 near-Binoculars timing for this baseline.	Full-text source 2605.16107
2605.16107	2605.16107:binoculars	Binoculars baseline	Binoculars baseline	Table III reports the unmodified Binoculars baseline at 97.36% average AUROC on Essay and 86.97% on TruthfulQA.	Table III reports the unmodified Binoculars baseline at 97.36% average AUROC on Essay and 86.97% on TruthfulQA.	Named submitted/proposed/fitted configuration with a threshold metric or explicit high-performance result in the cited full-text table scope.	https://arxiv.org/abs/2605.16107	This is the existing DW1 incumbent used as a paper comparator, not a newly promoted candidate.	retain_reject	the Binoculars cross-model perplexity-ratio statistic. This is the existing DW1 incumbent used as a paper comparator, not a newly promoted candidate.	Full-text source 2605.16107
2605.16107	2605.16107:fouriergpt	FourierGPT baseline	FourierGPT baseline	Table III reports the unmodified FourierGPT baseline at 90.23% average AUROC on Essay and 92.68% on TruthfulQA, with one Essay generator cell at 52.38%.	Table III reports the unmodified FourierGPT baseline at 90.23% average AUROC on Essay and 92.68% on TruthfulQA, with one Essay generator cell at 52.38%.	Named submitted/proposed/fitted configuration with a threshold metric or explicit high-performance result in the cited full-text table scope.	https://arxiv.org/abs/2605.16107	The high value is confined to the paper's source/generator slices; the paper releases no runnable detector state, transferable low-FPR calibration, or fixed two-A6000 near-Binoculars timing for this baseline.	retain_reject	the unmodified FourierGPT likelihood-spectrum statistic. The high value is confined to the paper's source/generator slices; the paper releases no runnable detector state, transferable low-FPR calibration, or fixed two-A6000 near-Binoculars timing for this baseline.	Full-text source 2605.16107
2605.16107	2605.16107:adagpt	AdaGPT baseline	AdaGPT baseline	Table III reports the unmodified AdaGPT baseline at 92.69% AUROC on Essay/ChatGLM and 96.67% on TruthfulQA/ChatGLM, while the averages are 82.81% and 88.19%.	Table III reports the unmodified AdaGPT baseline at 92.69% AUROC on Essay/ChatGLM and 96.67% on TruthfulQA/ChatGLM, while the averages are 82.81% and 88.19%.	Named submitted/proposed/fitted configuration with a threshold metric or explicit high-performance result in the cited full-text table scope.	https://arxiv.org/abs/2605.16107	The high value is confined to the paper's source/generator slices; the paper releases no runnable detector state, transferable low-FPR calibration, or fixed two-A6000 near-Binoculars timing for this baseline.	retain_reject	the unmodified AdaDetectGPT classifier that learns witness functions from training data. The high value is confined to the paper's source/generator slices; the paper releases no runnable detector state, transferable low-FPR calibration, or fixed two-A6000 near-Binoculars timing for this baseline.	Full-text source 2605.16107
2605.16107	2605.16107:likelihood-m	Likelihood-M	Likelihood-M	Tables II-III and transfer/attack figures; each -M or -Mult state has at least one AUROC or TPR@1%FPR >=0.90, with sharply varying averages	Tables II-III and transfer/attack figures; each -M or -Mult state has at least one AUROC or TPR@1%FPR >=0.90, with sharply varying averages	Named submitted/proposed/fitted configuration with a threshold metric or explicit high-performance result in the cited full-text table scope.	https://arxiv.org/abs/2605.16107	Only supplementary material was released, so no runnable detector state supports the claimed gains.	retain_reject	named base detector enhanced by Markov calibration (-M) or multi-level contextual rule-support reasoning (-Mult). Only supplementary material was released, so no runnable detector state supports the claimed gains.	Full-text source 2605.16107
2605.16107	2605.16107:likelihood-mult	Likelihood-Mult	Likelihood-Mult	Tables II-III and transfer/attack figures; each -M or -Mult state has at least one AUROC or TPR@1%FPR >=0.90, with sharply varying averages	Tables II-III and transfer/attack figures; each -M or -Mult state has at least one AUROC or TPR@1%FPR >=0.90, with sharply varying averages	Named submitted/proposed/fitted configuration with a threshold metric or explicit high-performance result in the cited full-text table scope.	https://arxiv.org/abs/2605.16107	Only supplementary material was released, so no runnable detector state supports the claimed gains.	retain_reject	named base detector enhanced by Markov calibration (-M) or multi-level contextual rule-support reasoning (-Mult). Only supplementary material was released, so no runnable detector state supports the claimed gains.	Full-text source 2605.16107
2605.16107	2605.16107:logrank-m	Log-Rank-M	Log-Rank-M	Tables II-III and transfer/attack figures; each -M or -Mult state has at least one AUROC or TPR@1%FPR >=0.90, with sharply varying averages	Tables II-III and transfer/attack figures; each -M or -Mult state has at least one AUROC or TPR@1%FPR >=0.90, with sharply varying averages	Named submitted/proposed/fitted configuration with a threshold metric or explicit high-performance result in the cited full-text table scope.	https://arxiv.org/abs/2605.16107	Only supplementary material was released, so no runnable detector state supports the claimed gains.	retain_reject	named base detector enhanced by Markov calibration (-M) or multi-level contextual rule-support reasoning (-Mult). Only supplementary material was released, so no runnable detector state supports the claimed gains.	Full-text source 2605.16107
2605.16107	2605.16107:logrank-mult	Log-Rank-Mult	Log-Rank-Mult	Tables II-III and transfer/attack figures; each -M or -Mult state has at least one AUROC or TPR@1%FPR >=0.90, with sharply varying averages	Tables II-III and transfer/attack figures; each -M or -Mult state has at least one AUROC or TPR@1%FPR >=0.90, with sharply varying averages	Named submitted/proposed/fitted configuration with a threshold metric or explicit high-performance result in the cited full-text table scope.	https://arxiv.org/abs/2605.16107	Only supplementary material was released, so no runnable detector state supports the claimed gains.	retain_reject	named base detector enhanced by Markov calibration (-M) or multi-level contextual rule-support reasoning (-Mult). Only supplementary material was released, so no runnable detector state supports the claimed gains.	Full-text source 2605.16107
2605.16107	2605.16107:entropy-m	Entropy-M	Entropy-M	Tables II-III and transfer/attack figures; each -M or -Mult state has at least one AUROC or TPR@1%FPR >=0.90, with sharply varying averages	Tables II-III and transfer/attack figures; each -M or -Mult state has at least one AUROC or TPR@1%FPR >=0.90, with sharply varying averages	Named submitted/proposed/fitted configuration with a threshold metric or explicit high-performance result in the cited full-text table scope.	https://arxiv.org/abs/2605.16107	Only supplementary material was released, so no runnable detector state supports the claimed gains.	retain_reject	named base detector enhanced by Markov calibration (-M) or multi-level contextual rule-support reasoning (-Mult). Only supplementary material was released, so no runnable detector state supports the claimed gains.	Full-text source 2605.16107
2605.16107	2605.16107:entropy-mult	Entropy-Mult	Entropy-Mult	Tables II-III and transfer/attack figures; each -M or -Mult state has at least one AUROC or TPR@1%FPR >=0.90, with sharply varying averages	Tables II-III and transfer/attack figures; each -M or -Mult state has at least one AUROC or TPR@1%FPR >=0.90, with sharply varying averages	Named submitted/proposed/fitted configuration with a threshold metric or explicit high-performance result in the cited full-text table scope.	https://arxiv.org/abs/2605.16107	Only supplementary material was released, so no runnable detector state supports the claimed gains.	retain_reject	named base detector enhanced by Markov calibration (-M) or multi-level contextual rule-support reasoning (-Mult). Only supplementary material was released, so no runnable detector state supports the claimed gains.	Full-text source 2605.16107
2605.16107	2605.16107:detectgpt-m	DetectGPT-M	DetectGPT-M	Tables II-III and transfer/attack figures; each -M or -Mult state has at least one AUROC or TPR@1%FPR >=0.90, with sharply varying averages	Tables II-III and transfer/attack figures; each -M or -Mult state has at least one AUROC or TPR@1%FPR >=0.90, with sharply varying averages	Named submitted/proposed/fitted configuration with a threshold metric or explicit high-performance result in the cited full-text table scope.	https://arxiv.org/abs/2605.16107	The underlying detector still scores multiple target perturbations, violating the strict multi-perturbation boundary.	exclude_multi_perturbation	DetectGPT scoring over multiple masked-and-filled target perturbations, followed by the paper's named Markov or multi-level contextual layer. The underlying detector still scores multiple target perturbations, violating the strict multi-perturbation boundary.	Full-text source 2605.16107
2605.16107	2605.16107:detectgpt-mult	DetectGPT-Mult	DetectGPT-Mult	Tables II-III and transfer/attack figures; each -M or -Mult state has at least one AUROC or TPR@1%FPR >=0.90, with sharply varying averages	Tables II-III and transfer/attack figures; each -M or -Mult state has at least one AUROC or TPR@1%FPR >=0.90, with sharply varying averages	Named submitted/proposed/fitted configuration with a threshold metric or explicit high-performance result in the cited full-text table scope.	https://arxiv.org/abs/2605.16107	The underlying detector still scores multiple target perturbations, violating the strict multi-perturbation boundary.	exclude_multi_perturbation	DetectGPT scoring over multiple masked-and-filled target perturbations, followed by the paper's named Markov or multi-level contextual layer. The underlying detector still scores multiple target perturbations, violating the strict multi-perturbation boundary.	Full-text source 2605.16107
2605.16107	2605.16107:fastgpt-m	FastGPT-M	FastGPT-M	Tables II-III and transfer/attack figures; each -M or -Mult state has at least one AUROC or TPR@1%FPR >=0.90, with sharply varying averages	Tables II-III and transfer/attack figures; each -M or -Mult state has at least one AUROC or TPR@1%FPR >=0.90, with sharply varying averages	Named submitted/proposed/fitted configuration with a threshold metric or explicit high-performance result in the cited full-text table scope.	https://arxiv.org/abs/2605.16107	Only supplementary material was released, so no runnable detector state supports the claimed gains.	retain_reject	named base detector enhanced by Markov calibration (-M) or multi-level contextual rule-support reasoning (-Mult). Only supplementary material was released, so no runnable detector state supports the claimed gains.	Full-text source 2605.16107
2605.16107	2605.16107:fastgpt-mult	FastGPT-Mult	FastGPT-Mult	Tables II-III and transfer/attack figures; each -M or -Mult state has at least one AUROC or TPR@1%FPR >=0.90, with sharply varying averages	Tables II-III and transfer/attack figures; each -M or -Mult state has at least one AUROC or TPR@1%FPR >=0.90, with sharply varying averages	Named submitted/proposed/fitted configuration with a threshold metric or explicit high-performance result in the cited full-text table scope.	https://arxiv.org/abs/2605.16107	Only supplementary material was released, so no runnable detector state supports the claimed gains.	retain_reject	named base detector enhanced by Markov calibration (-M) or multi-level contextual rule-support reasoning (-Mult). Only supplementary material was released, so no runnable detector state supports the claimed gains.	Full-text source 2605.16107
2605.16107	2605.16107:binoculars-m	Binoculars-M	Binoculars-M	Tables II-III and transfer/attack figures; each -M or -Mult state has at least one AUROC or TPR@1%FPR >=0.90, with sharply varying averages	Tables II-III and transfer/attack figures; each -M or -Mult state has at least one AUROC or TPR@1%FPR >=0.90, with sharply varying averages	Named submitted/proposed/fitted configuration with a threshold metric or explicit high-performance result in the cited full-text table scope.	https://arxiv.org/abs/2605.16107	Only supplementary material was released, so no runnable detector state supports the claimed gains.	retain_reject	named base detector enhanced by Markov calibration (-M) or multi-level contextual rule-support reasoning (-Mult). Only supplementary material was released, so no runnable detector state supports the claimed gains.	Full-text source 2605.16107
2605.16107	2605.16107:binoculars-mult	Binoculars-Mult	Binoculars-Mult	Tables II-III and transfer/attack figures; each -M or -Mult state has at least one AUROC or TPR@1%FPR >=0.90, with sharply varying averages	Tables II-III and transfer/attack figures; each -M or -Mult state has at least one AUROC or TPR@1%FPR >=0.90, with sharply varying averages	Named submitted/proposed/fitted configuration with a threshold metric or explicit high-performance result in the cited full-text table scope.	https://arxiv.org/abs/2605.16107	Only supplementary material was released, so no runnable detector state supports the claimed gains.	retain_reject	named base detector enhanced by Markov calibration (-M) or multi-level contextual rule-support reasoning (-Mult). Only supplementary material was released, so no runnable detector state supports the claimed gains.	Full-text source 2605.16107
2605.16107	2605.16107:fouriergpt-m	FourierGPT-M	FourierGPT-M	Tables II-III and transfer/attack figures; each -M or -Mult state has at least one AUROC or TPR@1%FPR >=0.90, with sharply varying averages	Tables II-III and transfer/attack figures; each -M or -Mult state has at least one AUROC or TPR@1%FPR >=0.90, with sharply varying averages	Named submitted/proposed/fitted configuration with a threshold metric or explicit high-performance result in the cited full-text table scope.	https://arxiv.org/abs/2605.16107	Only supplementary material was released, so no runnable detector state supports the claimed gains.	retain_reject	named base detector enhanced by Markov calibration (-M) or multi-level contextual rule-support reasoning (-Mult). Only supplementary material was released, so no runnable detector state supports the claimed gains.	Full-text source 2605.16107
2605.16107	2605.16107:fouriergpt-mult	FourierGPT-Mult	FourierGPT-Mult	Tables II-III and transfer/attack figures; each -M or -Mult state has at least one AUROC or TPR@1%FPR >=0.90, with sharply varying averages	Tables II-III and transfer/attack figures; each -M or -Mult state has at least one AUROC or TPR@1%FPR >=0.90, with sharply varying averages	Named submitted/proposed/fitted configuration with a threshold metric or explicit high-performance result in the cited full-text table scope.	https://arxiv.org/abs/2605.16107	Only supplementary material was released, so no runnable detector state supports the claimed gains.	retain_reject	named base detector enhanced by Markov calibration (-M) or multi-level contextual rule-support reasoning (-Mult). Only supplementary material was released, so no runnable detector state supports the claimed gains.	Full-text source 2605.16107
2605.16107	2605.16107:adagpt-m	AdaGPT-M	AdaGPT-M	Tables II-III and transfer/attack figures; each -M or -Mult state has at least one AUROC or TPR@1%FPR >=0.90, with sharply varying averages	Tables II-III and transfer/attack figures; each -M or -Mult state has at least one AUROC or TPR@1%FPR >=0.90, with sharply varying averages	Named submitted/proposed/fitted configuration with a threshold metric or explicit high-performance result in the cited full-text table scope.	https://arxiv.org/abs/2605.16107	Only supplementary material was released, so no runnable detector state supports the claimed gains.	retain_reject	named base detector enhanced by Markov calibration (-M) or multi-level contextual rule-support reasoning (-Mult). Only supplementary material was released, so no runnable detector state supports the claimed gains.	Full-text source 2605.16107
2605.16107	2605.16107:adagpt-mult	AdaGPT-Mult	AdaGPT-Mult	Tables II-III and transfer/attack figures; each -M or -Mult state has at least one AUROC or TPR@1%FPR >=0.90, with sharply varying averages	Tables II-III and transfer/attack figures; each -M or -Mult state has at least one AUROC or TPR@1%FPR >=0.90, with sharply varying averages	Named submitted/proposed/fitted configuration with a threshold metric or explicit high-performance result in the cited full-text table scope.	https://arxiv.org/abs/2605.16107	Only supplementary material was released, so no runnable detector state supports the claimed gains.	retain_reject	named base detector enhanced by Markov calibration (-M) or multi-level contextual rule-support reasoning (-Mult). Only supplementary material was released, so no runnable detector state supports the claimed gains.	Full-text source 2605.16107
2605.16107	2605.16107:detectllm-m	DetectLLM-M	DetectLLM-M	Tables II-III and transfer/attack figures; each -M or -Mult state has at least one AUROC or TPR@1%FPR >=0.90, with sharply varying averages	Tables II-III and transfer/attack figures; each -M or -Mult state has at least one AUROC or TPR@1%FPR >=0.90, with sharply varying averages	Named submitted/proposed/fitted configuration with a threshold metric or explicit high-performance result in the cited full-text table scope.	https://arxiv.org/abs/2605.16107	The underlying detector constructs a regenerated ideal sequence, violating the no-regeneration boundary.	exclude_regeneration	DNA-DetectLLM scoring against a regenerated ideal sequence, followed by the paper's named Markov or multi-level contextual layer. The underlying detector constructs a regenerated ideal sequence, violating the no-regeneration boundary.	Full-text source 2605.16107
2605.16107	2605.16107:detectllm-mult	DetectLLM-Mult	DetectLLM-Mult	Tables II-III and transfer/attack figures; each -M or -Mult state has at least one AUROC or TPR@1%FPR >=0.90, with sharply varying averages	Tables II-III and transfer/attack figures; each -M or -Mult state has at least one AUROC or TPR@1%FPR >=0.90, with sharply varying averages	Named submitted/proposed/fitted configuration with a threshold metric or explicit high-performance result in the cited full-text table scope.	https://arxiv.org/abs/2605.16107	The underlying detector constructs a regenerated ideal sequence, violating the no-regeneration boundary.	exclude_regeneration	DNA-DetectLLM scoring against a regenerated ideal sequence, followed by the paper's named Markov or multi-level contextual layer. The underlying detector constructs a regenerated ideal sequence, violating the no-regeneration boundary.	Full-text source 2605.16107
2605.06903	2605.06903:paper-era	MELD paper-era model	MELD paper-era model	paper result tables, official checkpoint history, preserved two-A6000 v5 screen, and Appendix Table 9; paper-era, public-v5, and the three same-data baseline retrains are deliberately separate	paper result tables, official checkpoint history, preserved two-A6000 v5 screen, and Appendix Table 9; paper-era, public-v5, and the three same-data baseline retrains are deliberately separate	Named submitted/proposed/fitted configuration with a threshold metric or explicit high-performance result in the cited full-text table scope.	https://arxiv.org/abs/2605.06903	Paper-era and current-v5 states are incomparable; v5 trails stored comparator AUROC and shipped thresholds fail local transfer.	advance_blocker	supervised MELD detector under the paper-era or current-v5 recipe. Paper-era and current-v5 states are incomparable; v5 trails stored comparator AUROC and shipped thresholds fail local transfer.	Full-text source 2605.06903
2605.06903	2605.06903:public-v5	MELD public v5 checkpoint	MELD public v5 checkpoint	paper result tables, official checkpoint history, preserved two-A6000 v5 screen, and Appendix Table 9; paper-era, public-v5, and the three same-data baseline retrains are deliberately separate	paper result tables, official checkpoint history, preserved two-A6000 v5 screen, and Appendix Table 9; paper-era, public-v5, and the three same-data baseline retrains are deliberately separate	Named submitted/proposed/fitted configuration with a threshold metric or explicit high-performance result in the cited full-text table scope.	https://arxiv.org/abs/2605.06903	Paper-era and current-v5 states are incomparable; v5 trails stored comparator AUROC and shipped thresholds fail local transfer.	advance_blocker	supervised MELD detector under the paper-era or current-v5 recipe. Paper-era and current-v5 states are incomparable; v5 trails stored comparator AUROC and shipped thresholds fail local transfer.	Full-text source 2605.06903
2605.06903	2605.06903:roberta-chatgpt-meld	RoBERTa-ChatGPT retrained on MELD data	RoBERTa-ChatGPT retrained on MELD data	Appendix Table 9 reports the RoBERTa-ChatGPT same-data retrain at 99.93% MELD-eval AUROC and 99.85% Ghostbuster AUROC, but only 73.96% on M4GT.	Appendix Table 9 reports the RoBERTa-ChatGPT same-data retrain at 99.93% MELD-eval AUROC and 99.85% Ghostbuster AUROC, but only 73.96% on M4GT.	Named submitted/proposed/fitted configuration with a threshold metric or explicit high-performance result in the cited full-text table scope.	https://arxiv.org/abs/2605.06903	This is a separately fitted appendix state, not the public RoBERTa-ChatGPT checkpoint. No immutable MELD-data retrain, portable calibration, or fixed near-Binoculars timing is released.	retain_reject	the official RoBERTa-ChatGPT architecture and training recipe refitted on MELD's training mixture. This is a separately fitted appendix state, not the public RoBERTa-ChatGPT checkpoint. No immutable MELD-data retrain, portable calibration, or fixed near-Binoculars timing is released.	Full-text source 2605.06903
2605.06903	2605.06903:modernbert-detect-meld	ModernBERT-Detect retrained on MELD data	ModernBERT-Detect retrained on MELD data	Appendix Table 9 reports the ModernBERT-Detect same-data retrain at 99.89% MELD-eval AUROC and 99.70% Ghostbuster AUROC, but only 76.30% on M4GT.	Appendix Table 9 reports the ModernBERT-Detect same-data retrain at 99.89% MELD-eval AUROC and 99.70% Ghostbuster AUROC, but only 76.30% on M4GT.	Named submitted/proposed/fitted configuration with a threshold metric or explicit high-performance result in the cited full-text table scope.	https://arxiv.org/abs/2605.06903	This is a separately fitted appendix state, not the public ModernBERT-Detect checkpoint. No immutable MELD-data retrain, portable calibration, or fixed near-Binoculars timing is released.	retain_reject	the official ModernBERT-Detect architecture and training recipe refitted on MELD's training mixture. This is a separately fitted appendix state, not the public ModernBERT-Detect checkpoint. No immutable MELD-data retrain, portable calibration, or fixed near-Binoculars timing is released.	Full-text source 2605.06903
2605.06903	2605.06903:repreguard-meld	RepreGuard retrained on MELD data	RepreGuard retrained on MELD data	Appendix Table 9 reports the RepreGuard same-data retrain at 91.35% Ghostbuster AUROC, while MAGE, M4GT, DetectRL, and MELD-eval remain 56.09%-88.67%.	Appendix Table 9 reports the RepreGuard same-data retrain at 91.35% Ghostbuster AUROC, while MAGE, M4GT, DetectRL, and MELD-eval remain 56.09%-88.67%.	Named submitted/proposed/fitted configuration with a threshold metric or explicit high-performance result in the cited full-text table scope.	https://arxiv.org/abs/2605.06903	This is a separately fitted appendix state, not a Markov-enhanced or public RepreGuard version. Its weak transfer and missing immutable retrain, calibration, and timing block promotion.	retain_reject	the official RepreGuard architecture and training recipe refitted on MELD's training mixture. This is a separately fitted appendix state, not a Markov-enhanced or public RepreGuard version. Its weak transfer and missing immutable retrain, calibration, and timing block promotion.	Full-text source 2605.06903
2605.03723	2605.03723:vcp	VCP change-point detector	VCP change-point detector	main segmentation comparisons; VCP and WCP are the separately named best change-point states under the paper's window-deviation criterion	main segmentation comparisons; VCP and WCP are the separately named best change-point states under the paper's window-deviation criterion	Named submitted/proposed/fitted configuration with a threshold metric or explicit high-performance result in the cited full-text table scope.	https://arxiv.org/abs/2605.03723	The strong-performance claim concerns change-point localization in human-LLM coauthored text, not document-level binary detection.	reject_scope	named change-point segmentation method over a mixed human-machine document. The strong-performance claim concerns change-point localization in human-LLM coauthored text, not document-level binary detection.	Full-text source 2605.03723
2605.03723	2605.03723:wcp	WCP change-point detector	WCP change-point detector	main segmentation comparisons; VCP and WCP are the separately named best change-point states under the paper's window-deviation criterion	main segmentation comparisons; VCP and WCP are the separately named best change-point states under the paper's window-deviation criterion	Named submitted/proposed/fitted configuration with a threshold metric or explicit high-performance result in the cited full-text table scope.	https://arxiv.org/abs/2605.03723	The strong-performance claim concerns change-point localization in human-LLM coauthored text, not document-level binary detection.	reject_scope	named change-point segmentation method over a mixed human-machine document. The strong-performance claim concerns change-point localization in human-LLM coauthored text, not document-level binary detection.	Full-text source 2605.03723
2605.02712	2605.02712:qwen3-32b-st-07	Qwen3-32B_ST threshold 0.7	Qwen3-32B_ST threshold 0.7	Table 1 reports Qwen3-32B_ST_th0.7 at macro F1 0.78; it is the separately selected Task-10 submission but does not qualify as a high-accuracy result.	Table 1 reports Qwen3-32B_ST_th0.7 at macro F1 0.78; it is the separately selected Task-10 submission but does not qualify as a high-accuracy result.	Named submitted/proposed/fitted configuration with a threshold metric or explicit high-performance result in the cited full-text table scope.	https://arxiv.org/abs/2605.02712	This SemEval system detects conspiracy belief; machine-generated-text detection is only the origin of its training recipe.	reject_scope	supervised Qwen conspiracy classifier at the selected operating threshold. This SemEval system detects conspiracy belief; machine-generated-text detection is only the origin of its training recipe.	Full-text source 2605.02712
2605.02374	2605.02374:react-32shot	REACT 32-shot	REACT 32-shot	Table 1, DetectRL 32-shot row: REACT accuracy is 99.46% (99.46% F1).	Table 1, DetectRL 32-shot row: REACT accuracy is 99.46% (99.46% F1).	Named submitted/proposed/fitted configuration with a threshold metric or explicit high-performance result in the cited full-text table scope.	https://arxiv.org/abs/2605.02374	Few-shot adversarial training is not a released general detector with like-for-like Binoculars, low-FPR, and A6000 evidence.	retain_reject	few-shot RoBERTa trained with retrieval-guided adversarial generation and pairwise boundary contrastive loss. Few-shot adversarial training is not a released general detector with like-for-like Binoculars, low-FPR, and A6000 evidence.	Full-text source 2605.02374
2605.02374	2605.02374:react-64shot	REACT 64-shot	REACT 64-shot	Table 1, DetectRL 64-shot row: REACT accuracy is 99.82% (99.82% F1).	Table 1, DetectRL 64-shot row: REACT accuracy is 99.82% (99.82% F1).	Named submitted/proposed/fitted configuration with a threshold metric or explicit high-performance result in the cited full-text table scope.	https://arxiv.org/abs/2605.02374	Few-shot adversarial training is not a released general detector with like-for-like Binoculars, low-FPR, and A6000 evidence.	retain_reject	few-shot RoBERTa trained with retrieval-guided adversarial generation and pairwise boundary contrastive loss. Few-shot adversarial training is not a released general detector with like-for-like Binoculars, low-FPR, and A6000 evidence.	Full-text source 2605.02374
2605.02374	2605.02374:react-128shot	REACT 128-shot	REACT 128-shot	Table 1, DetectRL 128-shot row: REACT accuracy is 99.74% (99.74% F1).	Table 1, DetectRL 128-shot row: REACT accuracy is 99.74% (99.74% F1).	Named submitted/proposed/fitted configuration with a threshold metric or explicit high-performance result in the cited full-text table scope.	https://arxiv.org/abs/2605.02374	Few-shot adversarial training is not a released general detector with like-for-like Binoculars, low-FPR, and A6000 evidence.	retain_reject	few-shot RoBERTa trained with retrieval-guided adversarial generation and pairwise boundary contrastive loss. Few-shot adversarial training is not a released general detector with like-for-like Binoculars, low-FPR, and A6000 evidence.	Full-text source 2605.02374
2605.02374	2605.02374:react-256shot	REACT 256-shot	REACT 256-shot	Table 1, DetectRL 256-shot row: REACT accuracy is 99.79% (99.79% F1).	Table 1, DetectRL 256-shot row: REACT accuracy is 99.79% (99.79% F1).	Named submitted/proposed/fitted configuration with a threshold metric or explicit high-performance result in the cited full-text table scope.	https://arxiv.org/abs/2605.02374	Few-shot adversarial training is not a released general detector with like-for-like Binoculars, low-FPR, and A6000 evidence.	retain_reject	few-shot RoBERTa trained with retrieval-guided adversarial generation and pairwise boundary contrastive loss. Few-shot adversarial training is not a released general detector with like-for-like Binoculars, low-FPR, and A6000 evidence.	Full-text source 2605.02374
2604.25860	2604.25860:luminol	Luminol-AIDetect	Luminol-AIDetect	Tables 1-3 and 6; Luminol-AIDetect is the claimed fast best/near-best method and the Binoculars and FastDetectGPT competitors have near-zero error on at least one RAID/domain cell	Tables 1-3 and 6; Luminol-AIDetect is the claimed fast best/near-best method and the Binoculars and FastDetectGPT competitors have near-zero error on at least one RAID/domain cell	Named submitted/proposed/fitted configuration with a threshold metric or explicit high-performance result in the cited full-text table scope.	https://arxiv.org/abs/2604.25860	Detection depends on randomized target-text shuffling and ensemble features, crossing the strict multi-perturbation boundary.	exclude_multi_perturbation	named zero-shot statistic; Luminol repeatedly shuffles the target before fitting perplexity-feature distributions. Detection depends on randomized target-text shuffling and ensemble features, crossing the strict multi-perturbation boundary.	Full-text source 2604.25860
2604.25860	2604.25860:binoculars	Binoculars	Binoculars	Tables 1-3 and 6; Luminol-AIDetect is the claimed fast best/near-best method and the Binoculars and FastDetectGPT competitors have near-zero error on at least one RAID/domain cell	Tables 1-3 and 6; Luminol-AIDetect is the claimed fast best/near-best method and the Binoculars and FastDetectGPT competitors have near-zero error on at least one RAID/domain cell	Named submitted/proposed/fitted configuration with a threshold metric or explicit high-performance result in the cited full-text table scope.	https://arxiv.org/abs/2604.25860	This is an existing comparator rather than the Luminol target-shuffling pipeline; the paper adds no new candidate state or fixed low-FPR and two-A6000 superiority evidence.	retain_reject	the Binoculars cross-model perplexity-ratio statistic. This is an existing comparator rather than the Luminol target-shuffling pipeline; the paper adds no new candidate state or fixed low-FPR and two-A6000 superiority evidence.	Full-text source 2604.25860
2604.25860	2604.25860:fastdetectgpt	FastDetectGPT	FastDetectGPT	Tables 1-3 and 6; Luminol-AIDetect is the claimed fast best/near-best method and the Binoculars and FastDetectGPT competitors have near-zero error on at least one RAID/domain cell	Tables 1-3 and 6; Luminol-AIDetect is the claimed fast best/near-best method and the Binoculars and FastDetectGPT competitors have near-zero error on at least one RAID/domain cell	Named submitted/proposed/fitted configuration with a threshold metric or explicit high-performance result in the cited full-text table scope.	https://arxiv.org/abs/2604.25860	This is an existing comparator rather than the Luminol target-shuffling pipeline; the paper adds no new candidate state or fixed low-FPR and two-A6000 superiority evidence.	retain_reject	the FastDetectGPT conditional-probability-curvature statistic. This is an existing comparator rather than the Luminol target-shuffling pipeline; the paper adds no new candidate state or fixed low-FPR and two-A6000 superiority evidence.	Full-text source 2604.25860
2604.21365	2604.21365:gemma3-task-a	Gemma-3-27B Task A submission	Gemma-3-27B Task A submission	official task result tables; the named Gemma, CodeGemma, and Qwen-Coder submissions are the paper's best systems for Tasks A, B, and C respectively, all on machine-generated code rather than prose	official task result tables; the named Gemma, CodeGemma, and Qwen-Coder submissions are the paper's best systems for Tasks A, B, and C respectively, all on machine-generated code rather than prose	Named submitted/proposed/fitted configuration with a threshold metric or explicit high-performance result in the cited full-text table scope.	https://arxiv.org/abs/2604.21365	This shared-task system detects and attributes generated source code rather than general prose.	reject_scope	fine-tuned code-language model for the named shared-task code-detection subtask. This shared-task system detects and attributes generated source code rather than general prose.	Full-text source 2604.21365
2604.21365	2604.21365:codegemma-task-b	CodeGemma-7B Task B submission	CodeGemma-7B Task B submission	official task result tables; the named Gemma, CodeGemma, and Qwen-Coder submissions are the paper's best systems for Tasks A, B, and C respectively, all on machine-generated code rather than prose	official task result tables; the named Gemma, CodeGemma, and Qwen-Coder submissions are the paper's best systems for Tasks A, B, and C respectively, all on machine-generated code rather than prose	Named submitted/proposed/fitted configuration with a threshold metric or explicit high-performance result in the cited full-text table scope.	https://arxiv.org/abs/2604.21365	This shared-task system detects and attributes generated source code rather than general prose.	reject_scope	fine-tuned code-language model for the named shared-task code-detection subtask. This shared-task system detects and attributes generated source code rather than general prose.	Full-text source 2604.21365
2604.21365	2604.21365:qwen-coder-task-c	Qwen2.5-Coder-14B Task C submission	Qwen2.5-Coder-14B Task C submission	official task result tables; the named Gemma, CodeGemma, and Qwen-Coder submissions are the paper's best systems for Tasks A, B, and C respectively, all on machine-generated code rather than prose	official task result tables; the named Gemma, CodeGemma, and Qwen-Coder submissions are the paper's best systems for Tasks A, B, and C respectively, all on machine-generated code rather than prose	Named submitted/proposed/fitted configuration with a threshold metric or explicit high-performance result in the cited full-text table scope.	https://arxiv.org/abs/2604.21365	This shared-task system detects and attributes generated source code rather than general prose.	reject_scope	fine-tuned code-language model for the named shared-task code-detection subtask. This shared-task system detects and attributes generated source code rather than general prose.	Full-text source 2604.21365
2604.21300	2604.21300:luar	LUAR	LUAR	Table 3; LUAR, Man-Nguyen, contrastive pretraining, and EAVAE each have pAUC@10 or pAUC@5 >=0.90 on at least one authorship-attribution slice	Table 3; LUAR, Man-Nguyen, contrastive pretraining, and EAVAE each have pAUC@10 or pAUC@5 >=0.90 on at least one authorship-attribution slice	Named submitted/proposed/fitted configuration with a threshold metric or explicit high-performance result in the cited full-text table scope.	https://arxiv.org/abs/2604.21300	The SOTA claim applies to authorship-attribution datasets; the few-shot AI-detection statement gives no fixed metric, state, or deployment basis.	reject_scope	named supervised/few-shot authorship representation evaluated on attribution pairs. The SOTA claim applies to authorship-attribution datasets; the few-shot AI-detection statement gives no fixed metric, state, or deployment basis.	Full-text source 2604.21300
2604.21300	2604.21300:man-nguyen	Man and Nguyen baseline	Man and Nguyen baseline	Table 3; LUAR, Man-Nguyen, contrastive pretraining, and EAVAE each have pAUC@10 or pAUC@5 >=0.90 on at least one authorship-attribution slice	Table 3; LUAR, Man-Nguyen, contrastive pretraining, and EAVAE each have pAUC@10 or pAUC@5 >=0.90 on at least one authorship-attribution slice	Named submitted/proposed/fitted configuration with a threshold metric or explicit high-performance result in the cited full-text table scope.	https://arxiv.org/abs/2604.21300	The SOTA claim applies to authorship-attribution datasets; the few-shot AI-detection statement gives no fixed metric, state, or deployment basis.	reject_scope	named supervised/few-shot authorship representation evaluated on attribution pairs. The SOTA claim applies to authorship-attribution datasets; the few-shot AI-detection statement gives no fixed metric, state, or deployment basis.	Full-text source 2604.21300
2604.21300	2604.21300:contrastive-pretraining	Contrastive pretraining baseline	Contrastive pretraining baseline	Table 3; LUAR, Man-Nguyen, contrastive pretraining, and EAVAE each have pAUC@10 or pAUC@5 >=0.90 on at least one authorship-attribution slice	Table 3; LUAR, Man-Nguyen, contrastive pretraining, and EAVAE each have pAUC@10 or pAUC@5 >=0.90 on at least one authorship-attribution slice	Named submitted/proposed/fitted configuration with a threshold metric or explicit high-performance result in the cited full-text table scope.	https://arxiv.org/abs/2604.21300	The SOTA claim applies to authorship-attribution datasets; the few-shot AI-detection statement gives no fixed metric, state, or deployment basis.	reject_scope	named supervised/few-shot authorship representation evaluated on attribution pairs. The SOTA claim applies to authorship-attribution datasets; the few-shot AI-detection statement gives no fixed metric, state, or deployment basis.	Full-text source 2604.21300
2604.21300	2604.21300:eavae	EAVAE	EAVAE	Table 3; LUAR, Man-Nguyen, contrastive pretraining, and EAVAE each have pAUC@10 or pAUC@5 >=0.90 on at least one authorship-attribution slice	Table 3; LUAR, Man-Nguyen, contrastive pretraining, and EAVAE each have pAUC@10 or pAUC@5 >=0.90 on at least one authorship-attribution slice	Named submitted/proposed/fitted configuration with a threshold metric or explicit high-performance result in the cited full-text table scope.	https://arxiv.org/abs/2604.21300	The SOTA claim applies to authorship-attribution datasets; the few-shot AI-detection statement gives no fixed metric, state, or deployment basis.	reject_scope	named supervised/few-shot authorship representation evaluated on attribution pairs. The SOTA claim applies to authorship-attribution datasets; the few-shot AI-detection statement gives no fixed metric, state, or deployment basis.	Full-text source 2604.21300
2604.21223	2604.21223:llama32-pair	IRM Llama-3.2 model pair	IRM Llama-3.2 model pair	paper model-pair tables, Appendix Table 8, and frozen IRM screen; both pair families and the RM-DeBERTa comparator have a paper AUROC >=0.90 slice, while the best downloadable IRM pair measured 0.9436 versus Binoculars 0.9595	paper model-pair tables, Appendix Table 8, and frozen IRM screen; both pair families and the RM-DeBERTa comparator have a paper AUROC >=0.90 slice, while the best downloadable IRM pair measured 0.9436 versus Binoculars 0.9595	Named submitted/proposed/fitted configuration with a threshold metric or explicit high-performance result in the cited full-text table scope.	https://arxiv.org/abs/2604.21223	The best model pair is gated and the strongest anonymous pair trails stored Binoculars on the frozen local rows.	runnable_control	information-ratio metric from the named observer/performer model pair. The best model pair is gated and the strongest anonymous pair trails stored Binoculars on the frozen local rows.	Full-text source 2604.21223
2604.21223	2604.21223:qwen25-pair	IRM Qwen2.5 model pair	IRM Qwen2.5 model pair	paper model-pair tables, Appendix Table 8, and frozen IRM screen; both pair families and the RM-DeBERTa comparator have a paper AUROC >=0.90 slice, while the best downloadable IRM pair measured 0.9436 versus Binoculars 0.9595	paper model-pair tables, Appendix Table 8, and frozen IRM screen; both pair families and the RM-DeBERTa comparator have a paper AUROC >=0.90 slice, while the best downloadable IRM pair measured 0.9436 versus Binoculars 0.9595	Named submitted/proposed/fitted configuration with a threshold metric or explicit high-performance result in the cited full-text table scope.	https://arxiv.org/abs/2604.21223	The best model pair is gated and the strongest anonymous pair trails stored Binoculars on the frozen local rows.	runnable_control	information-ratio metric from the named observer/performer model pair. The best model pair is gated and the strongest anonymous pair trails stored Binoculars on the frozen local rows.	Full-text source 2604.21223
2604.21223	2604.21223:reward-model-deberta	OpenAssistant RM-DeBERTa-v3-large-v2 comparator	OpenAssistant RM-DeBERTa-v3-large-v2 comparator	Appendix Table 8 reports OpenAssistant RM-DeBERTa-v3-large-v2 at 95.49% AUROC on the Writing domain but only 73.08% average AUROC and 65.01% average F1.	Appendix Table 8 reports OpenAssistant RM-DeBERTa-v3-large-v2 at 95.49% AUROC on the Writing domain but only 73.08% average AUROC and 65.01% average F1.	Named submitted/proposed/fitted configuration with a threshold metric or explicit high-performance result in the cited full-text table scope.	https://arxiv.org/abs/2604.21223	The public reward-model checkpoint is runnable, but one high specialist-domain cell beside a weak aggregate supplies no general low-FPR calibration, matched Binoculars/FastDetectGPT comparison, or fixed A6000 timing.	retain_reject	the public OpenAssistant DeBERTa-v3-large reward model used directly as a machine-text score. The public reward-model checkpoint is runnable, but one high specialist-domain cell beside a weak aggregate supplies no general low-FPR calibration, matched Binoculars/FastDetectGPT comparison, or fixed A6000 timing.	Full-text source 2604.21223
2604.16923	2604.16923:entropy	Entropy	Entropy	Tables 1-2, 5, 6, and 14; every listed baseline, alignment score, LAPD model-pair state, or qualifying supervised comparator has AUROC >=0.90 on a dataset/generator cell, while averages and low-FPR evidence vary	Tables 1-2, 5, 6, and 14; every listed baseline, alignment score, LAPD model-pair state, or qualifying supervised comparator has AUROC >=0.90 on a dataset/generator cell, while averages and low-FPR evidence vary	Named submitted/proposed/fitted configuration with a threshold metric or explicit high-performance result in the cited full-text table scope.	https://arxiv.org/abs/2604.16923	This is an existing comparator rather than a new detector state; the LAPD paper supplies no new released artifact or fixed low-FPR, cross-distribution, and two-A6000 superiority evidence for it.	retain_reject	mean token entropy under the paper's scoring model. This is an existing comparator rather than a new detector state; the LAPD paper supplies no new released artifact or fixed low-FPR, cross-distribution, and two-A6000 superiority evidence for it.	Full-text source 2604.16923
2604.16923	2604.16923:likelihood	Likelihood	Likelihood	Tables 1-2, 5, 6, and 14; every listed baseline, alignment score, LAPD model-pair state, or qualifying supervised comparator has AUROC >=0.90 on a dataset/generator cell, while averages and low-FPR evidence vary	Tables 1-2, 5, 6, and 14; every listed baseline, alignment score, LAPD model-pair state, or qualifying supervised comparator has AUROC >=0.90 on a dataset/generator cell, while averages and low-FPR evidence vary	Named submitted/proposed/fitted configuration with a threshold metric or explicit high-performance result in the cited full-text table scope.	https://arxiv.org/abs/2604.16923	This is an existing comparator rather than a new detector state; the LAPD paper supplies no new released artifact or fixed low-FPR, cross-distribution, and two-A6000 superiority evidence for it.	retain_reject	mean token log-likelihood under the paper's scoring model. This is an existing comparator rather than a new detector state; the LAPD paper supplies no new released artifact or fixed low-FPR, cross-distribution, and two-A6000 superiority evidence for it.	Full-text source 2604.16923
2604.16923	2604.16923:logrank	LogRank	LogRank	Tables 1-2, 5, 6, and 14; every listed baseline, alignment score, LAPD model-pair state, or qualifying supervised comparator has AUROC >=0.90 on a dataset/generator cell, while averages and low-FPR evidence vary	Tables 1-2, 5, 6, and 14; every listed baseline, alignment score, LAPD model-pair state, or qualifying supervised comparator has AUROC >=0.90 on a dataset/generator cell, while averages and low-FPR evidence vary	Named submitted/proposed/fitted configuration with a threshold metric or explicit high-performance result in the cited full-text table scope.	https://arxiv.org/abs/2604.16923	This is an existing comparator rather than a new detector state; the LAPD paper supplies no new released artifact or fixed low-FPR, cross-distribution, and two-A6000 superiority evidence for it.	retain_reject	mean token log-rank under the paper's scoring model. This is an existing comparator rather than a new detector state; the LAPD paper supplies no new released artifact or fixed low-FPR, cross-distribution, and two-A6000 superiority evidence for it.	Full-text source 2604.16923
2604.16923	2604.16923:fastdetectgpt	FastDetectGPT	FastDetectGPT	Tables 1-2, 5, 6, and 14; every listed baseline, alignment score, LAPD model-pair state, or qualifying supervised comparator has AUROC >=0.90 on a dataset/generator cell, while averages and low-FPR evidence vary	Tables 1-2, 5, 6, and 14; every listed baseline, alignment score, LAPD model-pair state, or qualifying supervised comparator has AUROC >=0.90 on a dataset/generator cell, while averages and low-FPR evidence vary	Named submitted/proposed/fitted configuration with a threshold metric or explicit high-performance result in the cited full-text table scope.	https://arxiv.org/abs/2604.16923	This is an existing comparator rather than a new detector state; the LAPD paper supplies no new released artifact or fixed low-FPR, cross-distribution, and two-A6000 superiority evidence for it.	retain_reject	the FastDetectGPT conditional-probability-curvature statistic. This is an existing comparator rather than a new detector state; the LAPD paper supplies no new released artifact or fixed low-FPR, cross-distribution, and two-A6000 superiority evidence for it.	Full-text source 2604.16923
2604.16923	2604.16923:lastde-plus	Lastde++	Lastde++	Tables 1-2, 5, 6, and 14; every listed baseline, alignment score, LAPD model-pair state, or qualifying supervised comparator has AUROC >=0.90 on a dataset/generator cell, while averages and low-FPR evidence vary	Tables 1-2, 5, 6, and 14; every listed baseline, alignment score, LAPD model-pair state, or qualifying supervised comparator has AUROC >=0.90 on a dataset/generator cell, while averages and low-FPR evidence vary	Named submitted/proposed/fitted configuration with a threshold metric or explicit high-performance result in the cited full-text table scope.	https://arxiv.org/abs/2604.16923	This is an existing comparator rather than a new detector state; the LAPD paper supplies no new released artifact or fixed low-FPR, cross-distribution, and two-A6000 superiority evidence for it.	retain_reject	the Lastde++ local-subsequence statistic over token-probability series. This is an existing comparator rather than a new detector state; the LAPD paper supplies no new released artifact or fixed low-FPR, cross-distribution, and two-A6000 superiority evidence for it.	Full-text source 2604.16923
2604.16923	2604.16923:binoculars	Binoculars	Binoculars	Tables 1-2, 5, 6, and 14; every listed baseline, alignment score, LAPD model-pair state, or qualifying supervised comparator has AUROC >=0.90 on a dataset/generator cell, while averages and low-FPR evidence vary	Tables 1-2, 5, 6, and 14; every listed baseline, alignment score, LAPD model-pair state, or qualifying supervised comparator has AUROC >=0.90 on a dataset/generator cell, while averages and low-FPR evidence vary	Named submitted/proposed/fitted configuration with a threshold metric or explicit high-performance result in the cited full-text table scope.	https://arxiv.org/abs/2604.16923	This is the existing DW1 incumbent used as a paper comparator, not a newly promoted candidate.	retain_reject	the Binoculars cross-model perplexity-ratio statistic. This is the existing DW1 incumbent used as a paper comparator, not a newly promoted candidate.	Full-text source 2604.16923
2604.16923	2604.16923:dna-detectllm	DNA-DetectLLM	DNA-DetectLLM	Tables 1-2, 5, 6, and 14; every listed baseline, alignment score, LAPD model-pair state, or qualifying supervised comparator has AUROC >=0.90 on a dataset/generator cell, while averages and low-FPR evidence vary	Tables 1-2, 5, 6, and 14; every listed baseline, alignment score, LAPD model-pair state, or qualifying supervised comparator has AUROC >=0.90 on a dataset/generator cell, while averages and low-FPR evidence vary	Named submitted/proposed/fitted configuration with a threshold metric or explicit high-performance result in the cited full-text table scope.	https://arxiv.org/abs/2604.16923	Inference constructs a generated ideal sequence, so it violates the no-regeneration boundary.	exclude_regeneration	DNA-DetectLLM discrepancy scoring against a generated ideal sequence. Inference constructs a generated ideal sequence, so it violates the no-regeneration boundary.	Full-text source 2604.16923
2604.16923	2604.16923:remodetect	ReMoDetect	ReMoDetect	Table 14: ReMoDetect reaches 92.18% AUROC on RealDet but only 80.82% on average over the five benchmark columns.	Table 14: ReMoDetect reaches 92.18% AUROC on RealDet but only 80.82% on average over the five benchmark columns.	Named submitted/proposed/fitted configuration with a threshold metric or explicit high-performance result in the cited full-text table scope.	https://arxiv.org/abs/2604.16923	Only the RealDet cell crosses 0.90; the five-column average is much lower and the LAPD paper supplies no new frozen comparator state or like-for-like two-A6000 timing evidence.	retain_reject	the training-dependent ReMoDetect reward-model detector for aligned-model generations. Only the RealDet cell crosses 0.90; the five-column average is much lower and the LAPD paper supplies no new frozen comparator state or like-for-like two-A6000 timing evidence.	Full-text source 2604.16923
2604.16923	2604.16923:imbd	ImBD	ImBD	Table 14: ImBD reaches 92.12% AUROC on RealDet but only 83.27% on average over the five benchmark columns.	Table 14: ImBD reaches 92.12% AUROC on RealDet but only 83.27% on average over the five benchmark columns.	Named submitted/proposed/fitted configuration with a threshold metric or explicit high-performance result in the cited full-text table scope.	https://arxiv.org/abs/2604.16923	Only the RealDet cell crosses 0.90; the five-column average is much lower and the LAPD paper supplies no new frozen comparator state or like-for-like two-A6000 timing evidence.	retain_reject	the ImBD proxy language model fine-tuned toward machine-text preference. Only the RealDet cell crosses 0.90; the five-column average is much lower and the LAPD paper supplies no new frozen comparator state or like-for-like two-A6000 timing evidence.	Full-text source 2604.16923
2604.16923	2604.16923:rai	RAI preference-discrepancy score	RAI preference-discrepancy score	Tables 1-2, 5, 6, and 14; every listed baseline, alignment score, LAPD model-pair state, or qualifying supervised comparator has AUROC >=0.90 on a dataset/generator cell, while averages and low-FPR evidence vary	Tables 1-2, 5, 6, and 14; every listed baseline, alignment score, LAPD model-pair state, or qualifying supervised comparator has AUROC >=0.90 on a dataset/generator cell, while averages and low-FPR evidence vary	Named submitted/proposed/fitted configuration with a threshold metric or explicit high-performance result in the cited full-text table scope.	https://arxiv.org/abs/2604.16923	This paper-specific ablation supplies no frozen low-FPR and two-A6000 evidence showing an accuracy improvement over the incumbent.	retain_reject	the raw log-likelihood ratio between aligned and base models before LAPD standardization. This paper-specific ablation supplies no frozen low-FPR and two-A6000 evidence showing an accuracy improvement over the incumbent.	Full-text source 2604.16923
2604.16923	2604.16923:s-score	Alignment-imprint S score	Alignment-imprint S score	Tables 1-2, 5, 6, and 14; every listed baseline, alignment score, LAPD model-pair state, or qualifying supervised comparator has AUROC >=0.90 on a dataset/generator cell, while averages and low-FPR evidence vary	Tables 1-2, 5, 6, and 14; every listed baseline, alignment score, LAPD model-pair state, or qualifying supervised comparator has AUROC >=0.90 on a dataset/generator cell, while averages and low-FPR evidence vary	Named submitted/proposed/fitted configuration with a threshold metric or explicit high-performance result in the cited full-text table scope.	https://arxiv.org/abs/2604.16923	This paper-specific ablation supplies no frozen low-FPR and two-A6000 evidence showing an accuracy improvement over the incumbent.	retain_reject	the information-weighted alignment-imprint sum before LAPD standardization. This paper-specific ablation supplies no frozen low-FPR and two-A6000 evidence showing an accuracy improvement over the incumbent.	Full-text source 2604.16923
2604.16923	2604.16923:lapd-llama2	LAPD Llama-2 model pair	LAPD Llama-2 model pair	Tables 1-2, 5, 6, and 14; every listed baseline, alignment score, LAPD model-pair state, or qualifying supervised comparator has AUROC >=0.90 on a dataset/generator cell, while averages and low-FPR evidence vary	Tables 1-2, 5, 6, and 14; every listed baseline, alignment score, LAPD model-pair state, or qualifying supervised comparator has AUROC >=0.90 on a dataset/generator cell, while averages and low-FPR evidence vary	Named submitted/proposed/fitted configuration with a threshold metric or explicit high-performance result in the cited full-text table scope.	https://arxiv.org/abs/2604.16923	Its standardization draws 10,000 categorical auxiliary samples per token, violating the strict multi-perturbation constraint.	exclude_multi_perturbation	LAPD standardized information-weighted alignment imprint with the Llama-2 observer/performer pair. Its standardization draws 10,000 categorical auxiliary samples per token, violating the strict multi-perturbation constraint.	Full-text source 2604.16923
2604.16923	2604.16923:lapd-falcon	LAPD Falcon model pair	LAPD Falcon model pair	Tables 1-2, 5, 6, and 14; every listed baseline, alignment score, LAPD model-pair state, or qualifying supervised comparator has AUROC >=0.90 on a dataset/generator cell, while averages and low-FPR evidence vary	Tables 1-2, 5, 6, and 14; every listed baseline, alignment score, LAPD model-pair state, or qualifying supervised comparator has AUROC >=0.90 on a dataset/generator cell, while averages and low-FPR evidence vary	Named submitted/proposed/fitted configuration with a threshold metric or explicit high-performance result in the cited full-text table scope.	https://arxiv.org/abs/2604.16923	Its standardization draws 10,000 categorical auxiliary samples per token, violating the strict multi-perturbation constraint.	exclude_multi_perturbation	LAPD standardized information-weighted alignment imprint with the Falcon observer/performer pair. Its standardization draws 10,000 categorical auxiliary samples per token, violating the strict multi-perturbation constraint.	Full-text source 2604.16923
2604.16923	2604.16923:lapd-gptj	LAPD GPT-J model pair	LAPD GPT-J model pair	Tables 1-2, 5, 6, and 14; every listed baseline, alignment score, LAPD model-pair state, or qualifying supervised comparator has AUROC >=0.90 on a dataset/generator cell, while averages and low-FPR evidence vary	Tables 1-2, 5, 6, and 14; every listed baseline, alignment score, LAPD model-pair state, or qualifying supervised comparator has AUROC >=0.90 on a dataset/generator cell, while averages and low-FPR evidence vary	Named submitted/proposed/fitted configuration with a threshold metric or explicit high-performance result in the cited full-text table scope.	https://arxiv.org/abs/2604.16923	Its standardization draws 10,000 categorical auxiliary samples per token, violating the strict multi-perturbation constraint.	exclude_multi_perturbation	LAPD standardized information-weighted alignment imprint with the GPT-J observer/performer pair. Its standardization draws 10,000 categorical auxiliary samples per token, violating the strict multi-perturbation constraint.	Full-text source 2604.16923
2604.16923	2604.16923:lapd-llama31	LAPD Llama-3.1 model pair	LAPD Llama-3.1 model pair	Tables 1-2, 5, 6, and 14; every listed baseline, alignment score, LAPD model-pair state, or qualifying supervised comparator has AUROC >=0.90 on a dataset/generator cell, while averages and low-FPR evidence vary	Tables 1-2, 5, 6, and 14; every listed baseline, alignment score, LAPD model-pair state, or qualifying supervised comparator has AUROC >=0.90 on a dataset/generator cell, while averages and low-FPR evidence vary	Named submitted/proposed/fitted configuration with a threshold metric or explicit high-performance result in the cited full-text table scope.	https://arxiv.org/abs/2604.16923	Its standardization draws 10,000 categorical auxiliary samples per token, violating the strict multi-perturbation constraint.	exclude_multi_perturbation	LAPD standardized information-weighted alignment imprint with the Llama-3.1 observer/performer pair. Its standardization draws 10,000 categorical auxiliary samples per token, violating the strict multi-perturbation constraint.	Full-text source 2604.16923
2604.04932	2604.04932:roberta	RoBERTa	RoBERTa	Tables 2-4; every listed baseline, RACE state, ablation, or parser configuration has AUROC, accuracy, or class F1 >=0.90 on a creator/editor slice of the four-way task	Tables 2-4; every listed baseline, RACE state, ablation, or parser configuration has AUROC, accuracy, or class F1 >=0.90 on a creator/editor slice of the four-way task	Named submitted/proposed/fitted configuration with a threshold metric or explicit high-performance result in the cited full-text table scope.	https://arxiv.org/abs/2604.04932	The comparative claim concerns four-class creator/editor attribution, not the fixed binary general-document task.	reject_scope	named supervised four-way creator/editor classifier or RACE graph/parser ablation. The comparative claim concerns four-class creator/editor attribution, not the fixed binary general-document task.	Full-text source 2604.04932
2604.04932	2604.04932:roberta-dann	RoBERTa-DANN	RoBERTa-DANN	Tables 2-4; every listed baseline, RACE state, ablation, or parser configuration has AUROC, accuracy, or class F1 >=0.90 on a creator/editor slice of the four-way task	Tables 2-4; every listed baseline, RACE state, ablation, or parser configuration has AUROC, accuracy, or class F1 >=0.90 on a creator/editor slice of the four-way task	Named submitted/proposed/fitted configuration with a threshold metric or explicit high-performance result in the cited full-text table scope.	https://arxiv.org/abs/2604.04932	The comparative claim concerns four-class creator/editor attribution, not the fixed binary general-document task.	reject_scope	named supervised four-way creator/editor classifier or RACE graph/parser ablation. The comparative claim concerns four-class creator/editor attribution, not the fixed binary general-document task.	Full-text source 2604.04932
2604.04932	2604.04932:coco	CoCo	CoCo	Tables 2-4; every listed baseline, RACE state, ablation, or parser configuration has AUROC, accuracy, or class F1 >=0.90 on a creator/editor slice of the four-way task	Tables 2-4; every listed baseline, RACE state, ablation, or parser configuration has AUROC, accuracy, or class F1 >=0.90 on a creator/editor slice of the four-way task	Named submitted/proposed/fitted configuration with a threshold metric or explicit high-performance result in the cited full-text table scope.	https://arxiv.org/abs/2604.04932	The comparative claim concerns four-class creator/editor attribution, not the fixed binary general-document task.	reject_scope	named supervised four-way creator/editor classifier or RACE graph/parser ablation. The comparative claim concerns four-class creator/editor attribution, not the fixed binary general-document task.	Full-text source 2604.04932
2604.04932	2604.04932:seqxgpt	SeqXGPT	SeqXGPT	Tables 2-4; every listed baseline, RACE state, ablation, or parser configuration has AUROC, accuracy, or class F1 >=0.90 on a creator/editor slice of the four-way task	Tables 2-4; every listed baseline, RACE state, ablation, or parser configuration has AUROC, accuracy, or class F1 >=0.90 on a creator/editor slice of the four-way task	Named submitted/proposed/fitted configuration with a threshold metric or explicit high-performance result in the cited full-text table scope.	https://arxiv.org/abs/2604.04932	The comparative claim concerns four-class creator/editor attribution, not the fixed binary general-document task.	reject_scope	named supervised four-way creator/editor classifier or RACE graph/parser ablation. The comparative claim concerns four-class creator/editor attribution, not the fixed binary general-document task.	Full-text source 2604.04932
2604.04932	2604.04932:detective	DeTeCtive	DeTeCtive	Tables 2-4; every listed baseline, RACE state, ablation, or parser configuration has AUROC, accuracy, or class F1 >=0.90 on a creator/editor slice of the four-way task	Tables 2-4; every listed baseline, RACE state, ablation, or parser configuration has AUROC, accuracy, or class F1 >=0.90 on a creator/editor slice of the four-way task	Named submitted/proposed/fitted configuration with a threshold metric or explicit high-performance result in the cited full-text table scope.	https://arxiv.org/abs/2604.04932	The comparative claim concerns four-class creator/editor attribution, not the fixed binary general-document task.	reject_scope	named supervised four-way creator/editor classifier or RACE graph/parser ablation. The comparative claim concerns four-class creator/editor attribution, not the fixed binary general-document task.	Full-text source 2604.04932
2604.04932	2604.04932:lf-motifs	LF-Motifs	LF-Motifs	Tables 2-4; every listed baseline, RACE state, ablation, or parser configuration has AUROC, accuracy, or class F1 >=0.90 on a creator/editor slice of the four-way task	Tables 2-4; every listed baseline, RACE state, ablation, or parser configuration has AUROC, accuracy, or class F1 >=0.90 on a creator/editor slice of the four-way task	Named submitted/proposed/fitted configuration with a threshold metric or explicit high-performance result in the cited full-text table scope.	https://arxiv.org/abs/2604.04932	The comparative claim concerns four-class creator/editor attribution, not the fixed binary general-document task.	reject_scope	named supervised four-way creator/editor classifier or RACE graph/parser ablation. The comparative claim concerns four-class creator/editor attribution, not the fixed binary general-document task.	Full-text source 2604.04932
2604.04932	2604.04932:race	RACE with IsaNLP parser	RACE with IsaNLP parser	Tables 2-4; every listed baseline, RACE state, ablation, or parser configuration has AUROC, accuracy, or class F1 >=0.90 on a creator/editor slice of the four-way task	Tables 2-4; every listed baseline, RACE state, ablation, or parser configuration has AUROC, accuracy, or class F1 >=0.90 on a creator/editor slice of the four-way task	Named submitted/proposed/fitted configuration with a threshold metric or explicit high-performance result in the cited full-text table scope.	https://arxiv.org/abs/2604.04932	The comparative claim concerns four-class creator/editor attribution, not the fixed binary general-document task.	reject_scope	named supervised four-way creator/editor classifier or RACE graph/parser ablation. The comparative claim concerns four-class creator/editor attribution, not the fixed binary general-document task.	Full-text source 2604.04932
2604.04932	2604.04932:race-no-cl	RACE without contrastive learning	RACE without contrastive learning	Tables 2-4; every listed baseline, RACE state, ablation, or parser configuration has AUROC, accuracy, or class F1 >=0.90 on a creator/editor slice of the four-way task	Tables 2-4; every listed baseline, RACE state, ablation, or parser configuration has AUROC, accuracy, or class F1 >=0.90 on a creator/editor slice of the four-way task	Named submitted/proposed/fitted configuration with a threshold metric or explicit high-performance result in the cited full-text table scope.	https://arxiv.org/abs/2604.04932	The comparative claim concerns four-class creator/editor attribution, not the fixed binary general-document task.	reject_scope	named supervised four-way creator/editor classifier or RACE graph/parser ablation. The comparative claim concerns four-class creator/editor attribution, not the fixed binary general-document task.	Full-text source 2604.04932
2604.04932	2604.04932:race-no-relation	RACE without relations	RACE without relations	Tables 2-4; every listed baseline, RACE state, ablation, or parser configuration has AUROC, accuracy, or class F1 >=0.90 on a creator/editor slice of the four-way task	Tables 2-4; every listed baseline, RACE state, ablation, or parser configuration has AUROC, accuracy, or class F1 >=0.90 on a creator/editor slice of the four-way task	Named submitted/proposed/fitted configuration with a threshold metric or explicit high-performance result in the cited full-text table scope.	https://arxiv.org/abs/2604.04932	The comparative claim concerns four-class creator/editor attribution, not the fixed binary general-document task.	reject_scope	named supervised four-way creator/editor classifier or RACE graph/parser ablation. The comparative claim concerns four-class creator/editor attribution, not the fixed binary general-document task.	Full-text source 2604.04932
2604.04932	2604.04932:race-no-rgcn	RACE without RGCN	RACE without RGCN	Tables 2-4; every listed baseline, RACE state, ablation, or parser configuration has AUROC, accuracy, or class F1 >=0.90 on a creator/editor slice of the four-way task	Tables 2-4; every listed baseline, RACE state, ablation, or parser configuration has AUROC, accuracy, or class F1 >=0.90 on a creator/editor slice of the four-way task	Named submitted/proposed/fitted configuration with a threshold metric or explicit high-performance result in the cited full-text table scope.	https://arxiv.org/abs/2604.04932	The comparative claim concerns four-class creator/editor attribution, not the fixed binary general-document task.	reject_scope	named supervised four-way creator/editor classifier or RACE graph/parser ablation. The comparative claim concerns four-class creator/editor attribution, not the fixed binary general-document task.	Full-text source 2604.04932
2604.04932	2604.04932:race-no-bottleneck	RACE without bottleneck	RACE without bottleneck	Tables 2-4; every listed baseline, RACE state, ablation, or parser configuration has AUROC, accuracy, or class F1 >=0.90 on a creator/editor slice of the four-way task	Tables 2-4; every listed baseline, RACE state, ablation, or parser configuration has AUROC, accuracy, or class F1 >=0.90 on a creator/editor slice of the four-way task	Named submitted/proposed/fitted configuration with a threshold metric or explicit high-performance result in the cited full-text table scope.	https://arxiv.org/abs/2604.04932	The comparative claim concerns four-class creator/editor attribution, not the fixed binary general-document task.	reject_scope	named supervised four-way creator/editor classifier or RACE graph/parser ablation. The comparative claim concerns four-class creator/editor attribution, not the fixed binary general-document task.	Full-text source 2604.04932
2604.04932	2604.04932:race-no-basis	RACE without basis decomposition	RACE without basis decomposition	Tables 2-4; every listed baseline, RACE state, ablation, or parser configuration has AUROC, accuracy, or class F1 >=0.90 on a creator/editor slice of the four-way task	Tables 2-4; every listed baseline, RACE state, ablation, or parser configuration has AUROC, accuracy, or class F1 >=0.90 on a creator/editor slice of the four-way task	Named submitted/proposed/fitted configuration with a threshold metric or explicit high-performance result in the cited full-text table scope.	https://arxiv.org/abs/2604.04932	The comparative claim concerns four-class creator/editor attribution, not the fixed binary general-document task.	reject_scope	named supervised four-way creator/editor classifier or RACE graph/parser ablation. The comparative claim concerns four-class creator/editor attribution, not the fixed binary general-document task.	Full-text source 2604.04932
2604.04932	2604.04932:race-dmrst	RACE with DMRST parser	RACE with DMRST parser	Tables 2-4; every listed baseline, RACE state, ablation, or parser configuration has AUROC, accuracy, or class F1 >=0.90 on a creator/editor slice of the four-way task	Tables 2-4; every listed baseline, RACE state, ablation, or parser configuration has AUROC, accuracy, or class F1 >=0.90 on a creator/editor slice of the four-way task	Named submitted/proposed/fitted configuration with a threshold metric or explicit high-performance result in the cited full-text table scope.	https://arxiv.org/abs/2604.04932	The comparative claim concerns four-class creator/editor attribution, not the fixed binary general-document task.	reject_scope	named supervised four-way creator/editor classifier or RACE graph/parser ablation. The comparative claim concerns four-class creator/editor attribution, not the fixed binary general-document task.	Full-text source 2604.04932
2604.02008	2604.02008:likelihood	Likelihood comparator	Likelihood comparator	Table III reports the unaligned Likelihood comparator at 0.907 AUROC on the GPT-3.5 slice but only 0.808 average on Mix8.	Table III reports the unaligned Likelihood comparator at 0.907 AUROC on the GPT-3.5 slice but only 0.808 average on Mix8.	Named submitted/proposed/fitted configuration with a threshold metric or explicit high-performance result in the cited full-text table scope.	https://arxiv.org/abs/2604.02008	This individually reported comparator or training-time proxy alignment supplies no new frozen detector state, transferable low-FPR calibration, or fixed two-A6000 near-Binoculars timing sufficient for promotion.	retain_reject	mean token likelihood under the scoring language model. This individually reported comparator or training-time proxy alignment supplies no new frozen detector state, transferable low-FPR calibration, or fixed two-A6000 near-Binoculars timing sufficient for promotion.	Full-text source 2604.02008
2604.02008	2604.02008:logrank	LogRank comparator	LogRank comparator	Table III reports the unaligned LogRank comparator at 0.906 AUROC on GPT-3.5 and 0.904 on Gemini-1.5 Pro but only 0.808 average on Mix8.	Table III reports the unaligned LogRank comparator at 0.906 AUROC on GPT-3.5 and 0.904 on Gemini-1.5 Pro but only 0.808 average on Mix8.	Named submitted/proposed/fitted configuration with a threshold metric or explicit high-performance result in the cited full-text table scope.	https://arxiv.org/abs/2604.02008	This individually reported comparator or training-time proxy alignment supplies no new frozen detector state, transferable low-FPR calibration, or fixed two-A6000 near-Binoculars timing sufficient for promotion.	retain_reject	mean token log-rank under the scoring language model. This individually reported comparator or training-time proxy alignment supplies no new frozen detector state, transferable low-FPR calibration, or fixed two-A6000 near-Binoculars timing sufficient for promotion.	Full-text source 2604.02008
2604.02008	2604.02008:fastdetectgpt	FastDetectGPT comparator	FastDetectGPT comparator	Table III reports unaligned FastDetectGPT at 0.900-0.955 on four Mix8 source slices and 0.893 average.	Table III reports unaligned FastDetectGPT at 0.900-0.955 on four Mix8 source slices and 0.893 average.	Named submitted/proposed/fitted configuration with a threshold metric or explicit high-performance result in the cited full-text table scope.	https://arxiv.org/abs/2604.02008	This individually reported comparator or training-time proxy alignment supplies no new frozen detector state, transferable low-FPR calibration, or fixed two-A6000 near-Binoculars timing sufficient for promotion.	retain_reject	the FastDetectGPT conditional-probability-curvature statistic. This individually reported comparator or training-time proxy alignment supplies no new frozen detector state, transferable low-FPR calibration, or fixed two-A6000 near-Binoculars timing sufficient for promotion.	Full-text source 2604.02008
2604.02008	2604.02008:binoculars	Binoculars comparator	Binoculars comparator	Table III reports unaligned Binoculars at 0.920-0.994 across the eight Mix8 source slices and 0.974 average.	Table III reports unaligned Binoculars at 0.920-0.994 across the eight Mix8 source slices and 0.974 average.	Named submitted/proposed/fitted configuration with a threshold metric or explicit high-performance result in the cited full-text table scope.	https://arxiv.org/abs/2604.02008	This is the existing DW1 incumbent used as a paper comparator, not a newly promoted candidate.	retain_reject	the Binoculars cross-model perplexity-ratio statistic. This is the existing DW1 incumbent used as a paper comparator, not a newly promoted candidate.	Full-text source 2604.02008
2604.02008	2604.02008:fastdetectgpt-dald	FastDetectGPT+DALD	FastDetectGPT+DALD	Table III reports FastDetectGPT+DALD at 0.923 average AUROC on Mix8, with source-specific values from 0.811 to 0.981.	Table III reports FastDetectGPT+DALD at 0.923 average AUROC on Mix8, with source-specific values from 0.811 to 0.981.	Named submitted/proposed/fitted configuration with a threshold metric or explicit high-performance result in the cited full-text table scope.	https://arxiv.org/abs/2604.02008	This individually reported comparator or training-time proxy alignment supplies no new frozen detector state, transferable low-FPR calibration, or fixed two-A6000 near-Binoculars timing sufficient for promotion.	retain_reject	FastDetectGPT after DALD supervised fine-tuning aligns the proxy on proprietary-LLM outputs before inference. This individually reported comparator or training-time proxy alignment supplies no new frozen detector state, transferable low-FPR calibration, or fixed two-A6000 near-Binoculars timing sufficient for promotion.	Full-text source 2604.02008
2604.02008	2604.02008:fastdetectgpt-glimpse-gpt4-geometric	FastDetectGPT+Glimpse GPT-4 geometric	FastDetectGPT+Glimpse GPT-4 geometric	Table III reports FastDetectGPT+Glimpse with the GPT-4 API and geometric reconstruction at 0.895-0.982 AUROC on the five available Mix8 source slices; three cells are unavailable.	Table III reports FastDetectGPT+Glimpse with the GPT-4 API and geometric reconstruction at 0.895-0.982 AUROC on the five available Mix8 source slices; three cells are unavailable.	Named submitted/proposed/fitted configuration with a threshold metric or explicit high-performance result in the cited full-text table scope.	https://arxiv.org/abs/2604.02008	This state depends on a proprietary model's hosted top-k probability API; the paper says GPT-4 no longer exposes those probabilities, and no frozen service state, portable calibration, or A6000 deployment exists.	commercial_closed	FastDetectGPT after geometric full-distribution reconstruction from GPT-4 API top-k probabilities. This state depends on a proprietary model's hosted top-k probability API; the paper says GPT-4 no longer exposes those probabilities, and no frozen service state, portable calibration, or A6000 deployment exists.	Full-text source 2604.02008
2604.02008	2604.02008:fastdetectgpt-glimpse-gpt4-zipfian	FastDetectGPT+Glimpse GPT-4 Zipfian	FastDetectGPT+Glimpse GPT-4 Zipfian	Table III reports FastDetectGPT+Glimpse with the GPT-4 API and Zipfian reconstruction at 0.899-0.979 AUROC on the five available Mix8 source slices; three cells are unavailable.	Table III reports FastDetectGPT+Glimpse with the GPT-4 API and Zipfian reconstruction at 0.899-0.979 AUROC on the five available Mix8 source slices; three cells are unavailable.	Named submitted/proposed/fitted configuration with a threshold metric or explicit high-performance result in the cited full-text table scope.	https://arxiv.org/abs/2604.02008	This state depends on a proprietary model's hosted top-k probability API; the paper says GPT-4 no longer exposes those probabilities, and no frozen service state, portable calibration, or A6000 deployment exists.	commercial_closed	FastDetectGPT after Zipfian full-distribution reconstruction from GPT-4 API top-k probabilities. This state depends on a proprietary model's hosted top-k probability API; the paper says GPT-4 no longer exposes those probabilities, and no frozen service state, portable calibration, or A6000 deployment exists.	Full-text source 2604.02008
2604.02008	2604.02008:fastdetectgpt-glimpse-gpt4-mlp	FastDetectGPT+Glimpse GPT-4 MLP	FastDetectGPT+Glimpse GPT-4 MLP	Table III reports FastDetectGPT+Glimpse with the GPT-4 API and MLP reconstruction at 0.900-0.981 AUROC on the five available Mix8 source slices; three cells are unavailable.	Table III reports FastDetectGPT+Glimpse with the GPT-4 API and MLP reconstruction at 0.900-0.981 AUROC on the five available Mix8 source slices; three cells are unavailable.	Named submitted/proposed/fitted configuration with a threshold metric or explicit high-performance result in the cited full-text table scope.	https://arxiv.org/abs/2604.02008	This state depends on a proprietary model's hosted top-k probability API; the paper says GPT-4 no longer exposes those probabilities, and no frozen service state, portable calibration, or A6000 deployment exists.	commercial_closed	FastDetectGPT after learned-MLP full-distribution reconstruction from GPT-4 API top-k probabilities. This state depends on a proprietary model's hosted top-k probability API; the paper says GPT-4 no longer exposes those probabilities, and no frozen service state, portable calibration, or A6000 deployment exists.	Full-text source 2604.02008
2604.02008	2604.02008:fastdetectgpt-glimpse-davinci-geometric	FastDetectGPT+Glimpse DaVinci-002 geometric	FastDetectGPT+Glimpse DaVinci-002 geometric	Table III reports FastDetectGPT+Glimpse with the DaVinci-002 API and geometric reconstruction at 0.930 average AUROC on Mix8.	Table III reports FastDetectGPT+Glimpse with the DaVinci-002 API and geometric reconstruction at 0.930 average AUROC on Mix8.	Named submitted/proposed/fitted configuration with a threshold metric or explicit high-performance result in the cited full-text table scope.	https://arxiv.org/abs/2604.02008	This state depends on a proprietary model's hosted top-k probability API; the paper says GPT-4 no longer exposes those probabilities, and no frozen service state, portable calibration, or A6000 deployment exists.	commercial_closed	FastDetectGPT after geometric full-distribution reconstruction from DaVinci-002 API top-k probabilities. This state depends on a proprietary model's hosted top-k probability API; the paper says GPT-4 no longer exposes those probabilities, and no frozen service state, portable calibration, or A6000 deployment exists.	Full-text source 2604.02008
2604.02008	2604.02008:binoculars-dald	Binoculars+DALD	Binoculars+DALD	Table III reports Binoculars+DALD at 0.866 average AUROC on Mix8 despite individual source cells up to 0.960.	Table III reports Binoculars+DALD at 0.866 average AUROC on Mix8 despite individual source cells up to 0.960.	Named submitted/proposed/fitted configuration with a threshold metric or explicit high-performance result in the cited full-text table scope.	https://arxiv.org/abs/2604.02008	This individually reported comparator or training-time proxy alignment supplies no new frozen detector state, transferable low-FPR calibration, or fixed two-A6000 near-Binoculars timing sufficient for promotion.	retain_reject	Binoculars using a DALD proxy fine-tuned on proprietary-LLM outputs before inference. This individually reported comparator or training-time proxy alignment supplies no new frozen detector state, transferable low-FPR calibration, or fixed two-A6000 near-Binoculars timing sufficient for promotion.	Full-text source 2604.02008
2604.02008	2604.02008:likelihood-knnproxy	Likelihood+kNNProxy	Likelihood+kNNProxy	Tables III-V; every aligned/routed detector has AUROC or F1 >=0.90 on a Mix8/DetectRL cell and uses retained proxy/reference material	Tables III-V; every aligned/routed detector has AUROC or F1 >=0.90 on a Mix8/DetectRL cell and uses retained proxy/reference material	Named submitted/proposed/fitted configuration with a threshold metric or explicit high-performance result in the cited full-text table scope.	https://arxiv.org/abs/2604.02008	The defining proxy alignment uses k-nearest-neighbor lookup, violating the no-retrieval constraint.	exclude_retrieval	named detector aligned by nearest-neighbor proxy lookup or routed among retained proxy corpora. The defining proxy alignment uses k-nearest-neighbor lookup, violating the no-retrieval constraint.	Full-text source 2604.02008
2604.02008	2604.02008:fastdetectgpt-knnproxy	FastDetectGPT+kNNProxy	FastDetectGPT+kNNProxy	Tables III-V; every aligned/routed detector has AUROC or F1 >=0.90 on a Mix8/DetectRL cell and uses retained proxy/reference material	Tables III-V; every aligned/routed detector has AUROC or F1 >=0.90 on a Mix8/DetectRL cell and uses retained proxy/reference material	Named submitted/proposed/fitted configuration with a threshold metric or explicit high-performance result in the cited full-text table scope.	https://arxiv.org/abs/2604.02008	The defining proxy alignment uses k-nearest-neighbor lookup, violating the no-retrieval constraint.	exclude_retrieval	named detector aligned by nearest-neighbor proxy lookup or routed among retained proxy corpora. The defining proxy alignment uses k-nearest-neighbor lookup, violating the no-retrieval constraint.	Full-text source 2604.02008
2604.02008	2604.02008:binoculars-knnproxy	Binoculars+kNNProxy	Binoculars+kNNProxy	Tables III-V; every aligned/routed detector has AUROC or F1 >=0.90 on a Mix8/DetectRL cell and uses retained proxy/reference material	Tables III-V; every aligned/routed detector has AUROC or F1 >=0.90 on a Mix8/DetectRL cell and uses retained proxy/reference material	Named submitted/proposed/fitted configuration with a threshold metric or explicit high-performance result in the cited full-text table scope.	https://arxiv.org/abs/2604.02008	The defining proxy alignment uses k-nearest-neighbor lookup, violating the no-retrieval constraint.	exclude_retrieval	named detector aligned by nearest-neighbor proxy lookup or routed among retained proxy corpora. The defining proxy alignment uses k-nearest-neighbor lookup, violating the no-retrieval constraint.	Full-text source 2604.02008
2604.02008	2604.02008:fastdetectgpt-mop	FastDetectGPT+MoP	FastDetectGPT+MoP	Tables III-V; every aligned/routed detector has AUROC or F1 >=0.90 on a Mix8/DetectRL cell and uses retained proxy/reference material	Tables III-V; every aligned/routed detector has AUROC or F1 >=0.90 on a Mix8/DetectRL cell and uses retained proxy/reference material	Named submitted/proposed/fitted configuration with a threshold metric or explicit high-performance result in the cited full-text table scope.	https://arxiv.org/abs/2604.02008	The defining proxy alignment uses k-nearest-neighbor lookup, violating the no-retrieval constraint.	exclude_retrieval	named detector aligned by nearest-neighbor proxy lookup or routed among retained proxy corpora. The defining proxy alignment uses k-nearest-neighbor lookup, violating the no-retrieval constraint.	Full-text source 2604.02008
2604.02008	2604.02008:binoculars-mop	Binoculars+MoP	Binoculars+MoP	Tables III-V; every aligned/routed detector has AUROC or F1 >=0.90 on a Mix8/DetectRL cell and uses retained proxy/reference material	Tables III-V; every aligned/routed detector has AUROC or F1 >=0.90 on a Mix8/DetectRL cell and uses retained proxy/reference material	Named submitted/proposed/fitted configuration with a threshold metric or explicit high-performance result in the cited full-text table scope.	https://arxiv.org/abs/2604.02008	The defining proxy alignment uses k-nearest-neighbor lookup, violating the no-retrieval constraint.	exclude_retrieval	named detector aligned by nearest-neighbor proxy lookup or routed among retained proxy corpora. The defining proxy alignment uses k-nearest-neighbor lookup, violating the no-retrieval constraint.	Full-text source 2604.02008
2603.24981	2603.24981:biscope	BiScope	BiScope	Tables 1-2; every listed baseline, Exons repair/amplification state, and model pair reaches AUROC >=0.90 on an M4, RAID, or RealDet cell	Tables 1-2; every listed baseline, Exons repair/amplification state, and model pair reaches AUROC >=0.90 on an M4, RAID, or RealDet cell	Named submitted/proposed/fitted configuration with a threshold metric or explicit high-performance result in the cited full-text table scope.	https://arxiv.org/abs/2603.24981	This is an existing comparison detector, not the Exons mutation-repair pipeline; the paper supplies no new frozen low-FPR state or fixed two-A6000 superiority evidence for it.	retain_reject	the BiScope zero-shot comparison statistic. This is an existing comparison detector, not the Exons mutation-repair pipeline; the paper supplies no new frozen low-FPR state or fixed two-A6000 superiority evidence for it.	Full-text source 2603.24981
2603.24981	2603.24981:fastdetectgpt	FastDetectGPT	FastDetectGPT	Tables 1-2; every listed baseline, Exons repair/amplification state, and model pair reaches AUROC >=0.90 on an M4, RAID, or RealDet cell	Tables 1-2; every listed baseline, Exons repair/amplification state, and model pair reaches AUROC >=0.90 on an M4, RAID, or RealDet cell	Named submitted/proposed/fitted configuration with a threshold metric or explicit high-performance result in the cited full-text table scope.	https://arxiv.org/abs/2603.24981	This is an existing comparison detector, not the Exons mutation-repair pipeline; the paper supplies no new frozen low-FPR state or fixed two-A6000 superiority evidence for it.	retain_reject	the FastDetectGPT conditional-probability-curvature statistic. This is an existing comparison detector, not the Exons mutation-repair pipeline; the paper supplies no new frozen low-FPR state or fixed two-A6000 superiority evidence for it.	Full-text source 2603.24981
2603.24981	2603.24981:binoculars	Binoculars	Binoculars	Tables 1-2; every listed baseline, Exons repair/amplification state, and model pair reaches AUROC >=0.90 on an M4, RAID, or RealDet cell	Tables 1-2; every listed baseline, Exons repair/amplification state, and model pair reaches AUROC >=0.90 on an M4, RAID, or RealDet cell	Named submitted/proposed/fitted configuration with a threshold metric or explicit high-performance result in the cited full-text table scope.	https://arxiv.org/abs/2603.24981	This is the existing DW1 incumbent used as a paper comparator, not a newly promoted candidate.	retain_reject	the Binoculars cross-model perplexity-ratio statistic. This is the existing DW1 incumbent used as a paper comparator, not a newly promoted candidate.	Full-text source 2603.24981
2603.24981	2603.24981:lastde-plus	Lastde++	Lastde++	Tables 1-2; every listed baseline, Exons repair/amplification state, and model pair reaches AUROC >=0.90 on an M4, RAID, or RealDet cell	Tables 1-2; every listed baseline, Exons repair/amplification state, and model pair reaches AUROC >=0.90 on an M4, RAID, or RealDet cell	Named submitted/proposed/fitted configuration with a threshold metric or explicit high-performance result in the cited full-text table scope.	https://arxiv.org/abs/2603.24981	This is an existing comparison detector, not the Exons mutation-repair pipeline; the paper supplies no new frozen low-FPR state or fixed two-A6000 superiority evidence for it.	retain_reject	the Lastde++ local-subsequence statistic over token-probability series. This is an existing comparison detector, not the Exons mutation-repair pipeline; the paper supplies no new frozen low-FPR state or fixed two-A6000 superiority evidence for it.	Full-text source 2603.24981
2603.24981	2603.24981:irm	IRM	IRM	Tables 1-2; every listed baseline, Exons repair/amplification state, and model pair reaches AUROC >=0.90 on an M4, RAID, or RealDet cell	Tables 1-2; every listed baseline, Exons repair/amplification state, and model pair reaches AUROC >=0.90 on an M4, RAID, or RealDet cell	Named submitted/proposed/fitted configuration with a threshold metric or explicit high-performance result in the cited full-text table scope.	https://arxiv.org/abs/2603.24981	This is an existing comparison detector, not the Exons mutation-repair pipeline; the paper supplies no new frozen low-FPR state or fixed two-A6000 superiority evidence for it.	retain_reject	the IRM comparison detector with its stated model pair. This is an existing comparison detector, not the Exons mutation-repair pipeline; the paper supplies no new frozen low-FPR state or fixed two-A6000 superiority evidence for it.	Full-text source 2603.24981
2603.24981	2603.24981:dna-detectllm	DNA-DetectLLM	DNA-DetectLLM	Tables 1-2; every listed baseline, Exons repair/amplification state, and model pair reaches AUROC >=0.90 on an M4, RAID, or RealDet cell	Tables 1-2; every listed baseline, Exons repair/amplification state, and model pair reaches AUROC >=0.90 on an M4, RAID, or RealDet cell	Named submitted/proposed/fitted configuration with a threshold metric or explicit high-performance result in the cited full-text table scope.	https://arxiv.org/abs/2603.24981	The strong same-table AUROC requires an ideal-sequence mutation-repair term, violating the no-regeneration constraint.	exclude_regeneration	DNA-DetectLLM discrepancy scoring against a generated ideal sequence. The strong same-table AUROC requires an ideal-sequence mutation-repair term, violating the no-regeneration constraint.	Full-text source 2603.24981
2603.24981	2603.24981:exons-falcon	Exons-Detect Falcon model pair	Exons-Detect Falcon model pair	Tables 1-2; every listed baseline, Exons repair/amplification state, and model pair reaches AUROC >=0.90 on an M4, RAID, or RealDet cell	Tables 1-2; every listed baseline, Exons repair/amplification state, and model pair reaches AUROC >=0.90 on an M4, RAID, or RealDet cell	Named submitted/proposed/fitted configuration with a threshold metric or explicit high-performance result in the cited full-text table scope.	https://arxiv.org/abs/2603.24981	The strong same-table AUROC requires an ideal-sequence mutation-repair term, violating the no-regeneration constraint.	exclude_regeneration	named baseline or Exons hidden-state discrepancy with the specified repair/amplification/model-pair state. The strong same-table AUROC requires an ideal-sequence mutation-repair term, violating the no-regeneration constraint.	Full-text source 2603.24981
2603.24981	2603.24981:exons-no-repair	Exons-Detect without log-perplexity repair	Exons-Detect without log-perplexity repair	Tables 1-2; every listed baseline, Exons repair/amplification state, and model pair reaches AUROC >=0.90 on an M4, RAID, or RealDet cell	Tables 1-2; every listed baseline, Exons repair/amplification state, and model pair reaches AUROC >=0.90 on an M4, RAID, or RealDet cell	Named submitted/proposed/fitted configuration with a threshold metric or explicit high-performance result in the cited full-text table scope.	https://arxiv.org/abs/2603.24981	The strong same-table AUROC requires an ideal-sequence mutation-repair term, violating the no-regeneration constraint.	exclude_regeneration	named baseline or Exons hidden-state discrepancy with the specified repair/amplification/model-pair state. The strong same-table AUROC requires an ideal-sequence mutation-repair term, violating the no-regeneration constraint.	Full-text source 2603.24981
2603.24981	2603.24981:exons-no-g	Exons-Detect without exonic-token amplification	Exons-Detect without exonic-token amplification	Tables 1-2; every listed baseline, Exons repair/amplification state, and model pair reaches AUROC >=0.90 on an M4, RAID, or RealDet cell	Tables 1-2; every listed baseline, Exons repair/amplification state, and model pair reaches AUROC >=0.90 on an M4, RAID, or RealDet cell	Named submitted/proposed/fitted configuration with a threshold metric or explicit high-performance result in the cited full-text table scope.	https://arxiv.org/abs/2603.24981	The strong same-table AUROC requires an ideal-sequence mutation-repair term, violating the no-regeneration constraint.	exclude_regeneration	named baseline or Exons hidden-state discrepancy with the specified repair/amplification/model-pair state. The strong same-table AUROC requires an ideal-sequence mutation-repair term, violating the no-regeneration constraint.	Full-text source 2603.24981
2603.24981	2603.24981:exons-llama7b	Exons-Detect Llama-7B model pair	Exons-Detect Llama-7B model pair	Tables 1-2; every listed baseline, Exons repair/amplification state, and model pair reaches AUROC >=0.90 on an M4, RAID, or RealDet cell	Tables 1-2; every listed baseline, Exons repair/amplification state, and model pair reaches AUROC >=0.90 on an M4, RAID, or RealDet cell	Named submitted/proposed/fitted configuration with a threshold metric or explicit high-performance result in the cited full-text table scope.	https://arxiv.org/abs/2603.24981	The strong same-table AUROC requires an ideal-sequence mutation-repair term, violating the no-regeneration constraint.	exclude_regeneration	named baseline or Exons hidden-state discrepancy with the specified repair/amplification/model-pair state. The strong same-table AUROC requires an ideal-sequence mutation-repair term, violating the no-regeneration constraint.	Full-text source 2603.24981
2603.24981	2603.24981:exons-mistral	Exons-Detect Mistral model pair	Exons-Detect Mistral model pair	Tables 1-2; every listed baseline, Exons repair/amplification state, and model pair reaches AUROC >=0.90 on an M4, RAID, or RealDet cell	Tables 1-2; every listed baseline, Exons repair/amplification state, and model pair reaches AUROC >=0.90 on an M4, RAID, or RealDet cell	Named submitted/proposed/fitted configuration with a threshold metric or explicit high-performance result in the cited full-text table scope.	https://arxiv.org/abs/2603.24981	The strong same-table AUROC requires an ideal-sequence mutation-repair term, violating the no-regeneration constraint.	exclude_regeneration	named baseline or Exons hidden-state discrepancy with the specified repair/amplification/model-pair state. The strong same-table AUROC requires an ideal-sequence mutation-repair term, violating the no-regeneration constraint.	Full-text source 2603.24981
2603.24981	2603.24981:exons-llama32	Exons-Detect Llama-3.2 model pair	Exons-Detect Llama-3.2 model pair	Tables 1-2; every listed baseline, Exons repair/amplification state, and model pair reaches AUROC >=0.90 on an M4, RAID, or RealDet cell	Tables 1-2; every listed baseline, Exons repair/amplification state, and model pair reaches AUROC >=0.90 on an M4, RAID, or RealDet cell	Named submitted/proposed/fitted configuration with a threshold metric or explicit high-performance result in the cited full-text table scope.	https://arxiv.org/abs/2603.24981	The strong same-table AUROC requires an ideal-sequence mutation-repair term, violating the no-regeneration constraint.	exclude_regeneration	named baseline or Exons hidden-state discrepancy with the specified repair/amplification/model-pair state. The strong same-table AUROC requires an ideal-sequence mutation-repair term, violating the no-regeneration constraint.	Full-text source 2603.24981
2603.05617	2603.05617:stylometric	NOTAI stylometric classifier	NOTAI stylometric classifier	main classifier table; stylometric-only is explicitly competitive, curvature-only machine precision is 0.9417, and the full NOTAI ensemble reaches 0.9634 accuracy	main classifier table; stylometric-only is explicitly competitive, curvature-only machine precision is 0.9417, and the full NOTAI ensemble reaches 0.9634 accuracy	Named submitted/proposed/fitted configuration with a threshold metric or explicit high-performance result in the cited full-text table scope.	https://arxiv.org/abs/2603.05617	The explanatory FastDetectGPT ensemble lacks a frozen public detector state and like-for-like low-FPR and speed evidence.	retain_reject	stylometric classifier, conditional-curvature classifier, or their NOTAI probability ensemble. The explanatory FastDetectGPT ensemble lacks a frozen public detector state and like-for-like low-FPR and speed evidence.	Full-text source 2603.05617
2603.05617	2603.05617:curvature	NOTAI curvature classifier	NOTAI curvature classifier	main classifier table; stylometric-only is explicitly competitive, curvature-only machine precision is 0.9417, and the full NOTAI ensemble reaches 0.9634 accuracy	main classifier table; stylometric-only is explicitly competitive, curvature-only machine precision is 0.9417, and the full NOTAI ensemble reaches 0.9634 accuracy	Named submitted/proposed/fitted configuration with a threshold metric or explicit high-performance result in the cited full-text table scope.	https://arxiv.org/abs/2603.05617	The explanatory FastDetectGPT ensemble lacks a frozen public detector state and like-for-like low-FPR and speed evidence.	retain_reject	stylometric classifier, conditional-curvature classifier, or their NOTAI probability ensemble. The explanatory FastDetectGPT ensemble lacks a frozen public detector state and like-for-like low-FPR and speed evidence.	Full-text source 2603.05617
2603.05617	2603.05617:ensemble	NOTAI full ensemble	NOTAI full ensemble	main classifier table; stylometric-only is explicitly competitive, curvature-only machine precision is 0.9417, and the full NOTAI ensemble reaches 0.9634 accuracy	main classifier table; stylometric-only is explicitly competitive, curvature-only machine precision is 0.9417, and the full NOTAI ensemble reaches 0.9634 accuracy	Named submitted/proposed/fitted configuration with a threshold metric or explicit high-performance result in the cited full-text table scope.	https://arxiv.org/abs/2603.05617	The explanatory FastDetectGPT ensemble lacks a frozen public detector state and like-for-like low-FPR and speed evidence.	retain_reject	stylometric classifier, conditional-curvature classifier, or their NOTAI probability ensemble. The explanatory FastDetectGPT ensemble lacks a frozen public detector state and like-for-like low-FPR and speed evidence.	Full-text source 2603.05617
2602.15514	2602.15514:xlmr	XLM-RoBERTa baseline	XLM-RoBERTa baseline	Table 2; both XLM-RoBERTa and DependencyAI cross 0.90 on a language/domain accuracy or F1 cell, with weaker multilingual transfer	Table 2; both XLM-RoBERTa and DependencyAI cross 0.90 on a language/domain accuracy or F1 cell, with weaker multilingual transfer	Named submitted/proposed/fitted configuration with a threshold metric or explicit high-performance result in the cited full-text table scope.	https://arxiv.org/abs/2602.15514	DependencyAI claims competitive performance but reports cross-domain overprediction and no fixed metric, artifact state, or A6000 comparator in the export.	retain_reject	named supervised multilingual encoder with or without dependency-parse features. DependencyAI claims competitive performance but reports cross-domain overprediction and no fixed metric, artifact state, or A6000 comparator in the export.	Full-text source 2602.15514
2602.15514	2602.15514:dependencyai	DependencyAI	DependencyAI	Table 2; both XLM-RoBERTa and DependencyAI cross 0.90 on a language/domain accuracy or F1 cell, with weaker multilingual transfer	Table 2; both XLM-RoBERTa and DependencyAI cross 0.90 on a language/domain accuracy or F1 cell, with weaker multilingual transfer	Named submitted/proposed/fitted configuration with a threshold metric or explicit high-performance result in the cited full-text table scope.	https://arxiv.org/abs/2602.15514	DependencyAI claims competitive performance but reports cross-domain overprediction and no fixed metric, artifact state, or A6000 comparator in the export.	retain_reject	named supervised multilingual encoder with or without dependency-parse features. DependencyAI claims competitive performance but reports cross-domain overprediction and no fixed metric, artifact state, or A6000 comparator in the export.	Full-text source 2602.15514
2602.13226	2602.13226:varybalance	VaryBalance	VaryBalance	main comparison and expansion ablation; both rewrite configurations have a qualifying high cell and require target rewrites	main comparison and expansion ablation; both rewrite configurations have a qualifying high cell and require target rewrites	Named submitted/proposed/fitted configuration with a threshold metric or explicit high-performance result in the cited full-text table scope.	https://arxiv.org/abs/2602.13226	The claimed improvement over Binoculars depends on LLM rewrites of the target text.	exclude_rewriting	variation score over LLM rewrites, with optional rewrite-set expansion. The claimed improvement over Binoculars depends on LLM rewrites of the target text.	Full-text source 2602.13226
2602.13226	2602.13226:varybalance-expansion	VaryBalance with expansion	VaryBalance with expansion	main comparison and expansion ablation; both rewrite configurations have a qualifying high cell and require target rewrites	main comparison and expansion ablation; both rewrite configurations have a qualifying high cell and require target rewrites	Named submitted/proposed/fitted configuration with a threshold metric or explicit high-performance result in the cited full-text table scope.	https://arxiv.org/abs/2602.13226	The claimed improvement over Binoculars depends on LLM rewrites of the target text.	exclude_rewriting	variation score over LLM rewrites, with optional rewrite-set expansion. The claimed improvement over Binoculars depends on LLM rewrites of the target text.	Full-text source 2602.13226
2602.11871	2602.11871:fdgpt-llama	FastDetectGPT with Llama scorer	FastDetectGPT with Llama scorer	Table 1; FastDetectGPT and Binoculars with each Llama, Mistral, or Qwen scoring configuration cross 0.90 AUROC on a top-k/document-domain slice	Table 1; FastDetectGPT and Binoculars with each Llama, Mistral, or Qwen scoring configuration cross 0.90 AUROC on a top-k/document-domain slice	Named submitted/proposed/fitted configuration with a threshold metric or explicit high-performance result in the cited full-text table scope.	https://arxiv.org/abs/2602.11871	DMAP is a general text representation illustrated through case studies, not a frozen detector with a qualifying accuracy result.	retain_reject	named zero-shot detector with the stated scorer/model pair, evaluated by the DMAP analysis. DMAP is a general text representation illustrated through case studies, not a frozen detector with a qualifying accuracy result.	Full-text source 2602.11871
2602.11871	2602.11871:fdgpt-mistral	FastDetectGPT with Mistral scorer	FastDetectGPT with Mistral scorer	Table 1; FastDetectGPT and Binoculars with each Llama, Mistral, or Qwen scoring configuration cross 0.90 AUROC on a top-k/document-domain slice	Table 1; FastDetectGPT and Binoculars with each Llama, Mistral, or Qwen scoring configuration cross 0.90 AUROC on a top-k/document-domain slice	Named submitted/proposed/fitted configuration with a threshold metric or explicit high-performance result in the cited full-text table scope.	https://arxiv.org/abs/2602.11871	DMAP is a general text representation illustrated through case studies, not a frozen detector with a qualifying accuracy result.	retain_reject	named zero-shot detector with the stated scorer/model pair, evaluated by the DMAP analysis. DMAP is a general text representation illustrated through case studies, not a frozen detector with a qualifying accuracy result.	Full-text source 2602.11871
2602.11871	2602.11871:fdgpt-qwen	FastDetectGPT with Qwen scorer	FastDetectGPT with Qwen scorer	Table 1; FastDetectGPT and Binoculars with each Llama, Mistral, or Qwen scoring configuration cross 0.90 AUROC on a top-k/document-domain slice	Table 1; FastDetectGPT and Binoculars with each Llama, Mistral, or Qwen scoring configuration cross 0.90 AUROC on a top-k/document-domain slice	Named submitted/proposed/fitted configuration with a threshold metric or explicit high-performance result in the cited full-text table scope.	https://arxiv.org/abs/2602.11871	DMAP is a general text representation illustrated through case studies, not a frozen detector with a qualifying accuracy result.	retain_reject	named zero-shot detector with the stated scorer/model pair, evaluated by the DMAP analysis. DMAP is a general text representation illustrated through case studies, not a frozen detector with a qualifying accuracy result.	Full-text source 2602.11871
2602.11871	2602.11871:binoculars-llama	Binoculars with Llama pair	Binoculars with Llama pair	Table 1; FastDetectGPT and Binoculars with each Llama, Mistral, or Qwen scoring configuration cross 0.90 AUROC on a top-k/document-domain slice	Table 1; FastDetectGPT and Binoculars with each Llama, Mistral, or Qwen scoring configuration cross 0.90 AUROC on a top-k/document-domain slice	Named submitted/proposed/fitted configuration with a threshold metric or explicit high-performance result in the cited full-text table scope.	https://arxiv.org/abs/2602.11871	DMAP is a general text representation illustrated through case studies, not a frozen detector with a qualifying accuracy result.	retain_reject	named zero-shot detector with the stated scorer/model pair, evaluated by the DMAP analysis. DMAP is a general text representation illustrated through case studies, not a frozen detector with a qualifying accuracy result.	Full-text source 2602.11871
2602.11871	2602.11871:binoculars-mistral	Binoculars with Mistral pair	Binoculars with Mistral pair	Table 1; FastDetectGPT and Binoculars with each Llama, Mistral, or Qwen scoring configuration cross 0.90 AUROC on a top-k/document-domain slice	Table 1; FastDetectGPT and Binoculars with each Llama, Mistral, or Qwen scoring configuration cross 0.90 AUROC on a top-k/document-domain slice	Named submitted/proposed/fitted configuration with a threshold metric or explicit high-performance result in the cited full-text table scope.	https://arxiv.org/abs/2602.11871	DMAP is a general text representation illustrated through case studies, not a frozen detector with a qualifying accuracy result.	retain_reject	named zero-shot detector with the stated scorer/model pair, evaluated by the DMAP analysis. DMAP is a general text representation illustrated through case studies, not a frozen detector with a qualifying accuracy result.	Full-text source 2602.11871
2602.11871	2602.11871:binoculars-qwen	Binoculars with Qwen pair	Binoculars with Qwen pair	Table 1; FastDetectGPT and Binoculars with each Llama, Mistral, or Qwen scoring configuration cross 0.90 AUROC on a top-k/document-domain slice	Table 1; FastDetectGPT and Binoculars with each Llama, Mistral, or Qwen scoring configuration cross 0.90 AUROC on a top-k/document-domain slice	Named submitted/proposed/fitted configuration with a threshold metric or explicit high-performance result in the cited full-text table scope.	https://arxiv.org/abs/2602.11871	DMAP is a general text representation illustrated through case studies, not a frozen detector with a qualifying accuracy result.	retain_reject	named zero-shot detector with the stated scorer/model pair, evaluated by the DMAP analysis. DMAP is a general text representation illustrated through case studies, not a frozen detector with a qualifying accuracy result.	Full-text source 2602.11871
2602.08031	2602.08031:likelihood	Likelihood baseline	Likelihood baseline	Table 2 and Appendix Tables 18-24; each unmodified baseline and corresponding -M detector is separately reported and crosses 0.90 AUROC on a dataset/generator cell, with variable transfer and low-FPR behavior	Table 2 and Appendix Tables 18-24; each unmodified baseline and corresponding -M detector is separately reported and crosses 0.90 AUROC on a dataset/generator cell, with variable transfer and low-FPR behavior	Named submitted/proposed/fitted configuration with a threshold metric or explicit high-performance result in the cited full-text table scope.	https://arxiv.org/abs/2602.08031	This unmodified comparison detector is distinct from its Markov-calibrated counterpart, but the paper supplies no new frozen baseline state or matched low-FPR, cross-distribution, and two-A6000 timing evidence.	retain_reject	mean token likelihood under the scoring language model. This unmodified comparison detector is distinct from its Markov-calibrated counterpart, but the paper supplies no new frozen baseline state or matched low-FPR, cross-distribution, and two-A6000 timing evidence.	Full-text source 2602.08031
2602.08031	2602.08031:likelihood-m	Likelihood-M	Likelihood-M	Table 2 and Appendix Tables 18-24; each unmodified baseline and corresponding -M detector is separately reported and crosses 0.90 AUROC on a dataset/generator cell, with variable transfer and low-FPR behavior	Table 2 and Appendix Tables 18-24; each unmodified baseline and corresponding -M detector is separately reported and crosses 0.90 AUROC on a dataset/generator cell, with variable transfer and low-FPR behavior	Named submitted/proposed/fitted configuration with a threshold metric or explicit high-performance result in the cited full-text table scope.	https://arxiv.org/abs/2602.08031	The public calibration code ships no per-dataset supervised state and lacks a whole-path fixed A6000 comparison.	calibration_watchlist	named score detector plus a fitted Markov-random-field calibration layer. The public calibration code ships no per-dataset supervised state and lacks a whole-path fixed A6000 comparison.	Full-text source 2602.08031
2602.08031	2602.08031:logrank	Log-Rank baseline	Log-Rank baseline	Table 2 and Appendix Tables 18-24; each unmodified baseline and corresponding -M detector is separately reported and crosses 0.90 AUROC on a dataset/generator cell, with variable transfer and low-FPR behavior	Table 2 and Appendix Tables 18-24; each unmodified baseline and corresponding -M detector is separately reported and crosses 0.90 AUROC on a dataset/generator cell, with variable transfer and low-FPR behavior	Named submitted/proposed/fitted configuration with a threshold metric or explicit high-performance result in the cited full-text table scope.	https://arxiv.org/abs/2602.08031	This unmodified comparison detector is distinct from its Markov-calibrated counterpart, but the paper supplies no new frozen baseline state or matched low-FPR, cross-distribution, and two-A6000 timing evidence.	retain_reject	mean token log-rank under the scoring language model. This unmodified comparison detector is distinct from its Markov-calibrated counterpart, but the paper supplies no new frozen baseline state or matched low-FPR, cross-distribution, and two-A6000 timing evidence.	Full-text source 2602.08031
2602.08031	2602.08031:logrank-m	Log-Rank-M	Log-Rank-M	Table 2 and Appendix Tables 18-24; each unmodified baseline and corresponding -M detector is separately reported and crosses 0.90 AUROC on a dataset/generator cell, with variable transfer and low-FPR behavior	Table 2 and Appendix Tables 18-24; each unmodified baseline and corresponding -M detector is separately reported and crosses 0.90 AUROC on a dataset/generator cell, with variable transfer and low-FPR behavior	Named submitted/proposed/fitted configuration with a threshold metric or explicit high-performance result in the cited full-text table scope.	https://arxiv.org/abs/2602.08031	The public calibration code ships no per-dataset supervised state and lacks a whole-path fixed A6000 comparison.	calibration_watchlist	named score detector plus a fitted Markov-random-field calibration layer. The public calibration code ships no per-dataset supervised state and lacks a whole-path fixed A6000 comparison.	Full-text source 2602.08031
2602.08031	2602.08031:entropy	Entropy baseline	Entropy baseline	Table 2 and Appendix Tables 18-24; each unmodified baseline and corresponding -M detector is separately reported and crosses 0.90 AUROC on a dataset/generator cell, with variable transfer and low-FPR behavior	Table 2 and Appendix Tables 18-24; each unmodified baseline and corresponding -M detector is separately reported and crosses 0.90 AUROC on a dataset/generator cell, with variable transfer and low-FPR behavior	Named submitted/proposed/fitted configuration with a threshold metric or explicit high-performance result in the cited full-text table scope.	https://arxiv.org/abs/2602.08031	This unmodified comparison detector is distinct from its Markov-calibrated counterpart, but the paper supplies no new frozen baseline state or matched low-FPR, cross-distribution, and two-A6000 timing evidence.	retain_reject	mean token entropy under the scoring language model. This unmodified comparison detector is distinct from its Markov-calibrated counterpart, but the paper supplies no new frozen baseline state or matched low-FPR, cross-distribution, and two-A6000 timing evidence.	Full-text source 2602.08031
2602.08031	2602.08031:entropy-m	Entropy-M	Entropy-M	Table 2 and Appendix Tables 18-24; each unmodified baseline and corresponding -M detector is separately reported and crosses 0.90 AUROC on a dataset/generator cell, with variable transfer and low-FPR behavior	Table 2 and Appendix Tables 18-24; each unmodified baseline and corresponding -M detector is separately reported and crosses 0.90 AUROC on a dataset/generator cell, with variable transfer and low-FPR behavior	Named submitted/proposed/fitted configuration with a threshold metric or explicit high-performance result in the cited full-text table scope.	https://arxiv.org/abs/2602.08031	The public calibration code ships no per-dataset supervised state and lacks a whole-path fixed A6000 comparison.	calibration_watchlist	named score detector plus a fitted Markov-random-field calibration layer. The public calibration code ships no per-dataset supervised state and lacks a whole-path fixed A6000 comparison.	Full-text source 2602.08031
2602.08031	2602.08031:detectgpt	DetectGPT baseline	DetectGPT baseline	Table 2 and Appendix Tables 18-24; each unmodified baseline and corresponding -M detector is separately reported and crosses 0.90 AUROC on a dataset/generator cell, with variable transfer and low-FPR behavior	Table 2 and Appendix Tables 18-24; each unmodified baseline and corresponding -M detector is separately reported and crosses 0.90 AUROC on a dataset/generator cell, with variable transfer and low-FPR behavior	Named submitted/proposed/fitted configuration with a threshold metric or explicit high-performance result in the cited full-text table scope.	https://arxiv.org/abs/2602.08031	This unmodified comparison detector is distinct from its Markov-calibrated counterpart, but the paper supplies no new frozen baseline state or matched low-FPR, cross-distribution, and two-A6000 timing evidence.	exclude_multi_perturbation	DetectGPT scoring over multiple masked-and-filled perturbations of the target text. This unmodified comparison detector is distinct from its Markov-calibrated counterpart, but the paper supplies no new frozen baseline state or matched low-FPR, cross-distribution, and two-A6000 timing evidence.	Full-text source 2602.08031
2602.08031	2602.08031:detectgpt-m	DetectGPT-M	DetectGPT-M	Table 2 and Appendix Tables 18-24; each unmodified baseline and corresponding -M detector is separately reported and crosses 0.90 AUROC on a dataset/generator cell, with variable transfer and low-FPR behavior	Table 2 and Appendix Tables 18-24; each unmodified baseline and corresponding -M detector is separately reported and crosses 0.90 AUROC on a dataset/generator cell, with variable transfer and low-FPR behavior	Named submitted/proposed/fitted configuration with a threshold metric or explicit high-performance result in the cited full-text table scope.	https://arxiv.org/abs/2602.08031	The public calibration code ships no per-dataset supervised state and lacks a whole-path fixed A6000 comparison.	calibration_watchlist	named score detector plus a fitted Markov-random-field calibration layer. The public calibration code ships no per-dataset supervised state and lacks a whole-path fixed A6000 comparison.	Full-text source 2602.08031
2602.08031	2602.08031:fastgpt	FastGPT baseline	FastGPT baseline	Table 2 and Appendix Tables 18-24; each unmodified baseline and corresponding -M detector is separately reported and crosses 0.90 AUROC on a dataset/generator cell, with variable transfer and low-FPR behavior	Table 2 and Appendix Tables 18-24; each unmodified baseline and corresponding -M detector is separately reported and crosses 0.90 AUROC on a dataset/generator cell, with variable transfer and low-FPR behavior	Named submitted/proposed/fitted configuration with a threshold metric or explicit high-performance result in the cited full-text table scope.	https://arxiv.org/abs/2602.08031	This unmodified comparison detector is distinct from its Markov-calibrated counterpart, but the paper supplies no new frozen baseline state or matched low-FPR, cross-distribution, and two-A6000 timing evidence.	retain_reject	the FastDetectGPT conditional-probability-curvature statistic. This unmodified comparison detector is distinct from its Markov-calibrated counterpart, but the paper supplies no new frozen baseline state or matched low-FPR, cross-distribution, and two-A6000 timing evidence.	Full-text source 2602.08031
2602.08031	2602.08031:fastgpt-m	FastGPT-M	FastGPT-M	Table 2 and Appendix Tables 18-24; each unmodified baseline and corresponding -M detector is separately reported and crosses 0.90 AUROC on a dataset/generator cell, with variable transfer and low-FPR behavior	Table 2 and Appendix Tables 18-24; each unmodified baseline and corresponding -M detector is separately reported and crosses 0.90 AUROC on a dataset/generator cell, with variable transfer and low-FPR behavior	Named submitted/proposed/fitted configuration with a threshold metric or explicit high-performance result in the cited full-text table scope.	https://arxiv.org/abs/2602.08031	The public calibration code ships no per-dataset supervised state and lacks a whole-path fixed A6000 comparison.	calibration_watchlist	named score detector plus a fitted Markov-random-field calibration layer. The public calibration code ships no per-dataset supervised state and lacks a whole-path fixed A6000 comparison.	Full-text source 2602.08031
2602.08031	2602.08031:dnagpt	DNA-GPT baseline	DNA-GPT baseline	Table 2 and Appendix Tables 18-24; each unmodified baseline and corresponding -M detector is separately reported and crosses 0.90 AUROC on a dataset/generator cell, with variable transfer and low-FPR behavior	Table 2 and Appendix Tables 18-24; each unmodified baseline and corresponding -M detector is separately reported and crosses 0.90 AUROC on a dataset/generator cell, with variable transfer and low-FPR behavior	Named submitted/proposed/fitted configuration with a threshold metric or explicit high-performance result in the cited full-text table scope.	https://arxiv.org/abs/2602.08031	This unmodified comparison detector is distinct from its Markov-calibrated counterpart, but the paper supplies no new frozen baseline state or matched low-FPR, cross-distribution, and two-A6000 timing evidence.	exclude_regeneration	DNA-GPT scoring over generated continuations. This unmodified comparison detector is distinct from its Markov-calibrated counterpart, but the paper supplies no new frozen baseline state or matched low-FPR, cross-distribution, and two-A6000 timing evidence.	Full-text source 2602.08031
2602.08031	2602.08031:dnagpt-m	DNA-GPT-M	DNA-GPT-M	Table 2 and Appendix Tables 18-24; each unmodified baseline and corresponding -M detector is separately reported and crosses 0.90 AUROC on a dataset/generator cell, with variable transfer and low-FPR behavior	Table 2 and Appendix Tables 18-24; each unmodified baseline and corresponding -M detector is separately reported and crosses 0.90 AUROC on a dataset/generator cell, with variable transfer and low-FPR behavior	Named submitted/proposed/fitted configuration with a threshold metric or explicit high-performance result in the cited full-text table scope.	https://arxiv.org/abs/2602.08031	The public calibration code ships no per-dataset supervised state and lacks a whole-path fixed A6000 comparison.	calibration_watchlist	named score detector plus a fitted Markov-random-field calibration layer. The public calibration code ships no per-dataset supervised state and lacks a whole-path fixed A6000 comparison.	Full-text source 2602.08031
2602.08031	2602.08031:repreguard	RepreGuard baseline	RepreGuard baseline	Table 2 and Appendix Tables 18-24; each unmodified baseline and corresponding -M detector is separately reported and crosses 0.90 AUROC on a dataset/generator cell, with variable transfer and low-FPR behavior	Table 2 and Appendix Tables 18-24; each unmodified baseline and corresponding -M detector is separately reported and crosses 0.90 AUROC on a dataset/generator cell, with variable transfer and low-FPR behavior	Named submitted/proposed/fitted configuration with a threshold metric or explicit high-performance result in the cited full-text table scope.	https://arxiv.org/abs/2602.08031	This unmodified comparison detector is distinct from its Markov-calibrated counterpart, but the paper supplies no new frozen baseline state or matched low-FPR, cross-distribution, and two-A6000 timing evidence.	retain_reject	the published RepreGuard representation-based detector without Markov calibration. This unmodified comparison detector is distinct from its Markov-calibrated counterpart, but the paper supplies no new frozen baseline state or matched low-FPR, cross-distribution, and two-A6000 timing evidence.	Full-text source 2602.08031
2602.08031	2602.08031:repreguard-m	RepreGuard-M	RepreGuard-M	Table 2 and Appendix Tables 18-24; each unmodified baseline and corresponding -M detector is separately reported and crosses 0.90 AUROC on a dataset/generator cell, with variable transfer and low-FPR behavior	Table 2 and Appendix Tables 18-24; each unmodified baseline and corresponding -M detector is separately reported and crosses 0.90 AUROC on a dataset/generator cell, with variable transfer and low-FPR behavior	Named submitted/proposed/fitted configuration with a threshold metric or explicit high-performance result in the cited full-text table scope.	https://arxiv.org/abs/2602.08031	The public calibration code ships no per-dataset supervised state and lacks a whole-path fixed A6000 comparison.	calibration_watchlist	named score detector plus a fitted Markov-random-field calibration layer. The public calibration code ships no per-dataset supervised state and lacks a whole-path fixed A6000 comparison.	Full-text source 2602.08031
2602.08031	2602.08031:lastde	Lastde baseline	Lastde baseline	Table 2 and Appendix Tables 18-24; each unmodified baseline and corresponding -M detector is separately reported and crosses 0.90 AUROC on a dataset/generator cell, with variable transfer and low-FPR behavior	Table 2 and Appendix Tables 18-24; each unmodified baseline and corresponding -M detector is separately reported and crosses 0.90 AUROC on a dataset/generator cell, with variable transfer and low-FPR behavior	Named submitted/proposed/fitted configuration with a threshold metric or explicit high-performance result in the cited full-text table scope.	https://arxiv.org/abs/2602.08031	This unmodified comparison detector is distinct from its Markov-calibrated counterpart, but the paper supplies no new frozen baseline state or matched low-FPR, cross-distribution, and two-A6000 timing evidence.	retain_reject	the Lastde local-subsequence statistic over token-probability series. This unmodified comparison detector is distinct from its Markov-calibrated counterpart, but the paper supplies no new frozen baseline state or matched low-FPR, cross-distribution, and two-A6000 timing evidence.	Full-text source 2602.08031
2602.08031	2602.08031:lastde-m	Lastde-M	Lastde-M	Table 2 and Appendix Tables 18-24; each unmodified baseline and corresponding -M detector is separately reported and crosses 0.90 AUROC on a dataset/generator cell, with variable transfer and low-FPR behavior	Table 2 and Appendix Tables 18-24; each unmodified baseline and corresponding -M detector is separately reported and crosses 0.90 AUROC on a dataset/generator cell, with variable transfer and low-FPR behavior	Named submitted/proposed/fitted configuration with a threshold metric or explicit high-performance result in the cited full-text table scope.	https://arxiv.org/abs/2602.08031	The public calibration code ships no per-dataset supervised state and lacks a whole-path fixed A6000 comparison.	calibration_watchlist	named score detector plus a fitted Markov-random-field calibration layer. The public calibration code ships no per-dataset supervised state and lacks a whole-path fixed A6000 comparison.	Full-text source 2602.08031
2602.08031	2602.08031:fouriergpt	FourierGPT baseline	FourierGPT baseline	Table 2 and Appendix Tables 18-24; each unmodified baseline and corresponding -M detector is separately reported and crosses 0.90 AUROC on a dataset/generator cell, with variable transfer and low-FPR behavior	Table 2 and Appendix Tables 18-24; each unmodified baseline and corresponding -M detector is separately reported and crosses 0.90 AUROC on a dataset/generator cell, with variable transfer and low-FPR behavior	Named submitted/proposed/fitted configuration with a threshold metric or explicit high-performance result in the cited full-text table scope.	https://arxiv.org/abs/2602.08031	This unmodified comparison detector is distinct from its Markov-calibrated counterpart, but the paper supplies no new frozen baseline state or matched low-FPR, cross-distribution, and two-A6000 timing evidence.	retain_reject	the FourierGPT frequency-domain token-probability statistic without Markov calibration. This unmodified comparison detector is distinct from its Markov-calibrated counterpart, but the paper supplies no new frozen baseline state or matched low-FPR, cross-distribution, and two-A6000 timing evidence.	Full-text source 2602.08031
2602.08031	2602.08031:fouriergpt-m	FourierGPT-M	FourierGPT-M	Table 2 and Appendix Tables 18-24; each unmodified baseline and corresponding -M detector is separately reported and crosses 0.90 AUROC on a dataset/generator cell, with variable transfer and low-FPR behavior	Table 2 and Appendix Tables 18-24; each unmodified baseline and corresponding -M detector is separately reported and crosses 0.90 AUROC on a dataset/generator cell, with variable transfer and low-FPR behavior	Named submitted/proposed/fitted configuration with a threshold metric or explicit high-performance result in the cited full-text table scope.	https://arxiv.org/abs/2602.08031	The public calibration code ships no per-dataset supervised state and lacks a whole-path fixed A6000 comparison.	calibration_watchlist	named score detector plus a fitted Markov-random-field calibration layer. The public calibration code ships no per-dataset supervised state and lacks a whole-path fixed A6000 comparison.	Full-text source 2602.08031
2602.08031	2602.08031:binoculars	Binoculars baseline	Binoculars baseline	Table 2 and Appendix Tables 18-24; each unmodified baseline and corresponding -M detector is separately reported and crosses 0.90 AUROC on a dataset/generator cell, with variable transfer and low-FPR behavior	Table 2 and Appendix Tables 18-24; each unmodified baseline and corresponding -M detector is separately reported and crosses 0.90 AUROC on a dataset/generator cell, with variable transfer and low-FPR behavior	Named submitted/proposed/fitted configuration with a threshold metric or explicit high-performance result in the cited full-text table scope.	https://arxiv.org/abs/2602.08031	This unmodified comparison detector is distinct from its Markov-calibrated counterpart, but the paper supplies no new frozen baseline state or matched low-FPR, cross-distribution, and two-A6000 timing evidence.	retain_reject	the Binoculars cross-model perplexity-ratio statistic. This unmodified comparison detector is distinct from its Markov-calibrated counterpart, but the paper supplies no new frozen baseline state or matched low-FPR, cross-distribution, and two-A6000 timing evidence.	Full-text source 2602.08031
2602.08031	2602.08031:binoculars-m	Binoculars-M	Binoculars-M	Table 2 and Appendix Tables 18-24; each unmodified baseline and corresponding -M detector is separately reported and crosses 0.90 AUROC on a dataset/generator cell, with variable transfer and low-FPR behavior	Table 2 and Appendix Tables 18-24; each unmodified baseline and corresponding -M detector is separately reported and crosses 0.90 AUROC on a dataset/generator cell, with variable transfer and low-FPR behavior	Named submitted/proposed/fitted configuration with a threshold metric or explicit high-performance result in the cited full-text table scope.	https://arxiv.org/abs/2602.08031	The public calibration code ships no per-dataset supervised state and lacks a whole-path fixed A6000 comparison.	calibration_watchlist	named score detector plus a fitted Markov-random-field calibration layer. The public calibration code ships no per-dataset supervised state and lacks a whole-path fixed A6000 comparison.	Full-text source 2602.08031
2602.01240	2602.01240:likelihood	DetectRouter-Likelihood	DetectRouter-Likelihood	Tables 2 and 6-7; each routed criterion crosses 0.90 AUROC on an EvoBench/MAGE family cell although aggregates can be much lower	Tables 2 and 6-7; each routed criterion crosses 0.90 AUROC on an EvoBench/MAGE family cell although aggregates can be much lower	Named submitted/proposed/fitted configuration with a threshold metric or explicit high-performance result in the cited full-text table scope.	https://arxiv.org/abs/2602.01240	Prototype routing adds supervised state and proxy-selection requirements without a released fixed DW1 parity and two-A6000 result.	retain_reject	learned prototype router selects a surrogate before applying the named zero-shot criterion. Prototype routing adds supervised state and proxy-selection requirements without a released fixed DW1 parity and two-A6000 result.	Full-text source 2602.01240
2602.01240	2602.01240:entropy	DetectRouter-Entropy	DetectRouter-Entropy	Tables 2 and 6-7; each routed criterion crosses 0.90 AUROC on an EvoBench/MAGE family cell although aggregates can be much lower	Tables 2 and 6-7; each routed criterion crosses 0.90 AUROC on an EvoBench/MAGE family cell although aggregates can be much lower	Named submitted/proposed/fitted configuration with a threshold metric or explicit high-performance result in the cited full-text table scope.	https://arxiv.org/abs/2602.01240	Prototype routing adds supervised state and proxy-selection requirements without a released fixed DW1 parity and two-A6000 result.	retain_reject	learned prototype router selects a surrogate before applying the named zero-shot criterion. Prototype routing adds supervised state and proxy-selection requirements without a released fixed DW1 parity and two-A6000 result.	Full-text source 2602.01240
2602.01240	2602.01240:rank	DetectRouter-Rank	DetectRouter-Rank	Tables 2 and 6-7; each routed criterion crosses 0.90 AUROC on an EvoBench/MAGE family cell although aggregates can be much lower	Tables 2 and 6-7; each routed criterion crosses 0.90 AUROC on an EvoBench/MAGE family cell although aggregates can be much lower	Named submitted/proposed/fitted configuration with a threshold metric or explicit high-performance result in the cited full-text table scope.	https://arxiv.org/abs/2602.01240	Prototype routing adds supervised state and proxy-selection requirements without a released fixed DW1 parity and two-A6000 result.	retain_reject	learned prototype router selects a surrogate before applying the named zero-shot criterion. Prototype routing adds supervised state and proxy-selection requirements without a released fixed DW1 parity and two-A6000 result.	Full-text source 2602.01240
2602.01240	2602.01240:logrank	DetectRouter-LogRank	DetectRouter-LogRank	Tables 2 and 6-7; each routed criterion crosses 0.90 AUROC on an EvoBench/MAGE family cell although aggregates can be much lower	Tables 2 and 6-7; each routed criterion crosses 0.90 AUROC on an EvoBench/MAGE family cell although aggregates can be much lower	Named submitted/proposed/fitted configuration with a threshold metric or explicit high-performance result in the cited full-text table scope.	https://arxiv.org/abs/2602.01240	Prototype routing adds supervised state and proxy-selection requirements without a released fixed DW1 parity and two-A6000 result.	retain_reject	learned prototype router selects a surrogate before applying the named zero-shot criterion. Prototype routing adds supervised state and proxy-selection requirements without a released fixed DW1 parity and two-A6000 result.	Full-text source 2602.01240
2602.01240	2602.01240:llr	DetectRouter-LLR	DetectRouter-LLR	Tables 2 and 6-7; each routed criterion crosses 0.90 AUROC on an EvoBench/MAGE family cell although aggregates can be much lower	Tables 2 and 6-7; each routed criterion crosses 0.90 AUROC on an EvoBench/MAGE family cell although aggregates can be much lower	Named submitted/proposed/fitted configuration with a threshold metric or explicit high-performance result in the cited full-text table scope.	https://arxiv.org/abs/2602.01240	Prototype routing adds supervised state and proxy-selection requirements without a released fixed DW1 parity and two-A6000 result.	retain_reject	learned prototype router selects a surrogate before applying the named zero-shot criterion. Prototype routing adds supervised state and proxy-selection requirements without a released fixed DW1 parity and two-A6000 result.	Full-text source 2602.01240
2602.01240	2602.01240:fastdetectgpt	DetectRouter-FastDetectGPT	DetectRouter-FastDetectGPT	Tables 2 and 6-7; each routed criterion crosses 0.90 AUROC on an EvoBench/MAGE family cell although aggregates can be much lower	Tables 2 and 6-7; each routed criterion crosses 0.90 AUROC on an EvoBench/MAGE family cell although aggregates can be much lower	Named submitted/proposed/fitted configuration with a threshold metric or explicit high-performance result in the cited full-text table scope.	https://arxiv.org/abs/2602.01240	Prototype routing adds supervised state and proxy-selection requirements without a released fixed DW1 parity and two-A6000 result.	retain_reject	learned prototype router selects a surrogate before applying the named zero-shot criterion. Prototype routing adds supervised state and proxy-selection requirements without a released fixed DW1 parity and two-A6000 result.	Full-text source 2602.01240
2601.20006	2601.20006:external-deberta	External DeBERTa detector	External DeBERTa detector	Table 8 reports the External DeBERTa detector row with accuracy, F1, AUC, or recall >=0.90 on its named master, validation, self-model, family, or ensemble evaluation; this is not a shared disposition inherited from another row.	Table 8 reports the External DeBERTa detector row with accuracy, F1, AUC, or recall >=0.90 on its named master, validation, self-model, family, or ensemble evaluation; this is not a shared disposition inherited from another row.	Named submitted/proposed/fitted configuration with a threshold metric or explicit high-performance result in the cited full-text table scope.	https://arxiv.org/abs/2601.20006	The 99.6 percent result is token-level accuracy on the authors' benchmark, not document AUROC or low-FPR parity, and no fixed deployment artifact is established.	retain_reject	named LM fine-tuned for token-level detection, or the named any-positive ensemble. The 99.6 percent result is token-level accuracy on the authors' benchmark, not document AUROC or low-FPR parity, and no fixed deployment artifact is established.	Full-text source 2601.20006
2601.20006	2601.20006:master-llama31-8b	Master-test Llama-3.1-8B	Master-test Llama-3.1-8B	Table 9 reports the Master-test Llama-3.1-8B row with accuracy, F1, AUC, or recall >=0.90 on its named master, validation, self-model, family, or ensemble evaluation; this is not a shared disposition inherited from another row.	Table 9 reports the Master-test Llama-3.1-8B row with accuracy, F1, AUC, or recall >=0.90 on its named master, validation, self-model, family, or ensemble evaluation; this is not a shared disposition inherited from another row.	Named submitted/proposed/fitted configuration with a threshold metric or explicit high-performance result in the cited full-text table scope.	https://arxiv.org/abs/2601.20006	The 99.6 percent result is token-level accuracy on the authors' benchmark, not document AUROC or low-FPR parity, and no fixed deployment artifact is established.	retain_reject	named LM fine-tuned for token-level detection, or the named any-positive ensemble. The 99.6 percent result is token-level accuracy on the authors' benchmark, not document AUROC or low-FPR parity, and no fixed deployment artifact is established.	Full-text source 2601.20006
2601.20006	2601.20006:master-llama32-3b	Master-test Llama-3.2-3B	Master-test Llama-3.2-3B	Table 9 reports the Master-test Llama-3.2-3B row with accuracy, F1, AUC, or recall >=0.90 on its named master, validation, self-model, family, or ensemble evaluation; this is not a shared disposition inherited from another row.	Table 9 reports the Master-test Llama-3.2-3B row with accuracy, F1, AUC, or recall >=0.90 on its named master, validation, self-model, family, or ensemble evaluation; this is not a shared disposition inherited from another row.	Named submitted/proposed/fitted configuration with a threshold metric or explicit high-performance result in the cited full-text table scope.	https://arxiv.org/abs/2601.20006	The 99.6 percent result is token-level accuracy on the authors' benchmark, not document AUROC or low-FPR parity, and no fixed deployment artifact is established.	retain_reject	named LM fine-tuned for token-level detection, or the named any-positive ensemble. The 99.6 percent result is token-level accuracy on the authors' benchmark, not document AUROC or low-FPR parity, and no fixed deployment artifact is established.	Full-text source 2601.20006
2601.20006	2601.20006:master-phi3-mini	Master-test Phi-3-mini	Master-test Phi-3-mini	Table 9 reports the Master-test Phi-3-mini row with accuracy, F1, AUC, or recall >=0.90 on its named master, validation, self-model, family, or ensemble evaluation; this is not a shared disposition inherited from another row.	Table 9 reports the Master-test Phi-3-mini row with accuracy, F1, AUC, or recall >=0.90 on its named master, validation, self-model, family, or ensemble evaluation; this is not a shared disposition inherited from another row.	Named submitted/proposed/fitted configuration with a threshold metric or explicit high-performance result in the cited full-text table scope.	https://arxiv.org/abs/2601.20006	The 99.6 percent result is token-level accuracy on the authors' benchmark, not document AUROC or low-FPR parity, and no fixed deployment artifact is established.	retain_reject	named LM fine-tuned for token-level detection, or the named any-positive ensemble. The 99.6 percent result is token-level accuracy on the authors' benchmark, not document AUROC or low-FPR parity, and no fixed deployment artifact is established.	Full-text source 2601.20006
2601.20006	2601.20006:master-phi3-small	Master-test Phi-3-small	Master-test Phi-3-small	Table 9 reports the Master-test Phi-3-small row with accuracy, F1, AUC, or recall >=0.90 on its named master, validation, self-model, family, or ensemble evaluation; this is not a shared disposition inherited from another row.	Table 9 reports the Master-test Phi-3-small row with accuracy, F1, AUC, or recall >=0.90 on its named master, validation, self-model, family, or ensemble evaluation; this is not a shared disposition inherited from another row.	Named submitted/proposed/fitted configuration with a threshold metric or explicit high-performance result in the cited full-text table scope.	https://arxiv.org/abs/2601.20006	The 99.6 percent result is token-level accuracy on the authors' benchmark, not document AUROC or low-FPR parity, and no fixed deployment artifact is established.	retain_reject	named LM fine-tuned for token-level detection, or the named any-positive ensemble. The 99.6 percent result is token-level accuracy on the authors' benchmark, not document AUROC or low-FPR parity, and no fixed deployment artifact is established.	Full-text source 2601.20006
2601.20006	2601.20006:master-phi3-medium	Master-test Phi-3-medium	Master-test Phi-3-medium	Table 9 reports the Master-test Phi-3-medium row with accuracy, F1, AUC, or recall >=0.90 on its named master, validation, self-model, family, or ensemble evaluation; this is not a shared disposition inherited from another row.	Table 9 reports the Master-test Phi-3-medium row with accuracy, F1, AUC, or recall >=0.90 on its named master, validation, self-model, family, or ensemble evaluation; this is not a shared disposition inherited from another row.	Named submitted/proposed/fitted configuration with a threshold metric or explicit high-performance result in the cited full-text table scope.	https://arxiv.org/abs/2601.20006	The 99.6 percent result is token-level accuracy on the authors' benchmark, not document AUROC or low-FPR parity, and no fixed deployment artifact is established.	retain_reject	named LM fine-tuned for token-level detection, or the named any-positive ensemble. The 99.6 percent result is token-level accuracy on the authors' benchmark, not document AUROC or low-FPR parity, and no fixed deployment artifact is established.	Full-text source 2601.20006
2601.20006	2601.20006:master-phi35-mini	Master-test Phi-3.5-mini	Master-test Phi-3.5-mini	Table 9 reports the Master-test Phi-3.5-mini row with accuracy, F1, AUC, or recall >=0.90 on its named master, validation, self-model, family, or ensemble evaluation; this is not a shared disposition inherited from another row.	Table 9 reports the Master-test Phi-3.5-mini row with accuracy, F1, AUC, or recall >=0.90 on its named master, validation, self-model, family, or ensemble evaluation; this is not a shared disposition inherited from another row.	Named submitted/proposed/fitted configuration with a threshold metric or explicit high-performance result in the cited full-text table scope.	https://arxiv.org/abs/2601.20006	The 99.6 percent result is token-level accuracy on the authors' benchmark, not document AUROC or low-FPR parity, and no fixed deployment artifact is established.	retain_reject	named LM fine-tuned for token-level detection, or the named any-positive ensemble. The 99.6 percent result is token-level accuracy on the authors' benchmark, not document AUROC or low-FPR parity, and no fixed deployment artifact is established.	Full-text source 2601.20006
2601.20006	2601.20006:master-phi4-mini	Master-test Phi-4-mini	Master-test Phi-4-mini	Table 9 reports the Master-test Phi-4-mini row with accuracy, F1, AUC, or recall >=0.90 on its named master, validation, self-model, family, or ensemble evaluation; this is not a shared disposition inherited from another row.	Table 9 reports the Master-test Phi-4-mini row with accuracy, F1, AUC, or recall >=0.90 on its named master, validation, self-model, family, or ensemble evaluation; this is not a shared disposition inherited from another row.	Named submitted/proposed/fitted configuration with a threshold metric or explicit high-performance result in the cited full-text table scope.	https://arxiv.org/abs/2601.20006	The 99.6 percent result is token-level accuracy on the authors' benchmark, not document AUROC or low-FPR parity, and no fixed deployment artifact is established.	retain_reject	named LM fine-tuned for token-level detection, or the named any-positive ensemble. The 99.6 percent result is token-level accuracy on the authors' benchmark, not document AUROC or low-FPR parity, and no fixed deployment artifact is established.	Full-text source 2601.20006
2601.20006	2601.20006:master-phi4	Master-test Phi-4	Master-test Phi-4	Table 9 reports the Master-test Phi-4 row with accuracy, F1, AUC, or recall >=0.90 on its named master, validation, self-model, family, or ensemble evaluation; this is not a shared disposition inherited from another row.	Table 9 reports the Master-test Phi-4 row with accuracy, F1, AUC, or recall >=0.90 on its named master, validation, self-model, family, or ensemble evaluation; this is not a shared disposition inherited from another row.	Named submitted/proposed/fitted configuration with a threshold metric or explicit high-performance result in the cited full-text table scope.	https://arxiv.org/abs/2601.20006	The 99.6 percent result is token-level accuracy on the authors' benchmark, not document AUROC or low-FPR parity, and no fixed deployment artifact is established.	retain_reject	named LM fine-tuned for token-level detection, or the named any-positive ensemble. The 99.6 percent result is token-level accuracy on the authors' benchmark, not document AUROC or low-FPR parity, and no fixed deployment artifact is established.	Full-text source 2601.20006
2601.20006	2601.20006:master-ministral8b	Master-test Ministral-8B-2410	Master-test Ministral-8B-2410	Table 9 reports the Master-test Ministral-8B-2410 row with accuracy, F1, AUC, or recall >=0.90 on its named master, validation, self-model, family, or ensemble evaluation; this is not a shared disposition inherited from another row.	Table 9 reports the Master-test Ministral-8B-2410 row with accuracy, F1, AUC, or recall >=0.90 on its named master, validation, self-model, family, or ensemble evaluation; this is not a shared disposition inherited from another row.	Named submitted/proposed/fitted configuration with a threshold metric or explicit high-performance result in the cited full-text table scope.	https://arxiv.org/abs/2601.20006	The 99.6 percent result is token-level accuracy on the authors' benchmark, not document AUROC or low-FPR parity, and no fixed deployment artifact is established.	retain_reject	named LM fine-tuned for token-level detection, or the named any-positive ensemble. The 99.6 percent result is token-level accuracy on the authors' benchmark, not document AUROC or low-FPR parity, and no fixed deployment artifact is established.	Full-text source 2601.20006
2601.20006	2601.20006:master-mistral-nemo	Master-test Mistral-Nemo-2407	Master-test Mistral-Nemo-2407	Table 9 reports the Master-test Mistral-Nemo-2407 row with accuracy, F1, AUC, or recall >=0.90 on its named master, validation, self-model, family, or ensemble evaluation; this is not a shared disposition inherited from another row.	Table 9 reports the Master-test Mistral-Nemo-2407 row with accuracy, F1, AUC, or recall >=0.90 on its named master, validation, self-model, family, or ensemble evaluation; this is not a shared disposition inherited from another row.	Named submitted/proposed/fitted configuration with a threshold metric or explicit high-performance result in the cited full-text table scope.	https://arxiv.org/abs/2601.20006	The 99.6 percent result is token-level accuracy on the authors' benchmark, not document AUROC or low-FPR parity, and no fixed deployment artifact is established.	retain_reject	named LM fine-tuned for token-level detection, or the named any-positive ensemble. The 99.6 percent result is token-level accuracy on the authors' benchmark, not document AUROC or low-FPR parity, and no fixed deployment artifact is established.	Full-text source 2601.20006
2601.20006	2601.20006:master-qwen2-7b	Master-test Qwen2-7B	Master-test Qwen2-7B	Table 9 reports the Master-test Qwen2-7B row with accuracy, F1, AUC, or recall >=0.90 on its named master, validation, self-model, family, or ensemble evaluation; this is not a shared disposition inherited from another row.	Table 9 reports the Master-test Qwen2-7B row with accuracy, F1, AUC, or recall >=0.90 on its named master, validation, self-model, family, or ensemble evaluation; this is not a shared disposition inherited from another row.	Named submitted/proposed/fitted configuration with a threshold metric or explicit high-performance result in the cited full-text table scope.	https://arxiv.org/abs/2601.20006	The 99.6 percent result is token-level accuracy on the authors' benchmark, not document AUROC or low-FPR parity, and no fixed deployment artifact is established.	retain_reject	named LM fine-tuned for token-level detection, or the named any-positive ensemble. The 99.6 percent result is token-level accuracy on the authors' benchmark, not document AUROC or low-FPR parity, and no fixed deployment artifact is established.	Full-text source 2601.20006
2601.20006	2601.20006:master-qwen25-3b	Master-test Qwen2.5-3B	Master-test Qwen2.5-3B	Table 9 reports the Master-test Qwen2.5-3B row with accuracy, F1, AUC, or recall >=0.90 on its named master, validation, self-model, family, or ensemble evaluation; this is not a shared disposition inherited from another row.	Table 9 reports the Master-test Qwen2.5-3B row with accuracy, F1, AUC, or recall >=0.90 on its named master, validation, self-model, family, or ensemble evaluation; this is not a shared disposition inherited from another row.	Named submitted/proposed/fitted configuration with a threshold metric or explicit high-performance result in the cited full-text table scope.	https://arxiv.org/abs/2601.20006	The 99.6 percent result is token-level accuracy on the authors' benchmark, not document AUROC or low-FPR parity, and no fixed deployment artifact is established.	retain_reject	named LM fine-tuned for token-level detection, or the named any-positive ensemble. The 99.6 percent result is token-level accuracy on the authors' benchmark, not document AUROC or low-FPR parity, and no fixed deployment artifact is established.	Full-text source 2601.20006
2601.20006	2601.20006:master-qwen25-7b	Master-test Qwen2.5-7B	Master-test Qwen2.5-7B	Table 9 reports the Master-test Qwen2.5-7B row with accuracy, F1, AUC, or recall >=0.90 on its named master, validation, self-model, family, or ensemble evaluation; this is not a shared disposition inherited from another row.	Table 9 reports the Master-test Qwen2.5-7B row with accuracy, F1, AUC, or recall >=0.90 on its named master, validation, self-model, family, or ensemble evaluation; this is not a shared disposition inherited from another row.	Named submitted/proposed/fitted configuration with a threshold metric or explicit high-performance result in the cited full-text table scope.	https://arxiv.org/abs/2601.20006	The 99.6 percent result is token-level accuracy on the authors' benchmark, not document AUROC or low-FPR parity, and no fixed deployment artifact is established.	retain_reject	named LM fine-tuned for token-level detection, or the named any-positive ensemble. The 99.6 percent result is token-level accuracy on the authors' benchmark, not document AUROC or low-FPR parity, and no fixed deployment artifact is established.	Full-text source 2601.20006
2601.20006	2601.20006:master-qwen25-14b	Master-test Qwen2.5-14B	Master-test Qwen2.5-14B	Table 9 reports the Master-test Qwen2.5-14B row with accuracy, F1, AUC, or recall >=0.90 on its named master, validation, self-model, family, or ensemble evaluation; this is not a shared disposition inherited from another row.	Table 9 reports the Master-test Qwen2.5-14B row with accuracy, F1, AUC, or recall >=0.90 on its named master, validation, self-model, family, or ensemble evaluation; this is not a shared disposition inherited from another row.	Named submitted/proposed/fitted configuration with a threshold metric or explicit high-performance result in the cited full-text table scope.	https://arxiv.org/abs/2601.20006	The 99.6 percent result is token-level accuracy on the authors' benchmark, not document AUROC or low-FPR parity, and no fixed deployment artifact is established.	retain_reject	named LM fine-tuned for token-level detection, or the named any-positive ensemble. The 99.6 percent result is token-level accuracy on the authors' benchmark, not document AUROC or low-FPR parity, and no fixed deployment artifact is established.	Full-text source 2601.20006
2601.20006	2601.20006:master-falcon3-3b	Master-test Falcon3-3B	Master-test Falcon3-3B	Table 9 reports the Master-test Falcon3-3B row with accuracy, F1, AUC, or recall >=0.90 on its named master, validation, self-model, family, or ensemble evaluation; this is not a shared disposition inherited from another row.	Table 9 reports the Master-test Falcon3-3B row with accuracy, F1, AUC, or recall >=0.90 on its named master, validation, self-model, family, or ensemble evaluation; this is not a shared disposition inherited from another row.	Named submitted/proposed/fitted configuration with a threshold metric or explicit high-performance result in the cited full-text table scope.	https://arxiv.org/abs/2601.20006	The 99.6 percent result is token-level accuracy on the authors' benchmark, not document AUROC or low-FPR parity, and no fixed deployment artifact is established.	retain_reject	named LM fine-tuned for token-level detection, or the named any-positive ensemble. The 99.6 percent result is token-level accuracy on the authors' benchmark, not document AUROC or low-FPR parity, and no fixed deployment artifact is established.	Full-text source 2601.20006
2601.20006	2601.20006:master-falcon3-7b	Master-test Falcon3-7B	Master-test Falcon3-7B	Table 9 reports the Master-test Falcon3-7B row with accuracy, F1, AUC, or recall >=0.90 on its named master, validation, self-model, family, or ensemble evaluation; this is not a shared disposition inherited from another row.	Table 9 reports the Master-test Falcon3-7B row with accuracy, F1, AUC, or recall >=0.90 on its named master, validation, self-model, family, or ensemble evaluation; this is not a shared disposition inherited from another row.	Named submitted/proposed/fitted configuration with a threshold metric or explicit high-performance result in the cited full-text table scope.	https://arxiv.org/abs/2601.20006	The 99.6 percent result is token-level accuracy on the authors' benchmark, not document AUROC or low-FPR parity, and no fixed deployment artifact is established.	retain_reject	named LM fine-tuned for token-level detection, or the named any-positive ensemble. The 99.6 percent result is token-level accuracy on the authors' benchmark, not document AUROC or low-FPR parity, and no fixed deployment artifact is established.	Full-text source 2601.20006
2601.20006	2601.20006:gpt41nano-llama31-8b	GPT-4.1-nano validation Llama-3.1-8B	GPT-4.1-nano validation Llama-3.1-8B	Table 10 reports the GPT-4.1-nano validation Llama-3.1-8B row with accuracy, F1, AUC, or recall >=0.90 on its named master, validation, self-model, family, or ensemble evaluation; this is not a shared disposition inherited from another row.	Table 10 reports the GPT-4.1-nano validation Llama-3.1-8B row with accuracy, F1, AUC, or recall >=0.90 on its named master, validation, self-model, family, or ensemble evaluation; this is not a shared disposition inherited from another row.	Named submitted/proposed/fitted configuration with a threshold metric or explicit high-performance result in the cited full-text table scope.	https://arxiv.org/abs/2601.20006	The 99.6 percent result is token-level accuracy on the authors' benchmark, not document AUROC or low-FPR parity, and no fixed deployment artifact is established.	retain_reject	named LM fine-tuned for token-level detection, or the named any-positive ensemble. The 99.6 percent result is token-level accuracy on the authors' benchmark, not document AUROC or low-FPR parity, and no fixed deployment artifact is established.	Full-text source 2601.20006
2601.20006	2601.20006:gpt41nano-llama32-3b	GPT-4.1-nano validation Llama-3.2-3B	GPT-4.1-nano validation Llama-3.2-3B	Table 10 reports the GPT-4.1-nano validation Llama-3.2-3B row with accuracy, F1, AUC, or recall >=0.90 on its named master, validation, self-model, family, or ensemble evaluation; this is not a shared disposition inherited from another row.	Table 10 reports the GPT-4.1-nano validation Llama-3.2-3B row with accuracy, F1, AUC, or recall >=0.90 on its named master, validation, self-model, family, or ensemble evaluation; this is not a shared disposition inherited from another row.	Named submitted/proposed/fitted configuration with a threshold metric or explicit high-performance result in the cited full-text table scope.	https://arxiv.org/abs/2601.20006	The 99.6 percent result is token-level accuracy on the authors' benchmark, not document AUROC or low-FPR parity, and no fixed deployment artifact is established.	retain_reject	named LM fine-tuned for token-level detection, or the named any-positive ensemble. The 99.6 percent result is token-level accuracy on the authors' benchmark, not document AUROC or low-FPR parity, and no fixed deployment artifact is established.	Full-text source 2601.20006
2601.20006	2601.20006:gpt41nano-phi3-mini	GPT-4.1-nano validation Phi-3-mini	GPT-4.1-nano validation Phi-3-mini	Table 10 reports the GPT-4.1-nano validation Phi-3-mini row with accuracy, F1, AUC, or recall >=0.90 on its named master, validation, self-model, family, or ensemble evaluation; this is not a shared disposition inherited from another row.	Table 10 reports the GPT-4.1-nano validation Phi-3-mini row with accuracy, F1, AUC, or recall >=0.90 on its named master, validation, self-model, family, or ensemble evaluation; this is not a shared disposition inherited from another row.	Named submitted/proposed/fitted configuration with a threshold metric or explicit high-performance result in the cited full-text table scope.	https://arxiv.org/abs/2601.20006	The 99.6 percent result is token-level accuracy on the authors' benchmark, not document AUROC or low-FPR parity, and no fixed deployment artifact is established.	retain_reject	named LM fine-tuned for token-level detection, or the named any-positive ensemble. The 99.6 percent result is token-level accuracy on the authors' benchmark, not document AUROC or low-FPR parity, and no fixed deployment artifact is established.	Full-text source 2601.20006
2601.20006	2601.20006:gpt41nano-phi3-small	GPT-4.1-nano validation Phi-3-small	GPT-4.1-nano validation Phi-3-small	Table 10 reports the GPT-4.1-nano validation Phi-3-small row with accuracy, F1, AUC, or recall >=0.90 on its named master, validation, self-model, family, or ensemble evaluation; this is not a shared disposition inherited from another row.	Table 10 reports the GPT-4.1-nano validation Phi-3-small row with accuracy, F1, AUC, or recall >=0.90 on its named master, validation, self-model, family, or ensemble evaluation; this is not a shared disposition inherited from another row.	Named submitted/proposed/fitted configuration with a threshold metric or explicit high-performance result in the cited full-text table scope.	https://arxiv.org/abs/2601.20006	The 99.6 percent result is token-level accuracy on the authors' benchmark, not document AUROC or low-FPR parity, and no fixed deployment artifact is established.	retain_reject	named LM fine-tuned for token-level detection, or the named any-positive ensemble. The 99.6 percent result is token-level accuracy on the authors' benchmark, not document AUROC or low-FPR parity, and no fixed deployment artifact is established.	Full-text source 2601.20006
2601.20006	2601.20006:gpt41nano-phi3-medium	GPT-4.1-nano validation Phi-3-medium	GPT-4.1-nano validation Phi-3-medium	Table 10 reports the GPT-4.1-nano validation Phi-3-medium row with accuracy, F1, AUC, or recall >=0.90 on its named master, validation, self-model, family, or ensemble evaluation; this is not a shared disposition inherited from another row.	Table 10 reports the GPT-4.1-nano validation Phi-3-medium row with accuracy, F1, AUC, or recall >=0.90 on its named master, validation, self-model, family, or ensemble evaluation; this is not a shared disposition inherited from another row.	Named submitted/proposed/fitted configuration with a threshold metric or explicit high-performance result in the cited full-text table scope.	https://arxiv.org/abs/2601.20006	The 99.6 percent result is token-level accuracy on the authors' benchmark, not document AUROC or low-FPR parity, and no fixed deployment artifact is established.	retain_reject	named LM fine-tuned for token-level detection, or the named any-positive ensemble. The 99.6 percent result is token-level accuracy on the authors' benchmark, not document AUROC or low-FPR parity, and no fixed deployment artifact is established.	Full-text source 2601.20006
2601.20006	2601.20006:gpt41nano-phi35-mini	GPT-4.1-nano validation Phi-3.5-mini	GPT-4.1-nano validation Phi-3.5-mini	Table 10 reports the GPT-4.1-nano validation Phi-3.5-mini row with accuracy, F1, AUC, or recall >=0.90 on its named master, validation, self-model, family, or ensemble evaluation; this is not a shared disposition inherited from another row.	Table 10 reports the GPT-4.1-nano validation Phi-3.5-mini row with accuracy, F1, AUC, or recall >=0.90 on its named master, validation, self-model, family, or ensemble evaluation; this is not a shared disposition inherited from another row.	Named submitted/proposed/fitted configuration with a threshold metric or explicit high-performance result in the cited full-text table scope.	https://arxiv.org/abs/2601.20006	The 99.6 percent result is token-level accuracy on the authors' benchmark, not document AUROC or low-FPR parity, and no fixed deployment artifact is established.	retain_reject	named LM fine-tuned for token-level detection, or the named any-positive ensemble. The 99.6 percent result is token-level accuracy on the authors' benchmark, not document AUROC or low-FPR parity, and no fixed deployment artifact is established.	Full-text source 2601.20006
2601.20006	2601.20006:gpt41nano-phi4-mini	GPT-4.1-nano validation Phi-4-mini	GPT-4.1-nano validation Phi-4-mini	Table 10 reports the GPT-4.1-nano validation Phi-4-mini row with accuracy, F1, AUC, or recall >=0.90 on its named master, validation, self-model, family, or ensemble evaluation; this is not a shared disposition inherited from another row.	Table 10 reports the GPT-4.1-nano validation Phi-4-mini row with accuracy, F1, AUC, or recall >=0.90 on its named master, validation, self-model, family, or ensemble evaluation; this is not a shared disposition inherited from another row.	Named submitted/proposed/fitted configuration with a threshold metric or explicit high-performance result in the cited full-text table scope.	https://arxiv.org/abs/2601.20006	The 99.6 percent result is token-level accuracy on the authors' benchmark, not document AUROC or low-FPR parity, and no fixed deployment artifact is established.	retain_reject	named LM fine-tuned for token-level detection, or the named any-positive ensemble. The 99.6 percent result is token-level accuracy on the authors' benchmark, not document AUROC or low-FPR parity, and no fixed deployment artifact is established.	Full-text source 2601.20006
2601.20006	2601.20006:gpt41nano-phi4	GPT-4.1-nano validation Phi-4	GPT-4.1-nano validation Phi-4	Table 10 reports the GPT-4.1-nano validation Phi-4 row with accuracy, F1, AUC, or recall >=0.90 on its named master, validation, self-model, family, or ensemble evaluation; this is not a shared disposition inherited from another row.	Table 10 reports the GPT-4.1-nano validation Phi-4 row with accuracy, F1, AUC, or recall >=0.90 on its named master, validation, self-model, family, or ensemble evaluation; this is not a shared disposition inherited from another row.	Named submitted/proposed/fitted configuration with a threshold metric or explicit high-performance result in the cited full-text table scope.	https://arxiv.org/abs/2601.20006	The 99.6 percent result is token-level accuracy on the authors' benchmark, not document AUROC or low-FPR parity, and no fixed deployment artifact is established.	retain_reject	named LM fine-tuned for token-level detection, or the named any-positive ensemble. The 99.6 percent result is token-level accuracy on the authors' benchmark, not document AUROC or low-FPR parity, and no fixed deployment artifact is established.	Full-text source 2601.20006
2601.20006	2601.20006:gpt41nano-ministral8b	GPT-4.1-nano validation Ministral-8B-2410	GPT-4.1-nano validation Ministral-8B-2410	Table 10 reports the GPT-4.1-nano validation Ministral-8B-2410 row with accuracy, F1, AUC, or recall >=0.90 on its named master, validation, self-model, family, or ensemble evaluation; this is not a shared disposition inherited from another row.	Table 10 reports the GPT-4.1-nano validation Ministral-8B-2410 row with accuracy, F1, AUC, or recall >=0.90 on its named master, validation, self-model, family, or ensemble evaluation; this is not a shared disposition inherited from another row.	Named submitted/proposed/fitted configuration with a threshold metric or explicit high-performance result in the cited full-text table scope.	https://arxiv.org/abs/2601.20006	The 99.6 percent result is token-level accuracy on the authors' benchmark, not document AUROC or low-FPR parity, and no fixed deployment artifact is established.	retain_reject	named LM fine-tuned for token-level detection, or the named any-positive ensemble. The 99.6 percent result is token-level accuracy on the authors' benchmark, not document AUROC or low-FPR parity, and no fixed deployment artifact is established.	Full-text source 2601.20006
2601.20006	2601.20006:gpt41nano-mistral-nemo	GPT-4.1-nano validation Mistral-Nemo-2407	GPT-4.1-nano validation Mistral-Nemo-2407	Table 10 reports the GPT-4.1-nano validation Mistral-Nemo-2407 row with accuracy, F1, AUC, or recall >=0.90 on its named master, validation, self-model, family, or ensemble evaluation; this is not a shared disposition inherited from another row.	Table 10 reports the GPT-4.1-nano validation Mistral-Nemo-2407 row with accuracy, F1, AUC, or recall >=0.90 on its named master, validation, self-model, family, or ensemble evaluation; this is not a shared disposition inherited from another row.	Named submitted/proposed/fitted configuration with a threshold metric or explicit high-performance result in the cited full-text table scope.	https://arxiv.org/abs/2601.20006	The 99.6 percent result is token-level accuracy on the authors' benchmark, not document AUROC or low-FPR parity, and no fixed deployment artifact is established.	retain_reject	named LM fine-tuned for token-level detection, or the named any-positive ensemble. The 99.6 percent result is token-level accuracy on the authors' benchmark, not document AUROC or low-FPR parity, and no fixed deployment artifact is established.	Full-text source 2601.20006
2601.20006	2601.20006:gpt41nano-qwen2-7b	GPT-4.1-nano validation Qwen2-7B	GPT-4.1-nano validation Qwen2-7B	Table 10 reports the GPT-4.1-nano validation Qwen2-7B row with accuracy, F1, AUC, or recall >=0.90 on its named master, validation, self-model, family, or ensemble evaluation; this is not a shared disposition inherited from another row.	Table 10 reports the GPT-4.1-nano validation Qwen2-7B row with accuracy, F1, AUC, or recall >=0.90 on its named master, validation, self-model, family, or ensemble evaluation; this is not a shared disposition inherited from another row.	Named submitted/proposed/fitted configuration with a threshold metric or explicit high-performance result in the cited full-text table scope.	https://arxiv.org/abs/2601.20006	The 99.6 percent result is token-level accuracy on the authors' benchmark, not document AUROC or low-FPR parity, and no fixed deployment artifact is established.	retain_reject	named LM fine-tuned for token-level detection, or the named any-positive ensemble. The 99.6 percent result is token-level accuracy on the authors' benchmark, not document AUROC or low-FPR parity, and no fixed deployment artifact is established.	Full-text source 2601.20006
2601.20006	2601.20006:gpt41nano-qwen25-3b	GPT-4.1-nano validation Qwen2.5-3B	GPT-4.1-nano validation Qwen2.5-3B	Table 10 reports the GPT-4.1-nano validation Qwen2.5-3B row with accuracy, F1, AUC, or recall >=0.90 on its named master, validation, self-model, family, or ensemble evaluation; this is not a shared disposition inherited from another row.	Table 10 reports the GPT-4.1-nano validation Qwen2.5-3B row with accuracy, F1, AUC, or recall >=0.90 on its named master, validation, self-model, family, or ensemble evaluation; this is not a shared disposition inherited from another row.	Named submitted/proposed/fitted configuration with a threshold metric or explicit high-performance result in the cited full-text table scope.	https://arxiv.org/abs/2601.20006	The 99.6 percent result is token-level accuracy on the authors' benchmark, not document AUROC or low-FPR parity, and no fixed deployment artifact is established.	retain_reject	named LM fine-tuned for token-level detection, or the named any-positive ensemble. The 99.6 percent result is token-level accuracy on the authors' benchmark, not document AUROC or low-FPR parity, and no fixed deployment artifact is established.	Full-text source 2601.20006
2601.20006	2601.20006:gpt41nano-qwen25-7b	GPT-4.1-nano validation Qwen2.5-7B	GPT-4.1-nano validation Qwen2.5-7B	Table 10 reports the GPT-4.1-nano validation Qwen2.5-7B row with accuracy, F1, AUC, or recall >=0.90 on its named master, validation, self-model, family, or ensemble evaluation; this is not a shared disposition inherited from another row.	Table 10 reports the GPT-4.1-nano validation Qwen2.5-7B row with accuracy, F1, AUC, or recall >=0.90 on its named master, validation, self-model, family, or ensemble evaluation; this is not a shared disposition inherited from another row.	Named submitted/proposed/fitted configuration with a threshold metric or explicit high-performance result in the cited full-text table scope.	https://arxiv.org/abs/2601.20006	The 99.6 percent result is token-level accuracy on the authors' benchmark, not document AUROC or low-FPR parity, and no fixed deployment artifact is established.	retain_reject	named LM fine-tuned for token-level detection, or the named any-positive ensemble. The 99.6 percent result is token-level accuracy on the authors' benchmark, not document AUROC or low-FPR parity, and no fixed deployment artifact is established.	Full-text source 2601.20006
2601.20006	2601.20006:gpt41nano-qwen25-14b	GPT-4.1-nano validation Qwen2.5-14B	GPT-4.1-nano validation Qwen2.5-14B	Table 10 reports the GPT-4.1-nano validation Qwen2.5-14B row with accuracy, F1, AUC, or recall >=0.90 on its named master, validation, self-model, family, or ensemble evaluation; this is not a shared disposition inherited from another row.	Table 10 reports the GPT-4.1-nano validation Qwen2.5-14B row with accuracy, F1, AUC, or recall >=0.90 on its named master, validation, self-model, family, or ensemble evaluation; this is not a shared disposition inherited from another row.	Named submitted/proposed/fitted configuration with a threshold metric or explicit high-performance result in the cited full-text table scope.	https://arxiv.org/abs/2601.20006	The 99.6 percent result is token-level accuracy on the authors' benchmark, not document AUROC or low-FPR parity, and no fixed deployment artifact is established.	retain_reject	named LM fine-tuned for token-level detection, or the named any-positive ensemble. The 99.6 percent result is token-level accuracy on the authors' benchmark, not document AUROC or low-FPR parity, and no fixed deployment artifact is established.	Full-text source 2601.20006
2601.20006	2601.20006:gpt41nano-falcon3-3b	GPT-4.1-nano validation Falcon3-3B	GPT-4.1-nano validation Falcon3-3B	Table 10 reports the GPT-4.1-nano validation Falcon3-3B row with accuracy, F1, AUC, or recall >=0.90 on its named master, validation, self-model, family, or ensemble evaluation; this is not a shared disposition inherited from another row.	Table 10 reports the GPT-4.1-nano validation Falcon3-3B row with accuracy, F1, AUC, or recall >=0.90 on its named master, validation, self-model, family, or ensemble evaluation; this is not a shared disposition inherited from another row.	Named submitted/proposed/fitted configuration with a threshold metric or explicit high-performance result in the cited full-text table scope.	https://arxiv.org/abs/2601.20006	The 99.6 percent result is token-level accuracy on the authors' benchmark, not document AUROC or low-FPR parity, and no fixed deployment artifact is established.	retain_reject	named LM fine-tuned for token-level detection, or the named any-positive ensemble. The 99.6 percent result is token-level accuracy on the authors' benchmark, not document AUROC or low-FPR parity, and no fixed deployment artifact is established.	Full-text source 2601.20006
2601.20006	2601.20006:gpt41nano-falcon3-7b	GPT-4.1-nano validation Falcon3-7B	GPT-4.1-nano validation Falcon3-7B	Table 10 reports the GPT-4.1-nano validation Falcon3-7B row with accuracy, F1, AUC, or recall >=0.90 on its named master, validation, self-model, family, or ensemble evaluation; this is not a shared disposition inherited from another row.	Table 10 reports the GPT-4.1-nano validation Falcon3-7B row with accuracy, F1, AUC, or recall >=0.90 on its named master, validation, self-model, family, or ensemble evaluation; this is not a shared disposition inherited from another row.	Named submitted/proposed/fitted configuration with a threshold metric or explicit high-performance result in the cited full-text table scope.	https://arxiv.org/abs/2601.20006	The 99.6 percent result is token-level accuracy on the authors' benchmark, not document AUROC or low-FPR parity, and no fixed deployment artifact is established.	retain_reject	named LM fine-tuned for token-level detection, or the named any-positive ensemble. The 99.6 percent result is token-level accuracy on the authors' benchmark, not document AUROC or low-FPR parity, and no fixed deployment artifact is established.	Full-text source 2601.20006
2601.20006	2601.20006:self-phi35-mini	Per-LLM Phi-3.5-mini	Per-LLM Phi-3.5-mini	Table 11 reports the Per-LLM Phi-3.5-mini row with accuracy, F1, AUC, or recall >=0.90 on its named master, validation, self-model, family, or ensemble evaluation; this is not a shared disposition inherited from another row.	Table 11 reports the Per-LLM Phi-3.5-mini row with accuracy, F1, AUC, or recall >=0.90 on its named master, validation, self-model, family, or ensemble evaluation; this is not a shared disposition inherited from another row.	Named submitted/proposed/fitted configuration with a threshold metric or explicit high-performance result in the cited full-text table scope.	https://arxiv.org/abs/2601.20006	The 99.6 percent result is token-level accuracy on the authors' benchmark, not document AUROC or low-FPR parity, and no fixed deployment artifact is established.	retain_reject	named LM fine-tuned for token-level detection, or the named any-positive ensemble. The 99.6 percent result is token-level accuracy on the authors' benchmark, not document AUROC or low-FPR parity, and no fixed deployment artifact is established.	Full-text source 2601.20006
2601.20006	2601.20006:self-mistral-nemo	Per-LLM Mistral-Nemo-2407	Per-LLM Mistral-Nemo-2407	Table 11 reports the Per-LLM Mistral-Nemo-2407 row with accuracy, F1, AUC, or recall >=0.90 on its named master, validation, self-model, family, or ensemble evaluation; this is not a shared disposition inherited from another row.	Table 11 reports the Per-LLM Mistral-Nemo-2407 row with accuracy, F1, AUC, or recall >=0.90 on its named master, validation, self-model, family, or ensemble evaluation; this is not a shared disposition inherited from another row.	Named submitted/proposed/fitted configuration with a threshold metric or explicit high-performance result in the cited full-text table scope.	https://arxiv.org/abs/2601.20006	The 99.6 percent result is token-level accuracy on the authors' benchmark, not document AUROC or low-FPR parity, and no fixed deployment artifact is established.	retain_reject	named LM fine-tuned for token-level detection, or the named any-positive ensemble. The 99.6 percent result is token-level accuracy on the authors' benchmark, not document AUROC or low-FPR parity, and no fixed deployment artifact is established.	Full-text source 2601.20006
2601.20006	2601.20006:family-llama31-8b	Per-family Llama-3.1-8B	Per-family Llama-3.1-8B	Table 13 reports the Per-family Llama-3.1-8B row with accuracy, F1, AUC, or recall >=0.90 on its named master, validation, self-model, family, or ensemble evaluation; this is not a shared disposition inherited from another row.	Table 13 reports the Per-family Llama-3.1-8B row with accuracy, F1, AUC, or recall >=0.90 on its named master, validation, self-model, family, or ensemble evaluation; this is not a shared disposition inherited from another row.	Named submitted/proposed/fitted configuration with a threshold metric or explicit high-performance result in the cited full-text table scope.	https://arxiv.org/abs/2601.20006	The 99.6 percent result is token-level accuracy on the authors' benchmark, not document AUROC or low-FPR parity, and no fixed deployment artifact is established.	retain_reject	named LM fine-tuned for token-level detection, or the named any-positive ensemble. The 99.6 percent result is token-level accuracy on the authors' benchmark, not document AUROC or low-FPR parity, and no fixed deployment artifact is established.	Full-text source 2601.20006
2601.20006	2601.20006:ensemble-per-llm	Per-LLM ensemble	Per-LLM ensemble	Table 12 reports the Per-LLM ensemble row with accuracy, F1, AUC, or recall >=0.90 on its named master, validation, self-model, family, or ensemble evaluation; this is not a shared disposition inherited from another row.	Table 12 reports the Per-LLM ensemble row with accuracy, F1, AUC, or recall >=0.90 on its named master, validation, self-model, family, or ensemble evaluation; this is not a shared disposition inherited from another row.	Named submitted/proposed/fitted configuration with a threshold metric or explicit high-performance result in the cited full-text table scope.	https://arxiv.org/abs/2601.20006	The 99.6 percent result is token-level accuracy on the authors' benchmark, not document AUROC or low-FPR parity, and no fixed deployment artifact is established.	retain_reject	named LM fine-tuned for token-level detection, or the named any-positive ensemble. The 99.6 percent result is token-level accuracy on the authors' benchmark, not document AUROC or low-FPR parity, and no fixed deployment artifact is established.	Full-text source 2601.20006
2601.20006	2601.20006:ensemble-per-family	Per-family ensemble	Per-family ensemble	Table 14 reports the Per-family ensemble row with accuracy, F1, AUC, or recall >=0.90 on its named master, validation, self-model, family, or ensemble evaluation; this is not a shared disposition inherited from another row.	Table 14 reports the Per-family ensemble row with accuracy, F1, AUC, or recall >=0.90 on its named master, validation, self-model, family, or ensemble evaluation; this is not a shared disposition inherited from another row.	Named submitted/proposed/fitted configuration with a threshold metric or explicit high-performance result in the cited full-text table scope.	https://arxiv.org/abs/2601.20006	The 99.6 percent result is token-level accuracy on the authors' benchmark, not document AUROC or low-FPR parity, and no fixed deployment artifact is established.	retain_reject	named LM fine-tuned for token-level detection, or the named any-positive ensemble. The 99.6 percent result is token-level accuracy on the authors' benchmark, not document AUROC or low-FPR parity, and no fixed deployment artifact is established.	Full-text source 2601.20006
2601.04833	2601.04833:likelihood	Likelihood	Likelihood	Tables 3 and 6: Likelihood reaches 91.30% AUROC on GLM and 92.96% on LLaMA within MAGE, but averages 56.81% on MAGE and 77.44% on EvoBench.	Tables 3 and 6: Likelihood reaches 91.30% AUROC on GLM and 92.96% on LLaMA within MAGE, but averages 56.81% on MAGE and 77.44% on EvoBench.	Named submitted/proposed/fitted configuration with a threshold metric or explicit high-performance result in the cited full-text table scope.	https://arxiv.org/abs/2601.04833	Only a generator-specific cell crosses 0.90; the same tables report substantially weaker benchmark averages and do not establish a new frozen low-FPR state or fixed A6000 comparison.	retain_reject	mean token likelihood under the common surrogate language model. Only a generator-specific cell crosses 0.90; the same tables report substantially weaker benchmark averages and do not establish a new frozen low-FPR state or fixed A6000 comparison.	Full-text source 2601.04833
2601.04833	2601.04833:logrank	Log-Rank	Log-Rank	Tables 3 and 6: Log-Rank reaches 90.28% AUROC on GLM and 91.69% on LLaMA within MAGE, but averages 55.91% on MAGE and 75.37% on EvoBench.	Tables 3 and 6: Log-Rank reaches 90.28% AUROC on GLM and 91.69% on LLaMA within MAGE, but averages 55.91% on MAGE and 75.37% on EvoBench.	Named submitted/proposed/fitted configuration with a threshold metric or explicit high-performance result in the cited full-text table scope.	https://arxiv.org/abs/2601.04833	Only a generator-specific cell crosses 0.90; the same tables report substantially weaker benchmark averages and do not establish a new frozen low-FPR state or fixed A6000 comparison.	retain_reject	mean token log-rank under the common surrogate language model. Only a generator-specific cell crosses 0.90; the same tables report substantially weaker benchmark averages and do not establish a new frozen low-FPR state or fixed A6000 comparison.	Full-text source 2601.04833
2601.04833	2601.04833:fastdetectgpt	FastDetectGPT	FastDetectGPT	Table 3: FastDetectGPT reaches 94.17% AUROC on the EvoBench LLaMA-3 slice but averages 79.85% on EvoBench and 69.69% on MAGE.	Table 3: FastDetectGPT reaches 94.17% AUROC on the EvoBench LLaMA-3 slice but averages 79.85% on EvoBench and 69.69% on MAGE.	Named submitted/proposed/fitted configuration with a threshold metric or explicit high-performance result in the cited full-text table scope.	https://arxiv.org/abs/2601.04833	Only a generator-specific cell crosses 0.90; the same tables report substantially weaker benchmark averages and do not establish a new frozen low-FPR state or fixed A6000 comparison.	retain_reject	the FastDetectGPT conditional-probability-curvature statistic. Only a generator-specific cell crosses 0.90; the same tables report substantially weaker benchmark averages and do not establish a new frozen low-FPR state or fixed A6000 comparison.	Full-text source 2601.04833
2601.04833	2601.04833:lastde	Lastde	Lastde	Table 3: Lastde reaches 90.80% AUROC on the EvoBench LLaMA-3 slice but averages 76.66% on EvoBench and 70.71% on MAGE.	Table 3: Lastde reaches 90.80% AUROC on the EvoBench LLaMA-3 slice but averages 76.66% on EvoBench and 70.71% on MAGE.	Named submitted/proposed/fitted configuration with a threshold metric or explicit high-performance result in the cited full-text table scope.	https://arxiv.org/abs/2601.04833	Only a generator-specific cell crosses 0.90; the same tables report substantially weaker benchmark averages and do not establish a new frozen low-FPR state or fixed A6000 comparison.	retain_reject	the Lastde detector over discriminative local subsequences in token-probability series. Only a generator-specific cell crosses 0.90; the same tables report substantially weaker benchmark averages and do not establish a new frozen low-FPR state or fixed A6000 comparison.	Full-text source 2601.04833
2601.04833	2601.04833:diveye	DivEye	DivEye	Table 6: DivEye reaches 92.61% AUROC on GLM and 93.80% on LLaMA within MAGE but averages 69.60% on MAGE and 74.40% on EvoBench.	Table 6: DivEye reaches 92.61% AUROC on GLM and 93.80% on LLaMA within MAGE but averages 69.60% on MAGE and 74.40% on EvoBench.	Named submitted/proposed/fitted configuration with a threshold metric or explicit high-performance result in the cited full-text table scope.	https://arxiv.org/abs/2601.04833	Only a generator-specific cell crosses 0.90; the same tables report substantially weaker benchmark averages and do not establish a new frozen low-FPR state or fixed A6000 comparison.	retain_reject	the DivEye statistic over diversity patterns in surprisal fluctuations. Only a generator-specific cell crosses 0.90; the same tables report substantially weaker benchmark averages and do not establish a new frozen low-FPR state or fixed A6000 comparison.	Full-text source 2601.04833
2601.04833	2601.04833:dd	DD	DD	Tables 3 and 6; Likelihood, Log-Rank, FastDetectGPT, Lastde, DivEye, DD, LV, TSD, and TSD+ each have AUROC >=0.90 on at least one generator slice, while aggregate performance is substantially lower	Tables 3 and 6; Likelihood, Log-Rank, FastDetectGPT, Lastde, DivEye, DD, LV, TSD, and TSD+ each have AUROC >=0.90 on at least one generator slice, while aggregate performance is substantially lower	Named submitted/proposed/fitted configuration with a threshold metric or explicit high-performance result in the cited full-text table scope.	https://arxiv.org/abs/2601.04833	The SOTA claim lacks like-for-like Binoculars accuracy and a fixed A6000 speed basis.	retain_reject	named late-stage stability detector/statistic. The SOTA claim lacks like-for-like Binoculars accuracy and a fixed A6000 speed basis.	Full-text source 2601.04833
2601.04833	2601.04833:lv	LV	LV	Tables 3 and 6; Likelihood, Log-Rank, FastDetectGPT, Lastde, DivEye, DD, LV, TSD, and TSD+ each have AUROC >=0.90 on at least one generator slice, while aggregate performance is substantially lower	Tables 3 and 6; Likelihood, Log-Rank, FastDetectGPT, Lastde, DivEye, DD, LV, TSD, and TSD+ each have AUROC >=0.90 on at least one generator slice, while aggregate performance is substantially lower	Named submitted/proposed/fitted configuration with a threshold metric or explicit high-performance result in the cited full-text table scope.	https://arxiv.org/abs/2601.04833	The SOTA claim lacks like-for-like Binoculars accuracy and a fixed A6000 speed basis.	retain_reject	named late-stage stability detector/statistic. The SOTA claim lacks like-for-like Binoculars accuracy and a fixed A6000 speed basis.	Full-text source 2601.04833
2601.04833	2601.04833:tsd	TSD	TSD	Tables 3 and 6; Likelihood, Log-Rank, FastDetectGPT, Lastde, DivEye, DD, LV, TSD, and TSD+ each have AUROC >=0.90 on at least one generator slice, while aggregate performance is substantially lower	Tables 3 and 6; Likelihood, Log-Rank, FastDetectGPT, Lastde, DivEye, DD, LV, TSD, and TSD+ each have AUROC >=0.90 on at least one generator slice, while aggregate performance is substantially lower	Named submitted/proposed/fitted configuration with a threshold metric or explicit high-performance result in the cited full-text table scope.	https://arxiv.org/abs/2601.04833	The SOTA claim lacks like-for-like Binoculars accuracy and a fixed A6000 speed basis.	retain_reject	named late-stage stability detector/statistic. The SOTA claim lacks like-for-like Binoculars accuracy and a fixed A6000 speed basis.	Full-text source 2601.04833
2601.04833	2601.04833:tsd-plus	TSD+	TSD+	Tables 3 and 6; Likelihood, Log-Rank, FastDetectGPT, Lastde, DivEye, DD, LV, TSD, and TSD+ each have AUROC >=0.90 on at least one generator slice, while aggregate performance is substantially lower	Tables 3 and 6; Likelihood, Log-Rank, FastDetectGPT, Lastde, DivEye, DD, LV, TSD, and TSD+ each have AUROC >=0.90 on at least one generator slice, while aggregate performance is substantially lower	Named submitted/proposed/fitted configuration with a threshold metric or explicit high-performance result in the cited full-text table scope.	https://arxiv.org/abs/2601.04833	The SOTA claim lacks like-for-like Binoculars accuracy and a fixed A6000 speed basis.	retain_reject	named late-stage stability detector/statistic. The SOTA claim lacks like-for-like Binoculars accuracy and a fixed A6000 speed basis.	Full-text source 2601.04833
2601.04641	2601.04641:likelihood	DP-MGTD Likelihood	DP-MGTD Likelihood	main DP-MGTD tables; every named detector instantiation has a qualifying high sanitized-text cell and depends on privacy-budget target sanitization	main DP-MGTD tables; every named detector instantiation has a qualifying high sanitized-text cell and depends on privacy-budget target sanitization	Named submitted/proposed/fitted configuration with a threshold metric or explicit high-performance result in the cited full-text table scope.	https://arxiv.org/abs/2601.04641	Near-perfect accuracy follows differentially private target-text entity sanitization, an input transformation outside the fixed no-perturbation screen.	exclude_perturbation	named detector after differentially private entity sanitization of the target. Near-perfect accuracy follows differentially private target-text entity sanitization, an input transformation outside the fixed no-perturbation screen.	Full-text source 2601.04641
2601.04641	2601.04641:rank	DP-MGTD Rank	DP-MGTD Rank	main DP-MGTD tables; every named detector instantiation has a qualifying high sanitized-text cell and depends on privacy-budget target sanitization	main DP-MGTD tables; every named detector instantiation has a qualifying high sanitized-text cell and depends on privacy-budget target sanitization	Named submitted/proposed/fitted configuration with a threshold metric or explicit high-performance result in the cited full-text table scope.	https://arxiv.org/abs/2601.04641	Near-perfect accuracy follows differentially private target-text entity sanitization, an input transformation outside the fixed no-perturbation screen.	exclude_perturbation	named detector after differentially private entity sanitization of the target. Near-perfect accuracy follows differentially private target-text entity sanitization, an input transformation outside the fixed no-perturbation screen.	Full-text source 2601.04641
2601.04641	2601.04641:rank-gltr	DP-MGTD Rank-GLTR	DP-MGTD Rank-GLTR	main DP-MGTD tables; every named detector instantiation has a qualifying high sanitized-text cell and depends on privacy-budget target sanitization	main DP-MGTD tables; every named detector instantiation has a qualifying high sanitized-text cell and depends on privacy-budget target sanitization	Named submitted/proposed/fitted configuration with a threshold metric or explicit high-performance result in the cited full-text table scope.	https://arxiv.org/abs/2601.04641	Near-perfect accuracy follows differentially private target-text entity sanitization, an input transformation outside the fixed no-perturbation screen.	exclude_perturbation	named detector after differentially private entity sanitization of the target. Near-perfect accuracy follows differentially private target-text entity sanitization, an input transformation outside the fixed no-perturbation screen.	Full-text source 2601.04641
2601.04641	2601.04641:entropy	DP-MGTD Entropy	DP-MGTD Entropy	main DP-MGTD tables; every named detector instantiation has a qualifying high sanitized-text cell and depends on privacy-budget target sanitization	main DP-MGTD tables; every named detector instantiation has a qualifying high sanitized-text cell and depends on privacy-budget target sanitization	Named submitted/proposed/fitted configuration with a threshold metric or explicit high-performance result in the cited full-text table scope.	https://arxiv.org/abs/2601.04641	Near-perfect accuracy follows differentially private target-text entity sanitization, an input transformation outside the fixed no-perturbation screen.	exclude_perturbation	named detector after differentially private entity sanitization of the target. Near-perfect accuracy follows differentially private target-text entity sanitization, an input transformation outside the fixed no-perturbation screen.	Full-text source 2601.04641
2601.04641	2601.04641:logrank	DP-MGTD Log-Rank	DP-MGTD Log-Rank	main DP-MGTD tables; every named detector instantiation has a qualifying high sanitized-text cell and depends on privacy-budget target sanitization	main DP-MGTD tables; every named detector instantiation has a qualifying high sanitized-text cell and depends on privacy-budget target sanitization	Named submitted/proposed/fitted configuration with a threshold metric or explicit high-performance result in the cited full-text table scope.	https://arxiv.org/abs/2601.04641	Near-perfect accuracy follows differentially private target-text entity sanitization, an input transformation outside the fixed no-perturbation screen.	exclude_perturbation	named detector after differentially private entity sanitization of the target. Near-perfect accuracy follows differentially private target-text entity sanitization, an input transformation outside the fixed no-perturbation screen.	Full-text source 2601.04641
2601.04641	2601.04641:binoculars	DP-MGTD Binoculars	DP-MGTD Binoculars	main DP-MGTD tables; every named detector instantiation has a qualifying high sanitized-text cell and depends on privacy-budget target sanitization	main DP-MGTD tables; every named detector instantiation has a qualifying high sanitized-text cell and depends on privacy-budget target sanitization	Named submitted/proposed/fitted configuration with a threshold metric or explicit high-performance result in the cited full-text table scope.	https://arxiv.org/abs/2601.04641	Near-perfect accuracy follows differentially private target-text entity sanitization, an input transformation outside the fixed no-perturbation screen.	exclude_perturbation	named detector after differentially private entity sanitization of the target. Near-perfect accuracy follows differentially private target-text entity sanitization, an input transformation outside the fixed no-perturbation screen.	Full-text source 2601.04641
2601.04641	2601.04641:distilbert-f	DP-MGTD DistilBERT-F	DP-MGTD DistilBERT-F	main DP-MGTD tables; every named detector instantiation has a qualifying high sanitized-text cell and depends on privacy-budget target sanitization	main DP-MGTD tables; every named detector instantiation has a qualifying high sanitized-text cell and depends on privacy-budget target sanitization	Named submitted/proposed/fitted configuration with a threshold metric or explicit high-performance result in the cited full-text table scope.	https://arxiv.org/abs/2601.04641	Near-perfect accuracy follows differentially private target-text entity sanitization, an input transformation outside the fixed no-perturbation screen.	exclude_perturbation	named detector after differentially private entity sanitization of the target. Near-perfect accuracy follows differentially private target-text entity sanitization, an input transformation outside the fixed no-perturbation screen.	Full-text source 2601.04641
2601.04641	2601.04641:roberta-f	DP-MGTD RoBERTa-F	DP-MGTD RoBERTa-F	main DP-MGTD tables; every named detector instantiation has a qualifying high sanitized-text cell and depends on privacy-budget target sanitization	main DP-MGTD tables; every named detector instantiation has a qualifying high sanitized-text cell and depends on privacy-budget target sanitization	Named submitted/proposed/fitted configuration with a threshold metric or explicit high-performance result in the cited full-text table scope.	https://arxiv.org/abs/2601.04641	Near-perfect accuracy follows differentially private target-text entity sanitization, an input transformation outside the fixed no-perturbation screen.	exclude_perturbation	named detector after differentially private entity sanitization of the target. Near-perfect accuracy follows differentially private target-text entity sanitization, an input transformation outside the fixed no-perturbation screen.	Full-text source 2601.04641
2601.03812	2601.03812:bilstm	BiLSTM detector	BiLSTM detector	main classifier table; BiLSTM ROC-AUC 0.94 and DistilBERT 0.96, with lower accuracy/topic-transfer evidence	main classifier table; BiLSTM ROC-AUC 0.94 and DistilBERT 0.96, with lower accuracy/topic-transfer evidence	Named submitted/proposed/fitted configuration with a threshold metric or explicit high-performance result in the cited full-text table scope.	https://arxiv.org/abs/2601.03812	DistilBERT reaches 0.96 ROC-AUC but only 88.11 percent accuracy on two topic-split datasets and has no released state, low-FPR row, or fixed speed result.	retain_reject	supervised sequence classifier with the named architecture. DistilBERT reaches 0.96 ROC-AUC but only 88.11 percent accuracy on two topic-split datasets and has no released state, low-FPR row, or fixed speed result.	Full-text source 2601.03812
2601.03812	2601.03812:distilbert	DistilBERT detector	DistilBERT detector	main classifier table; BiLSTM ROC-AUC 0.94 and DistilBERT 0.96, with lower accuracy/topic-transfer evidence	main classifier table; BiLSTM ROC-AUC 0.94 and DistilBERT 0.96, with lower accuracy/topic-transfer evidence	Named submitted/proposed/fitted configuration with a threshold metric or explicit high-performance result in the cited full-text table scope.	https://arxiv.org/abs/2601.03812	DistilBERT reaches 0.96 ROC-AUC but only 88.11 percent accuracy on two topic-split datasets and has no released state, low-FPR row, or fixed speed result.	retain_reject	supervised sequence classifier with the named architecture. DistilBERT reaches 0.96 ROC-AUC but only 88.11 percent accuracy on two topic-split datasets and has no released state, low-FPR row, or fixed speed result.	Full-text source 2601.03812
2511.21744	2511.21744:cnn	NEULIF CNN	NEULIF CNN	Tables 2-3 and the Table 3 discussion; CNN and Random Forest are separately fitted, while six named literature comparison states expose a >=0.90 claim on at least one in-domain or small-dataset slice; NEULIF's best balanced-split ROC-AUC is 0.9951 without cross-domain evidence	Tables 2-3 and the Table 3 discussion; CNN and Random Forest are separately fitted, while six named literature comparison states expose a >=0.90 claim on at least one in-domain or small-dataset slice; NEULIF's best balanced-split ROC-AUC is 0.9951 without cross-domain evidence	Named submitted/proposed/fitted configuration with a threshold metric or explicit high-performance result in the cited full-text table scope.	https://arxiv.org/abs/2511.21744	The 0.995 ROC-AUC is one balanced in-domain Kaggle split with no matched Binoculars row, frozen model, cross-domain test, or measured timing artifact.	retain_reject	supervised NEULIF linguistic-feature classifier with the named learner. The 0.995 ROC-AUC is one balanced in-domain Kaggle split with no matched Binoculars row, frozen model, cross-domain test, or measured timing artifact.	Full-text source 2511.21744
2511.21744	2511.21744:random-forest	NEULIF Random Forest	NEULIF Random Forest	Tables 2-3 and the Table 3 discussion; CNN and Random Forest are separately fitted, while six named literature comparison states expose a >=0.90 claim on at least one in-domain or small-dataset slice; NEULIF's best balanced-split ROC-AUC is 0.9951 without cross-domain evidence	Tables 2-3 and the Table 3 discussion; CNN and Random Forest are separately fitted, while six named literature comparison states expose a >=0.90 claim on at least one in-domain or small-dataset slice; NEULIF's best balanced-split ROC-AUC is 0.9951 without cross-domain evidence	Named submitted/proposed/fitted configuration with a threshold metric or explicit high-performance result in the cited full-text table scope.	https://arxiv.org/abs/2511.21744	The 0.995 ROC-AUC is one balanced in-domain Kaggle split with no matched Binoculars row, frozen model, cross-domain test, or measured timing artifact.	retain_reject	supervised NEULIF linguistic-feature classifier with the named learner. The 0.995 ROC-AUC is one balanced in-domain Kaggle split with no matched Binoculars row, frozen model, cross-domain test, or measured timing artifact.	Full-text source 2511.21744
2511.21744	2511.21744:ai-generated-text-detection	AI-generated Text Detection transformer ensemble comparator	AI-generated Text Detection transformer ensemble comparator	Table 3 reproduces a 99% result (F1 0.994) for the cited optimized transformer ensemble; NEULIF does not provide the primary experiment, dataset split, low-FPR result, or artifact.	Table 3 reproduces a 99% result (F1 0.994) for the cited optimized transformer ensemble; NEULIF does not provide the primary experiment, dataset split, low-FPR result, or artifact.	Named submitted/proposed/fitted configuration with a threshold metric or explicit high-performance result in the cited full-text table scope.	https://arxiv.org/abs/2511.21744	This is a secondary, incomparable literature claim: NEULIF preserves neither the primary evaluation split nor an official checkpoint, low-FPR evidence, or timing basis, so it cannot support promotion.	retain_reject	the cited optimized neural transformer ensemble, as described only by NEULIF's secondary comparison. This is a secondary, incomparable literature claim: NEULIF preserves neither the primary evaluation split nor an official checkpoint, low-FPR evidence, or timing basis, so it cannot support promotion.	Full-text source 2511.21744
2511.21744	2511.21744:detective-comparator	DeTeCtive literature comparator	DeTeCtive literature comparator	Table 3 reproduces 96% average recall for DeTeCtive and the discussion describes roughly 96%-99% cross-domain recall; these are literature values rather than a NEULIF-run comparison.	Table 3 reproduces 96% average recall for DeTeCtive and the discussion describes roughly 96%-99% cross-domain recall; these are literature values rather than a NEULIF-run comparison.	Named submitted/proposed/fitted configuration with a threshold metric or explicit high-performance result in the cited full-text table scope.	https://arxiv.org/abs/2511.21744	This is a secondary literature value without a like-for-like NEULIF evaluation, immutable state, transferable calibration, or fixed two-A6000 timing basis.	exclude_retrieval	the cited DeTeCtive contrastive encoder followed by KNN lookup over retained training embeddings; NEULIF supplies only a secondary comparison value. This is a secondary literature value without a like-for-like NEULIF evaluation, immutable state, transferable calibration, or fixed two-A6000 timing basis.	Full-text source 2511.21744
2511.21744	2511.21744:restricted-embeddings	Restricted Embeddings literature comparator	Restricted Embeddings literature comparator	Table 3 reproduces 91%-95% for Restricted Embeddings and describes in-domain performance plus OOD gains without a common dataset, split, or metric denominator.	Table 3 reproduces 91%-95% for Restricted Embeddings and describes in-domain performance plus OOD gains without a common dataset, split, or metric denominator.	Named submitted/proposed/fitted configuration with a threshold metric or explicit high-performance result in the cited full-text table scope.	https://arxiv.org/abs/2511.21744	The 91%-95% range combines unspecified in-domain and OOD contexts from another paper; no common split, exact state, low-FPR calibration, or timing supports promotion.	retain_reject	the cited transformer detector after embedding-subspace pruning, as described only by NEULIF's secondary comparison. The 91%-95% range combines unspecified in-domain and OOD contexts from another paper; no common split, exact state, low-FPR calibration, or timing supports promotion.	Full-text source 2511.21744
2511.21744	2511.21744:chatgpt-detector	ChatGPT Detector literature comparator	ChatGPT Detector literature comparator	Table 3 reproduces 98%-99% for a fine-tuned CamemBERTa/XLM-R ChatGPT detector and immediately notes substantial degradation on novel or adversarial text.	Table 3 reproduces 98%-99% for a fine-tuned CamemBERTa/XLM-R ChatGPT detector and immediately notes substantial degradation on novel or adversarial text.	Named submitted/proposed/fitted configuration with a threshold metric or explicit high-performance result in the cited full-text table scope.	https://arxiv.org/abs/2511.21744	The cited in-domain score is explicitly reported to degrade on novel or adversarial text, and NEULIF supplies no exact comparator state, common evaluation, or A6000 timing.	retain_reject	the cited fine-tuned CamemBERTa/XLM-R transformer classifier, as described only by NEULIF's secondary comparison. The cited in-domain score is explicitly reported to degrade on novel or adversarial text, and NEULIF supplies no exact comparator state, common evaluation, or A6000 timing.	Full-text source 2511.21744
2511.21744	2511.21744:roberta-bilstm	RoBERTa plus BiLSTM literature comparator	RoBERTa plus BiLSTM literature comparator	Table 3 reproduces 97% open-set performance for a fine-tuned RoBERTa+BiLSTM system; no common NEULIF dataset, low-FPR comparison, artifact, or timing is supplied.	Table 3 reproduces 97% open-set performance for a fine-tuned RoBERTa+BiLSTM system; no common NEULIF dataset, low-FPR comparison, artifact, or timing is supplied.	Named submitted/proposed/fitted configuration with a threshold metric or explicit high-performance result in the cited full-text table scope.	https://arxiv.org/abs/2511.21744	This is a secondary open-set claim without a bound primary experiment, exact fitted state, portable low-FPR calibration, or matched timing.	retain_reject	the cited fine-tuned RoBERTa representation followed by a bidirectional LSTM classifier. This is a secondary open-set claim without a bound primary experiment, exact fitted state, portable low-FPR calibration, or matched timing.	Full-text source 2511.21744
2511.21744	2511.21744:styloai-education	StyloAI Education-dataset result	StyloAI Education-dataset result	The Table 3 footnote and adjacent discussion report 98% for StyloAI on fewer than 200 Education examples but only 81% on the 55,677-example AuTextification dataset, explicitly warning of overfitting.	The Table 3 footnote and adjacent discussion report 98% for StyloAI on fewer than 200 Education examples but only 81% on the 55,677-example AuTextification dataset, explicitly warning of overfitting.	Named submitted/proposed/fitted configuration with a threshold metric or explicit high-performance result in the cited full-text table scope.	https://arxiv.org/abs/2511.21744	The paper itself attributes the 98% result to a tiny split and reports only 81% on the much larger corpus; no exact state or matched deployment evidence supports promotion.	retain_reject	the cited StyloAI Random Forest over stylometric features on its small Education split. The paper itself attributes the 98% result to a tiny split and reports only 81% on the much larger corpus; no exact state or matched deployment evidence supports promotion.	Full-text source 2511.21744
2511.17402	2511.17402:roberta-bne	RoBERTa-BNE machine-text classifier	RoBERTa-BNE machine-text classifier	machine-text classification table; RoBERTa-BNE has machine recall 0.9407 and PUCP-Metrix XGBoost is the toolkit's selected/best classifier despite lower aggregate performance	machine-text classification table; RoBERTa-BNE has machine recall 0.9407 and PUCP-Metrix XGBoost is the toolkit's selected/best classifier despite lower aggregate performance	Named submitted/proposed/fitted configuration with a threshold metric or explicit high-performance result in the cited full-text table scope.	https://arxiv.org/abs/2511.17402	Competitive performance concerns a Spanish linguistic-analysis toolkit on readability and detection demonstrations, not a fixed general English detector.	reject_scope	named Spanish machine-text classifier in the PUCP-Metrix toolkit. Competitive performance concerns a Spanish linguistic-analysis toolkit on readability and detection demonstrations, not a fixed general English detector.	Full-text source 2511.17402
2511.17402	2511.17402:pucp-xgb	PUCP-Metrix XGBoost classifier	PUCP-Metrix XGBoost classifier	machine-text classification table; RoBERTa-BNE has machine recall 0.9407 and PUCP-Metrix XGBoost is the toolkit's selected/best classifier despite lower aggregate performance	machine-text classification table; RoBERTa-BNE has machine recall 0.9407 and PUCP-Metrix XGBoost is the toolkit's selected/best classifier despite lower aggregate performance	Named submitted/proposed/fitted configuration with a threshold metric or explicit high-performance result in the cited full-text table scope.	https://arxiv.org/abs/2511.17402	Competitive performance concerns a Spanish linguistic-analysis toolkit on readability and detection demonstrations, not a fixed general English detector.	reject_scope	named Spanish machine-text classifier in the PUCP-Metrix toolkit. Competitive performance concerns a Spanish linguistic-analysis toolkit on readability and detection demonstrations, not a fixed general English detector.	Full-text source 2511.17402
2511.01192	2511.01192:domain-f1	DEER domain-matching/F1 routing	DEER domain-matching/F1 routing	Figure 4 plots the Domain-Matching (F1) routing series and labels its selected value 91.4; Tables 3, 6, and 8 give the downstream domain/length evidence.	Figure 4 plots the Domain-Matching (F1) routing series and labels its selected value 91.4; Tables 3, 6, and 8 give the downstream domain/length evidence.	Named submitted/proposed/fitted configuration with a threshold metric or explicit high-performance result in the cited full-text table scope.	https://arxiv.org/abs/2511.01192	The supervised mixture-of-experts claims generalization but lacks a released deployment state and fixed comparator evidence.	retain_reject	supervised mixture-of-experts using the named routing objective/statistic. The supervised mixture-of-experts claims generalization but lacks a released deployment state and fixed comparator evidence.	Full-text source 2511.01192
2511.01192	2511.01192:domain-entropy	DEER domain-matching/entropy routing	DEER domain-matching/entropy routing	Figure 4 plots the Domain-Matching (Entropy) routing series and labels its selected value 1.05; Tables 3, 6, and 8 give the downstream domain/length evidence.	Figure 4 plots the Domain-Matching (Entropy) routing series and labels its selected value 1.05; Tables 3, 6, and 8 give the downstream domain/length evidence.	Named submitted/proposed/fitted configuration with a threshold metric or explicit high-performance result in the cited full-text table scope.	https://arxiv.org/abs/2511.01192	The supervised mixture-of-experts claims generalization but lacks a released deployment state and fixed comparator evidence.	retain_reject	supervised mixture-of-experts using the named routing objective/statistic. The supervised mixture-of-experts claims generalization but lacks a released deployment state and fixed comparator evidence.	Full-text source 2511.01192
2511.01192	2511.01192:reward-f1	DEER reward-driven/F1 routing	DEER reward-driven/F1 routing	Figure 4 plots the Reward-Driven (F1) routing series and labels its selected value 94.1; Tables 3, 6, and 8 give the downstream domain/length evidence.	Figure 4 plots the Reward-Driven (F1) routing series and labels its selected value 94.1; Tables 3, 6, and 8 give the downstream domain/length evidence.	Named submitted/proposed/fitted configuration with a threshold metric or explicit high-performance result in the cited full-text table scope.	https://arxiv.org/abs/2511.01192	The supervised mixture-of-experts claims generalization but lacks a released deployment state and fixed comparator evidence.	retain_reject	supervised mixture-of-experts using the named routing objective/statistic. The supervised mixture-of-experts claims generalization but lacks a released deployment state and fixed comparator evidence.	Full-text source 2511.01192
2511.01192	2511.01192:reward-entropy	DEER reward-driven/entropy routing	DEER reward-driven/entropy routing	Figure 4 plots the Reward-Driven (Entropy) routing series and labels its selected value 0.39; Tables 3, 6, and 8 give the downstream domain/length evidence.	Figure 4 plots the Reward-Driven (Entropy) routing series and labels its selected value 0.39; Tables 3, 6, and 8 give the downstream domain/length evidence.	Named submitted/proposed/fitted configuration with a threshold metric or explicit high-performance result in the cited full-text table scope.	https://arxiv.org/abs/2511.01192	The supervised mixture-of-experts claims generalization but lacks a released deployment state and fixed comparator evidence.	retain_reject	supervised mixture-of-experts using the named routing objective/statistic. The supervised mixture-of-experts claims generalization but lacks a released deployment state and fixed comparator evidence.	Full-text source 2511.01192
2511.00988	2511.00988:chatgpt-e	ChatGPT-E	ChatGPT-E	main/appendix AUROC tables and KD table; every enhanced state crosses 0.90 on at least one LLM/domain cell, with variable low-FPR transfer	main/appendix AUROC tables and KD table; every enhanced state crosses 0.90 on at least one LLM/domain cell, with variable low-FPR transfer	Named submitted/proposed/fitted configuration with a threshold metric or explicit high-performance result in the cited full-text table scope.	https://arxiv.org/abs/2511.00988	The easy-to-hard supervision framework reports broad effectiveness but no threshold metric, released detector state, or fixed Binoculars and A6000 comparison in the export.	retain_reject	easy-to-hard supervised enhancement of the named detector, or its distilled student. The easy-to-hard supervision framework reports broad effectiveness but no threshold metric, released detector state, or fixed Binoculars and A6000 comparison in the export.	Full-text source 2511.00988
2511.00988	2511.00988:mpu-e	MPU-E	MPU-E	main/appendix AUROC tables and KD table; every enhanced state crosses 0.90 on at least one LLM/domain cell, with variable low-FPR transfer	main/appendix AUROC tables and KD table; every enhanced state crosses 0.90 on at least one LLM/domain cell, with variable low-FPR transfer	Named submitted/proposed/fitted configuration with a threshold metric or explicit high-performance result in the cited full-text table scope.	https://arxiv.org/abs/2511.00988	The easy-to-hard supervision framework reports broad effectiveness but no threshold metric, released detector state, or fixed Binoculars and A6000 comparison in the export.	retain_reject	easy-to-hard supervised enhancement of the named detector, or its distilled student. The easy-to-hard supervision framework reports broad effectiveness but no threshold metric, released detector state, or fixed Binoculars and A6000 comparison in the export.	Full-text source 2511.00988
2511.00988	2511.00988:radar-e	RADAR-E	RADAR-E	main/appendix AUROC tables and KD table; every enhanced state crosses 0.90 on at least one LLM/domain cell, with variable low-FPR transfer	main/appendix AUROC tables and KD table; every enhanced state crosses 0.90 on at least one LLM/domain cell, with variable low-FPR transfer	Named submitted/proposed/fitted configuration with a threshold metric or explicit high-performance result in the cited full-text table scope.	https://arxiv.org/abs/2511.00988	The easy-to-hard supervision framework reports broad effectiveness but no threshold metric, released detector state, or fixed Binoculars and A6000 comparison in the export.	retain_reject	easy-to-hard supervised enhancement of the named detector, or its distilled student. The easy-to-hard supervision framework reports broad effectiveness but no threshold metric, released detector state, or fixed Binoculars and A6000 comparison in the export.	Full-text source 2511.00988
2511.00988	2511.00988:ours-kd	Ours-KD	Ours-KD	main/appendix AUROC tables and KD table; every enhanced state crosses 0.90 on at least one LLM/domain cell, with variable low-FPR transfer	main/appendix AUROC tables and KD table; every enhanced state crosses 0.90 on at least one LLM/domain cell, with variable low-FPR transfer	Named submitted/proposed/fitted configuration with a threshold metric or explicit high-performance result in the cited full-text table scope.	https://arxiv.org/abs/2511.00988	The easy-to-hard supervision framework reports broad effectiveness but no threshold metric, released detector state, or fixed Binoculars and A6000 comparison in the export.	retain_reject	easy-to-hard supervised enhancement of the named detector, or its distilled student. The easy-to-hard supervision framework reports broad effectiveness but no threshold metric, released detector state, or fixed Binoculars and A6000 comparison in the export.	Full-text source 2511.00988
2510.20610	2510.20610:xlm-roberta	BUSTED XLM-RoBERTa submission	BUSTED XLM-RoBERTa submission	official Arabic shared-task table; XLM-RoBERTa is the paper's best submission at 0.7701 macro F1, below the general-detector threshold	official Arabic shared-task table; XLM-RoBERTa is the paper's best submission at 0.7701 macro F1, below the general-detector threshold	Named submitted/proposed/fitted configuration with a threshold metric or explicit high-performance result in the cited full-text table scope.	https://arxiv.org/abs/2510.20610	The 0.7701 F1 result is fifth place on an Arabic shared task and does not establish a general English detector.	reject_scope	fine-tuned XLM-RoBERTa Arabic shared-task classifier. The 0.7701 F1 result is fifth place on an Arabic shared task and does not establish a general English detector.	Full-text source 2510.20610
2510.16549	2510.16549:bert-rs	BERT trained on real plus synthetic reviews	BERT trained on real plus synthetic reviews	Table VI; every named real-plus-synthetic trained backbone has precision, recall, or F1 >=0.90 on at least one real/synthetic peer-review test cell	Table VI; every named real-plus-synthetic trained backbone has precision, recall, or F1 >=0.90 on at least one real/synthetic peer-review test cell	Named submitted/proposed/fitted configuration with a threshold metric or explicit high-performance result in the cited full-text table scope.	https://arxiv.org/abs/2510.16549	The F1 and recall values concern deficient peer-review classification, not AI-authorship detection.	reject_scope	named supervised peer-review classifier trained on real plus LLM-augmented examples. The F1 and recall values concern deficient peer-review classification, not AI-authorship detection.	Full-text source 2510.16549
2510.16549	2510.16549:scibert-rs	SciBERT trained on real plus synthetic reviews	SciBERT trained on real plus synthetic reviews	Table VI; every named real-plus-synthetic trained backbone has precision, recall, or F1 >=0.90 on at least one real/synthetic peer-review test cell	Table VI; every named real-plus-synthetic trained backbone has precision, recall, or F1 >=0.90 on at least one real/synthetic peer-review test cell	Named submitted/proposed/fitted configuration with a threshold metric or explicit high-performance result in the cited full-text table scope.	https://arxiv.org/abs/2510.16549	The F1 and recall values concern deficient peer-review classification, not AI-authorship detection.	reject_scope	named supervised peer-review classifier trained on real plus LLM-augmented examples. The F1 and recall values concern deficient peer-review classification, not AI-authorship detection.	Full-text source 2510.16549
2510.16549	2510.16549:roberta-rs	RoBERTa trained on real plus synthetic reviews	RoBERTa trained on real plus synthetic reviews	Table VI; every named real-plus-synthetic trained backbone has precision, recall, or F1 >=0.90 on at least one real/synthetic peer-review test cell	Table VI; every named real-plus-synthetic trained backbone has precision, recall, or F1 >=0.90 on at least one real/synthetic peer-review test cell	Named submitted/proposed/fitted configuration with a threshold metric or explicit high-performance result in the cited full-text table scope.	https://arxiv.org/abs/2510.16549	The F1 and recall values concern deficient peer-review classification, not AI-authorship detection.	reject_scope	named supervised peer-review classifier trained on real plus LLM-augmented examples. The F1 and recall values concern deficient peer-review classification, not AI-authorship detection.	Full-text source 2510.16549
2510.16549	2510.16549:llama31-rs	Llama-3.1-8B trained on real plus synthetic reviews	Llama-3.1-8B trained on real plus synthetic reviews	Table VI; every named real-plus-synthetic trained backbone has precision, recall, or F1 >=0.90 on at least one real/synthetic peer-review test cell	Table VI; every named real-plus-synthetic trained backbone has precision, recall, or F1 >=0.90 on at least one real/synthetic peer-review test cell	Named submitted/proposed/fitted configuration with a threshold metric or explicit high-performance result in the cited full-text table scope.	https://arxiv.org/abs/2510.16549	The F1 and recall values concern deficient peer-review classification, not AI-authorship detection.	reject_scope	named supervised peer-review classifier trained on real plus LLM-augmented examples. The F1 and recall values concern deficient peer-review classification, not AI-authorship detection.	Full-text source 2510.16549
2510.16549	2510.16549:qwen3-rs	Qwen3-8B trained on real plus synthetic reviews	Qwen3-8B trained on real plus synthetic reviews	Table VI reports the Qwen 3-8B real-plus-synthetic state with 0.9034 precision on the Multi-DR R+S test column; its recall and F1 on that cell are 0.8504 and 0.8738, and its binary-task F1 peaks at 0.8068.	Table VI reports the Qwen 3-8B real-plus-synthetic state with 0.9034 precision on the Multi-DR R+S test column; its recall and F1 on that cell are 0.8504 and 0.8738, and its binary-task F1 peaks at 0.8068.	Named submitted/proposed/fitted configuration with a threshold metric or explicit high-performance result in the cited full-text table scope.	https://arxiv.org/abs/2510.16549	The F1 and recall values concern deficient peer-review classification, not AI-authorship detection.	reject_scope	named supervised peer-review classifier trained on real plus LLM-augmented examples. The F1 and recall values concern deficient peer-review classification, not AI-authorship detection.	Full-text source 2510.16549
2510.12608	2510.12608:fastdetectgpt	FastDetectGPT	FastDetectGPT	Tables 2-3; the three comparison detectors and each named StyleDecipher representation cross 0.90 on a domain accuracy/F1 cell, with weaker transfer	Tables 2-3; the three comparison detectors and each named StyleDecipher representation cross 0.90 on a domain accuracy/F1 cell, with weaker transfer	Named submitted/proposed/fitted configuration with a threshold metric or explicit high-performance result in the cited full-text table scope.	https://arxiv.org/abs/2510.12608	Supervised stylistic results lack a runnable frozen state and like-for-like low-FPR, length, and A6000 evidence.	retain_reject	named baseline or classical classifier over the stated StyleDecipher representation. Supervised stylistic results lack a runnable frozen state and like-for-like low-FPR, length, and A6000 evidence.	Full-text source 2510.12608
2510.12608	2510.12608:raidar	RAIDAR	RAIDAR	Tables 2-3; the three comparison detectors and each named StyleDecipher representation cross 0.90 on a domain accuracy/F1 cell, with weaker transfer	Tables 2-3; the three comparison detectors and each named StyleDecipher representation cross 0.90 on a domain accuracy/F1 cell, with weaker transfer	Named submitted/proposed/fitted configuration with a threshold metric or explicit high-performance result in the cited full-text table scope.	https://arxiv.org/abs/2510.12608	Supervised stylistic results lack a runnable frozen state and like-for-like low-FPR, length, and A6000 evidence.	retain_reject	named baseline or classical classifier over the stated StyleDecipher representation. Supervised stylistic results lack a runnable frozen state and like-for-like low-FPR, length, and A6000 evidence.	Full-text source 2510.12608
2510.12608	2510.12608:r-detect	R-Detect	R-Detect	Tables 2-3; the three comparison detectors and each named StyleDecipher representation cross 0.90 on a domain accuracy/F1 cell, with weaker transfer	Tables 2-3; the three comparison detectors and each named StyleDecipher representation cross 0.90 on a domain accuracy/F1 cell, with weaker transfer	Named submitted/proposed/fitted configuration with a threshold metric or explicit high-performance result in the cited full-text table scope.	https://arxiv.org/abs/2510.12608	Supervised stylistic results lack a runnable frozen state and like-for-like low-FPR, length, and A6000 evidence.	retain_reject	named baseline or classical classifier over the stated StyleDecipher representation. Supervised stylistic results lack a runnable frozen state and like-for-like low-FPR, length, and A6000 evidence.	Full-text source 2510.12608
2510.12608	2510.12608:style-tfidf	StyleDecipher TF-IDF representation	StyleDecipher TF-IDF representation	Tables 2-3; the three comparison detectors and each named StyleDecipher representation cross 0.90 on a domain accuracy/F1 cell, with weaker transfer	Tables 2-3; the three comparison detectors and each named StyleDecipher representation cross 0.90 on a domain accuracy/F1 cell, with weaker transfer	Named submitted/proposed/fitted configuration with a threshold metric or explicit high-performance result in the cited full-text table scope.	https://arxiv.org/abs/2510.12608	Supervised stylistic results lack a runnable frozen state and like-for-like low-FPR, length, and A6000 evidence.	retain_reject	named baseline or classical classifier over the stated StyleDecipher representation. Supervised stylistic results lack a runnable frozen state and like-for-like low-FPR, length, and A6000 evidence.	Full-text source 2510.12608
2510.12608	2510.12608:style-word2vec	StyleDecipher Word2Vec/GloVe representation	StyleDecipher Word2Vec/GloVe representation	Tables 2-3; the three comparison detectors and each named StyleDecipher representation cross 0.90 on a domain accuracy/F1 cell, with weaker transfer	Tables 2-3; the three comparison detectors and each named StyleDecipher representation cross 0.90 on a domain accuracy/F1 cell, with weaker transfer	Named submitted/proposed/fitted configuration with a threshold metric or explicit high-performance result in the cited full-text table scope.	https://arxiv.org/abs/2510.12608	Supervised stylistic results lack a runnable frozen state and like-for-like low-FPR, length, and A6000 evidence.	retain_reject	named baseline or classical classifier over the stated StyleDecipher representation. Supervised stylistic results lack a runnable frozen state and like-for-like low-FPR, length, and A6000 evidence.	Full-text source 2510.12608
2510.12608	2510.12608:style-bert	StyleDecipher BERT representation	StyleDecipher BERT representation	Tables 2-3; the three comparison detectors and each named StyleDecipher representation cross 0.90 on a domain accuracy/F1 cell, with weaker transfer	Tables 2-3; the three comparison detectors and each named StyleDecipher representation cross 0.90 on a domain accuracy/F1 cell, with weaker transfer	Named submitted/proposed/fitted configuration with a threshold metric or explicit high-performance result in the cited full-text table scope.	https://arxiv.org/abs/2510.12608	Supervised stylistic results lack a runnable frozen state and like-for-like low-FPR, length, and A6000 evidence.	retain_reject	named baseline or classical classifier over the stated StyleDecipher representation. Supervised stylistic results lack a runnable frozen state and like-for-like low-FPR, length, and A6000 evidence.	Full-text source 2510.12608
2510.12608	2510.12608:style-sbert	StyleDecipher SBERT representation	StyleDecipher SBERT representation	Tables 2-3; the three comparison detectors and each named StyleDecipher representation cross 0.90 on a domain accuracy/F1 cell, with weaker transfer	Tables 2-3; the three comparison detectors and each named StyleDecipher representation cross 0.90 on a domain accuracy/F1 cell, with weaker transfer	Named submitted/proposed/fitted configuration with a threshold metric or explicit high-performance result in the cited full-text table scope.	https://arxiv.org/abs/2510.12608	Supervised stylistic results lack a runnable frozen state and like-for-like low-FPR, length, and A6000 evidence.	retain_reject	named baseline or classical classifier over the stated StyleDecipher representation. Supervised stylistic results lack a runnable frozen state and like-for-like low-FPR, length, and A6000 evidence.	Full-text source 2510.12608
2510.02319	2510.02319:bert	Fine-tuned BERT	Fine-tuned BERT	Tables IV-VII; seven base fine-tunes, adversarial ModernBERT, and PIFE all have AUC >0.90; only PIFE remains strong on most semantic attacks	Tables IV-VII; seven base fine-tunes, adversarial ModernBERT, and PIFE all have AUC >0.90; only PIFE remains strong on most semantic attacks	Named submitted/proposed/fitted configuration with a threshold metric or explicit high-performance result in the cited full-text table scope.	https://arxiv.org/abs/2510.02319	This direct classifier is not the PIFE target-transformation path, but its high in-domain AUC degrades on semantic attacks and no qualifying frozen cross-distribution state, low-FPR calibration, or fixed A6000 comparison is established.	retain_reject	a direct supervised transformer classifier, with training-time augmented pairs only for the adversarial ModernBERT state. This direct classifier is not the PIFE target-transformation path, but its high in-domain AUC degrades on semantic attacks and no qualifying frozen cross-distribution state, low-FPR calibration, or fixed A6000 comparison is established.	Full-text source 2510.02319
2510.02319	2510.02319:distilbert	Fine-tuned DistilBERT	Fine-tuned DistilBERT	Tables IV-VII; seven base fine-tunes, adversarial ModernBERT, and PIFE all have AUC >0.90; only PIFE remains strong on most semantic attacks	Tables IV-VII; seven base fine-tunes, adversarial ModernBERT, and PIFE all have AUC >0.90; only PIFE remains strong on most semantic attacks	Named submitted/proposed/fitted configuration with a threshold metric or explicit high-performance result in the cited full-text table scope.	https://arxiv.org/abs/2510.02319	This direct classifier is not the PIFE target-transformation path, but its high in-domain AUC degrades on semantic attacks and no qualifying frozen cross-distribution state, low-FPR calibration, or fixed A6000 comparison is established.	retain_reject	a direct supervised transformer classifier, with training-time augmented pairs only for the adversarial ModernBERT state. This direct classifier is not the PIFE target-transformation path, but its high in-domain AUC degrades on semantic attacks and no qualifying frozen cross-distribution state, low-FPR calibration, or fixed A6000 comparison is established.	Full-text source 2510.02319
2510.02319	2510.02319:roberta	Fine-tuned RoBERTa	Fine-tuned RoBERTa	Tables IV-VII; seven base fine-tunes, adversarial ModernBERT, and PIFE all have AUC >0.90; only PIFE remains strong on most semantic attacks	Tables IV-VII; seven base fine-tunes, adversarial ModernBERT, and PIFE all have AUC >0.90; only PIFE remains strong on most semantic attacks	Named submitted/proposed/fitted configuration with a threshold metric or explicit high-performance result in the cited full-text table scope.	https://arxiv.org/abs/2510.02319	This direct classifier is not the PIFE target-transformation path, but its high in-domain AUC degrades on semantic attacks and no qualifying frozen cross-distribution state, low-FPR calibration, or fixed A6000 comparison is established.	retain_reject	a direct supervised transformer classifier, with training-time augmented pairs only for the adversarial ModernBERT state. This direct classifier is not the PIFE target-transformation path, but its high in-domain AUC degrades on semantic attacks and no qualifying frozen cross-distribution state, low-FPR calibration, or fixed A6000 comparison is established.	Full-text source 2510.02319
2510.02319	2510.02319:xlnet	Fine-tuned XLNet	Fine-tuned XLNet	Tables IV-VII; seven base fine-tunes, adversarial ModernBERT, and PIFE all have AUC >0.90; only PIFE remains strong on most semantic attacks	Tables IV-VII; seven base fine-tunes, adversarial ModernBERT, and PIFE all have AUC >0.90; only PIFE remains strong on most semantic attacks	Named submitted/proposed/fitted configuration with a threshold metric or explicit high-performance result in the cited full-text table scope.	https://arxiv.org/abs/2510.02319	This direct classifier is not the PIFE target-transformation path, but its high in-domain AUC degrades on semantic attacks and no qualifying frozen cross-distribution state, low-FPR calibration, or fixed A6000 comparison is established.	retain_reject	a direct supervised transformer classifier, with training-time augmented pairs only for the adversarial ModernBERT state. This direct classifier is not the PIFE target-transformation path, but its high in-domain AUC degrades on semantic attacks and no qualifying frozen cross-distribution state, low-FPR calibration, or fixed A6000 comparison is established.	Full-text source 2510.02319
2510.02319	2510.02319:albert	Fine-tuned ALBERT	Fine-tuned ALBERT	Tables IV-VII; seven base fine-tunes, adversarial ModernBERT, and PIFE all have AUC >0.90; only PIFE remains strong on most semantic attacks	Tables IV-VII; seven base fine-tunes, adversarial ModernBERT, and PIFE all have AUC >0.90; only PIFE remains strong on most semantic attacks	Named submitted/proposed/fitted configuration with a threshold metric or explicit high-performance result in the cited full-text table scope.	https://arxiv.org/abs/2510.02319	This direct classifier is not the PIFE target-transformation path, but its high in-domain AUC degrades on semantic attacks and no qualifying frozen cross-distribution state, low-FPR calibration, or fixed A6000 comparison is established.	retain_reject	a direct supervised transformer classifier, with training-time augmented pairs only for the adversarial ModernBERT state. This direct classifier is not the PIFE target-transformation path, but its high in-domain AUC degrades on semantic attacks and no qualifying frozen cross-distribution state, low-FPR calibration, or fixed A6000 comparison is established.	Full-text source 2510.02319
2510.02319	2510.02319:deberta	Fine-tuned DeBERTa	Fine-tuned DeBERTa	Tables IV-VII; seven base fine-tunes, adversarial ModernBERT, and PIFE all have AUC >0.90; only PIFE remains strong on most semantic attacks	Tables IV-VII; seven base fine-tunes, adversarial ModernBERT, and PIFE all have AUC >0.90; only PIFE remains strong on most semantic attacks	Named submitted/proposed/fitted configuration with a threshold metric or explicit high-performance result in the cited full-text table scope.	https://arxiv.org/abs/2510.02319	This direct classifier is not the PIFE target-transformation path, but its high in-domain AUC degrades on semantic attacks and no qualifying frozen cross-distribution state, low-FPR calibration, or fixed A6000 comparison is established.	retain_reject	a direct supervised transformer classifier, with training-time augmented pairs only for the adversarial ModernBERT state. This direct classifier is not the PIFE target-transformation path, but its high in-domain AUC degrades on semantic attacks and no qualifying frozen cross-distribution state, low-FPR calibration, or fixed A6000 comparison is established.	Full-text source 2510.02319
2510.02319	2510.02319:modernbert	Fine-tuned ModernBERT	Fine-tuned ModernBERT	Tables IV-VII; seven base fine-tunes, adversarial ModernBERT, and PIFE all have AUC >0.90; only PIFE remains strong on most semantic attacks	Tables IV-VII; seven base fine-tunes, adversarial ModernBERT, and PIFE all have AUC >0.90; only PIFE remains strong on most semantic attacks	Named submitted/proposed/fitted configuration with a threshold metric or explicit high-performance result in the cited full-text table scope.	https://arxiv.org/abs/2510.02319	This direct classifier is not the PIFE target-transformation path, but its high in-domain AUC degrades on semantic attacks and no qualifying frozen cross-distribution state, low-FPR calibration, or fixed A6000 comparison is established.	retain_reject	a direct supervised transformer classifier, with training-time augmented pairs only for the adversarial ModernBERT state. This direct classifier is not the PIFE target-transformation path, but its high in-domain AUC degrades on semantic attacks and no qualifying frozen cross-distribution state, low-FPR calibration, or fixed A6000 comparison is established.	Full-text source 2510.02319
2510.02319	2510.02319:adv-modernbert	Adversarially trained ModernBERT	Adversarially trained ModernBERT	Tables IV-VII; seven base fine-tunes, adversarial ModernBERT, and PIFE all have AUC >0.90; only PIFE remains strong on most semantic attacks	Tables IV-VII; seven base fine-tunes, adversarial ModernBERT, and PIFE all have AUC >0.90; only PIFE remains strong on most semantic attacks	Named submitted/proposed/fitted configuration with a threshold metric or explicit high-performance result in the cited full-text table scope.	https://arxiv.org/abs/2510.02319	This direct classifier is not the PIFE target-transformation path, but its high in-domain AUC degrades on semantic attacks and no qualifying frozen cross-distribution state, low-FPR calibration, or fixed A6000 comparison is established.	retain_reject	a direct supervised transformer classifier, with training-time augmented pairs only for the adversarial ModernBERT state. This direct classifier is not the PIFE target-transformation path, but its high in-domain AUC degrades on semantic attacks and no qualifying frozen cross-distribution state, low-FPR calibration, or fixed A6000 comparison is established.	Full-text source 2510.02319
2510.02319	2510.02319:pife-modernbert	PIFE-augmented ModernBERT	PIFE-augmented ModernBERT	Tables IV-VII; seven base fine-tunes, adversarial ModernBERT, and PIFE all have AUC >0.90; only PIFE remains strong on most semantic attacks	Tables IV-VII; seven base fine-tunes, adversarial ModernBERT, and PIFE all have AUC >0.90; only PIFE remains strong on most semantic attacks	Named submitted/proposed/fitted configuration with a threshold metric or explicit high-performance result in the cited full-text table scope.	https://arxiv.org/abs/2510.02319	PIFE standardizes the target through a multi-stage transformation and scores the rewrite discrepancy, violating the no-rewriting boundary.	exclude_rewriting	named supervised transformer; adversarial state adds augmented pairs; PIFE scores a canonicalized target discrepancy. PIFE standardizes the target through a multi-stage transformation and scores the rewrite discrepancy, violating the no-rewriting boundary.	Full-text source 2510.02319
2510.02319	2510.02319:fastdetectgpt	FastDetectGPT comparator	FastDetectGPT comparator	Table VIII reports FastDetectGPT at 0.972 AUROC and 0.813 TPR at 1% FPR on the non-adversarial split, falling to 0.492-0.635 AUROC on the attack mixes.	Table VIII reports FastDetectGPT at 0.972 AUROC and 0.813 TPR at 1% FPR on the non-adversarial split, falling to 0.492-0.635 AUROC on the attack mixes.	Named submitted/proposed/fitted configuration with a threshold metric or explicit high-performance result in the cited full-text table scope.	https://arxiv.org/abs/2510.02319	The high value is confined to the non-adversarial split and collapses on all attack mixes; this paper supplies no new frozen state, transferable low-FPR calibration, or fixed A6000 timing.	retain_reject	the FastDetectGPT conditional-probability-curvature statistic. The high value is confined to the non-adversarial split and collapses on all attack mixes; this paper supplies no new frozen state, transferable low-FPR calibration, or fixed A6000 timing.	Full-text source 2510.02319
2510.02319	2510.02319:glimpse	Glimpse comparator	Glimpse comparator	Table VIII reports Glimpse at 0.965 AUROC and 0.790 TPR at 1% FPR on the non-adversarial split, falling to 0.474-0.618 AUROC on the attack mixes.	Table VIII reports Glimpse at 0.965 AUROC and 0.790 TPR at 1% FPR on the non-adversarial split, falling to 0.474-0.618 AUROC on the attack mixes.	Named submitted/proposed/fitted configuration with a threshold metric or explicit high-performance result in the cited full-text table scope.	https://arxiv.org/abs/2510.02319	The high non-adversarial result depends on proprietary source-model top-k probability access, collapses on the attack mixes, and supplies no reproducible frozen service or two-A6000 state.	commercial_closed	Glimpse reconstructs a source-model token distribution from commercial API top-k probabilities before zero-shot scoring. The high non-adversarial result depends on proprietary source-model top-k probability access, collapses on the attack mixes, and supplies no reproducible frozen service or two-A6000 state.	Full-text source 2510.02319
2510.02319	2510.02319:binoculars	Binoculars comparator	Binoculars comparator	Table VIII reports Binoculars at 0.985 AUROC and 0.857 TPR at 1% FPR on the non-adversarial split, falling to 0.553-0.662 AUROC on the attack mixes.	Table VIII reports Binoculars at 0.985 AUROC and 0.857 TPR at 1% FPR on the non-adversarial split, falling to 0.553-0.662 AUROC on the attack mixes.	Named submitted/proposed/fitted configuration with a threshold metric or explicit high-performance result in the cited full-text table scope.	https://arxiv.org/abs/2510.02319	This is the existing DW1 incumbent used as a paper comparator; the attack-mix collapse is evidence against treating the narrow high cell as a new candidate.	retain_reject	the Binoculars cross-model perplexity-ratio statistic. This is the existing DW1 incumbent used as a paper comparator; the attack-mix collapse is evidence against treating the narrow high cell as a new candidate.	Full-text source 2510.02319
2510.02319	2510.02319:logrank	LogRank comparator	LogRank comparator	Table VIII reports LogRank at 0.921 AUROC and 0.682 TPR at 1% FPR on the non-adversarial split, falling to 0.396-0.534 AUROC on the attack mixes.	Table VIII reports LogRank at 0.921 AUROC and 0.682 TPR at 1% FPR on the non-adversarial split, falling to 0.396-0.534 AUROC on the attack mixes.	Named submitted/proposed/fitted configuration with a threshold metric or explicit high-performance result in the cited full-text table scope.	https://arxiv.org/abs/2510.02319	The high value is confined to the non-adversarial split and collapses on all attack mixes; this paper supplies no new frozen state, transferable low-FPR calibration, or fixed A6000 timing.	retain_reject	mean token log-rank under the scoring language model. The high value is confined to the non-adversarial split and collapses on all attack mixes; this paper supplies no new frozen state, transferable low-FPR calibration, or fixed A6000 timing.	Full-text source 2510.02319
2510.00890	2510.00890:scispandet	Sci-SpanDet	Sci-SpanDet	Table 2; full Sci-SpanDet and all six component ablations report AUROC 0.9008-0.9263 on the span-level scientific-text task	Table 2; full Sci-SpanDet and all six component ablations report AUROC 0.9008-0.9263 on the span-level scientific-text task	Named submitted/proposed/fitted configuration with a threshold metric or explicit high-performance result in the cited full-text table scope.	https://arxiv.org/abs/2510.00890	The SOTA F1 and AUROC results concern span localization in scientific documents, not document-level general detection.	reject_scope	Sci-SpanDet span classifier with the named structural/calibration component removed where specified. The SOTA F1 and AUROC results concern span localization in scientific documents, not document-level general detection.	Full-text source 2510.00890
2510.00890	2510.00890:no-sd	Sci-SpanDet without semantic discrepancy	Sci-SpanDet without semantic discrepancy	Table 2; full Sci-SpanDet and all six component ablations report AUROC 0.9008-0.9263 on the span-level scientific-text task	Table 2; full Sci-SpanDet and all six component ablations report AUROC 0.9008-0.9263 on the span-level scientific-text task	Named submitted/proposed/fitted configuration with a threshold metric or explicit high-performance result in the cited full-text table scope.	https://arxiv.org/abs/2510.00890	The SOTA F1 and AUROC results concern span localization in scientific documents, not document-level general detection.	reject_scope	Sci-SpanDet span classifier with the named structural/calibration component removed where specified. The SOTA F1 and AUROC results concern span localization in scientific documents, not document-level general detection.	Full-text source 2510.00890
2510.00890	2510.00890:no-graphenc	Sci-SpanDet without graph encoder	Sci-SpanDet without graph encoder	Table 2; full Sci-SpanDet and all six component ablations report AUROC 0.9008-0.9263 on the span-level scientific-text task	Table 2; full Sci-SpanDet and all six component ablations report AUROC 0.9008-0.9263 on the span-level scientific-text task	Named submitted/proposed/fitted configuration with a threshold metric or explicit high-performance result in the cited full-text table scope.	https://arxiv.org/abs/2510.00890	The SOTA F1 and AUROC results concern span localization in scientific documents, not document-level general detection.	reject_scope	Sci-SpanDet span classifier with the named structural/calibration component removed where specified. The SOTA F1 and AUROC results concern span localization in scientific documents, not document-level general detection.	Full-text source 2510.00890
2510.00890	2510.00890:no-mc	Sci-SpanDet without metric contrast	Sci-SpanDet without metric contrast	Table 2; full Sci-SpanDet and all six component ablations report AUROC 0.9008-0.9263 on the span-level scientific-text task	Table 2; full Sci-SpanDet and all six component ablations report AUROC 0.9008-0.9263 on the span-level scientific-text task	Named submitted/proposed/fitted configuration with a threshold metric or explicit high-performance result in the cited full-text table scope.	https://arxiv.org/abs/2510.00890	The SOTA F1 and AUROC results concern span localization in scientific documents, not document-level general detection.	reject_scope	Sci-SpanDet span classifier with the named structural/calibration component removed where specified. The SOTA F1 and AUROC results concern span localization in scientific documents, not document-level general detection.	Full-text source 2510.00890
2510.00890	2510.00890:no-sl	Sci-SpanDet without structural learning	Sci-SpanDet without structural learning	Table 2; full Sci-SpanDet and all six component ablations report AUROC 0.9008-0.9263 on the span-level scientific-text task	Table 2; full Sci-SpanDet and all six component ablations report AUROC 0.9008-0.9263 on the span-level scientific-text task	Named submitted/proposed/fitted configuration with a threshold metric or explicit high-performance result in the cited full-text table scope.	https://arxiv.org/abs/2510.00890	The SOTA F1 and AUROC results concern span localization in scientific documents, not document-level general detection.	reject_scope	Sci-SpanDet span classifier with the named structural/calibration component removed where specified. The SOTA F1 and AUROC results concern span localization in scientific documents, not document-level general detection.	Full-text source 2510.00890
2510.00890	2510.00890:no-calibration	Sci-SpanDet without calibration	Sci-SpanDet without calibration	Table 2; full Sci-SpanDet and all six component ablations report AUROC 0.9008-0.9263 on the span-level scientific-text task	Table 2; full Sci-SpanDet and all six component ablations report AUROC 0.9008-0.9263 on the span-level scientific-text task	Named submitted/proposed/fitted configuration with a threshold metric or explicit high-performance result in the cited full-text table scope.	https://arxiv.org/abs/2510.00890	The SOTA F1 and AUROC results concern span localization in scientific documents, not document-level general detection.	reject_scope	Sci-SpanDet span classifier with the named structural/calibration component removed where specified. The SOTA F1 and AUROC results concern span localization in scientific documents, not document-level general detection.	Full-text source 2510.00890
2510.00890	2510.00890:no-pc	Sci-SpanDet without probability correction	Sci-SpanDet without probability correction	Table 2; full Sci-SpanDet and all six component ablations report AUROC 0.9008-0.9263 on the span-level scientific-text task	Table 2; full Sci-SpanDet and all six component ablations report AUROC 0.9008-0.9263 on the span-level scientific-text task	Named submitted/proposed/fitted configuration with a threshold metric or explicit high-performance result in the cited full-text table scope.	https://arxiv.org/abs/2510.00890	The SOTA F1 and AUROC results concern span localization in scientific documents, not document-level general detection.	reject_scope	Sci-SpanDet span classifier with the named structural/calibration component removed where specified. The SOTA F1 and AUROC results concern span localization in scientific documents, not document-level general detection.	Full-text source 2510.00890
2509.25154	2509.25154:roberta	RoBERTa	RoBERTa	Table 1 and Figure 4; four SLM states, three J-Detector learners, and two feature-removal states reach F1 or AUROC >=0.90 on a judgment dataset/group-size slice	Table 1 and Figure 4; four SLM states, three J-Detector learners, and two feature-removal states reach F1 or AUROC >=0.90 on a judgment dataset/group-size slice	Named submitted/proposed/fitted configuration with a threshold metric or explicit high-performance result in the cited full-text table scope.	https://arxiv.org/abs/2509.25154	J-Detector classifies LLM-generated judgment scores and candidates rather than ordinary document authorship.	reject_scope	named judgment classifier or J-Detector learner/feature-ablation over judgment-group statistics. J-Detector classifies LLM-generated judgment scores and candidates rather than ordinary document authorship.	Full-text source 2509.25154
2509.25154	2509.25154:roberta-candidates	RoBERTa with candidate texts	RoBERTa with candidate texts	Table 1 and Figure 4; four SLM states, three J-Detector learners, and two feature-removal states reach F1 or AUROC >=0.90 on a judgment dataset/group-size slice	Table 1 and Figure 4; four SLM states, three J-Detector learners, and two feature-removal states reach F1 or AUROC >=0.90 on a judgment dataset/group-size slice	Named submitted/proposed/fitted configuration with a threshold metric or explicit high-performance result in the cited full-text table scope.	https://arxiv.org/abs/2509.25154	J-Detector classifies LLM-generated judgment scores and candidates rather than ordinary document authorship.	reject_scope	named judgment classifier or J-Detector learner/feature-ablation over judgment-group statistics. J-Detector classifies LLM-generated judgment scores and candidates rather than ordinary document authorship.	Full-text source 2509.25154
2509.25154	2509.25154:longformer	Longformer	Longformer	Table 1 and Figure 4; four SLM states, three J-Detector learners, and two feature-removal states reach F1 or AUROC >=0.90 on a judgment dataset/group-size slice	Table 1 and Figure 4; four SLM states, three J-Detector learners, and two feature-removal states reach F1 or AUROC >=0.90 on a judgment dataset/group-size slice	Named submitted/proposed/fitted configuration with a threshold metric or explicit high-performance result in the cited full-text table scope.	https://arxiv.org/abs/2509.25154	J-Detector classifies LLM-generated judgment scores and candidates rather than ordinary document authorship.	reject_scope	named judgment classifier or J-Detector learner/feature-ablation over judgment-group statistics. J-Detector classifies LLM-generated judgment scores and candidates rather than ordinary document authorship.	Full-text source 2509.25154
2509.25154	2509.25154:longformer-candidates	Longformer with candidate texts	Longformer with candidate texts	Table 1 and Figure 4; four SLM states, three J-Detector learners, and two feature-removal states reach F1 or AUROC >=0.90 on a judgment dataset/group-size slice	Table 1 and Figure 4; four SLM states, three J-Detector learners, and two feature-removal states reach F1 or AUROC >=0.90 on a judgment dataset/group-size slice	Named submitted/proposed/fitted configuration with a threshold metric or explicit high-performance result in the cited full-text table scope.	https://arxiv.org/abs/2509.25154	J-Detector classifies LLM-generated judgment scores and candidates rather than ordinary document authorship.	reject_scope	named judgment classifier or J-Detector learner/feature-ablation over judgment-group statistics. J-Detector classifies LLM-generated judgment scores and candidates rather than ordinary document authorship.	Full-text source 2509.25154
2509.25154	2509.25154:jdetector-lgbm	J-Detector LGBM	J-Detector LGBM	Table 1 and Figure 4; four SLM states, three J-Detector learners, and two feature-removal states reach F1 or AUROC >=0.90 on a judgment dataset/group-size slice	Table 1 and Figure 4; four SLM states, three J-Detector learners, and two feature-removal states reach F1 or AUROC >=0.90 on a judgment dataset/group-size slice	Named submitted/proposed/fitted configuration with a threshold metric or explicit high-performance result in the cited full-text table scope.	https://arxiv.org/abs/2509.25154	J-Detector classifies LLM-generated judgment scores and candidates rather than ordinary document authorship.	reject_scope	named judgment classifier or J-Detector learner/feature-ablation over judgment-group statistics. J-Detector classifies LLM-generated judgment scores and candidates rather than ordinary document authorship.	Full-text source 2509.25154
2509.25154	2509.25154:jdetector-rf	J-Detector Random Forest	J-Detector Random Forest	Table 1 and Figure 4; four SLM states, three J-Detector learners, and two feature-removal states reach F1 or AUROC >=0.90 on a judgment dataset/group-size slice	Table 1 and Figure 4; four SLM states, three J-Detector learners, and two feature-removal states reach F1 or AUROC >=0.90 on a judgment dataset/group-size slice	Named submitted/proposed/fitted configuration with a threshold metric or explicit high-performance result in the cited full-text table scope.	https://arxiv.org/abs/2509.25154	J-Detector classifies LLM-generated judgment scores and candidates rather than ordinary document authorship.	reject_scope	named judgment classifier or J-Detector learner/feature-ablation over judgment-group statistics. J-Detector classifies LLM-generated judgment scores and candidates rather than ordinary document authorship.	Full-text source 2509.25154
2509.25154	2509.25154:jdetector-xgb	J-Detector XGBoost	J-Detector XGBoost	Table 1 and Figure 4; four SLM states, three J-Detector learners, and two feature-removal states reach F1 or AUROC >=0.90 on a judgment dataset/group-size slice	Table 1 and Figure 4; four SLM states, three J-Detector learners, and two feature-removal states reach F1 or AUROC >=0.90 on a judgment dataset/group-size slice	Named submitted/proposed/fitted configuration with a threshold metric or explicit high-performance result in the cited full-text table scope.	https://arxiv.org/abs/2509.25154	J-Detector classifies LLM-generated judgment scores and candidates rather than ordinary document authorship.	reject_scope	named judgment classifier or J-Detector learner/feature-ablation over judgment-group statistics. J-Detector classifies LLM-generated judgment scores and candidates rather than ordinary document authorship.	Full-text source 2509.25154
2509.25154	2509.25154:jdetector-no-llm	J-Detector without LLM-enhanced features	J-Detector without LLM-enhanced features	Table 1 and Figure 4; four SLM states, three J-Detector learners, and two feature-removal states reach F1 or AUROC >=0.90 on a judgment dataset/group-size slice	Table 1 and Figure 4; four SLM states, three J-Detector learners, and two feature-removal states reach F1 or AUROC >=0.90 on a judgment dataset/group-size slice	Named submitted/proposed/fitted configuration with a threshold metric or explicit high-performance result in the cited full-text table scope.	https://arxiv.org/abs/2509.25154	J-Detector classifies LLM-generated judgment scores and candidates rather than ordinary document authorship.	reject_scope	named judgment classifier or J-Detector learner/feature-ablation over judgment-group statistics. J-Detector classifies LLM-generated judgment scores and candidates rather than ordinary document authorship.	Full-text source 2509.25154
2509.25154	2509.25154:jdetector-no-linguistic	J-Detector without linguistic features	J-Detector without linguistic features	Table 1 and Figure 4; four SLM states, three J-Detector learners, and two feature-removal states reach F1 or AUROC >=0.90 on a judgment dataset/group-size slice	Table 1 and Figure 4; four SLM states, three J-Detector learners, and two feature-removal states reach F1 or AUROC >=0.90 on a judgment dataset/group-size slice	Named submitted/proposed/fitted configuration with a threshold metric or explicit high-performance result in the cited full-text table scope.	https://arxiv.org/abs/2509.25154	J-Detector classifies LLM-generated judgment scores and candidates rather than ordinary document authorship.	reject_scope	named judgment classifier or J-Detector learner/feature-ablation over judgment-group statistics. J-Detector classifies LLM-generated judgment scores and candidates rather than ordinary document authorship.	Full-text source 2509.25154
2509.22147	2509.22147:word2vec-lr	Word2Vec LR	Word2Vec LR	binary Tables 3-4; every listed feature/learner or implicit transformer has accuracy/F1 >=0.90; segmentation and multiclass tables are excluded tasks	binary Tables 3-4; every listed feature/learner or implicit transformer has accuracy/F1 >=0.90; segmentation and multiclass tables are excluded tasks	Named submitted/proposed/fitted configuration with a threshold metric or explicit high-performance result in the cited full-text table scope.	https://arxiv.org/abs/2509.22147	The ensemble claim lacks a fixed public state, matched operating point, and latency basis.	retain_reject	supervised binary classifier using the named representation and learner/backbone. The ensemble claim lacks a fixed public state, matched operating point, and latency basis.	Full-text source 2509.22147
2509.22147	2509.22147:word2vec-rf	Word2Vec RF	Word2Vec RF	binary Tables 3-4; every listed feature/learner or implicit transformer has accuracy/F1 >=0.90; segmentation and multiclass tables are excluded tasks	binary Tables 3-4; every listed feature/learner or implicit transformer has accuracy/F1 >=0.90; segmentation and multiclass tables are excluded tasks	Named submitted/proposed/fitted configuration with a threshold metric or explicit high-performance result in the cited full-text table scope.	https://arxiv.org/abs/2509.22147	The ensemble claim lacks a fixed public state, matched operating point, and latency basis.	retain_reject	supervised binary classifier using the named representation and learner/backbone. The ensemble claim lacks a fixed public state, matched operating point, and latency basis.	Full-text source 2509.22147
2509.22147	2509.22147:word2vec-xgb	Word2Vec XGB	Word2Vec XGB	binary Tables 3-4; every listed feature/learner or implicit transformer has accuracy/F1 >=0.90; segmentation and multiclass tables are excluded tasks	binary Tables 3-4; every listed feature/learner or implicit transformer has accuracy/F1 >=0.90; segmentation and multiclass tables are excluded tasks	Named submitted/proposed/fitted configuration with a threshold metric or explicit high-performance result in the cited full-text table scope.	https://arxiv.org/abs/2509.22147	The ensemble claim lacks a fixed public state, matched operating point, and latency basis.	retain_reject	supervised binary classifier using the named representation and learner/backbone. The ensemble claim lacks a fixed public state, matched operating point, and latency basis.	Full-text source 2509.22147
2509.22147	2509.22147:word2vec-lda	Word2Vec LDA	Word2Vec LDA	binary Tables 3-4; every listed feature/learner or implicit transformer has accuracy/F1 >=0.90; segmentation and multiclass tables are excluded tasks	binary Tables 3-4; every listed feature/learner or implicit transformer has accuracy/F1 >=0.90; segmentation and multiclass tables are excluded tasks	Named submitted/proposed/fitted configuration with a threshold metric or explicit high-performance result in the cited full-text table scope.	https://arxiv.org/abs/2509.22147	The ensemble claim lacks a fixed public state, matched operating point, and latency basis.	retain_reject	supervised binary classifier using the named representation and learner/backbone. The ensemble claim lacks a fixed public state, matched operating point, and latency basis.	Full-text source 2509.22147
2509.22147	2509.22147:word2vec-svm	Word2Vec SVM	Word2Vec SVM	binary Tables 3-4; every listed feature/learner or implicit transformer has accuracy/F1 >=0.90; segmentation and multiclass tables are excluded tasks	binary Tables 3-4; every listed feature/learner or implicit transformer has accuracy/F1 >=0.90; segmentation and multiclass tables are excluded tasks	Named submitted/proposed/fitted configuration with a threshold metric or explicit high-performance result in the cited full-text table scope.	https://arxiv.org/abs/2509.22147	The ensemble claim lacks a fixed public state, matched operating point, and latency basis.	retain_reject	supervised binary classifier using the named representation and learner/backbone. The ensemble claim lacks a fixed public state, matched operating point, and latency basis.	Full-text source 2509.22147
2509.22147	2509.22147:tfidf-lr	TF-IDF LR	TF-IDF LR	binary Tables 3-4; every listed feature/learner or implicit transformer has accuracy/F1 >=0.90; segmentation and multiclass tables are excluded tasks	binary Tables 3-4; every listed feature/learner or implicit transformer has accuracy/F1 >=0.90; segmentation and multiclass tables are excluded tasks	Named submitted/proposed/fitted configuration with a threshold metric or explicit high-performance result in the cited full-text table scope.	https://arxiv.org/abs/2509.22147	The ensemble claim lacks a fixed public state, matched operating point, and latency basis.	retain_reject	supervised binary classifier using the named representation and learner/backbone. The ensemble claim lacks a fixed public state, matched operating point, and latency basis.	Full-text source 2509.22147
2509.22147	2509.22147:tfidf-rf	TF-IDF RF	TF-IDF RF	binary Tables 3-4; every listed feature/learner or implicit transformer has accuracy/F1 >=0.90; segmentation and multiclass tables are excluded tasks	binary Tables 3-4; every listed feature/learner or implicit transformer has accuracy/F1 >=0.90; segmentation and multiclass tables are excluded tasks	Named submitted/proposed/fitted configuration with a threshold metric or explicit high-performance result in the cited full-text table scope.	https://arxiv.org/abs/2509.22147	The ensemble claim lacks a fixed public state, matched operating point, and latency basis.	retain_reject	supervised binary classifier using the named representation and learner/backbone. The ensemble claim lacks a fixed public state, matched operating point, and latency basis.	Full-text source 2509.22147
2509.22147	2509.22147:tfidf-xgb	TF-IDF XGB	TF-IDF XGB	binary Tables 3-4; every listed feature/learner or implicit transformer has accuracy/F1 >=0.90; segmentation and multiclass tables are excluded tasks	binary Tables 3-4; every listed feature/learner or implicit transformer has accuracy/F1 >=0.90; segmentation and multiclass tables are excluded tasks	Named submitted/proposed/fitted configuration with a threshold metric or explicit high-performance result in the cited full-text table scope.	https://arxiv.org/abs/2509.22147	The ensemble claim lacks a fixed public state, matched operating point, and latency basis.	retain_reject	supervised binary classifier using the named representation and learner/backbone. The ensemble claim lacks a fixed public state, matched operating point, and latency basis.	Full-text source 2509.22147
2509.22147	2509.22147:tfidf-lda	TF-IDF LDA	TF-IDF LDA	binary Tables 3-4; every listed feature/learner or implicit transformer has accuracy/F1 >=0.90; segmentation and multiclass tables are excluded tasks	binary Tables 3-4; every listed feature/learner or implicit transformer has accuracy/F1 >=0.90; segmentation and multiclass tables are excluded tasks	Named submitted/proposed/fitted configuration with a threshold metric or explicit high-performance result in the cited full-text table scope.	https://arxiv.org/abs/2509.22147	The ensemble claim lacks a fixed public state, matched operating point, and latency basis.	retain_reject	supervised binary classifier using the named representation and learner/backbone. The ensemble claim lacks a fixed public state, matched operating point, and latency basis.	Full-text source 2509.22147
2509.22147	2509.22147:tfidf-svm	TF-IDF SVM	TF-IDF SVM	binary Tables 3-4; every listed feature/learner or implicit transformer has accuracy/F1 >=0.90; segmentation and multiclass tables are excluded tasks	binary Tables 3-4; every listed feature/learner or implicit transformer has accuracy/F1 >=0.90; segmentation and multiclass tables are excluded tasks	Named submitted/proposed/fitted configuration with a threshold metric or explicit high-performance result in the cited full-text table scope.	https://arxiv.org/abs/2509.22147	The ensemble claim lacks a fixed public state, matched operating point, and latency basis.	retain_reject	supervised binary classifier using the named representation and learner/backbone. The ensemble claim lacks a fixed public state, matched operating point, and latency basis.	Full-text source 2509.22147
2509.22147	2509.22147:binary-cnn	Binary CNN	Binary CNN	binary Tables 3-4; every listed feature/learner or implicit transformer has accuracy/F1 >=0.90; segmentation and multiclass tables are excluded tasks	binary Tables 3-4; every listed feature/learner or implicit transformer has accuracy/F1 >=0.90; segmentation and multiclass tables are excluded tasks	Named submitted/proposed/fitted configuration with a threshold metric or explicit high-performance result in the cited full-text table scope.	https://arxiv.org/abs/2509.22147	The ensemble claim lacks a fixed public state, matched operating point, and latency basis.	retain_reject	supervised binary classifier using the named representation and learner/backbone. The ensemble claim lacks a fixed public state, matched operating point, and latency basis.	Full-text source 2509.22147
2509.22147	2509.22147:binary-rnn	Binary RNN	Binary RNN	binary Tables 3-4; every listed feature/learner or implicit transformer has accuracy/F1 >=0.90; segmentation and multiclass tables are excluded tasks	binary Tables 3-4; every listed feature/learner or implicit transformer has accuracy/F1 >=0.90; segmentation and multiclass tables are excluded tasks	Named submitted/proposed/fitted configuration with a threshold metric or explicit high-performance result in the cited full-text table scope.	https://arxiv.org/abs/2509.22147	The ensemble claim lacks a fixed public state, matched operating point, and latency basis.	retain_reject	supervised binary classifier using the named representation and learner/backbone. The ensemble claim lacks a fixed public state, matched operating point, and latency basis.	Full-text source 2509.22147
2509.22147	2509.22147:binary-lstm	Binary LSTM	Binary LSTM	binary Tables 3-4; every listed feature/learner or implicit transformer has accuracy/F1 >=0.90; segmentation and multiclass tables are excluded tasks	binary Tables 3-4; every listed feature/learner or implicit transformer has accuracy/F1 >=0.90; segmentation and multiclass tables are excluded tasks	Named submitted/proposed/fitted configuration with a threshold metric or explicit high-performance result in the cited full-text table scope.	https://arxiv.org/abs/2509.22147	The ensemble claim lacks a fixed public state, matched operating point, and latency basis.	retain_reject	supervised binary classifier using the named representation and learner/backbone. The ensemble claim lacks a fixed public state, matched operating point, and latency basis.	Full-text source 2509.22147
2509.22147	2509.22147:binary-bilstm	Binary BiLSTM	Binary BiLSTM	binary Tables 3-4; every listed feature/learner or implicit transformer has accuracy/F1 >=0.90; segmentation and multiclass tables are excluded tasks	binary Tables 3-4; every listed feature/learner or implicit transformer has accuracy/F1 >=0.90; segmentation and multiclass tables are excluded tasks	Named submitted/proposed/fitted configuration with a threshold metric or explicit high-performance result in the cited full-text table scope.	https://arxiv.org/abs/2509.22147	The ensemble claim lacks a fixed public state, matched operating point, and latency basis.	retain_reject	supervised binary classifier using the named representation and learner/backbone. The ensemble claim lacks a fixed public state, matched operating point, and latency basis.	Full-text source 2509.22147
2509.22147	2509.22147:binary-bigru	Binary BiGRU	Binary BiGRU	binary Tables 3-4; every listed feature/learner or implicit transformer has accuracy/F1 >=0.90; segmentation and multiclass tables are excluded tasks	binary Tables 3-4; every listed feature/learner or implicit transformer has accuracy/F1 >=0.90; segmentation and multiclass tables are excluded tasks	Named submitted/proposed/fitted configuration with a threshold metric or explicit high-performance result in the cited full-text table scope.	https://arxiv.org/abs/2509.22147	The ensemble claim lacks a fixed public state, matched operating point, and latency basis.	retain_reject	supervised binary classifier using the named representation and learner/backbone. The ensemble claim lacks a fixed public state, matched operating point, and latency basis.	Full-text source 2509.22147
2509.22147	2509.22147:binary-cnn-lstm	Binary CNN-LSTM	Binary CNN-LSTM	binary Tables 3-4; every listed feature/learner or implicit transformer has accuracy/F1 >=0.90; segmentation and multiclass tables are excluded tasks	binary Tables 3-4; every listed feature/learner or implicit transformer has accuracy/F1 >=0.90; segmentation and multiclass tables are excluded tasks	Named submitted/proposed/fitted configuration with a threshold metric or explicit high-performance result in the cited full-text table scope.	https://arxiv.org/abs/2509.22147	The ensemble claim lacks a fixed public state, matched operating point, and latency basis.	retain_reject	supervised binary classifier using the named representation and learner/backbone. The ensemble claim lacks a fixed public state, matched operating point, and latency basis.	Full-text source 2509.22147
2509.22147	2509.22147:binary-cnn-bilstm	Binary CNN-BiLSTM	Binary CNN-BiLSTM	binary Tables 3-4; every listed feature/learner or implicit transformer has accuracy/F1 >=0.90; segmentation and multiclass tables are excluded tasks	binary Tables 3-4; every listed feature/learner or implicit transformer has accuracy/F1 >=0.90; segmentation and multiclass tables are excluded tasks	Named submitted/proposed/fitted configuration with a threshold metric or explicit high-performance result in the cited full-text table scope.	https://arxiv.org/abs/2509.22147	The ensemble claim lacks a fixed public state, matched operating point, and latency basis.	retain_reject	supervised binary classifier using the named representation and learner/backbone. The ensemble claim lacks a fixed public state, matched operating point, and latency basis.	Full-text source 2509.22147
2509.22147	2509.22147:binary-cnn-bigru	Binary CNN-BiGRU	Binary CNN-BiGRU	binary Tables 3-4; every listed feature/learner or implicit transformer has accuracy/F1 >=0.90; segmentation and multiclass tables are excluded tasks	binary Tables 3-4; every listed feature/learner or implicit transformer has accuracy/F1 >=0.90; segmentation and multiclass tables are excluded tasks	Named submitted/proposed/fitted configuration with a threshold metric or explicit high-performance result in the cited full-text table scope.	https://arxiv.org/abs/2509.22147	The ensemble claim lacks a fixed public state, matched operating point, and latency basis.	retain_reject	supervised binary classifier using the named representation and learner/backbone. The ensemble claim lacks a fixed public state, matched operating point, and latency basis.	Full-text source 2509.22147
2509.22147	2509.22147:binary-bert	Binary BERT	Binary BERT	binary Tables 3-4; every listed feature/learner or implicit transformer has accuracy/F1 >=0.90; segmentation and multiclass tables are excluded tasks	binary Tables 3-4; every listed feature/learner or implicit transformer has accuracy/F1 >=0.90; segmentation and multiclass tables are excluded tasks	Named submitted/proposed/fitted configuration with a threshold metric or explicit high-performance result in the cited full-text table scope.	https://arxiv.org/abs/2509.22147	The ensemble claim lacks a fixed public state, matched operating point, and latency basis.	retain_reject	supervised binary classifier using the named representation and learner/backbone. The ensemble claim lacks a fixed public state, matched operating point, and latency basis.	Full-text source 2509.22147
2509.22147	2509.22147:binary-distilbert	Binary DistilBERT	Binary DistilBERT	binary Tables 3-4; every listed feature/learner or implicit transformer has accuracy/F1 >=0.90; segmentation and multiclass tables are excluded tasks	binary Tables 3-4; every listed feature/learner or implicit transformer has accuracy/F1 >=0.90; segmentation and multiclass tables are excluded tasks	Named submitted/proposed/fitted configuration with a threshold metric or explicit high-performance result in the cited full-text table scope.	https://arxiv.org/abs/2509.22147	The ensemble claim lacks a fixed public state, matched operating point, and latency basis.	retain_reject	supervised binary classifier using the named representation and learner/backbone. The ensemble claim lacks a fixed public state, matched operating point, and latency basis.	Full-text source 2509.22147
2509.22147	2509.22147:binary-roberta	Binary RoBERTa	Binary RoBERTa	binary Tables 3-4; every listed feature/learner or implicit transformer has accuracy/F1 >=0.90; segmentation and multiclass tables are excluded tasks	binary Tables 3-4; every listed feature/learner or implicit transformer has accuracy/F1 >=0.90; segmentation and multiclass tables are excluded tasks	Named submitted/proposed/fitted configuration with a threshold metric or explicit high-performance result in the cited full-text table scope.	https://arxiv.org/abs/2509.22147	The ensemble claim lacks a fixed public state, matched operating point, and latency basis.	retain_reject	supervised binary classifier using the named representation and learner/backbone. The ensemble claim lacks a fixed public state, matched operating point, and latency basis.	Full-text source 2509.22147
2509.22147	2509.22147:binary-deberta	Binary DeBERTa	Binary DeBERTa	binary Tables 3-4; every listed feature/learner or implicit transformer has accuracy/F1 >=0.90; segmentation and multiclass tables are excluded tasks	binary Tables 3-4; every listed feature/learner or implicit transformer has accuracy/F1 >=0.90; segmentation and multiclass tables are excluded tasks	Named submitted/proposed/fitted configuration with a threshold metric or explicit high-performance result in the cited full-text table scope.	https://arxiv.org/abs/2509.22147	The ensemble claim lacks a fixed public state, matched operating point, and latency basis.	retain_reject	supervised binary classifier using the named representation and learner/backbone. The ensemble claim lacks a fixed public state, matched operating point, and latency basis.	Full-text source 2509.22147
2509.22147	2509.22147:binary-modernbert	Binary ModernBERT	Binary ModernBERT	binary Tables 3-4; every listed feature/learner or implicit transformer has accuracy/F1 >=0.90; segmentation and multiclass tables are excluded tasks	binary Tables 3-4; every listed feature/learner or implicit transformer has accuracy/F1 >=0.90; segmentation and multiclass tables are excluded tasks	Named submitted/proposed/fitted configuration with a threshold metric or explicit high-performance result in the cited full-text table scope.	https://arxiv.org/abs/2509.22147	The ensemble claim lacks a fixed public state, matched operating point, and latency basis.	retain_reject	supervised binary classifier using the named representation and learner/backbone. The ensemble claim lacks a fixed public state, matched operating point, and latency basis.	Full-text source 2509.22147
2509.22147	2509.22147:implicit-bert	Implicit-method BERT	Implicit-method BERT	binary Tables 3-4; every listed feature/learner or implicit transformer has accuracy/F1 >=0.90; segmentation and multiclass tables are excluded tasks	binary Tables 3-4; every listed feature/learner or implicit transformer has accuracy/F1 >=0.90; segmentation and multiclass tables are excluded tasks	Named submitted/proposed/fitted configuration with a threshold metric or explicit high-performance result in the cited full-text table scope.	https://arxiv.org/abs/2509.22147	The ensemble claim lacks a fixed public state, matched operating point, and latency basis.	retain_reject	supervised binary classifier using the named representation and learner/backbone. The ensemble claim lacks a fixed public state, matched operating point, and latency basis.	Full-text source 2509.22147
2509.22147	2509.22147:implicit-distilbert	Implicit-method DistilBERT	Implicit-method DistilBERT	binary Tables 3-4; every listed feature/learner or implicit transformer has accuracy/F1 >=0.90; segmentation and multiclass tables are excluded tasks	binary Tables 3-4; every listed feature/learner or implicit transformer has accuracy/F1 >=0.90; segmentation and multiclass tables are excluded tasks	Named submitted/proposed/fitted configuration with a threshold metric or explicit high-performance result in the cited full-text table scope.	https://arxiv.org/abs/2509.22147	The ensemble claim lacks a fixed public state, matched operating point, and latency basis.	retain_reject	supervised binary classifier using the named representation and learner/backbone. The ensemble claim lacks a fixed public state, matched operating point, and latency basis.	Full-text source 2509.22147
2509.22147	2509.22147:implicit-roberta	Implicit-method RoBERTa	Implicit-method RoBERTa	binary Tables 3-4; every listed feature/learner or implicit transformer has accuracy/F1 >=0.90; segmentation and multiclass tables are excluded tasks	binary Tables 3-4; every listed feature/learner or implicit transformer has accuracy/F1 >=0.90; segmentation and multiclass tables are excluded tasks	Named submitted/proposed/fitted configuration with a threshold metric or explicit high-performance result in the cited full-text table scope.	https://arxiv.org/abs/2509.22147	The ensemble claim lacks a fixed public state, matched operating point, and latency basis.	retain_reject	supervised binary classifier using the named representation and learner/backbone. The ensemble claim lacks a fixed public state, matched operating point, and latency basis.	Full-text source 2509.22147
2509.22147	2509.22147:implicit-deberta	Implicit-method DeBERTa	Implicit-method DeBERTa	binary Tables 3-4; every listed feature/learner or implicit transformer has accuracy/F1 >=0.90; segmentation and multiclass tables are excluded tasks	binary Tables 3-4; every listed feature/learner or implicit transformer has accuracy/F1 >=0.90; segmentation and multiclass tables are excluded tasks	Named submitted/proposed/fitted configuration with a threshold metric or explicit high-performance result in the cited full-text table scope.	https://arxiv.org/abs/2509.22147	The ensemble claim lacks a fixed public state, matched operating point, and latency basis.	retain_reject	supervised binary classifier using the named representation and learner/backbone. The ensemble claim lacks a fixed public state, matched operating point, and latency basis.	Full-text source 2509.22147
2509.22147	2509.22147:implicit-modernbert	Implicit-method ModernBERT	Implicit-method ModernBERT	binary Tables 3-4; every listed feature/learner or implicit transformer has accuracy/F1 >=0.90; segmentation and multiclass tables are excluded tasks	binary Tables 3-4; every listed feature/learner or implicit transformer has accuracy/F1 >=0.90; segmentation and multiclass tables are excluded tasks	Named submitted/proposed/fitted configuration with a threshold metric or explicit high-performance result in the cited full-text table scope.	https://arxiv.org/abs/2509.22147	The ensemble claim lacks a fixed public state, matched operating point, and latency basis.	retain_reject	supervised binary classifier using the named representation and learner/backbone. The ensemble claim lacks a fixed public state, matched operating point, and latency basis.	Full-text source 2509.22147
2509.18880	2509.18880:gpt2	DivEye GPT-2	DivEye GPT-2	Tables 1-4, 6, and 13; each listed backbone/boosted state or fitted e5-small-lora, Desklib, and SuperAnnotate comparator reaches AUROC, accuracy, or a reported attack-slice percentage >=0.90 somewhere; boosted Binoculars stays below 0.90 and is not an account	Tables 1-4, 6, and 13; each listed backbone/boosted state or fitted e5-small-lora, Desklib, and SuperAnnotate comparator reaches AUROC, accuracy, or a reported attack-slice percentage >=0.90 somewhere; boosted Binoculars stays below 0.90 and is not an account	Named submitted/proposed/fitted configuration with a threshold metric or explicit high-performance result in the cited full-text table scope.	https://arxiv.org/abs/2509.18880	Training-data diversity gains do not establish a released detector that beats Binoculars on identical held-out rows.	retain_reject	XGBoost over diversity features from the named proxy, optionally concatenated with a detector score. Training-data diversity gains do not establish a released detector that beats Binoculars on identical held-out rows.	Full-text source 2509.18880
2509.18880	2509.18880:falcon7b	DivEye Falcon-7B	DivEye Falcon-7B	Tables 1-4, 6, and 13; each listed backbone/boosted state or fitted e5-small-lora, Desklib, and SuperAnnotate comparator reaches AUROC, accuracy, or a reported attack-slice percentage >=0.90 somewhere; boosted Binoculars stays below 0.90 and is not an account	Tables 1-4, 6, and 13; each listed backbone/boosted state or fitted e5-small-lora, Desklib, and SuperAnnotate comparator reaches AUROC, accuracy, or a reported attack-slice percentage >=0.90 somewhere; boosted Binoculars stays below 0.90 and is not an account	Named submitted/proposed/fitted configuration with a threshold metric or explicit high-performance result in the cited full-text table scope.	https://arxiv.org/abs/2509.18880	Training-data diversity gains do not establish a released detector that beats Binoculars on identical held-out rows.	retain_reject	XGBoost over diversity features from the named proxy, optionally concatenated with a detector score. Training-data diversity gains do not establish a released detector that beats Binoculars on identical held-out rows.	Full-text source 2509.18880
2509.18880	2509.18880:llama31-8b	DivEye Llama-3.1-8B	DivEye Llama-3.1-8B	Tables 1-4, 6, and 13; each listed backbone/boosted state or fitted e5-small-lora, Desklib, and SuperAnnotate comparator reaches AUROC, accuracy, or a reported attack-slice percentage >=0.90 somewhere; boosted Binoculars stays below 0.90 and is not an account	Tables 1-4, 6, and 13; each listed backbone/boosted state or fitted e5-small-lora, Desklib, and SuperAnnotate comparator reaches AUROC, accuracy, or a reported attack-slice percentage >=0.90 somewhere; boosted Binoculars stays below 0.90 and is not an account	Named submitted/proposed/fitted configuration with a threshold metric or explicit high-performance result in the cited full-text table scope.	https://arxiv.org/abs/2509.18880	Training-data diversity gains do not establish a released detector that beats Binoculars on identical held-out rows.	retain_reject	XGBoost over diversity features from the named proxy, optionally concatenated with a detector score. Training-data diversity gains do not establish a released detector that beats Binoculars on identical held-out rows.	Full-text source 2509.18880
2509.18880	2509.18880:mistral7b	DivEye Mistral-7B-v0.3	DivEye Mistral-7B-v0.3	Tables 1-4, 6, and 13; each listed backbone/boosted state or fitted e5-small-lora, Desklib, and SuperAnnotate comparator reaches AUROC, accuracy, or a reported attack-slice percentage >=0.90 somewhere; boosted Binoculars stays below 0.90 and is not an account	Tables 1-4, 6, and 13; each listed backbone/boosted state or fitted e5-small-lora, Desklib, and SuperAnnotate comparator reaches AUROC, accuracy, or a reported attack-slice percentage >=0.90 somewhere; boosted Binoculars stays below 0.90 and is not an account	Named submitted/proposed/fitted configuration with a threshold metric or explicit high-performance result in the cited full-text table scope.	https://arxiv.org/abs/2509.18880	Training-data diversity gains do not establish a released detector that beats Binoculars on identical held-out rows.	retain_reject	XGBoost over diversity features from the named proxy, optionally concatenated with a detector score. Training-data diversity gains do not establish a released detector that beats Binoculars on identical held-out rows.	Full-text source 2509.18880
2509.18880	2509.18880:e5-small-lora	e5-small-lora fitted comparator	e5-small-lora fitted comparator	Table 2 reports the fitted e5-small-lora classifier at 93.9% accuracy and 0.986 AUROC on RAID; Table 13 reports high attack-table percentages but no matched low-FPR transfer result.	Table 2 reports the fitted e5-small-lora classifier at 93.9% accuracy and 0.986 AUROC on RAID; Table 13 reports high attack-table percentages but no matched low-FPR transfer result.	Named submitted/proposed/fitted configuration with a threshold metric or explicit high-performance result in the cited full-text table scope.	https://arxiv.org/abs/2509.18880	The high RAID score is a separately fitted benchmark comparator; this paper supplies no immutable fitted state, transferable calibration, cross-distribution low-FPR evidence, or fixed A6000 timing.	retain_reject	the released or cited e5-small representation with a fitted low-rank classification head. The high RAID score is a separately fitted benchmark comparator; this paper supplies no immutable fitted state, transferable calibration, cross-distribution low-FPR evidence, or fixed A6000 timing.	Full-text source 2509.18880
2509.18880	2509.18880:desklib	Desklib AI fitted comparator	Desklib AI fitted comparator	Table 2 reports Desklib AI at 94.9% accuracy and 0.973 AUROC on RAID; appendix attack rows vary and this paper supplies no new frozen Desklib state.	Table 2 reports Desklib AI at 94.9% accuracy and 0.973 AUROC on RAID; appendix attack rows vary and this paper supplies no new frozen Desklib state.	Named submitted/proposed/fitted configuration with a threshold metric or explicit high-performance result in the cited full-text table scope.	https://arxiv.org/abs/2509.18880	The high RAID score is a reproduced comparator result rather than a new Desklib artifact; no matched low-FPR transfer or fixed two-A6000 timing is supplied.	retain_reject	the cited Desklib AI directly supervised sequence classifier. The high RAID score is a reproduced comparator result rather than a new Desklib artifact; no matched low-FPR transfer or fixed two-A6000 timing is supplied.	Full-text source 2509.18880
2509.18880	2509.18880:superannotate	SuperAnnotate fitted comparator	SuperAnnotate fitted comparator	Table 2 reports SuperAnnotate at 70.3% accuracy but 0.910 AUROC on RAID; the high threshold-independent value is accompanied by weak fixed-threshold balance.	Table 2 reports SuperAnnotate at 70.3% accuracy but 0.910 AUROC on RAID; the high threshold-independent value is accompanied by weak fixed-threshold balance.	Named submitted/proposed/fitted configuration with a threshold metric or explicit high-performance result in the cited full-text table scope.	https://arxiv.org/abs/2509.18880	The high AUROC coexists with weak fixed-threshold accuracy, and this paper supplies no new fitted checkpoint, portable threshold, or matched cross-distribution timing.	retain_reject	the cited SuperAnnotate directly supervised RoBERTa sequence classifier. The high AUROC coexists with weak fixed-threshold accuracy, and this paper supplies no new fitted checkpoint, portable threshold, or matched cross-distribution timing.	Full-text source 2509.18880
2509.18880	2509.18880:boost-radar	DivEye+RADAR	DivEye+RADAR	Tables 1-4, 6, and 13; each listed backbone/boosted state or fitted e5-small-lora, Desklib, and SuperAnnotate comparator reaches AUROC, accuracy, or a reported attack-slice percentage >=0.90 somewhere; boosted Binoculars stays below 0.90 and is not an account	Tables 1-4, 6, and 13; each listed backbone/boosted state or fitted e5-small-lora, Desklib, and SuperAnnotate comparator reaches AUROC, accuracy, or a reported attack-slice percentage >=0.90 somewhere; boosted Binoculars stays below 0.90 and is not an account	Named submitted/proposed/fitted configuration with a threshold metric or explicit high-performance result in the cited full-text table scope.	https://arxiv.org/abs/2509.18880	Training-data diversity gains do not establish a released detector that beats Binoculars on identical held-out rows.	retain_reject	XGBoost over diversity features from the named proxy, optionally concatenated with a detector score. Training-data diversity gains do not establish a released detector that beats Binoculars on identical held-out rows.	Full-text source 2509.18880
2509.18880	2509.18880:boost-detectllm	DivEye+DetectLLM	DivEye+DetectLLM	Tables 1-4, 6, and 13; each listed backbone/boosted state or fitted e5-small-lora, Desklib, and SuperAnnotate comparator reaches AUROC, accuracy, or a reported attack-slice percentage >=0.90 somewhere; boosted Binoculars stays below 0.90 and is not an account	Tables 1-4, 6, and 13; each listed backbone/boosted state or fitted e5-small-lora, Desklib, and SuperAnnotate comparator reaches AUROC, accuracy, or a reported attack-slice percentage >=0.90 somewhere; boosted Binoculars stays below 0.90 and is not an account	Named submitted/proposed/fitted configuration with a threshold metric or explicit high-performance result in the cited full-text table scope.	https://arxiv.org/abs/2509.18880	Training-data diversity gains do not establish a released detector that beats Binoculars on identical held-out rows.	retain_reject	XGBoost over diversity features from the named proxy, optionally concatenated with a detector score. Training-data diversity gains do not establish a released detector that beats Binoculars on identical held-out rows.	Full-text source 2509.18880
2509.18880	2509.18880:boost-fastdetectgpt	DivEye+FastDetectGPT	DivEye+FastDetectGPT	Tables 1-4, 6, and 13; each listed backbone/boosted state or fitted e5-small-lora, Desklib, and SuperAnnotate comparator reaches AUROC, accuracy, or a reported attack-slice percentage >=0.90 somewhere; boosted Binoculars stays below 0.90 and is not an account	Tables 1-4, 6, and 13; each listed backbone/boosted state or fitted e5-small-lora, Desklib, and SuperAnnotate comparator reaches AUROC, accuracy, or a reported attack-slice percentage >=0.90 somewhere; boosted Binoculars stays below 0.90 and is not an account	Named submitted/proposed/fitted configuration with a threshold metric or explicit high-performance result in the cited full-text table scope.	https://arxiv.org/abs/2509.18880	Training-data diversity gains do not establish a released detector that beats Binoculars on identical held-out rows.	retain_reject	XGBoost over diversity features from the named proxy, optionally concatenated with a detector score. Training-data diversity gains do not establish a released detector that beats Binoculars on identical held-out rows.	Full-text source 2509.18880
2509.18880	2509.18880:boost-biscope	DivEye+BiScope	DivEye+BiScope	Tables 1-4, 6, and 13; each listed backbone/boosted state or fitted e5-small-lora, Desklib, and SuperAnnotate comparator reaches AUROC, accuracy, or a reported attack-slice percentage >=0.90 somewhere; boosted Binoculars stays below 0.90 and is not an account	Tables 1-4, 6, and 13; each listed backbone/boosted state or fitted e5-small-lora, Desklib, and SuperAnnotate comparator reaches AUROC, accuracy, or a reported attack-slice percentage >=0.90 somewhere; boosted Binoculars stays below 0.90 and is not an account	Named submitted/proposed/fitted configuration with a threshold metric or explicit high-performance result in the cited full-text table scope.	https://arxiv.org/abs/2509.18880	Training-data diversity gains do not establish a released detector that beats Binoculars on identical held-out rows.	retain_reject	XGBoost over diversity features from the named proxy, optionally concatenated with a detector score. Training-data diversity gains do not establish a released detector that beats Binoculars on identical held-out rows.	Full-text source 2509.18880
2509.15550	2509.15550:biscope	BiScope	BiScope	Tables 1-2: BiScope reaches 99.74% AUROC on the Arxiv/Gemini cell but averages 91.17% over nine in-domain cells and 82.28% over four public benchmarks.	Tables 1-2: BiScope reaches 99.74% AUROC on the Arxiv/Gemini cell but averages 91.17% over nine in-domain cells and 82.28% over four public benchmarks.	Named submitted/proposed/fitted configuration with a threshold metric or explicit high-performance result in the cited full-text table scope.	https://arxiv.org/abs/2509.15550	This is a comparison detector rather than the DNA mutation-repair pipeline; its high in-domain or generator-specific result does not add a new frozen low-FPR state or fixed two-A6000 superiority evidence.	retain_reject	the directly supervised BiScope bidirectional cross-entropy classifier. This is a comparison detector rather than the DNA mutation-repair pipeline; its high in-domain or generator-specific result does not add a new frozen low-FPR state or fixed two-A6000 superiority evidence.	Full-text source 2509.15550
2509.15550	2509.15550:entropy	Entropy	Entropy	Tables 1-2: Entropy reaches 91.17% AUROC on one WritingPrompts cell but averages 75.26% over nine in-domain cells and 67.82% over four public benchmarks.	Tables 1-2: Entropy reaches 91.17% AUROC on one WritingPrompts cell but averages 75.26% over nine in-domain cells and 67.82% over four public benchmarks.	Named submitted/proposed/fitted configuration with a threshold metric or explicit high-performance result in the cited full-text table scope.	https://arxiv.org/abs/2509.15550	This is a comparison detector rather than the DNA mutation-repair pipeline; its high in-domain or generator-specific result does not add a new frozen low-FPR state or fixed two-A6000 superiority evidence.	retain_reject	mean token entropy under the scoring model. This is a comparison detector rather than the DNA mutation-repair pipeline; its high in-domain or generator-specific result does not add a new frozen low-FPR state or fixed two-A6000 superiority evidence.	Full-text source 2509.15550
2509.15550	2509.15550:likelihood	Likelihood	Likelihood	Tables 1-2: Likelihood reaches 95.52% AUROC on one WritingPrompts cell but averages 78.87% over nine in-domain cells and 71.73% over four public benchmarks.	Tables 1-2: Likelihood reaches 95.52% AUROC on one WritingPrompts cell but averages 78.87% over nine in-domain cells and 71.73% over four public benchmarks.	Named submitted/proposed/fitted configuration with a threshold metric or explicit high-performance result in the cited full-text table scope.	https://arxiv.org/abs/2509.15550	This is a comparison detector rather than the DNA mutation-repair pipeline; its high in-domain or generator-specific result does not add a new frozen low-FPR state or fixed two-A6000 superiority evidence.	retain_reject	mean token likelihood under the scoring model. This is a comparison detector rather than the DNA mutation-repair pipeline; its high in-domain or generator-specific result does not add a new frozen low-FPR state or fixed two-A6000 superiority evidence.	Full-text source 2509.15550
2509.15550	2509.15550:logrank	LogRank	LogRank	Tables 1-2: LogRank reaches 94.53% AUROC on one WritingPrompts cell but averages 78.26% over nine in-domain cells and 72.91% over four public benchmarks.	Tables 1-2: LogRank reaches 94.53% AUROC on one WritingPrompts cell but averages 78.26% over nine in-domain cells and 72.91% over four public benchmarks.	Named submitted/proposed/fitted configuration with a threshold metric or explicit high-performance result in the cited full-text table scope.	https://arxiv.org/abs/2509.15550	This is a comparison detector rather than the DNA mutation-repair pipeline; its high in-domain or generator-specific result does not add a new frozen low-FPR state or fixed two-A6000 superiority evidence.	retain_reject	mean token log-rank under the scoring model. This is a comparison detector rather than the DNA mutation-repair pipeline; its high in-domain or generator-specific result does not add a new frozen low-FPR state or fixed two-A6000 superiority evidence.	Full-text source 2509.15550
2509.15550	2509.15550:detectgpt	DetectGPT	DetectGPT	Tables 1-2: DetectGPT reaches 92.18% AUROC on one Arxiv cell but averages 74.42% over nine in-domain cells and 59.02% over four public benchmarks.	Tables 1-2: DetectGPT reaches 92.18% AUROC on one Arxiv cell but averages 74.42% over nine in-domain cells and 59.02% over four public benchmarks.	Named submitted/proposed/fitted configuration with a threshold metric or explicit high-performance result in the cited full-text table scope.	https://arxiv.org/abs/2509.15550	Inference evaluates numerous perturbed contrast samples of the target, violating the strict multi-perturbation boundary.	exclude_multi_perturbation	DetectGPT scoring over numerous target-text perturbations. Inference evaluates numerous perturbed contrast samples of the target, violating the strict multi-perturbation boundary.	Full-text source 2509.15550
2509.15550	2509.15550:fastdetectgpt	FastDetectGPT	FastDetectGPT	Tables 1-2: FastDetectGPT averages 96.20% AUROC over nine in-domain cells but only 85.07% over four public benchmarks.	Tables 1-2: FastDetectGPT averages 96.20% AUROC over nine in-domain cells but only 85.07% over four public benchmarks.	Named submitted/proposed/fitted configuration with a threshold metric or explicit high-performance result in the cited full-text table scope.	https://arxiv.org/abs/2509.15550	This is a comparison detector rather than the DNA mutation-repair pipeline; its high in-domain or generator-specific result does not add a new frozen low-FPR state or fixed two-A6000 superiority evidence.	retain_reject	the FastDetectGPT conditional-probability-curvature statistic. This is a comparison detector rather than the DNA mutation-repair pipeline; its high in-domain or generator-specific result does not add a new frozen low-FPR state or fixed two-A6000 superiority evidence.	Full-text source 2509.15550
2509.15550	2509.15550:binoculars	Binoculars	Binoculars	Tables 1-2: Binoculars averages 97.39% AUROC over nine in-domain cells and 86.08% over four public benchmarks.	Tables 1-2: Binoculars averages 97.39% AUROC over nine in-domain cells and 86.08% over four public benchmarks.	Named submitted/proposed/fitted configuration with a threshold metric or explicit high-performance result in the cited full-text table scope.	https://arxiv.org/abs/2509.15550	This is the existing DW1 incumbent used as a paper comparator, not a newly promoted candidate.	retain_reject	the Binoculars cross-model perplexity-ratio statistic. This is the existing DW1 incumbent used as a paper comparator, not a newly promoted candidate.	Full-text source 2509.15550
2509.15550	2509.15550:lastde-plus	Lastde++	Lastde++	Tables 1-2: Lastde++ averages 94.90% AUROC over nine in-domain cells but only 82.00% over four public benchmarks.	Tables 1-2: Lastde++ averages 94.90% AUROC over nine in-domain cells but only 82.00% over four public benchmarks.	Named submitted/proposed/fitted configuration with a threshold metric or explicit high-performance result in the cited full-text table scope.	https://arxiv.org/abs/2509.15550	This is a comparison detector rather than the DNA mutation-repair pipeline; its high in-domain or generator-specific result does not add a new frozen low-FPR state or fixed two-A6000 superiority evidence.	retain_reject	the Lastde++ local-subsequence statistic over token-probability series. This is a comparison detector rather than the DNA mutation-repair pipeline; its high in-domain or generator-specific result does not add a new frozen low-FPR state or fixed two-A6000 superiority evidence.	Full-text source 2509.15550
2509.15550	2509.15550:revise-detect	Revise-Detect comparator	Revise-Detect comparator	main and appendix tables; every listed baseline, Revise-Detect comparator, repair order, and DNA-DetectLLM model pair has AUC/accuracy >=0.90 on a dataset/generator cell	main and appendix tables; every listed baseline, Revise-Detect comparator, repair order, and DNA-DetectLLM model pair has AUC/accuracy >=0.90 on a dataset/generator cell	Named submitted/proposed/fitted configuration with a threshold metric or explicit high-performance result in the cited full-text table scope.	https://arxiv.org/abs/2509.15550	Inference rewrites or revises the target before scoring, violating the no-rewriting boundary.	exclude_rewriting	Revise-Detect scoring after an LLM rewrites or revises the target text. Inference rewrites or revises the target before scoring, violating the no-rewriting boundary.	Full-text source 2509.15550
2509.15550	2509.15550:dna-default	DNA-DetectLLM default repair	DNA-DetectLLM default repair	Tables 1-2: default DNA-DetectLLM averages 98.30% AUROC over nine in-domain cells and 90.86% over four public benchmarks.	Tables 1-2: default DNA-DetectLLM averages 98.30% AUROC over nine in-domain cells and 90.86% over four public benchmarks.	Named submitted/proposed/fitted configuration with a threshold metric or explicit high-performance result in the cited full-text table scope.	https://arxiv.org/abs/2509.15550	The SOTA gains require iterative construction of an ideal AI sequence, violating the no-regeneration constraint.	exclude_regeneration	DNA-DetectLLM iterative token mutation-repair with the default simplified repair score. The SOTA gains require iterative construction of an ideal AI sequence, violating the no-regeneration constraint.	Full-text source 2509.15550
2509.15550	2509.15550:dna-low-high	DNA-DetectLLM low-to-high repair	DNA-DetectLLM low-to-high repair	Table 1: the DNA-DetectLLM low-to-high repair order averages 97.43% AUROC over nine dataset/generator cells.	Table 1: the DNA-DetectLLM low-to-high repair order averages 97.43% AUROC over nine dataset/generator cells.	Named submitted/proposed/fitted configuration with a threshold metric or explicit high-performance result in the cited full-text table scope.	https://arxiv.org/abs/2509.15550	The SOTA gains require iterative construction of an ideal AI sequence, violating the no-regeneration constraint.	exclude_regeneration	DNA-DetectLLM iterative token mutation-repair in low-to-high score order. The SOTA gains require iterative construction of an ideal AI sequence, violating the no-regeneration constraint.	Full-text source 2509.15550
2509.15550	2509.15550:dna-high-low	DNA-DetectLLM high-to-low repair	DNA-DetectLLM high-to-low repair	Table 1: the DNA-DetectLLM high-to-low repair order averages 98.16% AUROC over nine dataset/generator cells.	Table 1: the DNA-DetectLLM high-to-low repair order averages 98.16% AUROC over nine dataset/generator cells.	Named submitted/proposed/fitted configuration with a threshold metric or explicit high-performance result in the cited full-text table scope.	https://arxiv.org/abs/2509.15550	The SOTA gains require iterative construction of an ideal AI sequence, violating the no-regeneration constraint.	exclude_regeneration	DNA-DetectLLM iterative token mutation-repair in high-to-low score order. The SOTA gains require iterative construction of an ideal AI sequence, violating the no-regeneration constraint.	Full-text source 2509.15550
2509.15550	2509.15550:dna-sequential	DNA-DetectLLM sequential repair	DNA-DetectLLM sequential repair	Table 1: the DNA-DetectLLM sequential repair order averages 98.23% AUROC over nine dataset/generator cells.	Table 1: the DNA-DetectLLM sequential repair order averages 98.23% AUROC over nine dataset/generator cells.	Named submitted/proposed/fitted configuration with a threshold metric or explicit high-performance result in the cited full-text table scope.	https://arxiv.org/abs/2509.15550	The SOTA gains require iterative construction of an ideal AI sequence, violating the no-regeneration constraint.	exclude_regeneration	DNA-DetectLLM sequential iterative token mutation-repair. The SOTA gains require iterative construction of an ideal AI sequence, violating the no-regeneration constraint.	Full-text source 2509.15550
2509.15550	2509.15550:dna-mistral	DNA-DetectLLM Mistral model pair	DNA-DetectLLM Mistral model pair	Figure 6 evaluates the Mistral DNA-DetectLLM observer/reference pair; the text says all four pairs beat the baselines and the best plotted pair reaches 92.4% and 90.7% AUROC on the plotted tasks.	Figure 6 evaluates the Mistral DNA-DetectLLM observer/reference pair; the text says all four pairs beat the baselines and the best plotted pair reaches 92.4% and 90.7% AUROC on the plotted tasks.	Named submitted/proposed/fitted configuration with a threshold metric or explicit high-performance result in the cited full-text table scope.	https://arxiv.org/abs/2509.15550	The SOTA gains require iterative construction of an ideal AI sequence, violating the no-regeneration constraint.	exclude_regeneration	DNA-DetectLLM iterative token mutation-repair with the Mistral observer/reference pair. The SOTA gains require iterative construction of an ideal AI sequence, violating the no-regeneration constraint.	Full-text source 2509.15550
2509.15550	2509.15550:dna-llama2	DNA-DetectLLM Llama-2 model pair	DNA-DetectLLM Llama-2 model pair	Figure 6 evaluates the Llama-2 DNA-DetectLLM observer/reference pair; the text says all four pairs beat the baselines and the best plotted pair reaches 92.4% and 90.7% AUROC on the plotted tasks.	Figure 6 evaluates the Llama-2 DNA-DetectLLM observer/reference pair; the text says all four pairs beat the baselines and the best plotted pair reaches 92.4% and 90.7% AUROC on the plotted tasks.	Named submitted/proposed/fitted configuration with a threshold metric or explicit high-performance result in the cited full-text table scope.	https://arxiv.org/abs/2509.15550	The SOTA gains require iterative construction of an ideal AI sequence, violating the no-regeneration constraint.	exclude_regeneration	DNA-DetectLLM iterative token mutation-repair with the Llama-2 observer/reference pair. The SOTA gains require iterative construction of an ideal AI sequence, violating the no-regeneration constraint.	Full-text source 2509.15550
2509.15550	2509.15550:dna-llama3	DNA-DetectLLM Llama-3 model pair	DNA-DetectLLM Llama-3 model pair	Figure 6 evaluates the Llama-3 DNA-DetectLLM observer/reference pair; the text says all four pairs beat the baselines and the best plotted pair reaches 92.4% and 90.7% AUROC on the plotted tasks.	Figure 6 evaluates the Llama-3 DNA-DetectLLM observer/reference pair; the text says all four pairs beat the baselines and the best plotted pair reaches 92.4% and 90.7% AUROC on the plotted tasks.	Named submitted/proposed/fitted configuration with a threshold metric or explicit high-performance result in the cited full-text table scope.	https://arxiv.org/abs/2509.15550	The SOTA gains require iterative construction of an ideal AI sequence, violating the no-regeneration constraint.	exclude_regeneration	DNA-DetectLLM iterative token mutation-repair with the Llama-3 observer/reference pair. The SOTA gains require iterative construction of an ideal AI sequence, violating the no-regeneration constraint.	Full-text source 2509.15550
2509.14268	2509.14268:qwen2-0.5b	DetectAnyLLM Qwen2-0.5B scoring model	DetectAnyLLM Qwen2-0.5B scoring model	main DDL/reference-clustering tables and scoring-model ablation; each named proxy configuration has a qualifying high cell	main DDL/reference-clustering tables and scoring-model ablation; each named proxy configuration has a qualifying high cell	Named submitted/proposed/fitted configuration with a threshold metric or explicit high-performance result in the cited full-text table scope.	https://arxiv.org/abs/2509.14268	Reference Clustering performs nearest-reference lookup over retained human and generated sets.	exclude_retrieval	DDL score with the named proxy plus reference clustering over retained examples. Reference Clustering performs nearest-reference lookup over retained human and generated sets.	Full-text source 2509.14268
2509.14268	2509.14268:gpt-j-6b	DetectAnyLLM GPT-J-6B scoring model	DetectAnyLLM GPT-J-6B scoring model	main DDL/reference-clustering tables and scoring-model ablation; each named proxy configuration has a qualifying high cell	main DDL/reference-clustering tables and scoring-model ablation; each named proxy configuration has a qualifying high cell	Named submitted/proposed/fitted configuration with a threshold metric or explicit high-performance result in the cited full-text table scope.	https://arxiv.org/abs/2509.14268	Reference Clustering performs nearest-reference lookup over retained human and generated sets.	exclude_retrieval	DDL score with the named proxy plus reference clustering over retained examples. Reference Clustering performs nearest-reference lookup over retained human and generated sets.	Full-text source 2509.14268
2509.14268	2509.14268:gpt-neo-2.7b	DetectAnyLLM GPT-Neo-2.7B scoring model	DetectAnyLLM GPT-Neo-2.7B scoring model	main DDL/reference-clustering tables and scoring-model ablation; each named proxy configuration has a qualifying high cell	main DDL/reference-clustering tables and scoring-model ablation; each named proxy configuration has a qualifying high cell	Named submitted/proposed/fitted configuration with a threshold metric or explicit high-performance result in the cited full-text table scope.	https://arxiv.org/abs/2509.14268	Reference Clustering performs nearest-reference lookup over retained human and generated sets.	exclude_retrieval	DDL score with the named proxy plus reference clustering over retained examples. Reference Clustering performs nearest-reference lookup over retained human and generated sets.	Full-text source 2509.14268
2509.02499	2509.02499:lr-roberta	MoSEs-lr + RoBERTa	MoSEs-lr + RoBERTa	main MoSEs-lr/MoSEs-xg tables; all six learner/base-detector pairings cross 0.90 and depend on the stylistics reference repository	main MoSEs-lr/MoSEs-xg tables; all six learner/base-detector pairings cross 0.90 and depend on the stylistics reference repository	Named submitted/proposed/fitted configuration with a threshold metric or explicit high-performance result in the cited full-text table scope.	https://arxiv.org/abs/2509.02499	Inference activates examples from a stylistics reference repository for conditional thresholds, crossing the no-retrieval gate.	exclude_retrieval	conditional threshold estimator using the named learner/base detector and retrieved stylistic references. Inference activates examples from a stylistics reference repository for conditional thresholds, crossing the no-retrieval gate.	Full-text source 2509.02499
2509.02499	2509.02499:lr-fastdetectgpt	MoSEs-lr + FastDetectGPT	MoSEs-lr + FastDetectGPT	main MoSEs-lr/MoSEs-xg tables; all six learner/base-detector pairings cross 0.90 and depend on the stylistics reference repository	main MoSEs-lr/MoSEs-xg tables; all six learner/base-detector pairings cross 0.90 and depend on the stylistics reference repository	Named submitted/proposed/fitted configuration with a threshold metric or explicit high-performance result in the cited full-text table scope.	https://arxiv.org/abs/2509.02499	Inference activates examples from a stylistics reference repository for conditional thresholds, crossing the no-retrieval gate.	exclude_retrieval	conditional threshold estimator using the named learner/base detector and retrieved stylistic references. Inference activates examples from a stylistics reference repository for conditional thresholds, crossing the no-retrieval gate.	Full-text source 2509.02499
2509.02499	2509.02499:lr-lastde	MoSEs-lr + Lastde	MoSEs-lr + Lastde	main MoSEs-lr/MoSEs-xg tables; all six learner/base-detector pairings cross 0.90 and depend on the stylistics reference repository	main MoSEs-lr/MoSEs-xg tables; all six learner/base-detector pairings cross 0.90 and depend on the stylistics reference repository	Named submitted/proposed/fitted configuration with a threshold metric or explicit high-performance result in the cited full-text table scope.	https://arxiv.org/abs/2509.02499	Inference activates examples from a stylistics reference repository for conditional thresholds, crossing the no-retrieval gate.	exclude_retrieval	conditional threshold estimator using the named learner/base detector and retrieved stylistic references. Inference activates examples from a stylistics reference repository for conditional thresholds, crossing the no-retrieval gate.	Full-text source 2509.02499
2509.02499	2509.02499:xg-roberta	MoSEs-xg + RoBERTa	MoSEs-xg + RoBERTa	main MoSEs-lr/MoSEs-xg tables; all six learner/base-detector pairings cross 0.90 and depend on the stylistics reference repository	main MoSEs-lr/MoSEs-xg tables; all six learner/base-detector pairings cross 0.90 and depend on the stylistics reference repository	Named submitted/proposed/fitted configuration with a threshold metric or explicit high-performance result in the cited full-text table scope.	https://arxiv.org/abs/2509.02499	Inference activates examples from a stylistics reference repository for conditional thresholds, crossing the no-retrieval gate.	exclude_retrieval	conditional threshold estimator using the named learner/base detector and retrieved stylistic references. Inference activates examples from a stylistics reference repository for conditional thresholds, crossing the no-retrieval gate.	Full-text source 2509.02499
2509.02499	2509.02499:xg-fastdetectgpt	MoSEs-xg + FastDetectGPT	MoSEs-xg + FastDetectGPT	main MoSEs-lr/MoSEs-xg tables; all six learner/base-detector pairings cross 0.90 and depend on the stylistics reference repository	main MoSEs-lr/MoSEs-xg tables; all six learner/base-detector pairings cross 0.90 and depend on the stylistics reference repository	Named submitted/proposed/fitted configuration with a threshold metric or explicit high-performance result in the cited full-text table scope.	https://arxiv.org/abs/2509.02499	Inference activates examples from a stylistics reference repository for conditional thresholds, crossing the no-retrieval gate.	exclude_retrieval	conditional threshold estimator using the named learner/base detector and retrieved stylistic references. Inference activates examples from a stylistics reference repository for conditional thresholds, crossing the no-retrieval gate.	Full-text source 2509.02499
2509.02499	2509.02499:xg-lastde	MoSEs-xg + Lastde	MoSEs-xg + Lastde	main MoSEs-lr/MoSEs-xg tables; all six learner/base-detector pairings cross 0.90 and depend on the stylistics reference repository	main MoSEs-lr/MoSEs-xg tables; all six learner/base-detector pairings cross 0.90 and depend on the stylistics reference repository	Named submitted/proposed/fitted configuration with a threshold metric or explicit high-performance result in the cited full-text table scope.	https://arxiv.org/abs/2509.02499	Inference activates examples from a stylistics reference repository for conditional thresholds, crossing the no-retrieval gate.	exclude_retrieval	conditional threshold estimator using the named learner/base detector and retrieved stylistic references. Inference activates examples from a stylistics reference repository for conditional thresholds, crossing the no-retrieval gate.	Full-text source 2509.02499
2509.00731	2509.00731:roberta	RoBERTa encoder	RoBERTa encoder	Tables 2-4; RoBERTa/BERT/FastText development metrics exceed 0.90, Qwen LoRA ranks 4/8/16 score 0.9431/0.9376/0.9594 accuracy, and DeepSeek ranks 4/8/16 qualify by 0.9079 accuracy, 0.9008 AI F1, and 0.9293 accuracy	Tables 2-4; RoBERTa/BERT/FastText development metrics exceed 0.90, Qwen LoRA ranks 4/8/16 score 0.9431/0.9376/0.9594 accuracy, and DeepSeek ranks 4/8/16 qualify by 0.9079 accuracy, 0.9008 AI F1, and 0.9293 accuracy	Named submitted/proposed/fitted configuration with a threshold metric or explicit high-performance result in the cited full-text table scope.	https://arxiv.org/abs/2509.00731	The 95.94 percent result is a Chinese shared-task Qwen detector, not a general English replacement.	reject_scope	the named directly fitted Chinese encoder or FastText classifier. The 95.94 percent result is a Chinese shared-task Qwen detector, not a general English replacement.	Full-text source 2509.00731
2509.00731	2509.00731:bert	BERT encoder	BERT encoder	Tables 2-4; RoBERTa/BERT/FastText development metrics exceed 0.90, Qwen LoRA ranks 4/8/16 score 0.9431/0.9376/0.9594 accuracy, and DeepSeek ranks 4/8/16 qualify by 0.9079 accuracy, 0.9008 AI F1, and 0.9293 accuracy	Tables 2-4; RoBERTa/BERT/FastText development metrics exceed 0.90, Qwen LoRA ranks 4/8/16 score 0.9431/0.9376/0.9594 accuracy, and DeepSeek ranks 4/8/16 qualify by 0.9079 accuracy, 0.9008 AI F1, and 0.9293 accuracy	Named submitted/proposed/fitted configuration with a threshold metric or explicit high-performance result in the cited full-text table scope.	https://arxiv.org/abs/2509.00731	The 95.94 percent result is a Chinese shared-task Qwen detector, not a general English replacement.	reject_scope	the named directly fitted Chinese encoder or FastText classifier. The 95.94 percent result is a Chinese shared-task Qwen detector, not a general English replacement.	Full-text source 2509.00731
2509.00731	2509.00731:fasttext	FastText classifier	FastText classifier	Tables 2-4; RoBERTa/BERT/FastText development metrics exceed 0.90, Qwen LoRA ranks 4/8/16 score 0.9431/0.9376/0.9594 accuracy, and DeepSeek ranks 4/8/16 qualify by 0.9079 accuracy, 0.9008 AI F1, and 0.9293 accuracy	Tables 2-4; RoBERTa/BERT/FastText development metrics exceed 0.90, Qwen LoRA ranks 4/8/16 score 0.9431/0.9376/0.9594 accuracy, and DeepSeek ranks 4/8/16 qualify by 0.9079 accuracy, 0.9008 AI F1, and 0.9293 accuracy	Named submitted/proposed/fitted configuration with a threshold metric or explicit high-performance result in the cited full-text table scope.	https://arxiv.org/abs/2509.00731	The 95.94 percent result is a Chinese shared-task Qwen detector, not a general English replacement.	reject_scope	the named directly fitted Chinese encoder or FastText classifier. The 95.94 percent result is a Chinese shared-task Qwen detector, not a general English replacement.	Full-text source 2509.00731
2509.00731	2509.00731:qwen-r4	Qwen2.5-7B LoRA rank 4	Qwen2.5-7B LoRA rank 4	Tables 2-4; RoBERTa/BERT/FastText development metrics exceed 0.90, Qwen LoRA ranks 4/8/16 score 0.9431/0.9376/0.9594 accuracy, and DeepSeek ranks 4/8/16 qualify by 0.9079 accuracy, 0.9008 AI F1, and 0.9293 accuracy	Tables 2-4; RoBERTa/BERT/FastText development metrics exceed 0.90, Qwen LoRA ranks 4/8/16 score 0.9431/0.9376/0.9594 accuracy, and DeepSeek ranks 4/8/16 qualify by 0.9079 accuracy, 0.9008 AI F1, and 0.9293 accuracy	Named submitted/proposed/fitted configuration with a threshold metric or explicit high-performance result in the cited full-text table scope.	https://arxiv.org/abs/2509.00731	The 95.94 percent result is a Chinese shared-task Qwen detector, not a general English replacement.	reject_scope	Qwen2.5-7B decoder fine-tuned for Chinese binary classification with LoRA rank 4. The 95.94 percent result is a Chinese shared-task Qwen detector, not a general English replacement.	Full-text source 2509.00731
2509.00731	2509.00731:qwen-r8	Qwen2.5-7B LoRA rank 8	Qwen2.5-7B LoRA rank 8	Tables 2-4; RoBERTa/BERT/FastText development metrics exceed 0.90, Qwen LoRA ranks 4/8/16 score 0.9431/0.9376/0.9594 accuracy, and DeepSeek ranks 4/8/16 qualify by 0.9079 accuracy, 0.9008 AI F1, and 0.9293 accuracy	Tables 2-4; RoBERTa/BERT/FastText development metrics exceed 0.90, Qwen LoRA ranks 4/8/16 score 0.9431/0.9376/0.9594 accuracy, and DeepSeek ranks 4/8/16 qualify by 0.9079 accuracy, 0.9008 AI F1, and 0.9293 accuracy	Named submitted/proposed/fitted configuration with a threshold metric or explicit high-performance result in the cited full-text table scope.	https://arxiv.org/abs/2509.00731	The 95.94 percent result is a Chinese shared-task Qwen detector, not a general English replacement.	reject_scope	Qwen2.5-7B decoder fine-tuned for Chinese binary classification with LoRA rank 8. The 95.94 percent result is a Chinese shared-task Qwen detector, not a general English replacement.	Full-text source 2509.00731
2509.00731	2509.00731:qwen-r16	Qwen2.5-7B LoRA rank 16	Qwen2.5-7B LoRA rank 16	Tables 2-4; RoBERTa/BERT/FastText development metrics exceed 0.90, Qwen LoRA ranks 4/8/16 score 0.9431/0.9376/0.9594 accuracy, and DeepSeek ranks 4/8/16 qualify by 0.9079 accuracy, 0.9008 AI F1, and 0.9293 accuracy	Tables 2-4; RoBERTa/BERT/FastText development metrics exceed 0.90, Qwen LoRA ranks 4/8/16 score 0.9431/0.9376/0.9594 accuracy, and DeepSeek ranks 4/8/16 qualify by 0.9079 accuracy, 0.9008 AI F1, and 0.9293 accuracy	Named submitted/proposed/fitted configuration with a threshold metric or explicit high-performance result in the cited full-text table scope.	https://arxiv.org/abs/2509.00731	The 95.94 percent result is a Chinese shared-task Qwen detector, not a general English replacement.	reject_scope	Qwen2.5-7B decoder fine-tuned for Chinese binary classification with LoRA rank 16. The 95.94 percent result is a Chinese shared-task Qwen detector, not a general English replacement.	Full-text source 2509.00731
2509.00731	2509.00731:deepseek-r4	DeepSeek-R1-Distill-Qwen-7B LoRA rank 4	DeepSeek-R1-Distill-Qwen-7B LoRA rank 4	Tables 2-4; RoBERTa/BERT/FastText development metrics exceed 0.90, Qwen LoRA ranks 4/8/16 score 0.9431/0.9376/0.9594 accuracy, and DeepSeek ranks 4/8/16 qualify by 0.9079 accuracy, 0.9008 AI F1, and 0.9293 accuracy	Tables 2-4; RoBERTa/BERT/FastText development metrics exceed 0.90, Qwen LoRA ranks 4/8/16 score 0.9431/0.9376/0.9594 accuracy, and DeepSeek ranks 4/8/16 qualify by 0.9079 accuracy, 0.9008 AI F1, and 0.9293 accuracy	Named submitted/proposed/fitted configuration with a threshold metric or explicit high-performance result in the cited full-text table scope.	https://arxiv.org/abs/2509.00731	The 95.94 percent result is a Chinese shared-task Qwen detector, not a general English replacement.	reject_scope	DeepSeek-R1-Distill-Qwen-7B fine-tuned for Chinese binary classification with LoRA rank 4. The 95.94 percent result is a Chinese shared-task Qwen detector, not a general English replacement.	Full-text source 2509.00731
2509.00731	2509.00731:deepseek-r8	DeepSeek-R1-Distill-Qwen-7B LoRA rank 8	DeepSeek-R1-Distill-Qwen-7B LoRA rank 8	Tables 2-4; RoBERTa/BERT/FastText development metrics exceed 0.90, Qwen LoRA ranks 4/8/16 score 0.9431/0.9376/0.9594 accuracy, and DeepSeek ranks 4/8/16 qualify by 0.9079 accuracy, 0.9008 AI F1, and 0.9293 accuracy	Tables 2-4; RoBERTa/BERT/FastText development metrics exceed 0.90, Qwen LoRA ranks 4/8/16 score 0.9431/0.9376/0.9594 accuracy, and DeepSeek ranks 4/8/16 qualify by 0.9079 accuracy, 0.9008 AI F1, and 0.9293 accuracy	Named submitted/proposed/fitted configuration with a threshold metric or explicit high-performance result in the cited full-text table scope.	https://arxiv.org/abs/2509.00731	The 95.94 percent result is a Chinese shared-task Qwen detector, not a general English replacement.	reject_scope	DeepSeek-R1-Distill-Qwen-7B fine-tuned for Chinese binary classification with LoRA rank 8. The 95.94 percent result is a Chinese shared-task Qwen detector, not a general English replacement.	Full-text source 2509.00731
2509.00731	2509.00731:deepseek-r16	DeepSeek-R1-Distill-Qwen-7B LoRA rank 16	DeepSeek-R1-Distill-Qwen-7B LoRA rank 16	Tables 2-4; RoBERTa/BERT/FastText development metrics exceed 0.90, Qwen LoRA ranks 4/8/16 score 0.9431/0.9376/0.9594 accuracy, and DeepSeek ranks 4/8/16 qualify by 0.9079 accuracy, 0.9008 AI F1, and 0.9293 accuracy	Tables 2-4; RoBERTa/BERT/FastText development metrics exceed 0.90, Qwen LoRA ranks 4/8/16 score 0.9431/0.9376/0.9594 accuracy, and DeepSeek ranks 4/8/16 qualify by 0.9079 accuracy, 0.9008 AI F1, and 0.9293 accuracy	Named submitted/proposed/fitted configuration with a threshold metric or explicit high-performance result in the cited full-text table scope.	https://arxiv.org/abs/2509.00731	The 95.94 percent result is a Chinese shared-task Qwen detector, not a general English replacement.	reject_scope	DeepSeek-R1-Distill-Qwen-7B fine-tuned for Chinese binary classification with LoRA rank 16. The 95.94 percent result is a Chinese shared-task Qwen detector, not a general English replacement.	Full-text source 2509.00731
2509.00623	2509.00623:roberta-base	M-DAIGT RoBERTa-base	M-DAIGT RoBERTa-base	Table 1 test: RoBERTa-base accuracy/F1 is 99.99%/99.99% on news and 100.00%/100.00% on academic abstracts; it is the selected primary submission.	Table 1 test: RoBERTa-base accuracy/F1 is 99.99%/99.99% on news and 100.00%/100.00% on academic abstracts; it is the selected primary submission.	Named submitted/proposed/fitted configuration with a threshold metric or explicit high-performance result in the cited full-text table scope.	https://arxiv.org/abs/2509.00623	The near-perfect score is confined to the M-DAIGT news/academic task; no released trained state, cross-distribution test, low-FPR result, or fixed A6000 timing exists.	retain_reject	a directly fine-tuned RoBERTa-base sequence classifier. The near-perfect score is confined to the M-DAIGT news/academic task; no released trained state, cross-distribution test, low-FPR result, or fixed A6000 timing exists.	Full-text source 2509.00623
2509.00623	2509.00623:tfidf-svm	M-DAIGT TF-IDF+LinearSVC	M-DAIGT TF-IDF+LinearSVC	Table 1 test: TF-IDF+SVM accuracy/F1 is 97.90%/97.91% on news and 99.85%/99.85% on academic abstracts.	Table 1 test: TF-IDF+SVM accuracy/F1 is 97.90%/97.91% on news and 99.85%/99.85% on academic abstracts.	Named submitted/proposed/fitted configuration with a threshold metric or explicit high-performance result in the cited full-text table scope.	https://arxiv.org/abs/2509.00623	The high score is confined to the M-DAIGT news/academic task; no fitted SVM, exact vectorizer, cross-distribution test, low-FPR result, or fixed A6000 timing is released.	retain_reject	a TF-IDF representation classified by a linear support-vector machine. The high score is confined to the M-DAIGT news/academic task; no fitted SVM, exact vectorizer, cross-distribution test, low-FPR result, or fixed A6000 timing is released.	Full-text source 2509.00623
2509.00623	2509.00623:candace	M-DAIGT Candace	M-DAIGT Candace	Table 1 test: Candace accuracy/F1 is 99.75%/99.75% on news and 99.95%/99.95% on academic abstracts; the paper says its multiple-Llama feature pass is slower.	Table 1 test: Candace accuracy/F1 is 99.75%/99.75% on news and 99.95%/99.95% on academic abstracts; the paper says its multiple-Llama feature pass is slower.	Named submitted/proposed/fitted configuration with a threshold metric or explicit high-performance result in the cited full-text table scope.	https://arxiv.org/abs/2509.00623	The high score is confined to the M-DAIGT news/academic task; no trained state, exact four-Llama deployment recipe, low-FPR result, or reproducible timing is released, and the paper calls it slower than RoBERTa.	retain_reject	a custom Transformer over token features extracted from four Llama models. The high score is confined to the M-DAIGT news/academic task; no trained state, exact four-Llama deployment recipe, low-FPR result, or reproducible timing is released, and the paper calls it slower than RoBERTa.	Full-text source 2509.00623
2508.18715	2508.18715:random-forest	Random Forest dialogue detector	Random Forest dialogue detector	Tables 1-2 and 5; Random Forest/MLP, all six attribution-budget states, and all three utterance PLM states exceed 0.90 macro F1 on a dialogue dataset/task slice	Tables 1-2 and 5; Random Forest/MLP, all six attribution-budget states, and all three utterance PLM states exceed 0.90 macro F1 on a dialogue dataset/task slice	Named submitted/proposed/fitted configuration with a threshold metric or explicit high-performance result in the cited full-text table scope.	https://arxiv.org/abs/2508.18715	Competitive accuracy and sub-second generation are for explanation-first customer-service dialogue detection, not fixed general-document inference.	reject_scope	named dialogue classifier or EMMM selector-predictor with the stated attribution budget/backbone. Competitive accuracy and sub-second generation are for explanation-first customer-service dialogue detection, not fixed general-document inference.	Full-text source 2508.18715
2508.18715	2508.18715:mlp	MLP dialogue detector	MLP dialogue detector	Tables 1-2 and 5; Random Forest/MLP, all six attribution-budget states, and all three utterance PLM states exceed 0.90 macro F1 on a dialogue dataset/task slice	Tables 1-2 and 5; Random Forest/MLP, all six attribution-budget states, and all three utterance PLM states exceed 0.90 macro F1 on a dialogue dataset/task slice	Named submitted/proposed/fitted configuration with a threshold metric or explicit high-performance result in the cited full-text table scope.	https://arxiv.org/abs/2508.18715	Competitive accuracy and sub-second generation are for explanation-first customer-service dialogue detection, not fixed general-document inference.	reject_scope	named dialogue classifier or EMMM selector-predictor with the stated attribution budget/backbone. Competitive accuracy and sub-second generation are for explanation-first customer-service dialogue detection, not fixed general-document inference.	Full-text source 2508.18715
2508.18715	2508.18715:faithshap-1	EMMM Faith-SHAP 1-act/1-token	EMMM Faith-SHAP 1-act/1-token	Tables 1-2 and 5; Random Forest/MLP, all six attribution-budget states, and all three utterance PLM states exceed 0.90 macro F1 on a dialogue dataset/task slice	Tables 1-2 and 5; Random Forest/MLP, all six attribution-budget states, and all three utterance PLM states exceed 0.90 macro F1 on a dialogue dataset/task slice	Named submitted/proposed/fitted configuration with a threshold metric or explicit high-performance result in the cited full-text table scope.	https://arxiv.org/abs/2508.18715	Competitive accuracy and sub-second generation are for explanation-first customer-service dialogue detection, not fixed general-document inference.	reject_scope	named dialogue classifier or EMMM selector-predictor with the stated attribution budget/backbone. Competitive accuracy and sub-second generation are for explanation-first customer-service dialogue detection, not fixed general-document inference.	Full-text source 2508.18715
2508.18715	2508.18715:faithshap-3	EMMM Faith-SHAP 3-act/3-token	EMMM Faith-SHAP 3-act/3-token	Tables 1-2 and 5; Random Forest/MLP, all six attribution-budget states, and all three utterance PLM states exceed 0.90 macro F1 on a dialogue dataset/task slice	Tables 1-2 and 5; Random Forest/MLP, all six attribution-budget states, and all three utterance PLM states exceed 0.90 macro F1 on a dialogue dataset/task slice	Named submitted/proposed/fitted configuration with a threshold metric or explicit high-performance result in the cited full-text table scope.	https://arxiv.org/abs/2508.18715	Competitive accuracy and sub-second generation are for explanation-first customer-service dialogue detection, not fixed general-document inference.	reject_scope	named dialogue classifier or EMMM selector-predictor with the stated attribution budget/backbone. Competitive accuracy and sub-second generation are for explanation-first customer-service dialogue detection, not fixed general-document inference.	Full-text source 2508.18715
2508.18715	2508.18715:stii-1	EMMM STII 1-act/1-token	EMMM STII 1-act/1-token	Tables 1-2 and 5; Random Forest/MLP, all six attribution-budget states, and all three utterance PLM states exceed 0.90 macro F1 on a dialogue dataset/task slice	Tables 1-2 and 5; Random Forest/MLP, all six attribution-budget states, and all three utterance PLM states exceed 0.90 macro F1 on a dialogue dataset/task slice	Named submitted/proposed/fitted configuration with a threshold metric or explicit high-performance result in the cited full-text table scope.	https://arxiv.org/abs/2508.18715	Competitive accuracy and sub-second generation are for explanation-first customer-service dialogue detection, not fixed general-document inference.	reject_scope	named dialogue classifier or EMMM selector-predictor with the stated attribution budget/backbone. Competitive accuracy and sub-second generation are for explanation-first customer-service dialogue detection, not fixed general-document inference.	Full-text source 2508.18715
2508.18715	2508.18715:stii-3	EMMM STII 3-act/3-token	EMMM STII 3-act/3-token	Tables 1-2 and 5; Random Forest/MLP, all six attribution-budget states, and all three utterance PLM states exceed 0.90 macro F1 on a dialogue dataset/task slice	Tables 1-2 and 5; Random Forest/MLP, all six attribution-budget states, and all three utterance PLM states exceed 0.90 macro F1 on a dialogue dataset/task slice	Named submitted/proposed/fitted configuration with a threshold metric or explicit high-performance result in the cited full-text table scope.	https://arxiv.org/abs/2508.18715	Competitive accuracy and sub-second generation are for explanation-first customer-service dialogue detection, not fixed general-document inference.	reject_scope	named dialogue classifier or EMMM selector-predictor with the stated attribution budget/backbone. Competitive accuracy and sub-second generation are for explanation-first customer-service dialogue detection, not fixed general-document inference.	Full-text source 2508.18715
2508.18715	2508.18715:ig-1	EMMM Integrated Gradients 1-act/1-token	EMMM Integrated Gradients 1-act/1-token	Tables 1-2 and 5; Random Forest/MLP, all six attribution-budget states, and all three utterance PLM states exceed 0.90 macro F1 on a dialogue dataset/task slice	Tables 1-2 and 5; Random Forest/MLP, all six attribution-budget states, and all three utterance PLM states exceed 0.90 macro F1 on a dialogue dataset/task slice	Named submitted/proposed/fitted configuration with a threshold metric or explicit high-performance result in the cited full-text table scope.	https://arxiv.org/abs/2508.18715	Competitive accuracy and sub-second generation are for explanation-first customer-service dialogue detection, not fixed general-document inference.	reject_scope	named dialogue classifier or EMMM selector-predictor with the stated attribution budget/backbone. Competitive accuracy and sub-second generation are for explanation-first customer-service dialogue detection, not fixed general-document inference.	Full-text source 2508.18715
2508.18715	2508.18715:ig-3	EMMM Integrated Gradients 3-act/3-token	EMMM Integrated Gradients 3-act/3-token	Tables 1-2 and 5; Random Forest/MLP, all six attribution-budget states, and all three utterance PLM states exceed 0.90 macro F1 on a dialogue dataset/task slice	Tables 1-2 and 5; Random Forest/MLP, all six attribution-budget states, and all three utterance PLM states exceed 0.90 macro F1 on a dialogue dataset/task slice	Named submitted/proposed/fitted configuration with a threshold metric or explicit high-performance result in the cited full-text table scope.	https://arxiv.org/abs/2508.18715	Competitive accuracy and sub-second generation are for explanation-first customer-service dialogue detection, not fixed general-document inference.	reject_scope	named dialogue classifier or EMMM selector-predictor with the stated attribution budget/backbone. Competitive accuracy and sub-second generation are for explanation-first customer-service dialogue detection, not fixed general-document inference.	Full-text source 2508.18715
2508.18715	2508.18715:distilgpt2	EMMM DistilGPT-2 utterance detector	EMMM DistilGPT-2 utterance detector	Tables 1-2 and 5; Random Forest/MLP, all six attribution-budget states, and all three utterance PLM states exceed 0.90 macro F1 on a dialogue dataset/task slice	Tables 1-2 and 5; Random Forest/MLP, all six attribution-budget states, and all three utterance PLM states exceed 0.90 macro F1 on a dialogue dataset/task slice	Named submitted/proposed/fitted configuration with a threshold metric or explicit high-performance result in the cited full-text table scope.	https://arxiv.org/abs/2508.18715	Competitive accuracy and sub-second generation are for explanation-first customer-service dialogue detection, not fixed general-document inference.	reject_scope	named dialogue classifier or EMMM selector-predictor with the stated attribution budget/backbone. Competitive accuracy and sub-second generation are for explanation-first customer-service dialogue detection, not fixed general-document inference.	Full-text source 2508.18715
2508.18715	2508.18715:distilroberta	EMMM DistilRoBERTa utterance detector	EMMM DistilRoBERTa utterance detector	Tables 1-2 and 5; Random Forest/MLP, all six attribution-budget states, and all three utterance PLM states exceed 0.90 macro F1 on a dialogue dataset/task slice	Tables 1-2 and 5; Random Forest/MLP, all six attribution-budget states, and all three utterance PLM states exceed 0.90 macro F1 on a dialogue dataset/task slice	Named submitted/proposed/fitted configuration with a threshold metric or explicit high-performance result in the cited full-text table scope.	https://arxiv.org/abs/2508.18715	Competitive accuracy and sub-second generation are for explanation-first customer-service dialogue detection, not fixed general-document inference.	reject_scope	named dialogue classifier or EMMM selector-predictor with the stated attribution budget/backbone. Competitive accuracy and sub-second generation are for explanation-first customer-service dialogue detection, not fixed general-document inference.	Full-text source 2508.18715
2508.18715	2508.18715:roberta	EMMM RoBERTa utterance detector	EMMM RoBERTa utterance detector	Tables 1-2 and 5; Random Forest/MLP, all six attribution-budget states, and all three utterance PLM states exceed 0.90 macro F1 on a dialogue dataset/task slice	Tables 1-2 and 5; Random Forest/MLP, all six attribution-budget states, and all three utterance PLM states exceed 0.90 macro F1 on a dialogue dataset/task slice	Named submitted/proposed/fitted configuration with a threshold metric or explicit high-performance result in the cited full-text table scope.	https://arxiv.org/abs/2508.18715	Competitive accuracy and sub-second generation are for explanation-first customer-service dialogue detection, not fixed general-document inference.	reject_scope	named dialogue classifier or EMMM selector-predictor with the stated attribution budget/backbone. Competitive accuracy and sub-second generation are for explanation-first customer-service dialogue detection, not fixed general-document inference.	Full-text source 2508.18715
2508.13768	2508.13768:roberta-base	MGT-Prism RoBERTa-base	MGT-Prism RoBERTa-base	Tables 3, 7, 14; both RoBERTa backbone states exceed 0.90 F1 on a generator/domain cell, with weaker scientific-writing/OOD rows	Tables 3, 7, 14; both RoBERTa backbone states exceed 0.90 F1 on a generator/domain cell, with weaker scientific-writing/OOD rows	Named submitted/proposed/fitted configuration with a threshold metric or explicit high-performance result in the cited full-text table scope.	https://arxiv.org/abs/2508.13768	Supervised spectral-alignment results lack a public frozen state and same-row low-FPR, length, and speed comparison.	retain_reject	supervised multi-scale spectral alignment with the named RoBERTa backbone. Supervised spectral-alignment results lack a public frozen state and same-row low-FPR, length, and speed comparison.	Full-text source 2508.13768
2508.13768	2508.13768:roberta-large	MGT-Prism RoBERTa-large	MGT-Prism RoBERTa-large	Tables 3, 7, 14; both RoBERTa backbone states exceed 0.90 F1 on a generator/domain cell, with weaker scientific-writing/OOD rows	Tables 3, 7, 14; both RoBERTa backbone states exceed 0.90 F1 on a generator/domain cell, with weaker scientific-writing/OOD rows	Named submitted/proposed/fitted configuration with a threshold metric or explicit high-performance result in the cited full-text table scope.	https://arxiv.org/abs/2508.13768	Supervised spectral-alignment results lack a public frozen state and same-row low-FPR, length, and speed comparison.	retain_reject	supervised multi-scale spectral alignment with the named RoBERTa backbone. Supervised spectral-alignment results lack a public frozen state and same-row low-FPR, length, and speed comparison.	Full-text source 2508.13768
2508.11933	2508.11933:raidar	RAIDAR direct baseline	RAIDAR direct baseline	Table I reports the RAIDAR baseline at 90.11% F1 and 90.46% accuracy on Code, while its four other domain F1 values are 63.18%-82.56%.	Table I reports the RAIDAR baseline at 90.11% F1 and 90.46% accuracy on Code, while its four other domain F1 values are 63.18%-82.56%.	Named submitted/proposed/fitted configuration with a threshold metric or explicit high-performance result in the cited full-text table scope.	https://arxiv.org/abs/2508.11933	Inference derives features from multiple rewrites of the target text, violating the no-rewriting boundary.	exclude_rewriting	RAIDAR reasoning features derived from multiple target-text rewrites. Inference derives features from multiple rewrites of the target text, violating the no-rewriting boundary.	Full-text source 2508.11933
2508.11933	2508.11933:gpt4o-direct	GPT-4o direct baseline	GPT-4o direct baseline	Table I reports direct GPT-4o prompting at 93.05% F1 and 93.21% accuracy on Code, while its four other domain F1 values are 70.53%-86.81%.	Table I reports direct GPT-4o prompting at 93.05% F1 and 93.21% accuracy on Code, while its four other domain F1 values are 70.53%-86.81%.	Named submitted/proposed/fitted configuration with a threshold metric or explicit high-performance result in the cited full-text table scope.	https://arxiv.org/abs/2508.11933	This is a closed hosted GPT-4o configuration with no reproducible public state, low-FPR calibration, or two-A6000 deployment basis; only the Code-domain result crosses 0.90 F1.	commercial_closed	direct binary prompting of the hosted GPT-4o model. This is a closed hosted GPT-4o configuration with no reproducible public state, low-FPR calibration, or two-A6000 deployment basis; only the Code-domain result crosses 0.90 F1.	Full-text source 2508.11933
2508.11933	2508.11933:gpt-cot	GPT+CoT baseline	GPT+CoT baseline	Table I reports GPT+CoT at 93.64% F1 and 93.88% accuracy on Code, while its four other domain F1 values are 71.89%-87.44%.	Table I reports GPT+CoT at 93.64% F1 and 93.88% accuracy on Code, while its four other domain F1 values are 71.89%-87.44%.	Named submitted/proposed/fitted configuration with a threshold metric or explicit high-performance result in the cited full-text table scope.	https://arxiv.org/abs/2508.11933	This is a closed hosted GPT-4o configuration with no reproducible public state, low-FPR calibration, or two-A6000 deployment basis; only the Code-domain result crosses 0.90 F1.	commercial_closed	chain-of-thought binary prompting of the hosted GPT-4o model. This is a closed hosted GPT-4o configuration with no reproducible public state, low-FPR calibration, or two-A6000 deployment basis; only the Code-domain result crosses 0.90 F1.	Full-text source 2508.11933
2508.11933	2508.11933:gpt-react	GPT+ReAct baseline	GPT+ReAct baseline	Table I reports GPT+ReAct at 94.27% F1 and 94.51% accuracy on Code, while its four other domain F1 values are 72.52%-88.07%.	Table I reports GPT+ReAct at 94.27% F1 and 94.51% accuracy on Code, while its four other domain F1 values are 72.52%-88.07%.	Named submitted/proposed/fitted configuration with a threshold metric or explicit high-performance result in the cited full-text table scope.	https://arxiv.org/abs/2508.11933	This is a closed hosted GPT-4o configuration with no reproducible public state, low-FPR calibration, or two-A6000 deployment basis; only the Code-domain result crosses 0.90 F1.	commercial_closed	a ReAct-inspired multi-agent GPT-4o inference setup. This is a closed hosted GPT-4o configuration with no reproducible public state, low-FPR calibration, or two-A6000 deployment basis; only the Code-domain result crosses 0.90 F1.	Full-text source 2508.11933
2508.11933	2508.11933:gpt35	CAMF GPT-3.5-Turbo agents	CAMF GPT-3.5-Turbo agents	Figure 4 reports the CAMF GPT-3.5-Turbo backbone at 95.18% F1 on Code; the figure provides no low-FPR result or uncertainty interval.	Figure 4 reports the CAMF GPT-3.5-Turbo backbone at 95.18% F1 on Code; the figure provides no low-FPR result or uncertainty interval.	Named submitted/proposed/fitted configuration with a threshold metric or explicit high-performance result in the cited full-text table scope.	https://arxiv.org/abs/2508.11933	The SOTA claim comes from a multi-LLM-agent inference pipeline with no public fixed state or plausible near-Binoculars timing basis.	retain_reject	multi-agent LLM collaboration, routing, and confidence aggregation with the named backbone. The SOTA claim comes from a multi-LLM-agent inference pipeline with no public fixed state or plausible near-Binoculars timing basis.	Full-text source 2508.11933
2508.11933	2508.11933:gpt4o	CAMF GPT-4o agents	CAMF GPT-4o agents	Figure 4 reports the CAMF GPT-4o backbone at 98.49% F1 on Code; the figure provides no low-FPR result or uncertainty interval.	Figure 4 reports the CAMF GPT-4o backbone at 98.49% F1 on Code; the figure provides no low-FPR result or uncertainty interval.	Named submitted/proposed/fitted configuration with a threshold metric or explicit high-performance result in the cited full-text table scope.	https://arxiv.org/abs/2508.11933	The SOTA claim comes from a multi-LLM-agent inference pipeline with no public fixed state or plausible near-Binoculars timing basis.	retain_reject	multi-agent LLM collaboration, routing, and confidence aggregation with the named backbone. The SOTA claim comes from a multi-LLM-agent inference pipeline with no public fixed state or plausible near-Binoculars timing basis.	Full-text source 2508.11933
2508.11933	2508.11933:llama3-70b	CAMF Llama-3-70B agents	CAMF Llama-3-70B agents	Figure 4 reports the CAMF Llama3-70B backbone at 96.64% F1 on Code; the figure provides no low-FPR result or uncertainty interval.	Figure 4 reports the CAMF Llama3-70B backbone at 96.64% F1 on Code; the figure provides no low-FPR result or uncertainty interval.	Named submitted/proposed/fitted configuration with a threshold metric or explicit high-performance result in the cited full-text table scope.	https://arxiv.org/abs/2508.11933	The SOTA claim comes from a multi-LLM-agent inference pipeline with no public fixed state or plausible near-Binoculars timing basis.	retain_reject	multi-agent LLM collaboration, routing, and confidence aggregation with the named backbone. The SOTA claim comes from a multi-LLM-agent inference pipeline with no public fixed state or plausible near-Binoculars timing basis.	Full-text source 2508.11933
2508.11933	2508.11933:gpt4o-mini	CAMF GPT-4o-mini agents	CAMF GPT-4o-mini agents	Figure 4 reports the CAMF GPT-4o-mini backbone at 96.89% F1 on Code; the figure provides no low-FPR result or uncertainty interval.	Figure 4 reports the CAMF GPT-4o-mini backbone at 96.89% F1 on Code; the figure provides no low-FPR result or uncertainty interval.	Named submitted/proposed/fitted configuration with a threshold metric or explicit high-performance result in the cited full-text table scope.	https://arxiv.org/abs/2508.11933	This CAMF state requires repeated calls to a closed hosted backbone in a multi-agent pipeline; no public frozen state, low-FPR result, or two-A6000 deployment exists, and the paper's default CAMF timing is 22.5 seconds per sample.	commercial_closed	CAMF's multi-stage, multi-agent adversarial-probing and judgment pipeline using GPT-4o-mini. This CAMF state requires repeated calls to a closed hosted backbone in a multi-agent pipeline; no public frozen state, low-FPR result, or two-A6000 deployment exists, and the paper's default CAMF timing is 22.5 seconds per sample.	Full-text source 2508.11933
2508.11933	2508.11933:gemini15-pro	CAMF Gemini-1.5 Pro agents	CAMF Gemini-1.5 Pro agents	Figure 4 reports the CAMF Gemini-1.5 Pro backbone at 96.45% F1 on Code; the figure provides no low-FPR result or uncertainty interval.	Figure 4 reports the CAMF Gemini-1.5 Pro backbone at 96.45% F1 on Code; the figure provides no low-FPR result or uncertainty interval.	Named submitted/proposed/fitted configuration with a threshold metric or explicit high-performance result in the cited full-text table scope.	https://arxiv.org/abs/2508.11933	This CAMF state requires repeated calls to a closed hosted backbone in a multi-agent pipeline; no public frozen state, low-FPR result, or two-A6000 deployment exists, and the paper's default CAMF timing is 22.5 seconds per sample.	commercial_closed	CAMF's multi-stage, multi-agent adversarial-probing and judgment pipeline using Gemini-1.5 Pro. This CAMF state requires repeated calls to a closed hosted backbone in a multi-agent pipeline; no public frozen state, low-FPR result, or two-A6000 deployment exists, and the paper's default CAMF timing is 22.5 seconds per sample.	Full-text source 2508.11933
2508.11933	2508.11933:deepseek-v3	CAMF DeepSeek-V3 agents	CAMF DeepSeek-V3 agents	Figure 4 reports the CAMF DeepSeek-V3 backbone at 95.60% F1 on Code; the figure provides no low-FPR result or uncertainty interval.	Figure 4 reports the CAMF DeepSeek-V3 backbone at 95.60% F1 on Code; the figure provides no low-FPR result or uncertainty interval.	Named submitted/proposed/fitted configuration with a threshold metric or explicit high-performance result in the cited full-text table scope.	https://arxiv.org/abs/2508.11933	The figure's high Code-domain value has no released CAMF implementation or exact fitted state, low-FPR result, fixed two-A6000 timing, or plausible near-Binoculars multi-agent deployment basis.	retain_reject	CAMF's multi-stage, multi-agent adversarial-probing and judgment pipeline using DeepSeek-V3. The figure's high Code-domain value has no released CAMF implementation or exact fitted state, low-FPR result, fixed two-A6000 timing, or plausible near-Binoculars multi-agent deployment basis.	Full-text source 2508.11933
2508.11343	2508.11343:specdetect	SpecDetect	SpecDetect	Table 1 and appendix result/variant tables; SpecDetect, SpecDetect++, and ten named comparison detectors each cross 0.90 on a dataset/model cell, with incomplete artifact reproduction	Table 1 and appendix result/variant tables; SpecDetect, SpecDetect++, and ten named comparison detectors each cross 0.90 on a dataset/model cell, with incomplete artifact reproduction	Named submitted/proposed/fitted configuration with a threshold metric or explicit high-performance result in the cited full-text table scope.	https://arxiv.org/abs/2508.11343	The formula is fast, but the public artifact is incomplete and published accuracy does not establish Binoculars parity under DW1.	retain_reject	spectral likelihood statistic, with the enhanced normalization/features in SpecDetect++. The formula is fast, but the public artifact is incomplete and published accuracy does not establish Binoculars parity under DW1.	Full-text source 2508.11343
2508.11343	2508.11343:specdetect-plus	SpecDetect++	SpecDetect++	Table 1 and appendix result/variant tables; SpecDetect, SpecDetect++, and ten named comparison detectors each cross 0.90 on a dataset/model cell, with incomplete artifact reproduction	Table 1 and appendix result/variant tables; SpecDetect, SpecDetect++, and ten named comparison detectors each cross 0.90 on a dataset/model cell, with incomplete artifact reproduction	Named submitted/proposed/fitted configuration with a threshold metric or explicit high-performance result in the cited full-text table scope.	https://arxiv.org/abs/2508.11343	The formula is fast, but the public artifact is incomplete and published accuracy does not establish Binoculars parity under DW1.	retain_reject	spectral likelihood statistic, with the enhanced normalization/features in SpecDetect++. The formula is fast, but the public artifact is incomplete and published accuracy does not establish Binoculars parity under DW1.	Full-text source 2508.11343
2508.11343	2508.11343:likelihood	Likelihood comparator	Likelihood comparator	Table 1 and appendix result/variant tables; SpecDetect, SpecDetect++, and ten named comparison detectors each cross 0.90 on a dataset/model cell, with incomplete artifact reproduction	Table 1 and appendix result/variant tables; SpecDetect, SpecDetect++, and ten named comparison detectors each cross 0.90 on a dataset/model cell, with incomplete artifact reproduction	Named submitted/proposed/fitted configuration with a threshold metric or explicit high-performance result in the cited full-text table scope.	https://arxiv.org/abs/2508.11343	This named Table 1 comparator has a qualifying dataset/model slice, but the SpecDetect paper supplies no new frozen comparator state or matched low-FPR, cross-distribution, and two-A6000 timing evidence.	retain_reject	mean token likelihood under the scoring language model. This named Table 1 comparator has a qualifying dataset/model slice, but the SpecDetect paper supplies no new frozen comparator state or matched low-FPR, cross-distribution, and two-A6000 timing evidence.	Full-text source 2508.11343
2508.11343	2508.11343:logrank	LogRank comparator	LogRank comparator	Table 1 and appendix result/variant tables; SpecDetect, SpecDetect++, and ten named comparison detectors each cross 0.90 on a dataset/model cell, with incomplete artifact reproduction	Table 1 and appendix result/variant tables; SpecDetect, SpecDetect++, and ten named comparison detectors each cross 0.90 on a dataset/model cell, with incomplete artifact reproduction	Named submitted/proposed/fitted configuration with a threshold metric or explicit high-performance result in the cited full-text table scope.	https://arxiv.org/abs/2508.11343	This named Table 1 comparator has a qualifying dataset/model slice, but the SpecDetect paper supplies no new frozen comparator state or matched low-FPR, cross-distribution, and two-A6000 timing evidence.	retain_reject	mean token log-rank under the scoring language model. This named Table 1 comparator has a qualifying dataset/model slice, but the SpecDetect paper supplies no new frozen comparator state or matched low-FPR, cross-distribution, and two-A6000 timing evidence.	Full-text source 2508.11343
2508.11343	2508.11343:entropy	Entropy comparator	Entropy comparator	Table 1 and appendix result/variant tables; SpecDetect, SpecDetect++, and ten named comparison detectors each cross 0.90 on a dataset/model cell, with incomplete artifact reproduction	Table 1 and appendix result/variant tables; SpecDetect, SpecDetect++, and ten named comparison detectors each cross 0.90 on a dataset/model cell, with incomplete artifact reproduction	Named submitted/proposed/fitted configuration with a threshold metric or explicit high-performance result in the cited full-text table scope.	https://arxiv.org/abs/2508.11343	This named Table 1 comparator has a qualifying dataset/model slice, but the SpecDetect paper supplies no new frozen comparator state or matched low-FPR, cross-distribution, and two-A6000 timing evidence.	retain_reject	mean token entropy under the scoring language model. This named Table 1 comparator has a qualifying dataset/model slice, but the SpecDetect paper supplies no new frozen comparator state or matched low-FPR, cross-distribution, and two-A6000 timing evidence.	Full-text source 2508.11343
2508.11343	2508.11343:detectlrr	DetectLRR comparator	DetectLRR comparator	Table 1 and appendix result/variant tables; SpecDetect, SpecDetect++, and ten named comparison detectors each cross 0.90 on a dataset/model cell, with incomplete artifact reproduction	Table 1 and appendix result/variant tables; SpecDetect, SpecDetect++, and ten named comparison detectors each cross 0.90 on a dataset/model cell, with incomplete artifact reproduction	Named submitted/proposed/fitted configuration with a threshold metric or explicit high-performance result in the cited full-text table scope.	https://arxiv.org/abs/2508.11343	This named Table 1 comparator has a qualifying dataset/model slice, but the SpecDetect paper supplies no new frozen comparator state or matched low-FPR, cross-distribution, and two-A6000 timing evidence.	retain_reject	the DetectLLM likelihood-to-log-rank-ratio statistic. This named Table 1 comparator has a qualifying dataset/model slice, but the SpecDetect paper supplies no new frozen comparator state or matched low-FPR, cross-distribution, and two-A6000 timing evidence.	Full-text source 2508.11343
2508.11343	2508.11343:lastde	Lastde comparator	Lastde comparator	Table 1 and appendix result/variant tables; SpecDetect, SpecDetect++, and ten named comparison detectors each cross 0.90 on a dataset/model cell, with incomplete artifact reproduction	Table 1 and appendix result/variant tables; SpecDetect, SpecDetect++, and ten named comparison detectors each cross 0.90 on a dataset/model cell, with incomplete artifact reproduction	Named submitted/proposed/fitted configuration with a threshold metric or explicit high-performance result in the cited full-text table scope.	https://arxiv.org/abs/2508.11343	This named Table 1 comparator has a qualifying dataset/model slice, but the SpecDetect paper supplies no new frozen comparator state or matched low-FPR, cross-distribution, and two-A6000 timing evidence.	retain_reject	the Lastde local-subsequence statistic over token-probability series. This named Table 1 comparator has a qualifying dataset/model slice, but the SpecDetect paper supplies no new frozen comparator state or matched low-FPR, cross-distribution, and two-A6000 timing evidence.	Full-text source 2508.11343
2508.11343	2508.11343:detectgpt	DetectGPT comparator	DetectGPT comparator	Table 1 and appendix result/variant tables; SpecDetect, SpecDetect++, and ten named comparison detectors each cross 0.90 on a dataset/model cell, with incomplete artifact reproduction	Table 1 and appendix result/variant tables; SpecDetect, SpecDetect++, and ten named comparison detectors each cross 0.90 on a dataset/model cell, with incomplete artifact reproduction	Named submitted/proposed/fitted configuration with a threshold metric or explicit high-performance result in the cited full-text table scope.	https://arxiv.org/abs/2508.11343	This named Table 1 comparator has a qualifying dataset/model slice, but the SpecDetect paper supplies no new frozen comparator state or matched low-FPR, cross-distribution, and two-A6000 timing evidence.	exclude_multi_perturbation	DetectGPT scoring over multiple masked-and-filled perturbations of the target text. This named Table 1 comparator has a qualifying dataset/model slice, but the SpecDetect paper supplies no new frozen comparator state or matched low-FPR, cross-distribution, and two-A6000 timing evidence.	Full-text source 2508.11343
2508.11343	2508.11343:detectnpr	DetectNPR comparator	DetectNPR comparator	Table 1 and appendix result/variant tables; SpecDetect, SpecDetect++, and ten named comparison detectors each cross 0.90 on a dataset/model cell, with incomplete artifact reproduction	Table 1 and appendix result/variant tables; SpecDetect, SpecDetect++, and ten named comparison detectors each cross 0.90 on a dataset/model cell, with incomplete artifact reproduction	Named submitted/proposed/fitted configuration with a threshold metric or explicit high-performance result in the cited full-text table scope.	https://arxiv.org/abs/2508.11343	This named Table 1 comparator has a qualifying dataset/model slice, but the SpecDetect paper supplies no new frozen comparator state or matched low-FPR, cross-distribution, and two-A6000 timing evidence.	retain_reject	DetectLLM normalized perturbed log-rank over multiple target-text perturbations. This named Table 1 comparator has a qualifying dataset/model slice, but the SpecDetect paper supplies no new frozen comparator state or matched low-FPR, cross-distribution, and two-A6000 timing evidence.	Full-text source 2508.11343
2508.11343	2508.11343:dnagpt	DNA-GPT comparator	DNA-GPT comparator	Table 1 and appendix result/variant tables; SpecDetect, SpecDetect++, and ten named comparison detectors each cross 0.90 on a dataset/model cell, with incomplete artifact reproduction	Table 1 and appendix result/variant tables; SpecDetect, SpecDetect++, and ten named comparison detectors each cross 0.90 on a dataset/model cell, with incomplete artifact reproduction	Named submitted/proposed/fitted configuration with a threshold metric or explicit high-performance result in the cited full-text table scope.	https://arxiv.org/abs/2508.11343	This named Table 1 comparator has a qualifying dataset/model slice, but the SpecDetect paper supplies no new frozen comparator state or matched low-FPR, cross-distribution, and two-A6000 timing evidence.	exclude_regeneration	DNA-GPT scoring over generated continuations. This named Table 1 comparator has a qualifying dataset/model slice, but the SpecDetect paper supplies no new frozen comparator state or matched low-FPR, cross-distribution, and two-A6000 timing evidence.	Full-text source 2508.11343
2508.11343	2508.11343:fastdetectgpt	Fast-DetectGPT comparator	Fast-DetectGPT comparator	Table 1 and appendix result/variant tables; SpecDetect, SpecDetect++, and ten named comparison detectors each cross 0.90 on a dataset/model cell, with incomplete artifact reproduction	Table 1 and appendix result/variant tables; SpecDetect, SpecDetect++, and ten named comparison detectors each cross 0.90 on a dataset/model cell, with incomplete artifact reproduction	Named submitted/proposed/fitted configuration with a threshold metric or explicit high-performance result in the cited full-text table scope.	https://arxiv.org/abs/2508.11343	This named Table 1 comparator has a qualifying dataset/model slice, but the SpecDetect paper supplies no new frozen comparator state or matched low-FPR, cross-distribution, and two-A6000 timing evidence.	retain_reject	the FastDetectGPT conditional-probability-curvature statistic. This named Table 1 comparator has a qualifying dataset/model slice, but the SpecDetect paper supplies no new frozen comparator state or matched low-FPR, cross-distribution, and two-A6000 timing evidence.	Full-text source 2508.11343
2508.11343	2508.11343:lastde-plus	Lastde++ comparator	Lastde++ comparator	Table 1 and appendix result/variant tables; SpecDetect, SpecDetect++, and ten named comparison detectors each cross 0.90 on a dataset/model cell, with incomplete artifact reproduction	Table 1 and appendix result/variant tables; SpecDetect, SpecDetect++, and ten named comparison detectors each cross 0.90 on a dataset/model cell, with incomplete artifact reproduction	Named submitted/proposed/fitted configuration with a threshold metric or explicit high-performance result in the cited full-text table scope.	https://arxiv.org/abs/2508.11343	This named Table 1 comparator has a qualifying dataset/model slice, but the SpecDetect paper supplies no new frozen comparator state or matched low-FPR, cross-distribution, and two-A6000 timing evidence.	retain_reject	the Lastde++ local-subsequence statistic over token-probability series. This named Table 1 comparator has a qualifying dataset/model slice, but the SpecDetect paper supplies no new frozen comparator state or matched low-FPR, cross-distribution, and two-A6000 timing evidence.	Full-text source 2508.11343
2508.06913	2508.06913:sdc	SentiDetect-SDC	SentiDetect-SDC	Tables 1-3; SDC and SDP each exceed 0.90 F1 on a domain/generator cell, while averages are about 0.70-0.85 and attacks degrade them	Tables 1-3; SDC and SDP each exceed 0.90 F1 on a domain/generator cell, while averages are about 0.70-0.85 and attacks degrade them	Named submitted/proposed/fitted configuration with a threshold metric or explicit high-performance result in the cited full-text table scope.	https://arxiv.org/abs/2508.06913	The F1 gains depend on sentiment-altering and semantic-preserving target transformations, violating the strict multi-perturbation screen.	exclude_multi_perturbation	sentiment-distribution statistic over multiple sentiment-altering/semantic-preserving target rewrites. The F1 gains depend on sentiment-altering and semantic-preserving target transformations, violating the strict multi-perturbation screen.	Full-text source 2508.06913
2508.06913	2508.06913:sdp	SentiDetect-SDP	SentiDetect-SDP	Tables 1-3; SDC and SDP each exceed 0.90 F1 on a domain/generator cell, while averages are about 0.70-0.85 and attacks degrade them	Tables 1-3; SDC and SDP each exceed 0.90 F1 on a domain/generator cell, while averages are about 0.70-0.85 and attacks degrade them	Named submitted/proposed/fitted configuration with a threshold metric or explicit high-performance result in the cited full-text table scope.	https://arxiv.org/abs/2508.06913	The F1 gains depend on sentiment-altering and semantic-preserving target transformations, violating the strict multi-perturbation screen.	exclude_multi_perturbation	sentiment-distribution statistic over multiple sentiment-altering/semantic-preserving target rewrites. The F1 gains depend on sentiment-altering and semantic-preserving target transformations, violating the strict multi-perturbation screen.	Full-text source 2508.06913
2508.01754	2508.01754:radar	RADAR	RADAR	main comparison; RADAR reaches 0.912 on Books and TDT reaches 0.900-0.919 on a level-3 nonstationarity slice	main comparison; RADAR reaches 0.912 on Books and TDT reaches 0.900-0.919 on a level-3 nonstationarity slice	Named submitted/proposed/fitted configuration with a threshold metric or explicit high-performance result in the cited full-text table scope.	https://arxiv.org/abs/2508.01754	Best-performance language lacks a released qualifying state and matched low-FPR and A6000 comparison.	retain_reject	named baseline or temporal-tomography statistic over ordered text windows. Best-performance language lacks a released qualifying state and matched low-FPR and A6000 comparison.	Full-text source 2508.01754
2508.01754	2508.01754:tdt	Temporal Tomography Detector	Temporal Tomography Detector	main comparison; RADAR reaches 0.912 on Books and TDT reaches 0.900-0.919 on a level-3 nonstationarity slice	main comparison; RADAR reaches 0.912 on Books and TDT reaches 0.900-0.919 on a level-3 nonstationarity slice	Named submitted/proposed/fitted configuration with a threshold metric or explicit high-performance result in the cited full-text table scope.	https://arxiv.org/abs/2508.01754	Best-performance language lacks a released qualifying state and matched low-FPR and A6000 comparison.	retain_reject	named baseline or temporal-tomography statistic over ordered text windows. Best-performance language lacks a released qualifying state and matched low-FPR and A6000 comparison.	Full-text source 2508.01754
2507.23577	2507.23577:tdetect	T-Detect	T-Detect	Tables 1-2; standalone T-Detect has Books AUROC 0.926 and CT(T-Detect) has named high domain cells despite 0.876/0.881 aggregates	Tables 1-2; standalone T-Detect has Books AUROC 0.926 and CT(T-Detect) has named high domain cells despite 0.876/0.881 aggregates	Named submitted/proposed/fitted configuration with a threshold metric or explicit high-performance result in the cited full-text table scope.	https://arxiv.org/abs/2507.23577	Tail normalization targets attacks but has no released fixed state or complete like-for-like Binoculars and A6000 result.	retain_reject	heavy-tailed score normalization, optionally combined in the two-dimensional CT framework. Tail normalization targets attacks but has no released fixed state or complete like-for-like Binoculars and A6000 result.	Full-text source 2507.23577
2507.23577	2507.23577:ct-tdetect	CT(T-Detect)	CT(T-Detect)	Tables 1-2; standalone T-Detect has Books AUROC 0.926 and CT(T-Detect) has named high domain cells despite 0.876/0.881 aggregates	Tables 1-2; standalone T-Detect has Books AUROC 0.926 and CT(T-Detect) has named high domain cells despite 0.876/0.881 aggregates	Named submitted/proposed/fitted configuration with a threshold metric or explicit high-performance result in the cited full-text table scope.	https://arxiv.org/abs/2507.23577	Tail normalization targets attacks but has no released fixed state or complete like-for-like Binoculars and A6000 result.	retain_reject	heavy-tailed score normalization, optionally combined in the two-dimensional CT framework. Tail normalization targets attacks but has no released fixed state or complete like-for-like Binoculars and A6000 result.	Full-text source 2507.23577
2507.05157	2507.05157:gpt4o-mini	Defactify GPT-4o-mini fine-tune	Defactify GPT-4o-mini fine-tune	Tables 4 and 6: GPT-4o-mini Task-A macro F1 is 0.97 on validation and 0.9547 on the unseen test; about 200 test calls were content-filtered.	Tables 4 and 6: GPT-4o-mini Task-A macro F1 is 0.97 on validation and 0.9547 on the unseen test; about 200 test calls were content-filtered.	Named submitted/proposed/fitted configuration with a threshold metric or explicit high-performance result in the cited full-text table scope.	https://arxiv.org/abs/2507.05157	This is a closed hosted fine-tune with content-filtered test failures, no released state, no low-FPR result, and no fixed two-A6000 or near-Binoculars deployment basis.	commercial_closed	instruction fine-tuning of hosted GPT-4o-mini version 2024-08-01-preview. This is a closed hosted fine-tune with content-filtered test failures, no released state, no low-FPR result, and no fixed two-A6000 or near-Binoculars deployment basis.	Full-text source 2507.05157
2507.05157	2507.05157:bert	Defactify BERT fine-tune	Defactify BERT fine-tune	Tables 4-6: BERT validation F1 is 1.00 on Task A and about 0.98 macro on Task B, but unseen-test F1 falls to 0.7670 and 0.4698.	Tables 4-6: BERT validation F1 is 1.00 on Task A and about 0.98 macro on Task B, but unseen-test F1 falls to 0.7670 and 0.4698.	Named submitted/proposed/fitted configuration with a threshold metric or explicit high-performance result in the cited full-text table scope.	https://arxiv.org/abs/2507.05157	The perfect validation score collapses on the official unseen test; no trained state, low-FPR result, or fixed A6000 timing is released.	retain_reject	direct supervised BERT fine-tuning with a 512-token maximum. The perfect validation score collapses on the official unseen test; no trained state, low-FPR result, or fixed A6000 timing is released.	Full-text source 2507.05157
2507.05157	2507.05157:llama3-8b	Defactify Llama-3-8B fine-tune	Defactify Llama-3-8B fine-tune	Tables 4-6: Llama-3-8B validation macro F1 is 0.89 on Task A and 0.93 on Task B, while unseen-test Task-B F1 is 0.14.	Tables 4-6: Llama-3-8B validation macro F1 is 0.89 on Task A and 0.93 on Task B, while unseen-test Task-B F1 is 0.14.	Named submitted/proposed/fitted configuration with a threshold metric or explicit high-performance result in the cited full-text table scope.	https://arxiv.org/abs/2507.05157	The high validation Task-B score collapses to 0.14 on the official unseen test; no trained state, low-FPR result, or fixed A6000 timing is released.	retain_reject	four-bit low-rank fine-tuning of Llama-3-8B with an 8,000-token configured sequence length. The high validation Task-B score collapses to 0.14 on the official unseen test; no trained state, low-FPR result, or fixed A6000 timing is released.	Full-text source 2507.05157
2506.15683	2506.15683:full	PhantomHunter	PhantomHunter	Tables 3 and 5; every full/ablation or named experimental comparison row has a class F1 >0.90 somewhere; full PhantomHunter macro F1 is 0.9624-0.9714, comparison and ablation balance is weaker, and HasteWire is a closed service	Tables 3 and 5; every full/ablation or named experimental comparison row has a class F1 >0.90 somewhere; full PhantomHunter macro F1 is 0.9624-0.9714, comparison and ablation balance is weaker, and HasteWire is a closed service	Named submitted/proposed/fitted configuration with a threshold metric or explicit high-performance result in the cited full-text table scope.	https://arxiv.org/abs/2506.15683	Several probability extractors, no released detector state, and incomplete speed evidence prevent promotion.	retain_reject	family-aware probability features, contrastive learning, and mixture-of-experts with the named component removed. Several probability extractors, no released detector state, and incomplete speed evidence prevent promotion.	Full-text source 2506.15683
2506.15683	2506.15683:without-bfe	PhantomHunter without BFE	PhantomHunter without BFE	Tables 3 and 5; every full/ablation or named experimental comparison row has a class F1 >0.90 somewhere; full PhantomHunter macro F1 is 0.9624-0.9714, comparison and ablation balance is weaker, and HasteWire is a closed service	Tables 3 and 5; every full/ablation or named experimental comparison row has a class F1 >0.90 somewhere; full PhantomHunter macro F1 is 0.9624-0.9714, comparison and ablation balance is weaker, and HasteWire is a closed service	Named submitted/proposed/fitted configuration with a threshold metric or explicit high-performance result in the cited full-text table scope.	https://arxiv.org/abs/2506.15683	Several probability extractors, no released detector state, and incomplete speed evidence prevent promotion.	retain_reject	family-aware probability features, contrastive learning, and mixture-of-experts with the named component removed. Several probability extractors, no released detector state, and incomplete speed evidence prevent promotion.	Full-text source 2506.15683
2506.15683	2506.15683:without-cl	PhantomHunter without contrastive learning	PhantomHunter without contrastive learning	Tables 3 and 5; every full/ablation or named experimental comparison row has a class F1 >0.90 somewhere; full PhantomHunter macro F1 is 0.9624-0.9714, comparison and ablation balance is weaker, and HasteWire is a closed service	Tables 3 and 5; every full/ablation or named experimental comparison row has a class F1 >0.90 somewhere; full PhantomHunter macro F1 is 0.9624-0.9714, comparison and ablation balance is weaker, and HasteWire is a closed service	Named submitted/proposed/fitted configuration with a threshold metric or explicit high-performance result in the cited full-text table scope.	https://arxiv.org/abs/2506.15683	Several probability extractors, no released detector state, and incomplete speed evidence prevent promotion.	retain_reject	family-aware probability features, contrastive learning, and mixture-of-experts with the named component removed. Several probability extractors, no released detector state, and incomplete speed evidence prevent promotion.	Full-text source 2506.15683
2506.15683	2506.15683:without-moe	PhantomHunter without mixture-of-experts	PhantomHunter without mixture-of-experts	Tables 3 and 5; every full/ablation or named experimental comparison row has a class F1 >0.90 somewhere; full PhantomHunter macro F1 is 0.9624-0.9714, comparison and ablation balance is weaker, and HasteWire is a closed service	Tables 3 and 5; every full/ablation or named experimental comparison row has a class F1 >0.90 somewhere; full PhantomHunter macro F1 is 0.9624-0.9714, comparison and ablation balance is weaker, and HasteWire is a closed service	Named submitted/proposed/fitted configuration with a threshold metric or explicit high-performance result in the cited full-text table scope.	https://arxiv.org/abs/2506.15683	Several probability extractors, no released detector state, and incomplete speed evidence prevent promotion.	retain_reject	family-aware probability features, contrastive learning, and mixture-of-experts with the named component removed. Several probability extractors, no released detector state, and incomplete speed evidence prevent promotion.	Full-text source 2506.15683
2506.15683	2506.15683:roberta-baseline	RoBERTa comparison state	RoBERTa comparison state	Table 3 reports RoBERTa machine-class F1 of 98.47%-97.67% on arXiv but macro F1 of only 79.67%-82.83; Q&A balance is also below 0.90 macro F1.	Table 3 reports RoBERTa machine-class F1 of 98.47%-97.67% on arXiv but macro F1 of only 79.67%-82.83; Q&A balance is also below 0.90 macro F1.	Named submitted/proposed/fitted configuration with a threshold metric or explicit high-performance result in the cited full-text table scope.	https://arxiv.org/abs/2506.15683	A high machine-class F1 beside weak human-class balance does not establish deployable high accuracy; no exact fitted state, low-FPR calibration, or fixed A6000 timing is released.	retain_reject	the paper's directly supervised RoBERTa black-box comparison classifier. A high machine-class F1 beside weak human-class balance does not establish deployable high accuracy; no exact fitted state, low-FPR calibration, or fixed A6000 timing is released.	Full-text source 2506.15683
2506.15683	2506.15683:t5-sentinel-baseline	T5-Sentinel comparison state	T5-Sentinel comparison state	Table 3 reports T5-Sentinel machine-class F1 of 98.95%-99.19% on arXiv while every macro F1 remains below 0.90.	Table 3 reports T5-Sentinel machine-class F1 of 98.95%-99.19% on arXiv while every macro F1 remains below 0.90.	Named submitted/proposed/fitted configuration with a threshold metric or explicit high-performance result in the cited full-text table scope.	https://arxiv.org/abs/2506.15683	A high machine-class F1 beside sub-0.90 macro F1 does not establish deployable high accuracy; no exact fitted state or matched low-FPR/timing evidence is released.	retain_reject	the paper's supervised T5-Sentinel text-to-text comparison classifier. A high machine-class F1 beside sub-0.90 macro F1 does not establish deployable high accuracy; no exact fitted state or matched low-FPR/timing evidence is released.	Full-text source 2506.15683
2506.15683	2506.15683:detective-baseline	DeTeCtive comparison state	DeTeCtive comparison state	Table 3 reports DeTeCtive machine-class F1 up to 99.39% and macro F1 up to 94.19; the implementation selects K from validation examples with a KNN retrieval rule.	Table 3 reports DeTeCtive machine-class F1 up to 99.39% and macro F1 up to 94.19; the implementation selects K from validation examples with a KNN retrieval rule.	Named submitted/proposed/fitted configuration with a threshold metric or explicit high-performance result in the cited full-text table scope.	https://arxiv.org/abs/2506.15683	This experiment retrieves validation examples at inference and therefore violates the no-retrieval boundary; the paper also releases no exact comparator state or matched timing.	exclude_retrieval	the paper's DeTeCtive contrastive encoder followed by validation-set KNN retrieval. This experiment retrieves validation examples at inference and therefore violates the no-retrieval boundary; the paper also releases no exact comparator state or matched timing.	Full-text source 2506.15683
2506.15683	2506.15683:seqxgpt-baseline	SeqXGPT comparison state	SeqXGPT comparison state	Table 3 reports SeqXGPT machine-class F1 up to 99.46% and macro F1 up to 93.47, using three white-box proxy probability streams.	Table 3 reports SeqXGPT machine-class F1 up to 99.46% and macro F1 up to 93.47, using three white-box proxy probability streams.	Named submitted/proposed/fitted configuration with a threshold metric or explicit high-performance result in the cited full-text table scope.	https://arxiv.org/abs/2506.15683	The high slice requires three white-box proxy probability streams and has weaker transfer elsewhere; no exact fitted state, portable calibration, or near-Binoculars timing is released.	retain_reject	the SeqXGPT CNN/attention detector over white-box token-probability streams from three named proxy LMs. The high slice requires three white-box proxy probability streams and has weaker transfer elsewhere; no exact fitted state, portable calibration, or near-Binoculars timing is released.	Full-text source 2506.15683
2506.15683	2506.15683:dna-gpt-baseline	DNA-GPT comparison state	DNA-GPT comparison state	Table 3 reports a 99.00% machine-class F1 slice for DNA-GPT but macro F1 of at most 86.04; the experiment uses ten target continuations.	Table 3 reports a 99.00% machine-class F1 slice for DNA-GPT but macro F1 of at most 86.04; the experiment uses ten target continuations.	Named submitted/proposed/fitted configuration with a threshold metric or explicit high-performance result in the cited full-text table scope.	https://arxiv.org/abs/2506.15683	Inference regenerates ten continuations from each target, violating the no-regeneration boundary; the high class-specific value is also poorly balanced.	exclude_regeneration	DNA-GPT scoring over ten generated continuations of each target. Inference regenerates ten continuations from each target, violating the no-regeneration boundary; the high class-specific value is also poorly balanced.	Full-text source 2506.15683
2506.15683	2506.15683:detectgpt-baseline	DetectGPT comparison state	DetectGPT comparison state	Table 3 reports DetectGPT machine-class F1 up to 98.31% but macro F1 of at most 78.38; the experiment uses 100 perturbations per target.	Table 3 reports DetectGPT machine-class F1 up to 98.31% but macro F1 of at most 78.38; the experiment uses 100 perturbations per target.	Named submitted/proposed/fitted configuration with a threshold metric or explicit high-performance result in the cited full-text table scope.	https://arxiv.org/abs/2506.15683	Inference aggregates 100 perturbed versions of each target, violating the no-multi-perturbation boundary; the high class-specific value is also poorly balanced.	exclude_multi_perturbation	DetectGPT curvature estimated from 100 perturbed versions of each target. Inference aggregates 100 perturbed versions of each target, violating the no-multi-perturbation boundary; the high class-specific value is also poorly balanced.	Full-text source 2506.15683
2506.15683	2506.15683:fastdetectgpt-baseline	Fast-DetectGPT comparison state	Fast-DetectGPT comparison state	Table 3 reports Fast-DetectGPT machine-class F1 up to 99.68% and macro F1 up to 95.25, with lower balance on other slices.	Table 3 reports Fast-DetectGPT machine-class F1 up to 99.68% and macro F1 up to 95.25, with lower balance on other slices.	Named submitted/proposed/fitted configuration with a threshold metric or explicit high-performance result in the cited full-text table scope.	https://arxiv.org/abs/2506.15683	This is an individually visible FastDetectGPT comparison, but the paper supplies no new frozen state, transferable calibration, or fixed matched A6000 timing.	retain_reject	Fast-DetectGPT conditional-probability curvature with GPT-Neo-2.7B as sampling and scoring model. This is an individually visible FastDetectGPT comparison, but the paper supplies no new frozen state, transferable calibration, or fixed matched A6000 timing.	Full-text source 2506.15683
2506.15683	2506.15683:hastewire	HasteWire commercial comparison service	HasteWire commercial comparison service	Table 5 reports HasteWire machine-class F1 of 97.50% but human-class F1 of 65.01%, macro F1 of 81.26%, and TPR at 1% FPR of 69.90%.	Table 5 reports HasteWire machine-class F1 of 97.50% but human-class F1 of 65.01%, macro F1 of 81.26%, and TPR at 1% FPR of 69.90%.	Named submitted/proposed/fitted configuration with a threshold metric or explicit high-performance result in the cited full-text table scope.	https://arxiv.org/abs/2506.15683	The high machine-class F1 is paired with weak human-class and low-FPR results, and the closed service has no reproducible public state or A6000 timing basis.	commercial_closed	the closed HasteWire API detector service. The high machine-class F1 is paired with weak human-class and low-FPR results, and the closed service has no reproducible public state or A6000 timing basis.	Full-text source 2506.15683
2506.06705	2506.06705:general	DivScore	DivScore	Tables 1-2, Figure 4, and appendix Table 4; general, medical, legal, no-adaptation, detector-LM, score-ablation, RoBERTa, and named score-baseline states each exceed 0.90 AUROC on a relevant domain/generator cell	Tables 1-2, Figure 4, and appendix Table 4; general, medical, legal, no-adaptation, detector-LM, score-ablation, RoBERTa, and named score-baseline states each exceed 0.90 AUROC on a relevant domain/generator cell	Named submitted/proposed/fitted configuration with a threshold metric or explicit high-performance result in the cited full-text table scope.	https://arxiv.org/abs/2506.06705	The SOTA gains target legal and medical domain distillation rather than a general DW1 replacement.	reject_scope	divergence score from the general or knowledge-distilled domain proxy. The SOTA gains target legal and medical domain distillation rather than a general DW1 replacement.	Full-text source 2506.06705
2506.06705	2506.06705:medical	DivScore-medical	DivScore-medical	Tables 1-2, Figure 4, and appendix Table 4; general, medical, legal, no-adaptation, detector-LM, score-ablation, RoBERTa, and named score-baseline states each exceed 0.90 AUROC on a relevant domain/generator cell	Tables 1-2, Figure 4, and appendix Table 4; general, medical, legal, no-adaptation, detector-LM, score-ablation, RoBERTa, and named score-baseline states each exceed 0.90 AUROC on a relevant domain/generator cell	Named submitted/proposed/fitted configuration with a threshold metric or explicit high-performance result in the cited full-text table scope.	https://arxiv.org/abs/2506.06705	The SOTA gains target legal and medical domain distillation rather than a general DW1 replacement.	reject_scope	divergence score from the general or knowledge-distilled domain proxy. The SOTA gains target legal and medical domain distillation rather than a general DW1 replacement.	Full-text source 2506.06705
2506.06705	2506.06705:legal	DivScore-legal	DivScore-legal	Tables 1-2, Figure 4, and appendix Table 4; general, medical, legal, no-adaptation, detector-LM, score-ablation, RoBERTa, and named score-baseline states each exceed 0.90 AUROC on a relevant domain/generator cell	Tables 1-2, Figure 4, and appendix Table 4; general, medical, legal, no-adaptation, detector-LM, score-ablation, RoBERTa, and named score-baseline states each exceed 0.90 AUROC on a relevant domain/generator cell	Named submitted/proposed/fitted configuration with a threshold metric or explicit high-performance result in the cited full-text table scope.	https://arxiv.org/abs/2506.06705	The SOTA gains target legal and medical domain distillation rather than a general DW1 replacement.	reject_scope	divergence score from the general or knowledge-distilled domain proxy. The SOTA gains target legal and medical domain distillation rather than a general DW1 replacement.	Full-text source 2506.06705
2506.06705	2506.06705:without-adaptation	DivScore without domain adaptation	DivScore without domain adaptation	Figure 4 reports the named no-domain-adaptation DivScore baseline with a qualifying averaged AUROC cell but materially weaker medical/legal/combined adaptation results.	Figure 4 reports the named no-domain-adaptation DivScore baseline with a qualifying averaged AUROC cell but materially weaker medical/legal/combined adaptation results.	Named submitted/proposed/fitted configuration with a threshold metric or explicit high-performance result in the cited full-text table scope.	https://arxiv.org/abs/2506.06705	The qualifying cell is a weaker no-adaptation ablation, not a released general detector; no exact fitted state, portable calibration, or fixed near-Binoculars timing is supplied.	retain_reject	the DivScore scoring architecture before medical/legal domain-knowledge distillation. The qualifying cell is a weaker no-adaptation ablation, not a released general detector; no exact fitted state, portable calibration, or fixed near-Binoculars timing is supplied.	Full-text source 2506.06705
2506.06705	2506.06705:divscore-mistral	DivScore with Mistral detector LM	DivScore with Mistral detector LM	Appendix Table 4 reports DivScore with Mistral at 99.04%-99.96% AUROC across the four source-LLM columns and 99.72% average.	Appendix Table 4 reports DivScore with Mistral at 99.04%-99.96% AUROC across the four source-LLM columns and 99.72% average.	Named submitted/proposed/fitted configuration with a threshold metric or explicit high-performance result in the cited full-text table scope.	https://arxiv.org/abs/2506.06705	This proxy-specific appendix state is not separately released and lacks matched cross-distribution low-FPR calibration and fixed two-A6000 timing.	retain_reject	the DivScore divergence score computed with the Mistral detector LM. This proxy-specific appendix state is not separately released and lacks matched cross-distribution low-FPR calibration and fixed two-A6000 timing.	Full-text source 2506.06705
2506.06705	2506.06705:divscore-falcon	DivScore with Falcon detector LM	DivScore with Falcon detector LM	Appendix Table 4 reports DivScore with Falcon at 95.87%-99.70% AUROC and 98.46% average.	Appendix Table 4 reports DivScore with Falcon at 95.87%-99.70% AUROC and 98.46% average.	Named submitted/proposed/fitted configuration with a threshold metric or explicit high-performance result in the cited full-text table scope.	https://arxiv.org/abs/2506.06705	This proxy-specific appendix state is not separately released and lacks matched cross-distribution low-FPR calibration and fixed two-A6000 timing.	retain_reject	the DivScore divergence score computed with the Falcon detector LM. This proxy-specific appendix state is not separately released and lacks matched cross-distribution low-FPR calibration and fixed two-A6000 timing.	Full-text source 2506.06705
2506.06705	2506.06705:divscore-qwen	DivScore with Qwen detector LM	DivScore with Qwen detector LM	Appendix Table 4 reports DivScore with Qwen at 94.43%-99.96% AUROC and 97.79% average.	Appendix Table 4 reports DivScore with Qwen at 94.43%-99.96% AUROC and 97.79% average.	Named submitted/proposed/fitted configuration with a threshold metric or explicit high-performance result in the cited full-text table scope.	https://arxiv.org/abs/2506.06705	This proxy-specific appendix state is not separately released and lacks matched cross-distribution low-FPR calibration and fixed two-A6000 timing.	retain_reject	the DivScore divergence score computed with the Qwen detector LM. This proxy-specific appendix state is not separately released and lacks matched cross-distribution low-FPR calibration and fixed two-A6000 timing.	Full-text source 2506.06705
2506.06705	2506.06705:divscore-llama	DivScore with Llama detector LM	DivScore with Llama detector LM	Appendix Table 4 reports DivScore with Llama at 99.03%-99.91% AUROC and 99.67% average.	Appendix Table 4 reports DivScore with Llama at 99.03%-99.91% AUROC and 99.67% average.	Named submitted/proposed/fitted configuration with a threshold metric or explicit high-performance result in the cited full-text table scope.	https://arxiv.org/abs/2506.06705	This proxy-specific appendix state is not separately released and lacks matched cross-distribution low-FPR calibration and fixed two-A6000 timing.	retain_reject	the DivScore divergence score computed with the Llama detector LM. This proxy-specific appendix state is not separately released and lacks matched cross-distribution low-FPR calibration and fixed two-A6000 timing.	Full-text source 2506.06705
2506.06705	2506.06705:entropy-mistral	Entropy with Mistral detector LM	Entropy with Mistral detector LM	Appendix Table 4 reports Entropy with Mistral at 85.43%-99.78% AUROC and 95.95% average.	Appendix Table 4 reports Entropy with Mistral at 85.43%-99.78% AUROC and 95.95% average.	Named submitted/proposed/fitted configuration with a threshold metric or explicit high-performance result in the cited full-text table scope.	https://arxiv.org/abs/2506.06705	The high appendix cells are proxy- and generator-specific; no new frozen state, portable threshold, or fixed matched timing is supplied.	retain_reject	mean token entropy computed with the Mistral detector LM. The high appendix cells are proxy- and generator-specific; no new frozen state, portable threshold, or fixed matched timing is supplied.	Full-text source 2506.06705
2506.06705	2506.06705:entropy-falcon	Entropy with Falcon detector LM	Entropy with Falcon detector LM	Appendix Table 4 reports Entropy with Falcon at 89.34%-99.49% AUROC and 95.41% average.	Appendix Table 4 reports Entropy with Falcon at 89.34%-99.49% AUROC and 95.41% average.	Named submitted/proposed/fitted configuration with a threshold metric or explicit high-performance result in the cited full-text table scope.	https://arxiv.org/abs/2506.06705	The high appendix cells are proxy- and generator-specific; no new frozen state, portable threshold, or fixed matched timing is supplied.	retain_reject	mean token entropy computed with the Falcon detector LM. The high appendix cells are proxy- and generator-specific; no new frozen state, portable threshold, or fixed matched timing is supplied.	Full-text source 2506.06705
2506.06705	2506.06705:entropy-qwen	Entropy with Qwen detector LM	Entropy with Qwen detector LM	Appendix Table 4 reports Entropy with Qwen at 89.03%-99.88% AUROC and 96.78% average.	Appendix Table 4 reports Entropy with Qwen at 89.03%-99.88% AUROC and 96.78% average.	Named submitted/proposed/fitted configuration with a threshold metric or explicit high-performance result in the cited full-text table scope.	https://arxiv.org/abs/2506.06705	The high appendix cells are proxy- and generator-specific; no new frozen state, portable threshold, or fixed matched timing is supplied.	retain_reject	mean token entropy computed with the Qwen detector LM. The high appendix cells are proxy- and generator-specific; no new frozen state, portable threshold, or fixed matched timing is supplied.	Full-text source 2506.06705
2506.06705	2506.06705:entropy-llama	Entropy with Llama detector LM	Entropy with Llama detector LM	Appendix Table 4 reports Entropy with Llama at 86.75%-99.89% AUROC and 95.94% average.	Appendix Table 4 reports Entropy with Llama at 86.75%-99.89% AUROC and 95.94% average.	Named submitted/proposed/fitted configuration with a threshold metric or explicit high-performance result in the cited full-text table scope.	https://arxiv.org/abs/2506.06705	The high appendix cells are proxy- and generator-specific; no new frozen state, portable threshold, or fixed matched timing is supplied.	retain_reject	mean token entropy computed with the Llama detector LM. The high appendix cells are proxy- and generator-specific; no new frozen state, portable threshold, or fixed matched timing is supplied.	Full-text source 2506.06705
2506.06705	2506.06705:cross-entropy-qwen	Cross-Entropy with Qwen detector LM	Cross-Entropy with Qwen detector LM	Appendix Table 4 reports Cross-Entropy with Qwen at 94.97% on one source-LLM column but only 49.23% average.	Appendix Table 4 reports Cross-Entropy with Qwen at 94.97% on one source-LLM column but only 49.23% average.	Named submitted/proposed/fitted configuration with a threshold metric or explicit high-performance result in the cited full-text table scope.	https://arxiv.org/abs/2506.06705	One high source-LLM cell beside a 49.23% average does not establish a general detector, and no exact state, portable calibration, or timing is released.	retain_reject	the paper's cross-entropy scoring ablation computed with the Qwen detector LM. One high source-LLM cell beside a 49.23% average does not establish a general detector, and no exact state, portable calibration, or timing is released.	Full-text source 2506.06705
2506.06705	2506.06705:roberta-base	RoBERTa-base comparator	RoBERTa-base comparator	Tables 1-2, Figure 4, and appendix Table 4; general, medical, legal, no-adaptation, detector-LM, score-ablation, RoBERTa, and named score-baseline states each exceed 0.90 AUROC on a relevant domain/generator cell	Tables 1-2, Figure 4, and appendix Table 4; general, medical, legal, no-adaptation, detector-LM, score-ablation, RoBERTa, and named score-baseline states each exceed 0.90 AUROC on a relevant domain/generator cell	Named submitted/proposed/fitted configuration with a threshold metric or explicit high-performance result in the cited full-text table scope.	https://arxiv.org/abs/2506.06705	This named comparison state has a qualifying domain/model slice, but the DivScore paper supplies no new frozen comparator state or matched low-FPR, cross-distribution, and two-A6000 timing evidence.	retain_reject	a directly supervised RoBERTa-base sequence classifier. This named comparison state has a qualifying domain/model slice, but the DivScore paper supplies no new frozen comparator state or matched low-FPR, cross-distribution, and two-A6000 timing evidence.	Full-text source 2506.06705
2506.06705	2506.06705:roberta-large	RoBERTa-large comparator	RoBERTa-large comparator	Tables 1-2, Figure 4, and appendix Table 4; general, medical, legal, no-adaptation, detector-LM, score-ablation, RoBERTa, and named score-baseline states each exceed 0.90 AUROC on a relevant domain/generator cell	Tables 1-2, Figure 4, and appendix Table 4; general, medical, legal, no-adaptation, detector-LM, score-ablation, RoBERTa, and named score-baseline states each exceed 0.90 AUROC on a relevant domain/generator cell	Named submitted/proposed/fitted configuration with a threshold metric or explicit high-performance result in the cited full-text table scope.	https://arxiv.org/abs/2506.06705	This named comparison state has a qualifying domain/model slice, but the DivScore paper supplies no new frozen comparator state or matched low-FPR, cross-distribution, and two-A6000 timing evidence.	retain_reject	a directly supervised RoBERTa-large sequence classifier. This named comparison state has a qualifying domain/model slice, but the DivScore paper supplies no new frozen comparator state or matched low-FPR, cross-distribution, and two-A6000 timing evidence.	Full-text source 2506.06705
2506.06705	2506.06705:entropy	Entropy comparator	Entropy comparator	Tables 1-2, Figure 4, and appendix Table 4; general, medical, legal, no-adaptation, detector-LM, score-ablation, RoBERTa, and named score-baseline states each exceed 0.90 AUROC on a relevant domain/generator cell	Tables 1-2, Figure 4, and appendix Table 4; general, medical, legal, no-adaptation, detector-LM, score-ablation, RoBERTa, and named score-baseline states each exceed 0.90 AUROC on a relevant domain/generator cell	Named submitted/proposed/fitted configuration with a threshold metric or explicit high-performance result in the cited full-text table scope.	https://arxiv.org/abs/2506.06705	This named comparison state has a qualifying domain/model slice, but the DivScore paper supplies no new frozen comparator state or matched low-FPR, cross-distribution, and two-A6000 timing evidence.	retain_reject	mean token entropy under the scoring language model. This named comparison state has a qualifying domain/model slice, but the DivScore paper supplies no new frozen comparator state or matched low-FPR, cross-distribution, and two-A6000 timing evidence.	Full-text source 2506.06705
2506.06705	2506.06705:rank	Rank comparator	Rank comparator	Tables 1-2, Figure 4, and appendix Table 4; general, medical, legal, no-adaptation, detector-LM, score-ablation, RoBERTa, and named score-baseline states each exceed 0.90 AUROC on a relevant domain/generator cell	Tables 1-2, Figure 4, and appendix Table 4; general, medical, legal, no-adaptation, detector-LM, score-ablation, RoBERTa, and named score-baseline states each exceed 0.90 AUROC on a relevant domain/generator cell	Named submitted/proposed/fitted configuration with a threshold metric or explicit high-performance result in the cited full-text table scope.	https://arxiv.org/abs/2506.06705	This named comparison state has a qualifying domain/model slice, but the DivScore paper supplies no new frozen comparator state or matched low-FPR, cross-distribution, and two-A6000 timing evidence.	retain_reject	mean token rank under the scoring language model. This named comparison state has a qualifying domain/model slice, but the DivScore paper supplies no new frozen comparator state or matched low-FPR, cross-distribution, and two-A6000 timing evidence.	Full-text source 2506.06705
2506.06705	2506.06705:logrank	Log-Rank comparator	Log-Rank comparator	Tables 1-2, Figure 4, and appendix Table 4; general, medical, legal, no-adaptation, detector-LM, score-ablation, RoBERTa, and named score-baseline states each exceed 0.90 AUROC on a relevant domain/generator cell	Tables 1-2, Figure 4, and appendix Table 4; general, medical, legal, no-adaptation, detector-LM, score-ablation, RoBERTa, and named score-baseline states each exceed 0.90 AUROC on a relevant domain/generator cell	Named submitted/proposed/fitted configuration with a threshold metric or explicit high-performance result in the cited full-text table scope.	https://arxiv.org/abs/2506.06705	This named comparison state has a qualifying domain/model slice, but the DivScore paper supplies no new frozen comparator state or matched low-FPR, cross-distribution, and two-A6000 timing evidence.	retain_reject	mean token log-rank under the scoring language model. This named comparison state has a qualifying domain/model slice, but the DivScore paper supplies no new frozen comparator state or matched low-FPR, cross-distribution, and two-A6000 timing evidence.	Full-text source 2506.06705
2506.06705	2506.06705:likelihood	Log-Likelihood comparator	Log-Likelihood comparator	Tables 1-2, Figure 4, and appendix Table 4; general, medical, legal, no-adaptation, detector-LM, score-ablation, RoBERTa, and named score-baseline states each exceed 0.90 AUROC on a relevant domain/generator cell	Tables 1-2, Figure 4, and appendix Table 4; general, medical, legal, no-adaptation, detector-LM, score-ablation, RoBERTa, and named score-baseline states each exceed 0.90 AUROC on a relevant domain/generator cell	Named submitted/proposed/fitted configuration with a threshold metric or explicit high-performance result in the cited full-text table scope.	https://arxiv.org/abs/2506.06705	This named comparison state has a qualifying domain/model slice, but the DivScore paper supplies no new frozen comparator state or matched low-FPR, cross-distribution, and two-A6000 timing evidence.	retain_reject	mean token likelihood under the scoring language model. This named comparison state has a qualifying domain/model slice, but the DivScore paper supplies no new frozen comparator state or matched low-FPR, cross-distribution, and two-A6000 timing evidence.	Full-text source 2506.06705
2506.06705	2506.06705:detectgpt	DetectGPT comparator	DetectGPT comparator	Tables 1-2, Figure 4, and appendix Table 4; general, medical, legal, no-adaptation, detector-LM, score-ablation, RoBERTa, and named score-baseline states each exceed 0.90 AUROC on a relevant domain/generator cell	Tables 1-2, Figure 4, and appendix Table 4; general, medical, legal, no-adaptation, detector-LM, score-ablation, RoBERTa, and named score-baseline states each exceed 0.90 AUROC on a relevant domain/generator cell	Named submitted/proposed/fitted configuration with a threshold metric or explicit high-performance result in the cited full-text table scope.	https://arxiv.org/abs/2506.06705	This named comparison state has a qualifying domain/model slice, but the DivScore paper supplies no new frozen comparator state or matched low-FPR, cross-distribution, and two-A6000 timing evidence.	exclude_multi_perturbation	DetectGPT scoring over multiple masked-and-filled perturbations of the target text. This named comparison state has a qualifying domain/model slice, but the DivScore paper supplies no new frozen comparator state or matched low-FPR, cross-distribution, and two-A6000 timing evidence.	Full-text source 2506.06705
2506.06705	2506.06705:fastdetectgpt	Fast-DetectGPT comparator	Fast-DetectGPT comparator	Tables 1-2, Figure 4, and appendix Table 4; general, medical, legal, no-adaptation, detector-LM, score-ablation, RoBERTa, and named score-baseline states each exceed 0.90 AUROC on a relevant domain/generator cell	Tables 1-2, Figure 4, and appendix Table 4; general, medical, legal, no-adaptation, detector-LM, score-ablation, RoBERTa, and named score-baseline states each exceed 0.90 AUROC on a relevant domain/generator cell	Named submitted/proposed/fitted configuration with a threshold metric or explicit high-performance result in the cited full-text table scope.	https://arxiv.org/abs/2506.06705	This named comparison state has a qualifying domain/model slice, but the DivScore paper supplies no new frozen comparator state or matched low-FPR, cross-distribution, and two-A6000 timing evidence.	retain_reject	the FastDetectGPT conditional-probability-curvature statistic. This named comparison state has a qualifying domain/model slice, but the DivScore paper supplies no new frozen comparator state or matched low-FPR, cross-distribution, and two-A6000 timing evidence.	Full-text source 2506.06705
2506.06705	2506.06705:binoculars	Binoculars comparator	Binoculars comparator	Tables 1-2, Figure 4, and appendix Table 4; general, medical, legal, no-adaptation, detector-LM, score-ablation, RoBERTa, and named score-baseline states each exceed 0.90 AUROC on a relevant domain/generator cell	Tables 1-2, Figure 4, and appendix Table 4; general, medical, legal, no-adaptation, detector-LM, score-ablation, RoBERTa, and named score-baseline states each exceed 0.90 AUROC on a relevant domain/generator cell	Named submitted/proposed/fitted configuration with a threshold metric or explicit high-performance result in the cited full-text table scope.	https://arxiv.org/abs/2506.06705	This named comparison state has a qualifying domain/model slice, but the DivScore paper supplies no new frozen comparator state or matched low-FPR, cross-distribution, and two-A6000 timing evidence.	retain_reject	the Binoculars cross-model perplexity-ratio statistic. This named comparison state has a qualifying domain/model slice, but the DivScore paper supplies no new frozen comparator state or matched low-FPR, cross-distribution, and two-A6000 timing evidence.	Full-text source 2506.06705
2506.02959	2506.02959:deberta	HACo-Det DeBERTa	HACo-Det DeBERTa	main and Appendix Table 16; each listed detector/statistic/backbone has a human- or machine-class F1 >=0.90 on at least one fine-grained coauthorship slice	main and Appendix Table 16; each listed detector/statistic/backbone has a human- or machine-class F1 >=0.90 on at least one fine-grained coauthorship slice	Named submitted/proposed/fitted configuration with a threshold metric or explicit high-performance result in the cited full-text table scope.	https://arxiv.org/abs/2506.02959	F1 and superiority claims concern word- and sentence-level human-AI coauthoring localization, not document detection.	reject_scope	named fine-grained human/AI span or sentence classifier/statistic. F1 and superiority claims concern word- and sentence-level human-AI coauthoring localization, not document detection.	Full-text source 2506.02959
2506.02959	2506.02959:seqxgpt	SeqXGPT	SeqXGPT	main and Appendix Table 16; each listed detector/statistic/backbone has a human- or machine-class F1 >=0.90 on at least one fine-grained coauthorship slice	main and Appendix Table 16; each listed detector/statistic/backbone has a human- or machine-class F1 >=0.90 on at least one fine-grained coauthorship slice	Named submitted/proposed/fitted configuration with a threshold metric or explicit high-performance result in the cited full-text table scope.	https://arxiv.org/abs/2506.02959	F1 and superiority claims concern word- and sentence-level human-AI coauthoring localization, not document detection.	reject_scope	named fine-grained human/AI span or sentence classifier/statistic. F1 and superiority claims concern word- and sentence-level human-AI coauthoring localization, not document detection.	Full-text source 2506.02959
2506.02959	2506.02959:detectgpt	DetectGPT	DetectGPT	main and Appendix Table 16; each listed detector/statistic/backbone has a human- or machine-class F1 >=0.90 on at least one fine-grained coauthorship slice	main and Appendix Table 16; each listed detector/statistic/backbone has a human- or machine-class F1 >=0.90 on at least one fine-grained coauthorship slice	Named submitted/proposed/fitted configuration with a threshold metric or explicit high-performance result in the cited full-text table scope.	https://arxiv.org/abs/2506.02959	F1 and superiority claims concern word- and sentence-level human-AI coauthoring localization, not document detection.	reject_scope	named fine-grained human/AI span or sentence classifier/statistic. F1 and superiority claims concern word- and sentence-level human-AI coauthoring localization, not document detection.	Full-text source 2506.02959
2506.02959	2506.02959:npr	NPR	NPR	main and Appendix Table 16; each listed detector/statistic/backbone has a human- or machine-class F1 >=0.90 on at least one fine-grained coauthorship slice	main and Appendix Table 16; each listed detector/statistic/backbone has a human- or machine-class F1 >=0.90 on at least one fine-grained coauthorship slice	Named submitted/proposed/fitted configuration with a threshold metric or explicit high-performance result in the cited full-text table scope.	https://arxiv.org/abs/2506.02959	F1 and superiority claims concern word- and sentence-level human-AI coauthoring localization, not document detection.	reject_scope	named fine-grained human/AI span or sentence classifier/statistic. F1 and superiority claims concern word- and sentence-level human-AI coauthoring localization, not document detection.	Full-text source 2506.02959
2506.02959	2506.02959:fastdetectgpt	FastDetectGPT	FastDetectGPT	main and Appendix Table 16; each listed detector/statistic/backbone has a human- or machine-class F1 >=0.90 on at least one fine-grained coauthorship slice	main and Appendix Table 16; each listed detector/statistic/backbone has a human- or machine-class F1 >=0.90 on at least one fine-grained coauthorship slice	Named submitted/proposed/fitted configuration with a threshold metric or explicit high-performance result in the cited full-text table scope.	https://arxiv.org/abs/2506.02959	F1 and superiority claims concern word- and sentence-level human-AI coauthoring localization, not document detection.	reject_scope	named fine-grained human/AI span or sentence classifier/statistic. F1 and superiority claims concern word- and sentence-level human-AI coauthoring localization, not document detection.	Full-text source 2506.02959
2506.02959	2506.02959:logprob	Log-probability	Log-probability	main and Appendix Table 16; each listed detector/statistic/backbone has a human- or machine-class F1 >=0.90 on at least one fine-grained coauthorship slice	main and Appendix Table 16; each listed detector/statistic/backbone has a human- or machine-class F1 >=0.90 on at least one fine-grained coauthorship slice	Named submitted/proposed/fitted configuration with a threshold metric or explicit high-performance result in the cited full-text table scope.	https://arxiv.org/abs/2506.02959	F1 and superiority claims concern word- and sentence-level human-AI coauthoring localization, not document detection.	reject_scope	named fine-grained human/AI span or sentence classifier/statistic. F1 and superiority claims concern word- and sentence-level human-AI coauthoring localization, not document detection.	Full-text source 2506.02959
2506.02959	2506.02959:rank	Rank	Rank	main and Appendix Table 16; each listed detector/statistic/backbone has a human- or machine-class F1 >=0.90 on at least one fine-grained coauthorship slice	main and Appendix Table 16; each listed detector/statistic/backbone has a human- or machine-class F1 >=0.90 on at least one fine-grained coauthorship slice	Named submitted/proposed/fitted configuration with a threshold metric or explicit high-performance result in the cited full-text table scope.	https://arxiv.org/abs/2506.02959	F1 and superiority claims concern word- and sentence-level human-AI coauthoring localization, not document detection.	reject_scope	named fine-grained human/AI span or sentence classifier/statistic. F1 and superiority claims concern word- and sentence-level human-AI coauthoring localization, not document detection.	Full-text source 2506.02959
2506.02959	2506.02959:logrank	LogRank	LogRank	main and Appendix Table 16; each listed detector/statistic/backbone has a human- or machine-class F1 >=0.90 on at least one fine-grained coauthorship slice	main and Appendix Table 16; each listed detector/statistic/backbone has a human- or machine-class F1 >=0.90 on at least one fine-grained coauthorship slice	Named submitted/proposed/fitted configuration with a threshold metric or explicit high-performance result in the cited full-text table scope.	https://arxiv.org/abs/2506.02959	F1 and superiority claims concern word- and sentence-level human-AI coauthoring localization, not document detection.	reject_scope	named fine-grained human/AI span or sentence classifier/statistic. F1 and superiority claims concern word- and sentence-level human-AI coauthoring localization, not document detection.	Full-text source 2506.02959
2506.02959	2506.02959:entropy	Entropy	Entropy	main and Appendix Table 16; each listed detector/statistic/backbone has a human- or machine-class F1 >=0.90 on at least one fine-grained coauthorship slice	main and Appendix Table 16; each listed detector/statistic/backbone has a human- or machine-class F1 >=0.90 on at least one fine-grained coauthorship slice	Named submitted/proposed/fitted configuration with a threshold metric or explicit high-performance result in the cited full-text table scope.	https://arxiv.org/abs/2506.02959	F1 and superiority claims concern word- and sentence-level human-AI coauthoring localization, not document detection.	reject_scope	named fine-grained human/AI span or sentence classifier/statistic. F1 and superiority claims concern word- and sentence-level human-AI coauthoring localization, not document detection.	Full-text source 2506.02959
2506.02959	2506.02959:lrr	LRR	LRR	main and Appendix Table 16; each listed detector/statistic/backbone has a human- or machine-class F1 >=0.90 on at least one fine-grained coauthorship slice	main and Appendix Table 16; each listed detector/statistic/backbone has a human- or machine-class F1 >=0.90 on at least one fine-grained coauthorship slice	Named submitted/proposed/fitted configuration with a threshold metric or explicit high-performance result in the cited full-text table scope.	https://arxiv.org/abs/2506.02959	F1 and superiority claims concern word- and sentence-level human-AI coauthoring localization, not document detection.	reject_scope	named fine-grained human/AI span or sentence classifier/statistic. F1 and superiority claims concern word- and sentence-level human-AI coauthoring localization, not document detection.	Full-text source 2506.02959
2506.02959	2506.02959:xlnet	HACo-Det XLNet	HACo-Det XLNet	main and Appendix Table 16; each listed detector/statistic/backbone has a human- or machine-class F1 >=0.90 on at least one fine-grained coauthorship slice	main and Appendix Table 16; each listed detector/statistic/backbone has a human- or machine-class F1 >=0.90 on at least one fine-grained coauthorship slice	Named submitted/proposed/fitted configuration with a threshold metric or explicit high-performance result in the cited full-text table scope.	https://arxiv.org/abs/2506.02959	F1 and superiority claims concern word- and sentence-level human-AI coauthoring localization, not document detection.	reject_scope	named fine-grained human/AI span or sentence classifier/statistic. F1 and superiority claims concern word- and sentence-level human-AI coauthoring localization, not document detection.	Full-text source 2506.02959
2506.02959	2506.02959:roberta	HACo-Det RoBERTa	HACo-Det RoBERTa	main and Appendix Table 16; each listed detector/statistic/backbone has a human- or machine-class F1 >=0.90 on at least one fine-grained coauthorship slice	main and Appendix Table 16; each listed detector/statistic/backbone has a human- or machine-class F1 >=0.90 on at least one fine-grained coauthorship slice	Named submitted/proposed/fitted configuration with a threshold metric or explicit high-performance result in the cited full-text table scope.	https://arxiv.org/abs/2506.02959	F1 and superiority claims concern word- and sentence-level human-AI coauthoring localization, not document detection.	reject_scope	named fine-grained human/AI span or sentence classifier/statistic. F1 and superiority claims concern word- and sentence-level human-AI coauthoring localization, not document detection.	Full-text source 2506.02959
2506.01702	2506.01702:gemma2-2b	Gemma-2-2B submitted detector	Gemma-2-2B submitted detector	Tables 1-2 and official Table 4; the TF-IDF validation baseline and all six submitted binary states exceed 0.99 on a validation metric, but OOD AUROC is 0.592-0.700 and official mdok AUROC/F1 0.853/0.898	Tables 1-2 and official Table 4; the TF-IDF validation baseline and all six submitted binary states exceed 0.99 on a validation metric, but OOD AUROC is 0.592-0.700 and official mdok AUROC/F1 0.853/0.898	Named submitted/proposed/fitted configuration with a threshold metric or explicit high-performance result in the cited full-text table scope.	https://arxiv.org/abs/2506.01702	The first-ranked 14B mdok system has official test AUROC 0.853 and F1 0.898; its public source ships no trained state, inference timing, low-FPR row, or fixed A6000 comparison.	retain_reject	named supervised LM classifier, with the mdok robust fine-tuning recipe where named. The first-ranked 14B mdok system has official test AUROC 0.853 and F1 0.898; its public source ships no trained state, inference timing, low-FPR row, or fixed A6000 comparison.	Full-text source 2506.01702
2506.01702	2506.01702:gemma2-9b-it	Gemma-2-9B-IT submitted detector	Gemma-2-9B-IT submitted detector	Tables 1-2 and official Table 4; the TF-IDF validation baseline and all six submitted binary states exceed 0.99 on a validation metric, but OOD AUROC is 0.592-0.700 and official mdok AUROC/F1 0.853/0.898	Tables 1-2 and official Table 4; the TF-IDF validation baseline and all six submitted binary states exceed 0.99 on a validation metric, but OOD AUROC is 0.592-0.700 and official mdok AUROC/F1 0.853/0.898	Named submitted/proposed/fitted configuration with a threshold metric or explicit high-performance result in the cited full-text table scope.	https://arxiv.org/abs/2506.01702	The first-ranked 14B mdok system has official test AUROC 0.853 and F1 0.898; its public source ships no trained state, inference timing, low-FPR row, or fixed A6000 comparison.	retain_reject	named supervised LM classifier, with the mdok robust fine-tuning recipe where named. The first-ranked 14B mdok system has official test AUROC 0.853 and F1 0.898; its public source ships no trained state, inference timing, low-FPR row, or fixed A6000 comparison.	Full-text source 2506.01702
2506.01702	2506.01702:qwen3-4b	Qwen3-4B-Base submitted detector	Qwen3-4B-Base submitted detector	Tables 1-2 and official Table 4; the TF-IDF validation baseline and all six submitted binary states exceed 0.99 on a validation metric, but OOD AUROC is 0.592-0.700 and official mdok AUROC/F1 0.853/0.898	Tables 1-2 and official Table 4; the TF-IDF validation baseline and all six submitted binary states exceed 0.99 on a validation metric, but OOD AUROC is 0.592-0.700 and official mdok AUROC/F1 0.853/0.898	Named submitted/proposed/fitted configuration with a threshold metric or explicit high-performance result in the cited full-text table scope.	https://arxiv.org/abs/2506.01702	The first-ranked 14B mdok system has official test AUROC 0.853 and F1 0.898; its public source ships no trained state, inference timing, low-FPR row, or fixed A6000 comparison.	retain_reject	named supervised LM classifier, with the mdok robust fine-tuning recipe where named. The first-ranked 14B mdok system has official test AUROC 0.853 and F1 0.898; its public source ships no trained state, inference timing, low-FPR row, or fixed A6000 comparison.	Full-text source 2506.01702
2506.01702	2506.01702:qwen3-8b	Qwen3-8B-Base submitted detector	Qwen3-8B-Base submitted detector	Tables 1-2 and official Table 4; the TF-IDF validation baseline and all six submitted binary states exceed 0.99 on a validation metric, but OOD AUROC is 0.592-0.700 and official mdok AUROC/F1 0.853/0.898	Tables 1-2 and official Table 4; the TF-IDF validation baseline and all six submitted binary states exceed 0.99 on a validation metric, but OOD AUROC is 0.592-0.700 and official mdok AUROC/F1 0.853/0.898	Named submitted/proposed/fitted configuration with a threshold metric or explicit high-performance result in the cited full-text table scope.	https://arxiv.org/abs/2506.01702	The first-ranked 14B mdok system has official test AUROC 0.853 and F1 0.898; its public source ships no trained state, inference timing, low-FPR row, or fixed A6000 comparison.	retain_reject	named supervised LM classifier, with the mdok robust fine-tuning recipe where named. The first-ranked 14B mdok system has official test AUROC 0.853 and F1 0.898; its public source ships no trained state, inference timing, low-FPR row, or fixed A6000 comparison.	Full-text source 2506.01702
2506.01702	2506.01702:qwen3-14b	Qwen3-14B-Base submitted detector	Qwen3-14B-Base submitted detector	Tables 1-2 and official Table 4; the TF-IDF validation baseline and all six submitted binary states exceed 0.99 on a validation metric, but OOD AUROC is 0.592-0.700 and official mdok AUROC/F1 0.853/0.898	Tables 1-2 and official Table 4; the TF-IDF validation baseline and all six submitted binary states exceed 0.99 on a validation metric, but OOD AUROC is 0.592-0.700 and official mdok AUROC/F1 0.853/0.898	Named submitted/proposed/fitted configuration with a threshold metric or explicit high-performance result in the cited full-text table scope.	https://arxiv.org/abs/2506.01702	The first-ranked 14B mdok system has official test AUROC 0.853 and F1 0.898; its public source ships no trained state, inference timing, low-FPR row, or fixed A6000 comparison.	retain_reject	named supervised LM classifier, with the mdok robust fine-tuning recipe where named. The first-ranked 14B mdok system has official test AUROC 0.853 and F1 0.898; its public source ships no trained state, inference timing, low-FPR row, or fixed A6000 comparison.	Full-text source 2506.01702
2506.01702	2506.01702:mdok-binary	mdok binary detector	mdok binary detector	Tables 1-2 and official Table 4; the TF-IDF validation baseline and all six submitted binary states exceed 0.99 on a validation metric, but OOD AUROC is 0.592-0.700 and official mdok AUROC/F1 0.853/0.898	Tables 1-2 and official Table 4; the TF-IDF validation baseline and all six submitted binary states exceed 0.99 on a validation metric, but OOD AUROC is 0.592-0.700 and official mdok AUROC/F1 0.853/0.898	Named submitted/proposed/fitted configuration with a threshold metric or explicit high-performance result in the cited full-text table scope.	https://arxiv.org/abs/2506.01702	The first-ranked 14B mdok system has official test AUROC 0.853 and F1 0.898; its public source ships no trained state, inference timing, low-FPR row, or fixed A6000 comparison.	retain_reject	named supervised LM classifier, with the mdok robust fine-tuning recipe where named. The first-ranked 14B mdok system has official test AUROC 0.853 and F1 0.898; its public source ships no trained state, inference timing, low-FPR row, or fixed A6000 comparison.	Full-text source 2506.01702
2506.01702	2506.01702:tfidf-baseline	TF-IDF validation baseline	TF-IDF validation baseline	Tables 1-2 and official Table 4; the TF-IDF validation baseline and all six submitted binary states exceed 0.99 on a validation metric, but OOD AUROC is 0.592-0.700 and official mdok AUROC/F1 0.853/0.898	Tables 1-2 and official Table 4; the TF-IDF validation baseline and all six submitted binary states exceed 0.99 on a validation metric, but OOD AUROC is 0.592-0.700 and official mdok AUROC/F1 0.853/0.898	Named submitted/proposed/fitted configuration with a threshold metric or explicit high-performance result in the cited full-text table scope.	https://arxiv.org/abs/2506.01702	The near-perfect value is validation-only and does not survive the paper's OOD evaluation basis; no fitted vectorizer/classifier, transferable low-FPR calibration, or fixed A6000 timing is released.	retain_reject	a directly supervised linear classifier over TF-IDF text features. The near-perfect value is validation-only and does not survive the paper's OOD evaluation basis; no fitted vectorizer/classifier, transferable low-FPR calibration, or fixed A6000 timing is released.	Full-text source 2506.01702
2505.15261	2505.15261:full	Full AGENT-X	Full AGENT-X	Tables 1-3; every listed full/ablation state has a domain AUROC >=0.90, while only full AGENT-X averages 0.9007	Tables 1-3; every listed full/ablation state has a domain AUROC >=0.90, while only full AGENT-X averages 0.9007	Named submitted/proposed/fitted configuration with a threshold metric or explicit high-performance result in the cited full-text table scope.	https://arxiv.org/abs/2505.15261	Multiple reasoning LLM agents provide no plausible near-Binoculars latency or fixed public deployment artifact.	retain_reject	multi-LLM-agent routing/guidelines/voting with the named component removed. Multiple reasoning LLM agents provide no plausible near-Binoculars latency or fixed public deployment artifact.	Full-text source 2505.15261
2505.15261	2505.15261:without-multi-agent	AGENT-X without multi-agent	AGENT-X without multi-agent	Tables 1-3; every listed full/ablation state has a domain AUROC >=0.90, while only full AGENT-X averages 0.9007	Tables 1-3; every listed full/ablation state has a domain AUROC >=0.90, while only full AGENT-X averages 0.9007	Named submitted/proposed/fitted configuration with a threshold metric or explicit high-performance result in the cited full-text table scope.	https://arxiv.org/abs/2505.15261	Multiple reasoning LLM agents provide no plausible near-Binoculars latency or fixed public deployment artifact.	retain_reject	multi-LLM-agent routing/guidelines/voting with the named component removed. Multiple reasoning LLM agents provide no plausible near-Binoculars latency or fixed public deployment artifact.	Full-text source 2505.15261
2505.15261	2505.15261:without-guidelines	AGENT-X without guidelines	AGENT-X without guidelines	Tables 1-3; every listed full/ablation state has a domain AUROC >=0.90, while only full AGENT-X averages 0.9007	Tables 1-3; every listed full/ablation state has a domain AUROC >=0.90, while only full AGENT-X averages 0.9007	Named submitted/proposed/fitted configuration with a threshold metric or explicit high-performance result in the cited full-text table scope.	https://arxiv.org/abs/2505.15261	Multiple reasoning LLM agents provide no plausible near-Binoculars latency or fixed public deployment artifact.	retain_reject	multi-LLM-agent routing/guidelines/voting with the named component removed. Multiple reasoning LLM agents provide no plausible near-Binoculars latency or fixed public deployment artifact.	Full-text source 2505.15261
2505.15261	2505.15261:without-adaptive-routing	AGENT-X without adaptive routing	AGENT-X without adaptive routing	Tables 1-3; every listed full/ablation state has a domain AUROC >=0.90, while only full AGENT-X averages 0.9007	Tables 1-3; every listed full/ablation state has a domain AUROC >=0.90, while only full AGENT-X averages 0.9007	Named submitted/proposed/fitted configuration with a threshold metric or explicit high-performance result in the cited full-text table scope.	https://arxiv.org/abs/2505.15261	Multiple reasoning LLM agents provide no plausible near-Binoculars latency or fixed public deployment artifact.	retain_reject	multi-LLM-agent routing/guidelines/voting with the named component removed. Multiple reasoning LLM agents provide no plausible near-Binoculars latency or fixed public deployment artifact.	Full-text source 2505.15261
2505.15261	2505.15261:without-steer-calibration	AGENT-X without steer calibration	AGENT-X without steer calibration	Tables 1-3; every listed full/ablation state has a domain AUROC >=0.90, while only full AGENT-X averages 0.9007	Tables 1-3; every listed full/ablation state has a domain AUROC >=0.90, while only full AGENT-X averages 0.9007	Named submitted/proposed/fitted configuration with a threshold metric or explicit high-performance result in the cited full-text table scope.	https://arxiv.org/abs/2505.15261	Multiple reasoning LLM agents provide no plausible near-Binoculars latency or fixed public deployment artifact.	retain_reject	multi-LLM-agent routing/guidelines/voting with the named component removed. Multiple reasoning LLM agents provide no plausible near-Binoculars latency or fixed public deployment artifact.	Full-text source 2505.15261
2505.14271	2505.14271:llmdetectaive	LLM-DetectAIve	LLM-DetectAIve	Tables 1, 12, and 13; two baselines, FAID, three alternate encoders, and two alternate clusterers have accuracy/F1 >=0.90 on a known or unseen-generator slice	Tables 1, 12, and 13; two baselines, FAID, three alternate encoders, and two alternate clusterers have accuracy/F1 >=0.90 on a known or unseen-generator slice	Named submitted/proposed/fitted configuration with a threshold metric or explicit high-performance result in the cited full-text table scope.	https://arxiv.org/abs/2505.14271	This direct comparison classifier is individually retained, but the paper supplies no frozen transferable state, low-FPR cross-distribution evidence, or fixed A6000 timing sufficient for promotion.	retain_reject	named supervised baseline or FAID contrastive encoder plus vector-database clusterer configuration. This direct comparison classifier is individually retained, but the paper supplies no frozen transferable state, low-FPR cross-distribution evidence, or fixed A6000 timing sufficient for promotion.	Full-text source 2505.14271
2505.14271	2505.14271:t5-sentinel	T5-Sentinel	T5-Sentinel	Tables 1, 12, and 13; two baselines, FAID, three alternate encoders, and two alternate clusterers have accuracy/F1 >=0.90 on a known or unseen-generator slice	Tables 1, 12, and 13; two baselines, FAID, three alternate encoders, and two alternate clusterers have accuracy/F1 >=0.90 on a known or unseen-generator slice	Named submitted/proposed/fitted configuration with a threshold metric or explicit high-performance result in the cited full-text table scope.	https://arxiv.org/abs/2505.14271	This direct comparison classifier is individually retained, but the paper supplies no frozen transferable state, low-FPR cross-distribution evidence, or fixed A6000 timing sufficient for promotion.	retain_reject	named supervised baseline or FAID contrastive encoder plus vector-database clusterer configuration. This direct comparison classifier is individually retained, but the paper supplies no frozen transferable state, low-FPR cross-distribution evidence, or fixed A6000 timing sufficient for promotion.	Full-text source 2505.14271
2505.14271	2505.14271:faid	FAID default	FAID default	Tables 1, 12, and 13; two baselines, FAID, three alternate encoders, and two alternate clusterers have accuracy/F1 >=0.90 on a known or unseen-generator slice	Tables 1, 12, and 13; two baselines, FAID, three alternate encoders, and two alternate clusterers have accuracy/F1 >=0.90 on a known or unseen-generator slice	Named submitted/proposed/fitted configuration with a threshold metric or explicit high-performance result in the cited full-text table scope.	https://arxiv.org/abs/2505.14271	The result is fine-grained multilingual academic and hybrid attribution rather than the fixed binary general-document task.	reject_scope	named supervised baseline or FAID contrastive encoder plus vector-database clusterer configuration. The result is fine-grained multilingual academic and hybrid attribution rather than the fixed binary general-document task.	Full-text source 2505.14271
2505.14271	2505.14271:faid-multilingual-e5	FAID multilingual-e5 encoder	FAID multilingual-e5 encoder	Tables 1, 12, and 13; two baselines, FAID, three alternate encoders, and two alternate clusterers have accuracy/F1 >=0.90 on a known or unseen-generator slice	Tables 1, 12, and 13; two baselines, FAID, three alternate encoders, and two alternate clusterers have accuracy/F1 >=0.90 on a known or unseen-generator slice	Named submitted/proposed/fitted configuration with a threshold metric or explicit high-performance result in the cited full-text table scope.	https://arxiv.org/abs/2505.14271	The result is fine-grained multilingual academic and hybrid attribution rather than the fixed binary general-document task.	reject_scope	named supervised baseline or FAID contrastive encoder plus vector-database clusterer configuration. The result is fine-grained multilingual academic and hybrid attribution rather than the fixed binary general-document task.	Full-text source 2505.14271
2505.14271	2505.14271:faid-xlmr	FAID XLM-RoBERTa encoder	FAID XLM-RoBERTa encoder	Tables 1, 12, and 13; two baselines, FAID, three alternate encoders, and two alternate clusterers have accuracy/F1 >=0.90 on a known or unseen-generator slice	Tables 1, 12, and 13; two baselines, FAID, three alternate encoders, and two alternate clusterers have accuracy/F1 >=0.90 on a known or unseen-generator slice	Named submitted/proposed/fitted configuration with a threshold metric or explicit high-performance result in the cited full-text table scope.	https://arxiv.org/abs/2505.14271	The result is fine-grained multilingual academic and hybrid attribution rather than the fixed binary general-document task.	reject_scope	named supervised baseline or FAID contrastive encoder plus vector-database clusterer configuration. The result is fine-grained multilingual academic and hybrid attribution rather than the fixed binary general-document task.	Full-text source 2505.14271
2505.14271	2505.14271:faid-unsup-simcse-xlmr	FAID UnSup-SimCSE-XLM-RoBERTa encoder	FAID UnSup-SimCSE-XLM-RoBERTa encoder	Table 12 reports the UnSup-SimCSE-XLM-RoBERTa FAID encoder at 92.12% accuracy and 91.75% macro F1 on known generators, falling to 87.45%/86.90% on unseen generators.	Table 12 reports the UnSup-SimCSE-XLM-RoBERTa FAID encoder at 92.12% accuracy and 91.75% macro F1 on known generators, falling to 87.45%/86.90% on unseen generators.	Named submitted/proposed/fitted configuration with a threshold metric or explicit high-performance result in the cited full-text table scope.	https://arxiv.org/abs/2505.14271	The known-generator high score falls below 0.90 on unseen generators, and the retained vector-database lookup violates the no-retrieval boundary; no exact fitted detector or comparable timing is released.	exclude_retrieval	the FAID multi-task contrastive detector using an UnSup-SimCSE-XLM-RoBERTa encoder and its retained vector database. The known-generator high score falls below 0.90 on unseen generators, and the retained vector-database lookup violates the no-retrieval boundary; no exact fitted detector or comparable timing is released.	Full-text source 2505.14271
2505.14271	2505.14271:faid-knn	FAID k-nearest-neighbors clustering	FAID k-nearest-neighbors clustering	Tables 1, 12, and 13; two baselines, FAID, three alternate encoders, and two alternate clusterers have accuracy/F1 >=0.90 on a known or unseen-generator slice	Tables 1, 12, and 13; two baselines, FAID, three alternate encoders, and two alternate clusterers have accuracy/F1 >=0.90 on a known or unseen-generator slice	Named submitted/proposed/fitted configuration with a threshold metric or explicit high-performance result in the cited full-text table scope.	https://arxiv.org/abs/2505.14271	The result is fine-grained multilingual academic and hybrid attribution rather than the fixed binary general-document task.	reject_scope	named supervised baseline or FAID contrastive encoder plus vector-database clusterer configuration. The result is fine-grained multilingual academic and hybrid attribution rather than the fixed binary general-document task.	Full-text source 2505.14271
2505.14271	2505.14271:faid-fuzzy-cmeans	FAID fuzzy C-means clustering	FAID fuzzy C-means clustering	Tables 1, 12, and 13; two baselines, FAID, three alternate encoders, and two alternate clusterers have accuracy/F1 >=0.90 on a known or unseen-generator slice	Tables 1, 12, and 13; two baselines, FAID, three alternate encoders, and two alternate clusterers have accuracy/F1 >=0.90 on a known or unseen-generator slice	Named submitted/proposed/fitted configuration with a threshold metric or explicit high-performance result in the cited full-text table scope.	https://arxiv.org/abs/2505.14271	The result is fine-grained multilingual academic and hybrid attribution rather than the fixed binary general-document task.	reject_scope	named supervised baseline or FAID contrastive encoder plus vector-database clusterer configuration. The result is fine-grained multilingual academic and hybrid attribution rather than the fixed binary general-document task.	Full-text source 2505.14271
2505.13855	2505.13855:qwen18b	Qwen1.5-1.8B	Qwen1.5-1.8B	Tables 1-2; every fitted/ensemble configuration crosses 0.90 on MAGE or RAID; DoGEN aggregates are 0.9760 and 0.9581 AUROC	Tables 1-2; every fitted/ensemble configuration crosses 0.90 on MAGE or RAID; DoGEN aggregates are 0.9760 and 0.9581 AUROC	Named submitted/proposed/fitted configuration with a threshold metric or explicit high-performance result in the cited full-text table scope.	https://arxiv.org/abs/2505.13855	Supervised ensemble gains lack a released state and like-for-like operating-point and speed evidence.	retain_reject	named dense/MoE baseline or ensemble of domain experts; DoGEN uses learned top-2 domain routing. Supervised ensemble gains lack a released state and like-for-like operating-point and speed evidence.	Full-text source 2505.13855
2505.13855	2505.13855:qwen32b	Qwen1.5-32B	Qwen1.5-32B	Tables 1-2; every fitted/ensemble configuration crosses 0.90 on MAGE or RAID; DoGEN aggregates are 0.9760 and 0.9581 AUROC	Tables 1-2; every fitted/ensemble configuration crosses 0.90 on MAGE or RAID; DoGEN aggregates are 0.9760 and 0.9581 AUROC	Named submitted/proposed/fitted configuration with a threshold metric or explicit high-performance result in the cited full-text table scope.	https://arxiv.org/abs/2505.13855	Supervised ensemble gains lack a released state and like-for-like operating-point and speed evidence.	retain_reject	named dense/MoE baseline or ensemble of domain experts; DoGEN uses learned top-2 domain routing. Supervised ensemble gains lack a released state and like-for-like operating-point and speed evidence.	Full-text source 2505.13855
2505.13855	2505.13855:qwen-moe	Qwen MoE	Qwen MoE	Tables 1-2; every fitted/ensemble configuration crosses 0.90 on MAGE or RAID; DoGEN aggregates are 0.9760 and 0.9581 AUROC	Tables 1-2; every fitted/ensemble configuration crosses 0.90 on MAGE or RAID; DoGEN aggregates are 0.9760 and 0.9581 AUROC	Named submitted/proposed/fitted configuration with a threshold metric or explicit high-performance result in the cited full-text table scope.	https://arxiv.org/abs/2505.13855	Supervised ensemble gains lack a released state and like-for-like operating-point and speed evidence.	retain_reject	named dense/MoE baseline or ensemble of domain experts; DoGEN uses learned top-2 domain routing. Supervised ensemble gains lack a released state and like-for-like operating-point and speed evidence.	Full-text source 2505.13855
2505.13855	2505.13855:equal-vote	Equal Vote	Equal Vote	Tables 1-2; every fitted/ensemble configuration crosses 0.90 on MAGE or RAID; DoGEN aggregates are 0.9760 and 0.9581 AUROC	Tables 1-2; every fitted/ensemble configuration crosses 0.90 on MAGE or RAID; DoGEN aggregates are 0.9760 and 0.9581 AUROC	Named submitted/proposed/fitted configuration with a threshold metric or explicit high-performance result in the cited full-text table scope.	https://arxiv.org/abs/2505.13855	Supervised ensemble gains lack a released state and like-for-like operating-point and speed evidence.	retain_reject	named dense/MoE baseline or ensemble of domain experts; DoGEN uses learned top-2 domain routing. Supervised ensemble gains lack a released state and like-for-like operating-point and speed evidence.	Full-text source 2505.13855
2505.13855	2505.13855:weighted-vote	Weighted Vote	Weighted Vote	Tables 1-2; every fitted/ensemble configuration crosses 0.90 on MAGE or RAID; DoGEN aggregates are 0.9760 and 0.9581 AUROC	Tables 1-2; every fitted/ensemble configuration crosses 0.90 on MAGE or RAID; DoGEN aggregates are 0.9760 and 0.9581 AUROC	Named submitted/proposed/fitted configuration with a threshold metric or explicit high-performance result in the cited full-text table scope.	https://arxiv.org/abs/2505.13855	Supervised ensemble gains lack a released state and like-for-like operating-point and speed evidence.	retain_reject	named dense/MoE baseline or ensemble of domain experts; DoGEN uses learned top-2 domain routing. Supervised ensemble gains lack a released state and like-for-like operating-point and speed evidence.	Full-text source 2505.13855
2505.13855	2505.13855:jt-domain	JT-Domain	JT-Domain	Tables 1-2; every fitted/ensemble configuration crosses 0.90 on MAGE or RAID; DoGEN aggregates are 0.9760 and 0.9581 AUROC	Tables 1-2; every fitted/ensemble configuration crosses 0.90 on MAGE or RAID; DoGEN aggregates are 0.9760 and 0.9581 AUROC	Named submitted/proposed/fitted configuration with a threshold metric or explicit high-performance result in the cited full-text table scope.	https://arxiv.org/abs/2505.13855	Supervised ensemble gains lack a released state and like-for-like operating-point and speed evidence.	retain_reject	named dense/MoE baseline or ensemble of domain experts; DoGEN uses learned top-2 domain routing. Supervised ensemble gains lack a released state and like-for-like operating-point and speed evidence.	Full-text source 2505.13855
2505.13855	2505.13855:jt-scratch	JT-Scratch	JT-Scratch	Tables 1-2; every fitted/ensemble configuration crosses 0.90 on MAGE or RAID; DoGEN aggregates are 0.9760 and 0.9581 AUROC	Tables 1-2; every fitted/ensemble configuration crosses 0.90 on MAGE or RAID; DoGEN aggregates are 0.9760 and 0.9581 AUROC	Named submitted/proposed/fitted configuration with a threshold metric or explicit high-performance result in the cited full-text table scope.	https://arxiv.org/abs/2505.13855	Supervised ensemble gains lack a released state and like-for-like operating-point and speed evidence.	retain_reject	named dense/MoE baseline or ensemble of domain experts; DoGEN uses learned top-2 domain routing. Supervised ensemble gains lack a released state and like-for-like operating-point and speed evidence.	Full-text source 2505.13855
2505.13855	2505.13855:dogen	DoGEN	DoGEN	Tables 1-2; every fitted/ensemble configuration crosses 0.90 on MAGE or RAID; DoGEN aggregates are 0.9760 and 0.9581 AUROC	Tables 1-2; every fitted/ensemble configuration crosses 0.90 on MAGE or RAID; DoGEN aggregates are 0.9760 and 0.9581 AUROC	Named submitted/proposed/fitted configuration with a threshold metric or explicit high-performance result in the cited full-text table scope.	https://arxiv.org/abs/2505.13855	Supervised ensemble gains lack a released state and like-for-like operating-point and speed evidence.	retain_reject	named dense/MoE baseline or ensemble of domain experts; DoGEN uses learned top-2 domain routing. Supervised ensemble gains lack a released state and like-for-like operating-point and speed evidence.	Full-text source 2505.13855
2505.12507	2505.12507:npr	NPR	NPR	Tables 1, 7-18; every listed detector, LM2otifs tokenizer state, or graph ablation has AUC/accuracy >=0.90 on a domain/generator slice; DetectGPT alone never qualifies	Tables 1, 7-18; every listed detector, LM2otifs tokenizer state, or graph ablation has AUC/accuracy >=0.90 on a domain/generator slice; DetectGPT alone never qualifies	Named submitted/proposed/fitted configuration with a threshold metric or explicit high-performance result in the cited full-text table scope.	https://arxiv.org/abs/2505.12507	This is an individually visible comparison result, not LM2otifs itself; the cited table does not establish a new frozen state with like-for-like low-FPR, two-A6000, and near-Binoculars timing evidence.	exclude_multi_perturbation	DetectLLM normalized perturbed log-rank over multiple target-text perturbations. This is an individually visible comparison result, not LM2otifs itself; the cited table does not establish a new frozen state with like-for-like low-FPR, two-A6000, and near-Binoculars timing evidence.	Full-text source 2505.12507
2505.12507	2505.12507:lrr	LRR	LRR	Tables 1, 7-18; every listed detector, LM2otifs tokenizer state, or graph ablation has AUC/accuracy >=0.90 on a domain/generator slice; DetectGPT alone never qualifies	Tables 1, 7-18; every listed detector, LM2otifs tokenizer state, or graph ablation has AUC/accuracy >=0.90 on a domain/generator slice; DetectGPT alone never qualifies	Named submitted/proposed/fitted configuration with a threshold metric or explicit high-performance result in the cited full-text table scope.	https://arxiv.org/abs/2505.12507	This is an individually visible comparison result, not LM2otifs itself; the cited table does not establish a new frozen state with like-for-like low-FPR, two-A6000, and near-Binoculars timing evidence.	retain_reject	named baseline or LM2otifs graph-motif classifier with the stated tokenizer/graph initialization. This is an individually visible comparison result, not LM2otifs itself; the cited table does not establish a new frozen state with like-for-like low-FPR, two-A6000, and near-Binoculars timing evidence.	Full-text source 2505.12507
2505.12507	2505.12507:rank	Rank	Rank	Tables 1, 7-18; every listed detector, LM2otifs tokenizer state, or graph ablation has AUC/accuracy >=0.90 on a domain/generator slice; DetectGPT alone never qualifies	Tables 1, 7-18; every listed detector, LM2otifs tokenizer state, or graph ablation has AUC/accuracy >=0.90 on a domain/generator slice; DetectGPT alone never qualifies	Named submitted/proposed/fitted configuration with a threshold metric or explicit high-performance result in the cited full-text table scope.	https://arxiv.org/abs/2505.12507	This is an individually visible comparison result, not LM2otifs itself; the cited table does not establish a new frozen state with like-for-like low-FPR, two-A6000, and near-Binoculars timing evidence.	retain_reject	named baseline or LM2otifs graph-motif classifier with the stated tokenizer/graph initialization. This is an individually visible comparison result, not LM2otifs itself; the cited table does not establish a new frozen state with like-for-like low-FPR, two-A6000, and near-Binoculars timing evidence.	Full-text source 2505.12507
2505.12507	2505.12507:entropy	Entropy	Entropy	Tables 1, 7-18; every listed detector, LM2otifs tokenizer state, or graph ablation has AUC/accuracy >=0.90 on a domain/generator slice; DetectGPT alone never qualifies	Tables 1, 7-18; every listed detector, LM2otifs tokenizer state, or graph ablation has AUC/accuracy >=0.90 on a domain/generator slice; DetectGPT alone never qualifies	Named submitted/proposed/fitted configuration with a threshold metric or explicit high-performance result in the cited full-text table scope.	https://arxiv.org/abs/2505.12507	This is an individually visible comparison result, not LM2otifs itself; the cited table does not establish a new frozen state with like-for-like low-FPR, two-A6000, and near-Binoculars timing evidence.	retain_reject	named baseline or LM2otifs graph-motif classifier with the stated tokenizer/graph initialization. This is an individually visible comparison result, not LM2otifs itself; the cited table does not establish a new frozen state with like-for-like low-FPR, two-A6000, and near-Binoculars timing evidence.	Full-text source 2505.12507
2505.12507	2505.12507:logrank	LogRank	LogRank	Tables 1, 7-18; every listed detector, LM2otifs tokenizer state, or graph ablation has AUC/accuracy >=0.90 on a domain/generator slice; DetectGPT alone never qualifies	Tables 1, 7-18; every listed detector, LM2otifs tokenizer state, or graph ablation has AUC/accuracy >=0.90 on a domain/generator slice; DetectGPT alone never qualifies	Named submitted/proposed/fitted configuration with a threshold metric or explicit high-performance result in the cited full-text table scope.	https://arxiv.org/abs/2505.12507	This is an individually visible comparison result, not LM2otifs itself; the cited table does not establish a new frozen state with like-for-like low-FPR, two-A6000, and near-Binoculars timing evidence.	retain_reject	named baseline or LM2otifs graph-motif classifier with the stated tokenizer/graph initialization. This is an individually visible comparison result, not LM2otifs itself; the cited table does not establish a new frozen state with like-for-like low-FPR, two-A6000, and near-Binoculars timing evidence.	Full-text source 2505.12507
2505.12507	2505.12507:likelihood	Likelihood	Likelihood	Tables 1, 7-18; every listed detector, LM2otifs tokenizer state, or graph ablation has AUC/accuracy >=0.90 on a domain/generator slice; DetectGPT alone never qualifies	Tables 1, 7-18; every listed detector, LM2otifs tokenizer state, or graph ablation has AUC/accuracy >=0.90 on a domain/generator slice; DetectGPT alone never qualifies	Named submitted/proposed/fitted configuration with a threshold metric or explicit high-performance result in the cited full-text table scope.	https://arxiv.org/abs/2505.12507	This is an individually visible comparison result, not LM2otifs itself; the cited table does not establish a new frozen state with like-for-like low-FPR, two-A6000, and near-Binoculars timing evidence.	retain_reject	named baseline or LM2otifs graph-motif classifier with the stated tokenizer/graph initialization. This is an individually visible comparison result, not LM2otifs itself; the cited table does not establish a new frozen state with like-for-like low-FPR, two-A6000, and near-Binoculars timing evidence.	Full-text source 2505.12507
2505.12507	2505.12507:glimpse	Glimpse	Glimpse	Tables 1, 7-18; every listed detector, LM2otifs tokenizer state, or graph ablation has AUC/accuracy >=0.90 on a domain/generator slice; DetectGPT alone never qualifies	Tables 1, 7-18; every listed detector, LM2otifs tokenizer state, or graph ablation has AUC/accuracy >=0.90 on a domain/generator slice; DetectGPT alone never qualifies	Named submitted/proposed/fitted configuration with a threshold metric or explicit high-performance result in the cited full-text table scope.	https://arxiv.org/abs/2505.12507	This is an individually visible comparison result, not LM2otifs itself; the cited table does not establish a new frozen state with like-for-like low-FPR, two-A6000, and near-Binoculars timing evidence.	retain_reject	named baseline or LM2otifs graph-motif classifier with the stated tokenizer/graph initialization. This is an individually visible comparison result, not LM2otifs itself; the cited table does not establish a new frozen state with like-for-like low-FPR, two-A6000, and near-Binoculars timing evidence.	Full-text source 2505.12507
2505.12507	2505.12507:binoculars	Binoculars	Binoculars	Tables 1, 7-18; every listed detector, LM2otifs tokenizer state, or graph ablation has AUC/accuracy >=0.90 on a domain/generator slice; DetectGPT alone never qualifies	Tables 1, 7-18; every listed detector, LM2otifs tokenizer state, or graph ablation has AUC/accuracy >=0.90 on a domain/generator slice; DetectGPT alone never qualifies	Named submitted/proposed/fitted configuration with a threshold metric or explicit high-performance result in the cited full-text table scope.	https://arxiv.org/abs/2505.12507	This is an individually visible comparison result, not LM2otifs itself; the cited table does not establish a new frozen state with like-for-like low-FPR, two-A6000, and near-Binoculars timing evidence.	retain_reject	named baseline or LM2otifs graph-motif classifier with the stated tokenizer/graph initialization. This is an individually visible comparison result, not LM2otifs itself; the cited table does not establish a new frozen state with like-for-like low-FPR, two-A6000, and near-Binoculars timing evidence.	Full-text source 2505.12507
2505.12507	2505.12507:dnagpt	DNA-GPT	DNA-GPT	Tables 1, 7-18; every listed detector, LM2otifs tokenizer state, or graph ablation has AUC/accuracy >=0.90 on a domain/generator slice; DetectGPT alone never qualifies	Tables 1, 7-18; every listed detector, LM2otifs tokenizer state, or graph ablation has AUC/accuracy >=0.90 on a domain/generator slice; DetectGPT alone never qualifies	Named submitted/proposed/fitted configuration with a threshold metric or explicit high-performance result in the cited full-text table scope.	https://arxiv.org/abs/2505.12507	This is an individually visible comparison result, not LM2otifs itself; the cited table does not establish a new frozen state with like-for-like low-FPR, two-A6000, and near-Binoculars timing evidence.	exclude_regeneration	DNA-GPT scoring over generated continuations. This is an individually visible comparison result, not LM2otifs itself; the cited table does not establish a new frozen state with like-for-like low-FPR, two-A6000, and near-Binoculars timing evidence.	Full-text source 2505.12507
2505.12507	2505.12507:fastdetectgpt	FastDetectGPT	FastDetectGPT	Tables 1, 7-18; every listed detector, LM2otifs tokenizer state, or graph ablation has AUC/accuracy >=0.90 on a domain/generator slice; DetectGPT alone never qualifies	Tables 1, 7-18; every listed detector, LM2otifs tokenizer state, or graph ablation has AUC/accuracy >=0.90 on a domain/generator slice; DetectGPT alone never qualifies	Named submitted/proposed/fitted configuration with a threshold metric or explicit high-performance result in the cited full-text table scope.	https://arxiv.org/abs/2505.12507	This is an individually visible comparison result, not LM2otifs itself; the cited table does not establish a new frozen state with like-for-like low-FPR, two-A6000, and near-Binoculars timing evidence.	retain_reject	named baseline or LM2otifs graph-motif classifier with the stated tokenizer/graph initialization. This is an individually visible comparison result, not LM2otifs itself; the cited table does not establish a new frozen state with like-for-like low-FPR, two-A6000, and near-Binoculars timing evidence.	Full-text source 2505.12507
2505.12507	2505.12507:roberta-qa	RoBERTa-QA	RoBERTa-QA	Tables 1, 7-18; every listed detector, LM2otifs tokenizer state, or graph ablation has AUC/accuracy >=0.90 on a domain/generator slice; DetectGPT alone never qualifies	Tables 1, 7-18; every listed detector, LM2otifs tokenizer state, or graph ablation has AUC/accuracy >=0.90 on a domain/generator slice; DetectGPT alone never qualifies	Named submitted/proposed/fitted configuration with a threshold metric or explicit high-performance result in the cited full-text table scope.	https://arxiv.org/abs/2505.12507	This is an individually visible comparison result, not LM2otifs itself; the cited table does not establish a new frozen state with like-for-like low-FPR, two-A6000, and near-Binoculars timing evidence.	retain_reject	named baseline or LM2otifs graph-motif classifier with the stated tokenizer/graph initialization. This is an individually visible comparison result, not LM2otifs itself; the cited table does not establish a new frozen state with like-for-like low-FPR, two-A6000, and near-Binoculars timing evidence.	Full-text source 2505.12507
2505.12507	2505.12507:radar	RADAR	RADAR	Tables 1, 7-18; every listed detector, LM2otifs tokenizer state, or graph ablation has AUC/accuracy >=0.90 on a domain/generator slice; DetectGPT alone never qualifies	Tables 1, 7-18; every listed detector, LM2otifs tokenizer state, or graph ablation has AUC/accuracy >=0.90 on a domain/generator slice; DetectGPT alone never qualifies	Named submitted/proposed/fitted configuration with a threshold metric or explicit high-performance result in the cited full-text table scope.	https://arxiv.org/abs/2505.12507	This is an individually visible comparison result, not LM2otifs itself; the cited table does not establish a new frozen state with like-for-like low-FPR, two-A6000, and near-Binoculars timing evidence.	retain_reject	named baseline or LM2otifs graph-motif classifier with the stated tokenizer/graph initialization. This is an individually visible comparison result, not LM2otifs itself; the cited table does not establish a new frozen state with like-for-like low-FPR, two-A6000, and near-Binoculars timing evidence.	Full-text source 2505.12507
2505.12507	2505.12507:gptzero	GPTZero	GPTZero	Tables 1, 7-18; every listed detector, LM2otifs tokenizer state, or graph ablation has AUC/accuracy >=0.90 on a domain/generator slice; DetectGPT alone never qualifies	Tables 1, 7-18; every listed detector, LM2otifs tokenizer state, or graph ablation has AUC/accuracy >=0.90 on a domain/generator slice; DetectGPT alone never qualifies	Named submitted/proposed/fitted configuration with a threshold metric or explicit high-performance result in the cited full-text table scope.	https://arxiv.org/abs/2505.12507	This is an individually visible comparison result, not LM2otifs itself; the cited table does not establish a new frozen state with like-for-like low-FPR, two-A6000, and near-Binoculars timing evidence.	retain_reject	named baseline or LM2otifs graph-motif classifier with the stated tokenizer/graph initialization. This is an individually visible comparison result, not LM2otifs itself; the cited table does not establish a new frozen state with like-for-like low-FPR, two-A6000, and near-Binoculars timing evidence.	Full-text source 2505.12507
2505.12507	2505.12507:detective	DeTeCtive	DeTeCtive	Tables 1, 7-18; every listed detector, LM2otifs tokenizer state, or graph ablation has AUC/accuracy >=0.90 on a domain/generator slice; DetectGPT alone never qualifies	Tables 1, 7-18; every listed detector, LM2otifs tokenizer state, or graph ablation has AUC/accuracy >=0.90 on a domain/generator slice; DetectGPT alone never qualifies	Named submitted/proposed/fitted configuration with a threshold metric or explicit high-performance result in the cited full-text table scope.	https://arxiv.org/abs/2505.12507	This is an individually visible comparison result, not LM2otifs itself; the cited table does not establish a new frozen state with like-for-like low-FPR, two-A6000, and near-Binoculars timing evidence.	retain_reject	named baseline or LM2otifs graph-motif classifier with the stated tokenizer/graph initialization. This is an individually visible comparison result, not LM2otifs itself; the cited table does not establish a new frozen state with like-for-like low-FPR, two-A6000, and near-Binoculars timing evidence.	Full-text source 2505.12507
2505.12507	2505.12507:lm2	LM2otifs default	LM2otifs default	Tables 1, 7-18; every listed detector, LM2otifs tokenizer state, or graph ablation has AUC/accuracy >=0.90 on a domain/generator slice; DetectGPT alone never qualifies	Tables 1, 7-18; every listed detector, LM2otifs tokenizer state, or graph ablation has AUC/accuracy >=0.90 on a domain/generator slice; DetectGPT alone never qualifies	Named submitted/proposed/fitted configuration with a threshold metric or explicit high-performance result in the cited full-text table scope.	https://arxiv.org/abs/2505.12507	In-domain accuracy and AUC beat same-table Binoculars, but the OOV path performs nearest-training-vocabulary lookup, cross-domain accuracy trails it, and no comparable detector artifact, timing, or two-A6000 basis is released.	exclude_retrieval	named baseline or LM2otifs graph-motif classifier with the stated tokenizer/graph initialization. In-domain accuracy and AUC beat same-table Binoculars, but the OOV path performs nearest-training-vocabulary lookup, cross-domain accuracy trails it, and no comparable detector artifact, timing, or two-A6000 basis is released.	Full-text source 2505.12507
2505.12507	2505.12507:lm2-gpt2-tokenizer	LM2otifs GPT-2 tokenizer	LM2otifs GPT-2 tokenizer	Tables 1, 7-18; every listed detector, LM2otifs tokenizer state, or graph ablation has AUC/accuracy >=0.90 on a domain/generator slice; DetectGPT alone never qualifies	Tables 1, 7-18; every listed detector, LM2otifs tokenizer state, or graph ablation has AUC/accuracy >=0.90 on a domain/generator slice; DetectGPT alone never qualifies	Named submitted/proposed/fitted configuration with a threshold metric or explicit high-performance result in the cited full-text table scope.	https://arxiv.org/abs/2505.12507	In-domain accuracy and AUC beat same-table Binoculars, but the OOV path performs nearest-training-vocabulary lookup, cross-domain accuracy trails it, and no comparable detector artifact, timing, or two-A6000 basis is released.	exclude_retrieval	named baseline or LM2otifs graph-motif classifier with the stated tokenizer/graph initialization. In-domain accuracy and AUC beat same-table Binoculars, but the OOV path performs nearest-training-vocabulary lookup, cross-domain accuracy trails it, and no comparable detector artifact, timing, or two-A6000 basis is released.	Full-text source 2505.12507
2505.12507	2505.12507:lm2-u	LM2otifs undirected-graph ablation	LM2otifs undirected-graph ablation	Tables 1, 7-18; every listed detector, LM2otifs tokenizer state, or graph ablation has AUC/accuracy >=0.90 on a domain/generator slice; DetectGPT alone never qualifies	Tables 1, 7-18; every listed detector, LM2otifs tokenizer state, or graph ablation has AUC/accuracy >=0.90 on a domain/generator slice; DetectGPT alone never qualifies	Named submitted/proposed/fitted configuration with a threshold metric or explicit high-performance result in the cited full-text table scope.	https://arxiv.org/abs/2505.12507	In-domain accuracy and AUC beat same-table Binoculars, but the OOV path performs nearest-training-vocabulary lookup, cross-domain accuracy trails it, and no comparable detector artifact, timing, or two-A6000 basis is released.	exclude_retrieval	named baseline or LM2otifs graph-motif classifier with the stated tokenizer/graph initialization. In-domain accuracy and AUC beat same-table Binoculars, but the OOV path performs nearest-training-vocabulary lookup, cross-domain accuracy trails it, and no comparable detector artifact, timing, or two-A6000 basis is released.	Full-text source 2505.12507
2505.12507	2505.12507:lm2-w	LM2otifs weighted-graph ablation	LM2otifs weighted-graph ablation	Tables 1, 7-18; every listed detector, LM2otifs tokenizer state, or graph ablation has AUC/accuracy >=0.90 on a domain/generator slice; DetectGPT alone never qualifies	Tables 1, 7-18; every listed detector, LM2otifs tokenizer state, or graph ablation has AUC/accuracy >=0.90 on a domain/generator slice; DetectGPT alone never qualifies	Named submitted/proposed/fitted configuration with a threshold metric or explicit high-performance result in the cited full-text table scope.	https://arxiv.org/abs/2505.12507	In-domain accuracy and AUC beat same-table Binoculars, but the OOV path performs nearest-training-vocabulary lookup, cross-domain accuracy trails it, and no comparable detector artifact, timing, or two-A6000 basis is released.	exclude_retrieval	named baseline or LM2otifs graph-motif classifier with the stated tokenizer/graph initialization. In-domain accuracy and AUC beat same-table Binoculars, but the OOV path performs nearest-training-vocabulary lookup, cross-domain accuracy trails it, and no comparable detector artifact, timing, or two-A6000 basis is released.	Full-text source 2505.12507
2505.12507	2505.12507:lm2-uw	LM2otifs undirected weighted-graph ablation	LM2otifs undirected weighted-graph ablation	Tables 1, 7-18; every listed detector, LM2otifs tokenizer state, or graph ablation has AUC/accuracy >=0.90 on a domain/generator slice; DetectGPT alone never qualifies	Tables 1, 7-18; every listed detector, LM2otifs tokenizer state, or graph ablation has AUC/accuracy >=0.90 on a domain/generator slice; DetectGPT alone never qualifies	Named submitted/proposed/fitted configuration with a threshold metric or explicit high-performance result in the cited full-text table scope.	https://arxiv.org/abs/2505.12507	In-domain accuracy and AUC beat same-table Binoculars, but the OOV path performs nearest-training-vocabulary lookup, cross-domain accuracy trails it, and no comparable detector artifact, timing, or two-A6000 basis is released.	exclude_retrieval	named baseline or LM2otifs graph-motif classifier with the stated tokenizer/graph initialization. In-domain accuracy and AUC beat same-table Binoculars, but the OOV path performs nearest-training-vocabulary lookup, cross-domain accuracy trails it, and no comparable detector artifact, timing, or two-A6000 basis is released.	Full-text source 2505.12507
2505.12507	2505.12507:lm2-no-bert	LM2otifs without BERT token initialization	LM2otifs without BERT token initialization	Tables 1, 7-18; every listed detector, LM2otifs tokenizer state, or graph ablation has AUC/accuracy >=0.90 on a domain/generator slice; DetectGPT alone never qualifies	Tables 1, 7-18; every listed detector, LM2otifs tokenizer state, or graph ablation has AUC/accuracy >=0.90 on a domain/generator slice; DetectGPT alone never qualifies	Named submitted/proposed/fitted configuration with a threshold metric or explicit high-performance result in the cited full-text table scope.	https://arxiv.org/abs/2505.12507	In-domain accuracy and AUC beat same-table Binoculars, but the OOV path performs nearest-training-vocabulary lookup, cross-domain accuracy trails it, and no comparable detector artifact, timing, or two-A6000 basis is released.	exclude_retrieval	named baseline or LM2otifs graph-motif classifier with the stated tokenizer/graph initialization. In-domain accuracy and AUC beat same-table Binoculars, but the OOV path performs nearest-training-vocabulary lookup, cross-domain accuracy trails it, and no comparable detector artifact, timing, or two-A6000 basis is released.	Full-text source 2505.12507
2505.11550	2505.11550:full	Full multifaceted architecture	Full multifaceted architecture	Table 2; Task-A F1 is 0.949 full, 0.994 optimized, and 0.974 simple, while Task-B is 0.190-0.627	Table 2; Task-A F1 is 0.949 full, 0.994 optimized, and 0.974 simple, while Task-B is 0.190-0.627	Named submitted/proposed/fitted configuration with a threshold metric or explicit high-performance result in the cited full-text table scope.	https://arxiv.org/abs/2505.11550	The 0.994 F1 is fifth place on one Defactify binary task; the multi-encoder system has no public trained state, cross-distribution, low-FPR, or speed basis.	retain_reject	named supervised multi-encoder/stylometry architecture. The 0.994 F1 is fifth place on one Defactify binary task; the multi-encoder system has no public trained state, cross-distribution, low-FPR, or speed basis.	Full-text source 2505.11550
2505.11550	2505.11550:optimized	Optimized multifaceted architecture	Optimized multifaceted architecture	Table 2; Task-A F1 is 0.949 full, 0.994 optimized, and 0.974 simple, while Task-B is 0.190-0.627	Table 2; Task-A F1 is 0.949 full, 0.994 optimized, and 0.974 simple, while Task-B is 0.190-0.627	Named submitted/proposed/fitted configuration with a threshold metric or explicit high-performance result in the cited full-text table scope.	https://arxiv.org/abs/2505.11550	The 0.994 F1 is fifth place on one Defactify binary task; the multi-encoder system has no public trained state, cross-distribution, low-FPR, or speed basis.	retain_reject	named supervised multi-encoder/stylometry architecture. The 0.994 F1 is fifth place on one Defactify binary task; the multi-encoder system has no public trained state, cross-distribution, low-FPR, or speed basis.	Full-text source 2505.11550
2505.11550	2505.11550:simple	Simple E5+stylometry architecture	Simple E5+stylometry architecture	Table 2; Task-A F1 is 0.949 full, 0.994 optimized, and 0.974 simple, while Task-B is 0.190-0.627	Table 2; Task-A F1 is 0.949 full, 0.994 optimized, and 0.974 simple, while Task-B is 0.190-0.627	Named submitted/proposed/fitted configuration with a threshold metric or explicit high-performance result in the cited full-text table scope.	https://arxiv.org/abs/2505.11550	The 0.994 F1 is fifth place on one Defactify binary task; the multi-encoder system has no public trained state, cross-distribution, low-FPR, or speed basis.	retain_reject	named supervised multi-encoder/stylometry architecture. The 0.994 F1 is fifth place on one Defactify binary task; the multi-encoder system has no public trained state, cross-distribution, low-FPR, or speed basis.	Full-text source 2505.11550
2505.05084	2505.05084:binoculars-vanilla	Binoculars default threshold	Binoculars default threshold	Tables 2 and 7; vanilla, F1-maximized, Platt, isotonic, and MCP Binoculars thresholds each exceed 0.90 F1 on a reported calibration/evaluation slice	Tables 2 and 7; vanilla, F1-maximized, Platt, isotonic, and MCP Binoculars thresholds each exceed 0.90 F1 on a reported calibration/evaluation slice	Named submitted/proposed/fitted configuration with a threshold metric or explicit high-performance result in the cited full-text table scope.	https://arxiv.org/abs/2505.05084	The method controls FPR after RealDet calibration but ships no DW1 state or whole-detector A6000 comparison.	calibration_watchlist	Binoculars with the named fixed, fitted, or conformal calibration rule. The method controls FPR after RealDet calibration but ships no DW1 state or whole-detector A6000 comparison.	Full-text source 2505.05084
2505.05084	2505.05084:binoculars-max-f1	Binoculars F1-maximizing threshold	Binoculars F1-maximizing threshold	Tables 2 and 7; vanilla, F1-maximized, Platt, isotonic, and MCP Binoculars thresholds each exceed 0.90 F1 on a reported calibration/evaluation slice	Tables 2 and 7; vanilla, F1-maximized, Platt, isotonic, and MCP Binoculars thresholds each exceed 0.90 F1 on a reported calibration/evaluation slice	Named submitted/proposed/fitted configuration with a threshold metric or explicit high-performance result in the cited full-text table scope.	https://arxiv.org/abs/2505.05084	The method controls FPR after RealDet calibration but ships no DW1 state or whole-detector A6000 comparison.	calibration_watchlist	Binoculars with the named fixed, fitted, or conformal calibration rule. The method controls FPR after RealDet calibration but ships no DW1 state or whole-detector A6000 comparison.	Full-text source 2505.05084
2505.05084	2505.05084:binoculars-platt	Binoculars Platt calibration	Binoculars Platt calibration	Tables 2 and 7; vanilla, F1-maximized, Platt, isotonic, and MCP Binoculars thresholds each exceed 0.90 F1 on a reported calibration/evaluation slice	Tables 2 and 7; vanilla, F1-maximized, Platt, isotonic, and MCP Binoculars thresholds each exceed 0.90 F1 on a reported calibration/evaluation slice	Named submitted/proposed/fitted configuration with a threshold metric or explicit high-performance result in the cited full-text table scope.	https://arxiv.org/abs/2505.05084	The method controls FPR after RealDet calibration but ships no DW1 state or whole-detector A6000 comparison.	calibration_watchlist	Binoculars with the named fixed, fitted, or conformal calibration rule. The method controls FPR after RealDet calibration but ships no DW1 state or whole-detector A6000 comparison.	Full-text source 2505.05084
2505.05084	2505.05084:binoculars-isotonic	Binoculars isotonic calibration	Binoculars isotonic calibration	Tables 2 and 7; vanilla, F1-maximized, Platt, isotonic, and MCP Binoculars thresholds each exceed 0.90 F1 on a reported calibration/evaluation slice	Tables 2 and 7; vanilla, F1-maximized, Platt, isotonic, and MCP Binoculars thresholds each exceed 0.90 F1 on a reported calibration/evaluation slice	Named submitted/proposed/fitted configuration with a threshold metric or explicit high-performance result in the cited full-text table scope.	https://arxiv.org/abs/2505.05084	The method controls FPR after RealDet calibration but ships no DW1 state or whole-detector A6000 comparison.	calibration_watchlist	Binoculars with the named fixed, fitted, or conformal calibration rule. The method controls FPR after RealDet calibration but ships no DW1 state or whole-detector A6000 comparison.	Full-text source 2505.05084
2505.05084	2505.05084:binoculars-mcp	Binoculars multiscaled conformal prediction	Binoculars multiscaled conformal prediction	Tables 2 and 7; vanilla, F1-maximized, Platt, isotonic, and MCP Binoculars thresholds each exceed 0.90 F1 on a reported calibration/evaluation slice	Tables 2 and 7; vanilla, F1-maximized, Platt, isotonic, and MCP Binoculars thresholds each exceed 0.90 F1 on a reported calibration/evaluation slice	Named submitted/proposed/fitted configuration with a threshold metric or explicit high-performance result in the cited full-text table scope.	https://arxiv.org/abs/2505.05084	The method controls FPR after RealDet calibration but ships no DW1 state or whole-detector A6000 comparison.	calibration_watchlist	Binoculars with the named fixed, fitted, or conformal calibration rule. The method controls FPR after RealDet calibration but ships no DW1 state or whole-detector A6000 comparison.	Full-text source 2505.05084
2504.21019	2504.21019:uniform	DP-Net+uniform noise	DP-Net+uniform noise	Table 2: training-time uniform-noise DP-Net reaches 96.88% accuracy on Wikipedia/ChatGPT but averages 85.48% over seven unseen domains.	Table 2: training-time uniform-noise DP-Net reaches 96.88% accuracy on Wikipedia/ChatGPT but averages 85.48% over seven unseen domains.	Named submitted/proposed/fitted configuration with a threshold metric or explicit high-performance result in the cited full-text table scope.	https://arxiv.org/abs/2504.21019	Uniform noise is applied to embeddings during training, not inference. The seven-domain average accuracy is 85.48%, and no frozen state, low-FPR result, or fixed A6000 timing supports promotion.	retain_reject	RoBERTa trained with dynamically selected uniform embedding noise. Uniform noise is applied to embeddings during training, not inference. The seven-domain average accuracy is 85.48%, and no frozen state, low-FPR result, or fixed A6000 timing supports promotion.	Full-text source 2504.21019
2504.21019	2504.21019:gaussian	DP-Net+Gaussian noise	DP-Net+Gaussian noise	Table 2: training-time Gaussian-noise DP-Net reaches 96.04% accuracy on Wikipedia/ChatGPT but averages 86.10% over seven unseen domains.	Table 2: training-time Gaussian-noise DP-Net reaches 96.04% accuracy on Wikipedia/ChatGPT but averages 86.10% over seven unseen domains.	Named submitted/proposed/fitted configuration with a threshold metric or explicit high-performance result in the cited full-text table scope.	https://arxiv.org/abs/2504.21019	Gaussian noise is applied to embeddings during training, not inference. The seven-domain average accuracy is 86.10%, and no frozen state, low-FPR result, or fixed A6000 timing supports promotion.	retain_reject	RoBERTa trained with dynamically selected Gaussian embedding noise. Gaussian noise is applied to embeddings during training, not inference. The seven-domain average accuracy is 86.10%, and no frozen state, low-FPR result, or fixed A6000 timing supports promotion.	Full-text source 2504.21019
2504.02873	2504.02873:short-phd	Short-PHD	Short-PHD	main comparisons; Short-PHD is the paper's explicitly best short-text state although its reported aggregate values stay below 0.90	main comparisons; Short-PHD is the paper's explicitly best short-text state although its reported aggregate values stay below 0.90	Named submitted/proposed/fitted configuration with a threshold metric or explicit high-performance result in the cited full-text table scope.	https://arxiv.org/abs/2504.02873	The detector inserts off-topic content into the target, violating the no-rewriting and perturbation gate.	exclude_rewriting	persistent-homology distance after inserting multiple off-topic generated continuations into the target. The detector inserts off-topic content into the target, violating the no-rewriting and perturbation gate.	Full-text source 2504.02873
2503.22338	2503.22338:svc-raidar	SVC with RAIDAR features	SVC with RAIDAR features	Table 2 development F1 is 0.9573 Task A and 0.5403 Task B for SVC with seven-rewrite RAIDAR features; no SVC test row is reported.	Table 2 development F1 is 0.9573 Task A and 0.5403 Task B for SVC with seven-rewrite RAIDAR features; no SVC test row is reported.	Named submitted/proposed/fitted configuration with a threshold metric or explicit high-performance result in the cited full-text table scope.	https://arxiv.org/abs/2503.22338	The result is confined to Defactify development/test data; public feature code ships no fitted classifier, transferable low-FPR calibration, cross-distribution comparison, or fixed A6000 timing.	exclude_rewriting	the named classical classifier over RAIDAR features produced by seven target-text rewrites, optionally concatenated with NELA. The result is confined to Defactify development/test data; public feature code ships no fitted classifier, transferable low-FPR calibration, cross-distribution comparison, or fixed A6000 timing.	Full-text source 2503.22338
2503.22338	2503.22338:svc-nela	SVC with NELA features	SVC with NELA features	Table 2 development F1 is 0.9205 Task A and 0.4585 Task B for SVC with NELA features; no SVC test row is reported.	Table 2 development F1 is 0.9205 Task A and 0.4585 Task B for SVC with NELA features; no SVC test row is reported.	Named submitted/proposed/fitted configuration with a threshold metric or explicit high-performance result in the cited full-text table scope.	https://arxiv.org/abs/2503.22338	The result is confined to Defactify development/test data; public feature code ships no fitted classifier, transferable low-FPR calibration, cross-distribution comparison, or fixed A6000 timing.	retain_reject	the named classical classifier over the non-rewrite NELA feature set. The result is confined to Defactify development/test data; public feature code ships no fitted classifier, transferable low-FPR calibration, cross-distribution comparison, or fixed A6000 timing.	Full-text source 2503.22338
2503.22338	2503.22338:svc-combined	SVC with RAIDAR+NELA features	SVC with RAIDAR+NELA features	Table 2 development F1 is 0.9268 Task A and 0.4337 Task B for SVC with RAIDAR+NELA features; no SVC test row is reported.	Table 2 development F1 is 0.9268 Task A and 0.4337 Task B for SVC with RAIDAR+NELA features; no SVC test row is reported.	Named submitted/proposed/fitted configuration with a threshold metric or explicit high-performance result in the cited full-text table scope.	https://arxiv.org/abs/2503.22338	The result is confined to Defactify development/test data; public feature code ships no fitted classifier, transferable low-FPR calibration, cross-distribution comparison, or fixed A6000 timing.	exclude_rewriting	the named classical classifier over RAIDAR features produced by seven target-text rewrites, optionally concatenated with NELA. The result is confined to Defactify development/test data; public feature code ships no fitted classifier, transferable low-FPR calibration, cross-distribution comparison, or fixed A6000 timing.	Full-text source 2503.22338
2503.22338	2503.22338:rf-raidar	Random Forest with RAIDAR features	Random Forest with RAIDAR features	Table 2 development F1 is 0.9548 Task A and 0.5283 Task B for Random Forest with seven-rewrite RAIDAR features; no Random Forest test row is reported.	Table 2 development F1 is 0.9548 Task A and 0.5283 Task B for Random Forest with seven-rewrite RAIDAR features; no Random Forest test row is reported.	Named submitted/proposed/fitted configuration with a threshold metric or explicit high-performance result in the cited full-text table scope.	https://arxiv.org/abs/2503.22338	The result is confined to Defactify development/test data; public feature code ships no fitted classifier, transferable low-FPR calibration, cross-distribution comparison, or fixed A6000 timing.	exclude_rewriting	the named classical classifier over RAIDAR features produced by seven target-text rewrites, optionally concatenated with NELA. The result is confined to Defactify development/test data; public feature code ships no fitted classifier, transferable low-FPR calibration, cross-distribution comparison, or fixed A6000 timing.	Full-text source 2503.22338
2503.22338	2503.22338:rf-nela	Random Forest with NELA features	Random Forest with NELA features	Table 2 development F1 is 0.9942 Task A and 0.8061 Task B for Random Forest with NELA features; no Random Forest test row is reported.	Table 2 development F1 is 0.9942 Task A and 0.8061 Task B for Random Forest with NELA features; no Random Forest test row is reported.	Named submitted/proposed/fitted configuration with a threshold metric or explicit high-performance result in the cited full-text table scope.	https://arxiv.org/abs/2503.22338	The result is confined to Defactify development/test data; public feature code ships no fitted classifier, transferable low-FPR calibration, cross-distribution comparison, or fixed A6000 timing.	retain_reject	the named classical classifier over the non-rewrite NELA feature set. The result is confined to Defactify development/test data; public feature code ships no fitted classifier, transferable low-FPR calibration, cross-distribution comparison, or fixed A6000 timing.	Full-text source 2503.22338
2503.22338	2503.22338:rf-combined	Random Forest with RAIDAR+NELA features	Random Forest with RAIDAR+NELA features	Table 2 development F1 is 0.9933 Task A and 0.7754 Task B for Random Forest with RAIDAR+NELA features; no Random Forest test row is reported.	Table 2 development F1 is 0.9933 Task A and 0.7754 Task B for Random Forest with RAIDAR+NELA features; no Random Forest test row is reported.	Named submitted/proposed/fitted configuration with a threshold metric or explicit high-performance result in the cited full-text table scope.	https://arxiv.org/abs/2503.22338	The result is confined to Defactify development/test data; public feature code ships no fitted classifier, transferable low-FPR calibration, cross-distribution comparison, or fixed A6000 timing.	exclude_rewriting	the named classical classifier over RAIDAR features produced by seven target-text rewrites, optionally concatenated with NELA. The result is confined to Defactify development/test data; public feature code ships no fitted classifier, transferable low-FPR calibration, cross-distribution comparison, or fixed A6000 timing.	Full-text source 2503.22338
2503.22338	2503.22338:xgb-raidar	XGBoost with RAIDAR features	XGBoost with RAIDAR features	Tables 2-3: XGBoost+RAIDAR F1 is 0.9652/0.5719 on development and 0.9454/0.4410 on test for Tasks A/B.	Tables 2-3: XGBoost+RAIDAR F1 is 0.9652/0.5719 on development and 0.9454/0.4410 on test for Tasks A/B.	Named submitted/proposed/fitted configuration with a threshold metric or explicit high-performance result in the cited full-text table scope.	https://arxiv.org/abs/2503.22338	The result is confined to Defactify development/test data; public feature code ships no fitted classifier, transferable low-FPR calibration, cross-distribution comparison, or fixed A6000 timing.	exclude_rewriting	the named classical classifier over RAIDAR features produced by seven target-text rewrites, optionally concatenated with NELA. The result is confined to Defactify development/test data; public feature code ships no fitted classifier, transferable low-FPR calibration, cross-distribution comparison, or fixed A6000 timing.	Full-text source 2503.22338
2503.22338	2503.22338:xgb-nela	XGBoost with NELA features	XGBoost with NELA features	Tables 2-3: XGBoost+NELA F1 is 0.9979/0.8489 on development and 0.9945/0.7615 on test for Tasks A/B.	Tables 2-3: XGBoost+NELA F1 is 0.9979/0.8489 on development and 0.9945/0.7615 on test for Tasks A/B.	Named submitted/proposed/fitted configuration with a threshold metric or explicit high-performance result in the cited full-text table scope.	https://arxiv.org/abs/2503.22338	The result is confined to Defactify development/test data; public feature code ships no fitted classifier, transferable low-FPR calibration, cross-distribution comparison, or fixed A6000 timing.	retain_reject	the named classical classifier over the non-rewrite NELA feature set. The result is confined to Defactify development/test data; public feature code ships no fitted classifier, transferable low-FPR calibration, cross-distribution comparison, or fixed A6000 timing.	Full-text source 2503.22338
2503.22338	2503.22338:xgb-combined	XGBoost with RAIDAR+NELA features	XGBoost with RAIDAR+NELA features	Tables 2-3: XGBoost+RAIDAR+NELA F1 is 0.9968/0.8430 on development and 0.9917/0.7443 on test for Tasks A/B.	Tables 2-3: XGBoost+RAIDAR+NELA F1 is 0.9968/0.8430 on development and 0.9917/0.7443 on test for Tasks A/B.	Named submitted/proposed/fitted configuration with a threshold metric or explicit high-performance result in the cited full-text table scope.	https://arxiv.org/abs/2503.22338	The result is confined to Defactify development/test data; public feature code ships no fitted classifier, transferable low-FPR calibration, cross-distribution comparison, or fixed A6000 timing.	exclude_rewriting	the named classical classifier over RAIDAR features produced by seven target-text rewrites, optionally concatenated with NELA. The result is confined to Defactify development/test data; public feature code ships no fitted classifier, transferable low-FPR calibration, cross-distribution comparison, or fixed A6000 timing.	Full-text source 2503.22338
2503.00032	2503.00032:exaone-paraphrase	Exaone paraphrase detector	Exaone paraphrase detector	main feature/classifier tables; the Exaone paraphrase detector and nine named KatFishNet feature-learner states cross 0.90 accuracy/F1 on a Korean corpus/domain cell	main feature/classifier tables; the Exaone paraphrase detector and nine named KatFishNet feature-learner states cross 0.90 accuracy/F1 on a Korean corpus/domain cell	Named submitted/proposed/fitted configuration with a threshold metric or explicit high-performance result in the cited full-text table scope.	https://arxiv.org/abs/2503.00032	The AUROC improvement is for a Korean-specific detector and benchmark, not a general English replacement.	reject_scope	named Korean paraphrase detector or classical learner over the stated linguistic feature set. The AUROC improvement is for a Korean-specific detector and benchmark, not a general English replacement.	Full-text source 2503.00032
2503.00032	2503.00032:pos-lr	KatFishNet POS logistic regression	KatFishNet POS logistic regression	main feature/classifier tables; the Exaone paraphrase detector and nine named KatFishNet feature-learner states cross 0.90 accuracy/F1 on a Korean corpus/domain cell	main feature/classifier tables; the Exaone paraphrase detector and nine named KatFishNet feature-learner states cross 0.90 accuracy/F1 on a Korean corpus/domain cell	Named submitted/proposed/fitted configuration with a threshold metric or explicit high-performance result in the cited full-text table scope.	https://arxiv.org/abs/2503.00032	The AUROC improvement is for a Korean-specific detector and benchmark, not a general English replacement.	reject_scope	named Korean paraphrase detector or classical learner over the stated linguistic feature set. The AUROC improvement is for a Korean-specific detector and benchmark, not a general English replacement.	Full-text source 2503.00032
2503.00032	2503.00032:punctuation-lr	KatFishNet punctuation logistic regression	KatFishNet punctuation logistic regression	main feature/classifier tables; the Exaone paraphrase detector and nine named KatFishNet feature-learner states cross 0.90 accuracy/F1 on a Korean corpus/domain cell	main feature/classifier tables; the Exaone paraphrase detector and nine named KatFishNet feature-learner states cross 0.90 accuracy/F1 on a Korean corpus/domain cell	Named submitted/proposed/fitted configuration with a threshold metric or explicit high-performance result in the cited full-text table scope.	https://arxiv.org/abs/2503.00032	The AUROC improvement is for a Korean-specific detector and benchmark, not a general English replacement.	reject_scope	named Korean paraphrase detector or classical learner over the stated linguistic feature set. The AUROC improvement is for a Korean-specific detector and benchmark, not a general English replacement.	Full-text source 2503.00032
2503.00032	2503.00032:pos-rf	KatFishNet POS Random Forest	KatFishNet POS Random Forest	main feature/classifier tables; the Exaone paraphrase detector and nine named KatFishNet feature-learner states cross 0.90 accuracy/F1 on a Korean corpus/domain cell	main feature/classifier tables; the Exaone paraphrase detector and nine named KatFishNet feature-learner states cross 0.90 accuracy/F1 on a Korean corpus/domain cell	Named submitted/proposed/fitted configuration with a threshold metric or explicit high-performance result in the cited full-text table scope.	https://arxiv.org/abs/2503.00032	The AUROC improvement is for a Korean-specific detector and benchmark, not a general English replacement.	reject_scope	named Korean paraphrase detector or classical learner over the stated linguistic feature set. The AUROC improvement is for a Korean-specific detector and benchmark, not a general English replacement.	Full-text source 2503.00032
2503.00032	2503.00032:punctuation-rf	KatFishNet punctuation Random Forest	KatFishNet punctuation Random Forest	main feature/classifier tables; the Exaone paraphrase detector and nine named KatFishNet feature-learner states cross 0.90 accuracy/F1 on a Korean corpus/domain cell	main feature/classifier tables; the Exaone paraphrase detector and nine named KatFishNet feature-learner states cross 0.90 accuracy/F1 on a Korean corpus/domain cell	Named submitted/proposed/fitted configuration with a threshold metric or explicit high-performance result in the cited full-text table scope.	https://arxiv.org/abs/2503.00032	The AUROC improvement is for a Korean-specific detector and benchmark, not a general English replacement.	reject_scope	named Korean paraphrase detector or classical learner over the stated linguistic feature set. The AUROC improvement is for a Korean-specific detector and benchmark, not a general English replacement.	Full-text source 2503.00032
2503.00032	2503.00032:punctuation-svm	KatFishNet punctuation SVM	KatFishNet punctuation SVM	main feature/classifier tables; the Exaone paraphrase detector and nine named KatFishNet feature-learner states cross 0.90 accuracy/F1 on a Korean corpus/domain cell	main feature/classifier tables; the Exaone paraphrase detector and nine named KatFishNet feature-learner states cross 0.90 accuracy/F1 on a Korean corpus/domain cell	Named submitted/proposed/fitted configuration with a threshold metric or explicit high-performance result in the cited full-text table scope.	https://arxiv.org/abs/2503.00032	The AUROC improvement is for a Korean-specific detector and benchmark, not a general English replacement.	reject_scope	named Korean paraphrase detector or classical learner over the stated linguistic feature set. The AUROC improvement is for a Korean-specific detector and benchmark, not a general English replacement.	Full-text source 2503.00032
2503.00032	2503.00032:all-lr	KatFishNet all-feature logistic regression	KatFishNet all-feature logistic regression	main feature/classifier tables; the Exaone paraphrase detector and nine named KatFishNet feature-learner states cross 0.90 accuracy/F1 on a Korean corpus/domain cell	main feature/classifier tables; the Exaone paraphrase detector and nine named KatFishNet feature-learner states cross 0.90 accuracy/F1 on a Korean corpus/domain cell	Named submitted/proposed/fitted configuration with a threshold metric or explicit high-performance result in the cited full-text table scope.	https://arxiv.org/abs/2503.00032	The AUROC improvement is for a Korean-specific detector and benchmark, not a general English replacement.	reject_scope	named Korean paraphrase detector or classical learner over the stated linguistic feature set. The AUROC improvement is for a Korean-specific detector and benchmark, not a general English replacement.	Full-text source 2503.00032
2503.00032	2503.00032:pos-punctuation-lr	KatFishNet POS plus punctuation logistic regression	KatFishNet POS plus punctuation logistic regression	main feature/classifier tables; the Exaone paraphrase detector and nine named KatFishNet feature-learner states cross 0.90 accuracy/F1 on a Korean corpus/domain cell	main feature/classifier tables; the Exaone paraphrase detector and nine named KatFishNet feature-learner states cross 0.90 accuracy/F1 on a Korean corpus/domain cell	Named submitted/proposed/fitted configuration with a threshold metric or explicit high-performance result in the cited full-text table scope.	https://arxiv.org/abs/2503.00032	The AUROC improvement is for a Korean-specific detector and benchmark, not a general English replacement.	reject_scope	named Korean paraphrase detector or classical learner over the stated linguistic feature set. The AUROC improvement is for a Korean-specific detector and benchmark, not a general English replacement.	Full-text source 2503.00032
2503.00032	2503.00032:pos-spacing-lr	KatFishNet POS plus spacing logistic regression	KatFishNet POS plus spacing logistic regression	main feature/classifier tables; the Exaone paraphrase detector and nine named KatFishNet feature-learner states cross 0.90 accuracy/F1 on a Korean corpus/domain cell	main feature/classifier tables; the Exaone paraphrase detector and nine named KatFishNet feature-learner states cross 0.90 accuracy/F1 on a Korean corpus/domain cell	Named submitted/proposed/fitted configuration with a threshold metric or explicit high-performance result in the cited full-text table scope.	https://arxiv.org/abs/2503.00032	The AUROC improvement is for a Korean-specific detector and benchmark, not a general English replacement.	reject_scope	named Korean paraphrase detector or classical learner over the stated linguistic feature set. The AUROC improvement is for a Korean-specific detector and benchmark, not a general English replacement.	Full-text source 2503.00032
2503.00032	2503.00032:punctuation-spacing-lr	KatFishNet punctuation plus spacing logistic regression	KatFishNet punctuation plus spacing logistic regression	main feature/classifier tables; the Exaone paraphrase detector and nine named KatFishNet feature-learner states cross 0.90 accuracy/F1 on a Korean corpus/domain cell	main feature/classifier tables; the Exaone paraphrase detector and nine named KatFishNet feature-learner states cross 0.90 accuracy/F1 on a Korean corpus/domain cell	Named submitted/proposed/fitted configuration with a threshold metric or explicit high-performance result in the cited full-text table scope.	https://arxiv.org/abs/2503.00032	The AUROC improvement is for a Korean-specific detector and benchmark, not a general English replacement.	reject_scope	named Korean paraphrase detector or classical learner over the stated linguistic feature set. The AUROC improvement is for a Korean-specific detector and benchmark, not a general English replacement.	Full-text source 2503.00032
2502.16857	2502.16857:original-xsmall	Original-data DeBERTa-v3-xsmall	Original-data DeBERTa-v3-xsmall	Table 2 test: original-data DeBERTa-v3-xsmall F1 is 0.9521 Task A and 0.2418 Task B.	Table 2 test: original-data DeBERTa-v3-xsmall F1 is 0.9521 Task A and 0.2418 Task B.	Named submitted/proposed/fitted configuration with a threshold metric or explicit high-performance result in the cited full-text table scope.	https://arxiv.org/abs/2502.16857	The result is confined to one Defactify task split; no trained state, cross-distribution test, transferable low-FPR calibration, or fixed A6000 timing is released.	retain_reject	the row-specific DeBERTa size and original/noised training recipe, sequential fine-tune, or 60:40 logit ensemble. The result is confined to one Defactify task split; no trained state, cross-distribution test, transferable low-FPR calibration, or fixed A6000 timing is released.	Full-text source 2502.16857
2502.16857	2502.16857:original-small	Original-data DeBERTa-v3-small	Original-data DeBERTa-v3-small	Table 2 test: original-data DeBERTa-v3-small F1 is 0.9985 Task A and 0.2885 Task B.	Table 2 test: original-data DeBERTa-v3-small F1 is 0.9985 Task A and 0.2885 Task B.	Named submitted/proposed/fitted configuration with a threshold metric or explicit high-performance result in the cited full-text table scope.	https://arxiv.org/abs/2502.16857	The result is confined to one Defactify task split; no trained state, cross-distribution test, transferable low-FPR calibration, or fixed A6000 timing is released.	retain_reject	the row-specific DeBERTa size and original/noised training recipe, sequential fine-tune, or 60:40 logit ensemble. The result is confined to one Defactify task split; no trained state, cross-distribution test, transferable low-FPR calibration, or fixed A6000 timing is released.	Full-text source 2502.16857
2502.16857	2502.16857:original-base	Original-data DeBERTa-v3-base	Original-data DeBERTa-v3-base	Table 2 test: original-data DeBERTa-v3-base F1 is 0.9515 Task A and 0.4322 Task B.	Table 2 test: original-data DeBERTa-v3-base F1 is 0.9515 Task A and 0.4322 Task B.	Named submitted/proposed/fitted configuration with a threshold metric or explicit high-performance result in the cited full-text table scope.	https://arxiv.org/abs/2502.16857	The result is confined to one Defactify task split; no trained state, cross-distribution test, transferable low-FPR calibration, or fixed A6000 timing is released.	retain_reject	the row-specific DeBERTa size and original/noised training recipe, sequential fine-tune, or 60:40 logit ensemble. The result is confined to one Defactify task split; no trained state, cross-distribution test, transferable low-FPR calibration, or fixed A6000 timing is released.	Full-text source 2502.16857
2502.16857	2502.16857:noised-xsmall	Noised-data DeBERTa-v3-xsmall	Noised-data DeBERTa-v3-xsmall	Table 4 test: noised-data DeBERTa-v3-xsmall F1 is 0.9985 Task A and 0.6382 Task B.	Table 4 test: noised-data DeBERTa-v3-xsmall F1 is 0.9985 Task A and 0.6382 Task B.	Named submitted/proposed/fitted configuration with a threshold metric or explicit high-performance result in the cited full-text table scope.	https://arxiv.org/abs/2502.16857	The result is confined to one Defactify task split; no trained state, cross-distribution test, transferable low-FPR calibration, or fixed A6000 timing is released.	retain_reject	the row-specific DeBERTa size and original/noised training recipe, sequential fine-tune, or 60:40 logit ensemble. The result is confined to one Defactify task split; no trained state, cross-distribution test, transferable low-FPR calibration, or fixed A6000 timing is released.	Full-text source 2502.16857
2502.16857	2502.16857:noised-small	Noised-data DeBERTa-v3-small	Noised-data DeBERTa-v3-small	Table 4 test: noised-data DeBERTa-v3-small F1 is 1.0000 Task A and 0.9454 Task B.	Table 4 test: noised-data DeBERTa-v3-small F1 is 1.0000 Task A and 0.9454 Task B.	Named submitted/proposed/fitted configuration with a threshold metric or explicit high-performance result in the cited full-text table scope.	https://arxiv.org/abs/2502.16857	The result is confined to one Defactify task split; no trained state, cross-distribution test, transferable low-FPR calibration, or fixed A6000 timing is released.	retain_reject	the row-specific DeBERTa size and original/noised training recipe, sequential fine-tune, or 60:40 logit ensemble. The result is confined to one Defactify task split; no trained state, cross-distribution test, transferable low-FPR calibration, or fixed A6000 timing is released.	Full-text source 2502.16857
2502.16857	2502.16857:noised-base	Noised-data DeBERTa-v3-base	Noised-data DeBERTa-v3-base	Table 4 test: noised-data DeBERTa-v3-base F1 is 0.9989 Task A and 0.6570 Task B.	Table 4 test: noised-data DeBERTa-v3-base F1 is 0.9989 Task A and 0.6570 Task B.	Named submitted/proposed/fitted configuration with a threshold metric or explicit high-performance result in the cited full-text table scope.	https://arxiv.org/abs/2502.16857	The result is confined to one Defactify task split; no trained state, cross-distribution test, transferable low-FPR calibration, or fixed A6000 timing is released.	retain_reject	the row-specific DeBERTa size and original/noised training recipe, sequential fine-tune, or 60:40 logit ensemble. The result is confined to one Defactify task split; no trained state, cross-distribution test, transferable low-FPR calibration, or fixed A6000 timing is released.	Full-text source 2502.16857
2502.16857	2502.16857:double-small	Double-finetuned DeBERTa-v3-small	Double-finetuned DeBERTa-v3-small	Table 4 test: sequentially double-finetuned DeBERTa-v3-small reports 0.9167 Task-B F1; Task-A is not reported for this row.	Table 4 test: sequentially double-finetuned DeBERTa-v3-small reports 0.9167 Task-B F1; Task-A is not reported for this row.	Named submitted/proposed/fitted configuration with a threshold metric or explicit high-performance result in the cited full-text table scope.	https://arxiv.org/abs/2502.16857	The result is confined to one Defactify task split; no trained state, cross-distribution test, transferable low-FPR calibration, or fixed A6000 timing is released.	retain_reject	the row-specific DeBERTa size and original/noised training recipe, sequential fine-tune, or 60:40 logit ensemble. The result is confined to one Defactify task split; no trained state, cross-distribution test, transferable low-FPR calibration, or fixed A6000 timing is released.	Full-text source 2502.16857
2502.16857	2502.16857:ensemble-small	Weighted small/double-finetune ensemble	Weighted small/double-finetune ensemble	Table 4 test: the 60:40 noised-small/double-finetuned ensemble reports 0.9531 Task-B F1; Task-A is reported only for the best-submission combination.	Table 4 test: the 60:40 noised-small/double-finetuned ensemble reports 0.9531 Task-B F1; Task-A is reported only for the best-submission combination.	Named submitted/proposed/fitted configuration with a threshold metric or explicit high-performance result in the cited full-text table scope.	https://arxiv.org/abs/2502.16857	The result is confined to one Defactify task split; no trained state, cross-distribution test, transferable low-FPR calibration, or fixed A6000 timing is released.	retain_reject	the row-specific DeBERTa size and original/noised training recipe, sequential fine-tune, or 60:40 logit ensemble. The result is confined to one Defactify task split; no trained state, cross-distribution test, transferable low-FPR calibration, or fixed A6000 timing is released.	Full-text source 2502.16857
2502.12734	2502.12734:greater-d	GREATER-D defended detector	GREATER-D defended detector	Table 1: GREATER-D has 1.78% average ASR under text perturbations and 12.42% under adversarial attacks, both best among the compared defenses.	Table 1: GREATER-D has 1.78% average ASR under text perturbations and 12.42% under adversarial attacks, both best among the compared defenses.	Named submitted/proposed/fitted configuration with a threshold metric or explicit high-performance result in the cited full-text table scope.	https://arxiv.org/abs/2502.12734	GREATER's 0.67 percent figure is attack-success reduction, not absolute detector accuracy, and no fixed Binoculars, state, or A6000 result is supplied.	retain_reject	GREATER adversarially trained defense or its query/zero-query target-rewriting attack. GREATER's 0.67 percent figure is attack-success reduction, not absolute detector accuracy, and no fixed Binoculars, state, or A6000 result is supplied.	Full-text source 2502.12734
2502.12734	2502.12734:greater-a-query	GREATER-A query attack	GREATER-A query attack	Table 2 query-based row: GREATER-A reaches 96.58% ASR with 62.63 average queries.	Table 2 query-based row: GREATER-A reaches 96.58% ASR with 62.63 average queries.	Named submitted/proposed/fitted configuration with a threshold metric or explicit high-performance result in the cited full-text table scope.	https://arxiv.org/abs/2502.12734	GREATER's 0.67 percent figure is attack-success reduction, not absolute detector accuracy, and no fixed Binoculars, state, or A6000 result is supplied.	exclude_rewriting	GREATER adversarially trained defense or its query/zero-query target-rewriting attack. GREATER's 0.67 percent figure is attack-success reduction, not absolute detector accuracy, and no fixed Binoculars, state, or A6000 result is supplied.	Full-text source 2502.12734
2502.12734	2502.12734:greater-a-zero-query	GREATER-A zero-query attack	GREATER-A zero-query attack	Table 2 zero-query row: GREATER-A reaches 69.11% ASR.	Table 2 zero-query row: GREATER-A reaches 69.11% ASR.	Named submitted/proposed/fitted configuration with a threshold metric or explicit high-performance result in the cited full-text table scope.	https://arxiv.org/abs/2502.12734	GREATER's 0.67 percent figure is attack-success reduction, not absolute detector accuracy, and no fixed Binoculars, state, or A6000 result is supplied.	exclude_rewriting	GREATER adversarially trained defense or its query/zero-query target-rewriting attack. GREATER's 0.67 percent figure is attack-success reduction, not absolute detector accuracy, and no fixed Binoculars, state, or A6000 result is supplied.	Full-text source 2502.12734
2502.12064	2502.12064:english-gpt2-small	English GPT-2-small GLTR threshold ensemble	English GPT-2-small GLTR threshold ensemble	Table 4 reports the selected English GPT-2-small GLTR threshold ensemble at 0.8019 macro F1; it is separately disposed but below the high-accuracy threshold.	Table 4 reports the selected English GPT-2-small GLTR threshold ensemble at 0.8019 macro F1; it is separately disposed but below the high-accuracy threshold.	Named submitted/proposed/fitted configuration with a threshold metric or explicit high-performance result in the cited full-text table scope.	https://arxiv.org/abs/2502.12064	The best reported macro F1 is 80.19 percent on an older English/Spanish GLTR shared task, below the accuracy-first screen.	reject_scope	GLTR rank-bin features combined by the selected GPT-2 threshold ensemble. The best reported macro F1 is 80.19 percent on an older English/Spanish GLTR shared task, below the accuracy-first screen.	Full-text source 2502.12064
2502.12064	2502.12064:multilingual-gpt2-xl	Multilingual GPT-2-XL GLTR threshold ensemble	Multilingual GPT-2-XL GLTR threshold ensemble	Table 6 reports the selected multilingual GPT-2-XL GLTR threshold ensemble at 0.6620 macro F1; it is separately disposed but below the high-accuracy threshold.	Table 6 reports the selected multilingual GPT-2-XL GLTR threshold ensemble at 0.6620 macro F1; it is separately disposed but below the high-accuracy threshold.	Named submitted/proposed/fitted configuration with a threshold metric or explicit high-performance result in the cited full-text table scope.	https://arxiv.org/abs/2502.12064	The best reported macro F1 is 80.19 percent on an older English/Spanish GLTR shared task, below the accuracy-first screen.	reject_scope	GLTR rank-bin features combined by the selected GPT-2 threshold ensemble. The best reported macro F1 is 80.19 percent on an older English/Spanish GLTR shared task, below the accuracy-first screen.	Full-text source 2502.12064
2502.11336	2502.11336:roberta	RoBERTa	RoBERTa	Table 2 and datastore ablation; RoBERTa, LR-GLTR, DNA-GPT, and all three named ExaGPT datastore states cross 0.90 AUROC on a source/domain cell	Table 2 and datastore ablation; RoBERTa, LR-GLTR, DNA-GPT, and all three named ExaGPT datastore states cross 0.90 AUROC on a source/domain cell	Named submitted/proposed/fitted configuration with a threshold metric or explicit high-performance result in the cited full-text table scope.	https://arxiv.org/abs/2502.11336	This supervised baseline is confined to the paper's example-detection evaluation and adds no new released state or fixed cross-distribution, low-FPR, and two-A6000 evidence.	retain_reject	the directly supervised RoBERTa comparison classifier. This supervised baseline is confined to the paper's example-detection evaluation and adds no new released state or fixed cross-distribution, low-FPR, and two-A6000 evidence.	Full-text source 2502.11336
2502.11336	2502.11336:lr-gltr	Logistic-regression GLTR	Logistic-regression GLTR	Table 2 and datastore ablation; RoBERTa, LR-GLTR, DNA-GPT, and all three named ExaGPT datastore states cross 0.90 AUROC on a source/domain cell	Table 2 and datastore ablation; RoBERTa, LR-GLTR, DNA-GPT, and all three named ExaGPT datastore states cross 0.90 AUROC on a source/domain cell	Named submitted/proposed/fitted configuration with a threshold metric or explicit high-performance result in the cited full-text table scope.	https://arxiv.org/abs/2502.11336	This fitted GLTR-feature baseline adds no released state or fixed cross-distribution, low-FPR, and two-A6000 evidence.	retain_reject	logistic regression over GLTR token-rank features. This fitted GLTR-feature baseline adds no released state or fixed cross-distribution, low-FPR, and two-A6000 evidence.	Full-text source 2502.11336
2502.11336	2502.11336:dna-gpt	DNA-GPT	DNA-GPT	Table 2 and datastore ablation; RoBERTa, LR-GLTR, DNA-GPT, and all three named ExaGPT datastore states cross 0.90 AUROC on a source/domain cell	Table 2 and datastore ablation; RoBERTa, LR-GLTR, DNA-GPT, and all three named ExaGPT datastore states cross 0.90 AUROC on a source/domain cell	Named submitted/proposed/fitted configuration with a threshold metric or explicit high-performance result in the cited full-text table scope.	https://arxiv.org/abs/2502.11336	Inference generates continuations before scoring divergence, violating the no-regeneration boundary.	exclude_regeneration	DNA-GPT scoring over generated continuations. Inference generates continuations before scoring divergence, violating the no-regeneration boundary.	Full-text source 2502.11336
2502.11336	2502.11336:exagpt-2000	ExaGPT 2,000-example datastore	ExaGPT 2,000-example datastore	Table 2 and datastore ablation; RoBERTa, LR-GLTR, DNA-GPT, and all three named ExaGPT datastore states cross 0.90 AUROC on a source/domain cell	Table 2 and datastore ablation; RoBERTa, LR-GLTR, DNA-GPT, and all three named ExaGPT datastore states cross 0.90 AUROC on a source/domain cell	Named submitted/proposed/fitted configuration with a threshold metric or explicit high-performance result in the cited full-text table scope.	https://arxiv.org/abs/2502.11336	Example-based inference is a retrieval lane and therefore excluded before accuracy ranking.	exclude_retrieval	named baseline or nearest-example detector using the stated datastore/index state. Example-based inference is a retrieval lane and therefore excluded before accuracy ranking.	Full-text source 2502.11336
2502.11336	2502.11336:exagpt-500	ExaGPT 500-example datastore	ExaGPT 500-example datastore	Table 2 and datastore ablation; RoBERTa, LR-GLTR, DNA-GPT, and all three named ExaGPT datastore states cross 0.90 AUROC on a source/domain cell	Table 2 and datastore ablation; RoBERTa, LR-GLTR, DNA-GPT, and all three named ExaGPT datastore states cross 0.90 AUROC on a source/domain cell	Named submitted/proposed/fitted configuration with a threshold metric or explicit high-performance result in the cited full-text table scope.	https://arxiv.org/abs/2502.11336	Example-based inference is a retrieval lane and therefore excluded before accuracy ranking.	exclude_retrieval	named baseline or nearest-example detector using the stated datastore/index state. Example-based inference is a retrieval lane and therefore excluded before accuracy ranking.	Full-text source 2502.11336
2502.11336	2502.11336:exagpt-500-ivfpq	ExaGPT 500-example IVFPQ datastore	ExaGPT 500-example IVFPQ datastore	Table 2 and datastore ablation; RoBERTa, LR-GLTR, DNA-GPT, and all three named ExaGPT datastore states cross 0.90 AUROC on a source/domain cell	Table 2 and datastore ablation; RoBERTa, LR-GLTR, DNA-GPT, and all three named ExaGPT datastore states cross 0.90 AUROC on a source/domain cell	Named submitted/proposed/fitted configuration with a threshold metric or explicit high-performance result in the cited full-text table scope.	https://arxiv.org/abs/2502.11336	Example-based inference is a retrieval lane and therefore excluded before accuracy ranking.	exclude_retrieval	named baseline or nearest-example detector using the stated datastore/index state. Example-based inference is a retrieval lane and therefore excluded before accuracy ranking.	Full-text source 2502.11336
2502.04528	2502.04528:fairopt	FairOPT group-adaptive thresholding	FairOPT group-adaptive thresholding	Tables 3 and 8; FairOPT preserves about 0.90 dataset accuracy while reducing disparity, and Desklib with FairOPT or static thresholds crosses 0.90 accuracy/F1 on RAID/MAGE/SemEval slices	Tables 3 and 8; FairOPT preserves about 0.90 dataset accuracy while reducing disparity, and Desklib with FairOPT or static thresholds crosses 0.90 accuracy/F1 on RAID/MAGE/SemEval slices	Named submitted/proposed/fitted configuration with a threshold metric or explicit high-performance result in the cited full-text table scope.	https://arxiv.org/abs/2502.04528	This threshold-optimization study does not release a detector demonstrating fixed DW1 accuracy and speed.	retain_reject	named base detector with static, ROC-derived, or group-adaptive FairOPT thresholds. This threshold-optimization study does not release a detector demonstrating fixed DW1 accuracy and speed.	Full-text source 2502.04528
2502.04528	2502.04528:desklib-fairopt	Desklib with FairOPT thresholds	Desklib with FairOPT thresholds	Tables 3 and 8; FairOPT preserves about 0.90 dataset accuracy while reducing disparity, and Desklib with FairOPT or static thresholds crosses 0.90 accuracy/F1 on RAID/MAGE/SemEval slices	Tables 3 and 8; FairOPT preserves about 0.90 dataset accuracy while reducing disparity, and Desklib with FairOPT or static thresholds crosses 0.90 accuracy/F1 on RAID/MAGE/SemEval slices	Named submitted/proposed/fitted configuration with a threshold metric or explicit high-performance result in the cited full-text table scope.	https://arxiv.org/abs/2502.04528	This threshold-optimization study does not release a detector demonstrating fixed DW1 accuracy and speed.	retain_reject	named base detector with static, ROC-derived, or group-adaptive FairOPT thresholds. This threshold-optimization study does not release a detector demonstrating fixed DW1 accuracy and speed.	Full-text source 2502.04528
2502.04528	2502.04528:desklib-static	Desklib with static threshold	Desklib with static threshold	Tables 3 and 8; FairOPT preserves about 0.90 dataset accuracy while reducing disparity, and Desklib with FairOPT or static thresholds crosses 0.90 accuracy/F1 on RAID/MAGE/SemEval slices	Tables 3 and 8; FairOPT preserves about 0.90 dataset accuracy while reducing disparity, and Desklib with FairOPT or static thresholds crosses 0.90 accuracy/F1 on RAID/MAGE/SemEval slices	Named submitted/proposed/fitted configuration with a threshold metric or explicit high-performance result in the cited full-text table scope.	https://arxiv.org/abs/2502.04528	This threshold-optimization study does not release a detector demonstrating fixed DW1 accuracy and speed.	retain_reject	named base detector with static, ROC-derived, or group-adaptive FairOPT thresholds. This threshold-optimization study does not release a detector demonstrating fixed DW1 accuracy and speed.	Full-text source 2502.04528
2501.18998	2501.18998:fastdetectgpt-baseline	FastDetectGPT unperturbed baseline	FastDetectGPT unperturbed baseline	Table 1 and Appendix Table 5; unperturbed FastDetectGPT and each named embedding-attack state retain AUROC >=0.90 on at least one source/model black-box or white-box cell	Table 1 and Appendix Table 5; unperturbed FastDetectGPT and each named embedding-attack state retain AUROC >=0.90 on at least one source/model black-box or white-box cell	Named submitted/proposed/fitted configuration with a threshold metric or explicit high-performance result in the cited full-text table scope.	https://arxiv.org/abs/2501.18998	SOTA and AUROC values measure an adversarial attack's reduction of detector scores, not a candidate detector.	retain_reject	FastDetectGPT before or after the stated token-replacement embedding attack. SOTA and AUROC values measure an adversarial attack's reduction of detector scores, not a candidate detector.	Full-text source 2501.18998
2501.18998	2501.18998:fastdetectgpt-bert	FastDetectGPT after BERT embedding attack	FastDetectGPT after BERT embedding attack	Table 1 and Appendix Table 5; unperturbed FastDetectGPT and each named embedding-attack state retain AUROC >=0.90 on at least one source/model black-box or white-box cell	Table 1 and Appendix Table 5; unperturbed FastDetectGPT and each named embedding-attack state retain AUROC >=0.90 on at least one source/model black-box or white-box cell	Named submitted/proposed/fitted configuration with a threshold metric or explicit high-performance result in the cited full-text table scope.	https://arxiv.org/abs/2501.18998	SOTA and AUROC values measure an adversarial attack's reduction of detector scores, not a candidate detector.	exclude_rewriting	FastDetectGPT before or after the stated token-replacement embedding attack. SOTA and AUROC values measure an adversarial attack's reduction of detector scores, not a candidate detector.	Full-text source 2501.18998
2501.18998	2501.18998:fastdetectgpt-elmo	FastDetectGPT after ELMo embedding attack	FastDetectGPT after ELMo embedding attack	Table 1 and Appendix Table 5; unperturbed FastDetectGPT and each named embedding-attack state retain AUROC >=0.90 on at least one source/model black-box or white-box cell	Table 1 and Appendix Table 5; unperturbed FastDetectGPT and each named embedding-attack state retain AUROC >=0.90 on at least one source/model black-box or white-box cell	Named submitted/proposed/fitted configuration with a threshold metric or explicit high-performance result in the cited full-text table scope.	https://arxiv.org/abs/2501.18998	SOTA and AUROC values measure an adversarial attack's reduction of detector scores, not a candidate detector.	exclude_rewriting	FastDetectGPT before or after the stated token-replacement embedding attack. SOTA and AUROC values measure an adversarial attack's reduction of detector scores, not a candidate detector.	Full-text source 2501.18998
2501.18998	2501.18998:fastdetectgpt-fasttext	FastDetectGPT after FastText embedding attack	FastDetectGPT after FastText embedding attack	Table 1 and Appendix Table 5; unperturbed FastDetectGPT and each named embedding-attack state retain AUROC >=0.90 on at least one source/model black-box or white-box cell	Table 1 and Appendix Table 5; unperturbed FastDetectGPT and each named embedding-attack state retain AUROC >=0.90 on at least one source/model black-box or white-box cell	Named submitted/proposed/fitted configuration with a threshold metric or explicit high-performance result in the cited full-text table scope.	https://arxiv.org/abs/2501.18998	SOTA and AUROC values measure an adversarial attack's reduction of detector scores, not a candidate detector.	exclude_rewriting	FastDetectGPT before or after the stated token-replacement embedding attack. SOTA and AUROC values measure an adversarial attack's reduction of detector scores, not a candidate detector.	Full-text source 2501.18998
2501.18998	2501.18998:fastdetectgpt-glove	FastDetectGPT after GloVe embedding attack	FastDetectGPT after GloVe embedding attack	Table 1 and Appendix Table 5; unperturbed FastDetectGPT and each named embedding-attack state retain AUROC >=0.90 on at least one source/model black-box or white-box cell	Table 1 and Appendix Table 5; unperturbed FastDetectGPT and each named embedding-attack state retain AUROC >=0.90 on at least one source/model black-box or white-box cell	Named submitted/proposed/fitted configuration with a threshold metric or explicit high-performance result in the cited full-text table scope.	https://arxiv.org/abs/2501.18998	SOTA and AUROC values measure an adversarial attack's reduction of detector scores, not a candidate detector.	exclude_rewriting	FastDetectGPT before or after the stated token-replacement embedding attack. SOTA and AUROC values measure an adversarial attack's reduction of detector scores, not a candidate detector.	Full-text source 2501.18998
2501.18998	2501.18998:fastdetectgpt-tmae	FastDetectGPT after TM-AE embedding attack	FastDetectGPT after TM-AE embedding attack	Table 1 and Appendix Table 5; unperturbed FastDetectGPT and each named embedding-attack state retain AUROC >=0.90 on at least one source/model black-box or white-box cell	Table 1 and Appendix Table 5; unperturbed FastDetectGPT and each named embedding-attack state retain AUROC >=0.90 on at least one source/model black-box or white-box cell	Named submitted/proposed/fitted configuration with a threshold metric or explicit high-performance result in the cited full-text table scope.	https://arxiv.org/abs/2501.18998	SOTA and AUROC values measure an adversarial attack's reduction of detector scores, not a candidate detector.	exclude_rewriting	FastDetectGPT before or after the stated token-replacement embedding attack. SOTA and AUROC values measure an adversarial attack's reduction of detector scores, not a candidate detector.	Full-text source 2501.18998
2501.18998	2501.18998:fastdetectgpt-word2vec	FastDetectGPT after Word2Vec embedding attack	FastDetectGPT after Word2Vec embedding attack	Table 1 and Appendix Table 5; unperturbed FastDetectGPT and each named embedding-attack state retain AUROC >=0.90 on at least one source/model black-box or white-box cell	Table 1 and Appendix Table 5; unperturbed FastDetectGPT and each named embedding-attack state retain AUROC >=0.90 on at least one source/model black-box or white-box cell	Named submitted/proposed/fitted configuration with a threshold metric or explicit high-performance result in the cited full-text table scope.	https://arxiv.org/abs/2501.18998	SOTA and AUROC values measure an adversarial attack's reduction of detector scores, not a candidate detector.	exclude_rewriting	FastDetectGPT before or after the stated token-replacement embedding attack. SOTA and AUROC values measure an adversarial attack's reduction of detector scores, not a candidate detector.	Full-text source 2501.18998
2501.14288	2501.14288:deberta	DeBERTa-v3-large	DeBERTa-v3-large	Table I; DeBERTa, its three staged architecture/training states, and the final ensemble report AUC 91.2%-94.7%, while F1/Pearson are lower	Table I; DeBERTa, its three staged architecture/training states, and the final ensemble report AUC 91.2%-94.7%, while F1/Pearson are lower	Named submitted/proposed/fitted configuration with a threshold metric or explicit high-performance result in the cited full-text table scope.	https://arxiv.org/abs/2501.14288	Table I gives five named DeBERTa, architecture-stage, and ensemble results with 91.2%-94.7% AUC; none has a public frozen state, cross-distribution evidence, low-FPR calibration, or fixed A6000 timing.	retain_reject	DeBERTa semantic-similarity architecture with the stated LSTM, attention, target-shuffling, or ensemble stage. Table I gives five named DeBERTa, architecture-stage, and ensemble results with 91.2%-94.7% AUC; none has a public frozen state, cross-distribution evidence, low-FPR calibration, or fixed A6000 timing.	Full-text source 2501.14288
2501.14288	2501.14288:deberta-lstm	DeBERTa plus bidirectional LSTM	DeBERTa plus bidirectional LSTM	Table I; DeBERTa, its three staged architecture/training states, and the final ensemble report AUC 91.2%-94.7%, while F1/Pearson are lower	Table I; DeBERTa, its three staged architecture/training states, and the final ensemble report AUC 91.2%-94.7%, while F1/Pearson are lower	Named submitted/proposed/fitted configuration with a threshold metric or explicit high-performance result in the cited full-text table scope.	https://arxiv.org/abs/2501.14288	Table I gives five named DeBERTa, architecture-stage, and ensemble results with 91.2%-94.7% AUC; none has a public frozen state, cross-distribution evidence, low-FPR calibration, or fixed A6000 timing.	retain_reject	DeBERTa semantic-similarity architecture with the stated LSTM, attention, target-shuffling, or ensemble stage. Table I gives five named DeBERTa, architecture-stage, and ensemble results with 91.2%-94.7% AUC; none has a public frozen state, cross-distribution evidence, low-FPR calibration, or fixed A6000 timing.	Full-text source 2501.14288
2501.14288	2501.14288:deberta-lstm-attention	DeBERTa plus LSTM and linear attention	DeBERTa plus LSTM and linear attention	Table I; DeBERTa, its three staged architecture/training states, and the final ensemble report AUC 91.2%-94.7%, while F1/Pearson are lower	Table I; DeBERTa, its three staged architecture/training states, and the final ensemble report AUC 91.2%-94.7%, while F1/Pearson are lower	Named submitted/proposed/fitted configuration with a threshold metric or explicit high-performance result in the cited full-text table scope.	https://arxiv.org/abs/2501.14288	Table I gives five named DeBERTa, architecture-stage, and ensemble results with 91.2%-94.7% AUC; none has a public frozen state, cross-distribution evidence, low-FPR calibration, or fixed A6000 timing.	retain_reject	DeBERTa semantic-similarity architecture with the stated LSTM, attention, target-shuffling, or ensemble stage. Table I gives five named DeBERTa, architecture-stage, and ensemble results with 91.2%-94.7% AUC; none has a public frozen state, cross-distribution evidence, low-FPR calibration, or fixed A6000 timing.	Full-text source 2501.14288
2501.14288	2501.14288:target-shuffling	DeBERTa plus LSTM, attention, and target shuffling	DeBERTa plus LSTM, attention, and target shuffling	Table I; DeBERTa, its three staged architecture/training states, and the final ensemble report AUC 91.2%-94.7%, while F1/Pearson are lower	Table I; DeBERTa, its three staged architecture/training states, and the final ensemble report AUC 91.2%-94.7%, while F1/Pearson are lower	Named submitted/proposed/fitted configuration with a threshold metric or explicit high-performance result in the cited full-text table scope.	https://arxiv.org/abs/2501.14288	Table I gives five named DeBERTa, architecture-stage, and ensemble results with 91.2%-94.7% AUC; none has a public frozen state, cross-distribution evidence, low-FPR calibration, or fixed A6000 timing.	retain_reject	DeBERTa semantic-similarity architecture with the stated LSTM, attention, target-shuffling, or ensemble stage. Table I gives five named DeBERTa, architecture-stage, and ensemble results with 91.2%-94.7% AUC; none has a public frozen state, cross-distribution evidence, low-FPR calibration, or fixed A6000 timing.	Full-text source 2501.14288
2501.14288	2501.14288:ensemble	Semantic-similarity ensemble	Semantic-similarity ensemble	Table I; DeBERTa, its three staged architecture/training states, and the final ensemble report AUC 91.2%-94.7%, while F1/Pearson are lower	Table I; DeBERTa, its three staged architecture/training states, and the final ensemble report AUC 91.2%-94.7%, while F1/Pearson are lower	Named submitted/proposed/fitted configuration with a threshold metric or explicit high-performance result in the cited full-text table scope.	https://arxiv.org/abs/2501.14288	Table I gives five named DeBERTa, architecture-stage, and ensemble results with 91.2%-94.7% AUC; none has a public frozen state, cross-distribution evidence, low-FPR calibration, or fixed A6000 timing.	retain_reject	DeBERTa semantic-similarity architecture with the stated LSTM, attention, target-shuffling, or ensemble stage. Table I gives five named DeBERTa, architecture-stage, and ensemble results with 91.2%-94.7% AUC; none has a public frozen state, cross-distribution evidence, low-FPR calibration, or fixed A6000 timing.	Full-text source 2501.14288
2501.11914	2501.11914:inverse-perplexity-en	LuxVeri English inverse-perplexity ensemble	LuxVeri English inverse-perplexity ensemble	Table 5 reports the selected English Inverse Perplexity ensemble at 0.7458 macro F1; it is separately disposed but below the high-accuracy threshold.	Table 5 reports the selected English Inverse Perplexity ensemble at 0.7458 macro F1; it is separately disposed but below the high-accuracy threshold.	Named submitted/proposed/fitted configuration with a threshold metric or explicit high-performance result in the cited full-text table scope.	https://arxiv.org/abs/2501.11914	The 0.7458 English and 0.7513 multilingual macro F1 values are shared-task results below the accuracy-first screen.	reject_scope	inverse-perplexity soft-voting over the named English or multilingual encoder ensemble. The 0.7458 English and 0.7513 multilingual macro F1 values are shared-task results below the accuracy-first screen.	Full-text source 2501.11914
2501.11914	2501.11914:inverse-perplexity-multi	LuxVeri multilingual inverse-perplexity ensemble	LuxVeri multilingual inverse-perplexity ensemble	Table 5 reports the selected multilingual Inverse Perplexity ensemble at 0.7513 macro F1; it is separately disposed but below the high-accuracy threshold.	Table 5 reports the selected multilingual Inverse Perplexity ensemble at 0.7513 macro F1; it is separately disposed but below the high-accuracy threshold.	Named submitted/proposed/fitted configuration with a threshold metric or explicit high-performance result in the cited full-text table scope.	https://arxiv.org/abs/2501.11914	The 0.7458 English and 0.7513 multilingual macro F1 values are shared-task results below the accuracy-first screen.	reject_scope	inverse-perplexity soft-voting over the named English or multilingual encoder ensemble. The 0.7458 English and 0.7513 multilingual macro F1 values are shared-task results below the accuracy-first screen.	Full-text source 2501.11914
2501.03940	2501.03940:radar-ft	RADAR-FT comparator	RADAR-FT comparator	Table 4 reproduces the RADAR-FT comparator at AUROC 0.99 in-domain, 0.97 out-of-domain, and 0.98 overall; these are prior-work comparison values rather than a PAWN artifact.	Table 4 reproduces the RADAR-FT comparator at AUROC 0.99 in-domain, 0.97 out-of-domain, and 0.98 overall; these are prior-work comparison values rather than a PAWN artifact.	Named submitted/proposed/fitted configuration with a threshold metric or explicit high-performance result in the cited full-text table scope.	https://arxiv.org/abs/2501.03940	This is a prior-work comparator; the bound paper provides no exact released RADAR-FT revision or checkpoint and no matched low-FPR, cross-distribution, or fixed two-A6000 near-Binoculars timing basis.	retain_reject	the prior RADAR adversarially trained RoBERTa detector after the paper's named fine-tuning setting. This is a prior-work comparator; the bound paper provides no exact released RADAR-FT revision or checkpoint and no matched low-FPR, cross-distribution, or fixed two-A6000 near-Binoculars timing basis.	Full-text source 2501.03940
2501.03940	2501.03940:m4-roberta-base	Five-epoch RoBERTa-base M4 baseline	Five-epoch RoBERTa-base M4 baseline	Table 9 reports the authors' RoBERTa-base baseline after five training epochs on M4: mean out-of-domain AUROC 0.970, with individual domain cells as high as 1.000.	Table 9 reports the authors' RoBERTa-base baseline after five training epochs on M4: mean out-of-domain AUROC 0.970, with individual domain cells as high as 1.000.	Named submitted/proposed/fitted configuration with a threshold metric or explicit high-performance result in the cited full-text table scope.	https://arxiv.org/abs/2501.03940	The high score is the authors' M4-fitted baseline. No fitted state, transferable low-FPR calibration, or fixed A6000 timing is released; the paper's convenience timing uses one RTX 3090 rather than the required matched two-A6000 screen.	retain_reject	a directly supervised RoBERTa-base sequence classifier trained by the PAWN authors on M4 for five epochs. The high score is the authors' M4-fitted baseline. No fitted state, transferable low-FPR calibration, or fixed A6000 timing is released; the paper's convenience timing uses one RTX 3090 rather than the required matched two-A6000 screen.	Full-text source 2501.03940
2501.03940	2501.03940:m4-xlm-roberta	M4 XLM-RoBERTa comparator	M4 XLM-RoBERTa comparator	Table 9 reports the fitted XLM-RoBERTa M4 comparator at 92.18% accuracy and 92.12% macro F1 on Arabic, and 94.39% on both metrics for Urdu; AUROC is not reported for this column.	Table 9 reports the fitted XLM-RoBERTa M4 comparator at 92.18% accuracy and 92.12% macro F1 on Arabic, and 94.39% on both metrics for Urdu; AUROC is not reported for this column.	Named submitted/proposed/fitted configuration with a threshold metric or explicit high-performance result in the cited full-text table scope.	https://arxiv.org/abs/2501.03940	This separately named PAWN-table state crosses 0.90 on at least one reported slice, but the paper supplies no exact frozen state with transferable low-FPR, cross-distribution, and fixed two-A6000 near-Binoculars evidence.	retain_reject	a directly supervised XLM-RoBERTa comparison classifier fitted on M4. This separately named PAWN-table state crosses 0.90 on at least one reported slice, but the paper supplies no exact frozen state with transferable low-FPR, cross-distribution, and fixed two-A6000 near-Binoculars evidence.	Full-text source 2501.03940
2501.03940	2501.03940:mage-longformer	MAGE Longformer comparator	MAGE Longformer comparator	Tables 4-12; the fitted and prior comparator states, M4 baselines, every PAWN/branch/ensemble, the MAGE-pretrained states, and the separately one-epoch RAID-fitted states have a threshold metric >=0.90 on a reported slice; PAWN paraphrase AUROC is 0.528-0.755 and RAID uses per-domain 5% FPR thresholds	Tables 4-12; the fitted and prior comparator states, M4 baselines, every PAWN/branch/ensemble, the MAGE-pretrained states, and the separately one-epoch RAID-fitted states have a threshold metric >=0.90 on a reported slice; PAWN paraphrase AUROC is 0.528-0.755 and RAID uses per-domain 5% FPR thresholds	Named submitted/proposed/fitted configuration with a threshold metric or explicit high-performance result in the cited full-text table scope.	https://arxiv.org/abs/2501.03940	This separately named PAWN-table state crosses 0.90 on at least one reported slice, but the paper supplies no exact frozen state with transferable low-FPR, cross-distribution, and fixed two-A6000 near-Binoculars evidence.	retain_reject	the directly supervised 4,096-token Longformer detector fitted on MAGE. This separately named PAWN-table state crosses 0.90 on at least one reported slice, but the paper supplies no exact frozen state with transferable low-FPR, cross-distribution, and fixed two-A6000 near-Binoculars evidence.	Full-text source 2501.03940
2501.03940	2501.03940:gltr	GLTR comparator	GLTR comparator	Tables 4-12; the fitted and prior comparator states, M4 baselines, every PAWN/branch/ensemble, the MAGE-pretrained states, and the separately one-epoch RAID-fitted states have a threshold metric >=0.90 on a reported slice; PAWN paraphrase AUROC is 0.528-0.755 and RAID uses per-domain 5% FPR thresholds	Tables 4-12; the fitted and prior comparator states, M4 baselines, every PAWN/branch/ensemble, the MAGE-pretrained states, and the separately one-epoch RAID-fitted states have a threshold metric >=0.90 on a reported slice; PAWN paraphrase AUROC is 0.528-0.755 and RAID uses per-domain 5% FPR thresholds	Named submitted/proposed/fitted configuration with a threshold metric or explicit high-performance result in the cited full-text table scope.	https://arxiv.org/abs/2501.03940	This separately named PAWN-table state crosses 0.90 on at least one reported slice, but the paper supplies no exact frozen state with transferable low-FPR, cross-distribution, and fixed two-A6000 near-Binoculars evidence.	retain_reject	the GLTR token-rank-bin heuristic detector. This separately named PAWN-table state crosses 0.90 on at least one reported slice, but the paper supplies no exact frozen state with transferable low-FPR, cross-distribution, and fixed two-A6000 near-Binoculars evidence.	Full-text source 2501.03940
2501.03940	2501.03940:raid-rb-gpt2	RAID RoBERTa-base GPT-2-output detector	RAID RoBERTa-base GPT-2-output detector	Tables 4-12; the fitted and prior comparator states, M4 baselines, every PAWN/branch/ensemble, the MAGE-pretrained states, and the separately one-epoch RAID-fitted states have a threshold metric >=0.90 on a reported slice; PAWN paraphrase AUROC is 0.528-0.755 and RAID uses per-domain 5% FPR thresholds	Tables 4-12; the fitted and prior comparator states, M4 baselines, every PAWN/branch/ensemble, the MAGE-pretrained states, and the separately one-epoch RAID-fitted states have a threshold metric >=0.90 on a reported slice; PAWN paraphrase AUROC is 0.528-0.755 and RAID uses per-domain 5% FPR thresholds	Named submitted/proposed/fitted configuration with a threshold metric or explicit high-performance result in the cited full-text table scope.	https://arxiv.org/abs/2501.03940	This separately named PAWN-table state crosses 0.90 on at least one reported slice, but the paper supplies no exact frozen state with transferable low-FPR, cross-distribution, and fixed two-A6000 near-Binoculars evidence.	retain_reject	the published RoBERTa-base GPT-2 detector evaluated on RAID without RAID fitting. This separately named PAWN-table state crosses 0.90 on at least one reported slice, but the paper supplies no exact frozen state with transferable low-FPR, cross-distribution, and fixed two-A6000 near-Binoculars evidence.	Full-text source 2501.03940
2501.03940	2501.03940:raid-rl-gpt2	RAID RoBERTa-large GPT-2-output detector	RAID RoBERTa-large GPT-2-output detector	Tables 4-12; the fitted and prior comparator states, M4 baselines, every PAWN/branch/ensemble, the MAGE-pretrained states, and the separately one-epoch RAID-fitted states have a threshold metric >=0.90 on a reported slice; PAWN paraphrase AUROC is 0.528-0.755 and RAID uses per-domain 5% FPR thresholds	Tables 4-12; the fitted and prior comparator states, M4 baselines, every PAWN/branch/ensemble, the MAGE-pretrained states, and the separately one-epoch RAID-fitted states have a threshold metric >=0.90 on a reported slice; PAWN paraphrase AUROC is 0.528-0.755 and RAID uses per-domain 5% FPR thresholds	Named submitted/proposed/fitted configuration with a threshold metric or explicit high-performance result in the cited full-text table scope.	https://arxiv.org/abs/2501.03940	This separately named PAWN-table state crosses 0.90 on at least one reported slice, but the paper supplies no exact frozen state with transferable low-FPR, cross-distribution, and fixed two-A6000 near-Binoculars evidence.	retain_reject	the published RoBERTa-large GPT-2 detector evaluated on RAID without RAID fitting. This separately named PAWN-table state crosses 0.90 on at least one reported slice, but the paper supplies no exact frozen state with transferable low-FPR, cross-distribution, and fixed two-A6000 near-Binoculars evidence.	Full-text source 2501.03940
2501.03940	2501.03940:raid-rb-cgpt	RAID RoBERTa-base HC3 detector	RAID RoBERTa-base HC3 detector	Tables 4-12; the fitted and prior comparator states, M4 baselines, every PAWN/branch/ensemble, the MAGE-pretrained states, and the separately one-epoch RAID-fitted states have a threshold metric >=0.90 on a reported slice; PAWN paraphrase AUROC is 0.528-0.755 and RAID uses per-domain 5% FPR thresholds	Tables 4-12; the fitted and prior comparator states, M4 baselines, every PAWN/branch/ensemble, the MAGE-pretrained states, and the separately one-epoch RAID-fitted states have a threshold metric >=0.90 on a reported slice; PAWN paraphrase AUROC is 0.528-0.755 and RAID uses per-domain 5% FPR thresholds	Named submitted/proposed/fitted configuration with a threshold metric or explicit high-performance result in the cited full-text table scope.	https://arxiv.org/abs/2501.03940	This separately named PAWN-table state crosses 0.90 on at least one reported slice, but the paper supplies no exact frozen state with transferable low-FPR, cross-distribution, and fixed two-A6000 near-Binoculars evidence.	retain_reject	the published RoBERTa-base ChatGPT detector evaluated on RAID without RAID fitting. This separately named PAWN-table state crosses 0.90 on at least one reported slice, but the paper supplies no exact frozen state with transferable low-FPR, cross-distribution, and fixed two-A6000 near-Binoculars evidence.	Full-text source 2501.03940
2501.03940	2501.03940:raid-radar	RAID RADAR comparator	RAID RADAR comparator	Tables 4-12; the fitted and prior comparator states, M4 baselines, every PAWN/branch/ensemble, the MAGE-pretrained states, and the separately one-epoch RAID-fitted states have a threshold metric >=0.90 on a reported slice; PAWN paraphrase AUROC is 0.528-0.755 and RAID uses per-domain 5% FPR thresholds	Tables 4-12; the fitted and prior comparator states, M4 baselines, every PAWN/branch/ensemble, the MAGE-pretrained states, and the separately one-epoch RAID-fitted states have a threshold metric >=0.90 on a reported slice; PAWN paraphrase AUROC is 0.528-0.755 and RAID uses per-domain 5% FPR thresholds	Named submitted/proposed/fitted configuration with a threshold metric or explicit high-performance result in the cited full-text table scope.	https://arxiv.org/abs/2501.03940	This separately named PAWN-table state crosses 0.90 on at least one reported slice, but the paper supplies no exact frozen state with transferable low-FPR, cross-distribution, and fixed two-A6000 near-Binoculars evidence.	retain_reject	the published adversarially trained RADAR detector evaluated on RAID without RAID fitting. This separately named PAWN-table state crosses 0.90 on at least one reported slice, but the paper supplies no exact frozen state with transferable low-FPR, cross-distribution, and fixed two-A6000 near-Binoculars evidence.	Full-text source 2501.03940
2501.03940	2501.03940:raid-fastdetectgpt	RAID FastDetectGPT comparator	RAID FastDetectGPT comparator	Tables 4-12; the fitted and prior comparator states, M4 baselines, every PAWN/branch/ensemble, the MAGE-pretrained states, and the separately one-epoch RAID-fitted states have a threshold metric >=0.90 on a reported slice; PAWN paraphrase AUROC is 0.528-0.755 and RAID uses per-domain 5% FPR thresholds	Tables 4-12; the fitted and prior comparator states, M4 baselines, every PAWN/branch/ensemble, the MAGE-pretrained states, and the separately one-epoch RAID-fitted states have a threshold metric >=0.90 on a reported slice; PAWN paraphrase AUROC is 0.528-0.755 and RAID uses per-domain 5% FPR thresholds	Named submitted/proposed/fitted configuration with a threshold metric or explicit high-performance result in the cited full-text table scope.	https://arxiv.org/abs/2501.03940	This separately named PAWN-table state crosses 0.90 on at least one reported slice, but the paper supplies no exact frozen state with transferable low-FPR, cross-distribution, and fixed two-A6000 near-Binoculars evidence.	retain_reject	the FastDetectGPT conditional-probability-curvature statistic. This separately named PAWN-table state crosses 0.90 on at least one reported slice, but the paper supplies no exact frozen state with transferable low-FPR, cross-distribution, and fixed two-A6000 near-Binoculars evidence.	Full-text source 2501.03940
2501.03940	2501.03940:raid-binoculars	RAID Binoculars comparator	RAID Binoculars comparator	Tables 4-12; the fitted and prior comparator states, M4 baselines, every PAWN/branch/ensemble, the MAGE-pretrained states, and the separately one-epoch RAID-fitted states have a threshold metric >=0.90 on a reported slice; PAWN paraphrase AUROC is 0.528-0.755 and RAID uses per-domain 5% FPR thresholds	Tables 4-12; the fitted and prior comparator states, M4 baselines, every PAWN/branch/ensemble, the MAGE-pretrained states, and the separately one-epoch RAID-fitted states have a threshold metric >=0.90 on a reported slice; PAWN paraphrase AUROC is 0.528-0.755 and RAID uses per-domain 5% FPR thresholds	Named submitted/proposed/fitted configuration with a threshold metric or explicit high-performance result in the cited full-text table scope.	https://arxiv.org/abs/2501.03940	This separately named PAWN-table state crosses 0.90 on at least one reported slice, but the paper supplies no exact frozen state with transferable low-FPR, cross-distribution, and fixed two-A6000 near-Binoculars evidence.	retain_reject	the Binoculars cross-model perplexity-ratio statistic. This separately named PAWN-table state crosses 0.90 on at least one reported slice, but the paper supplies no exact frozen state with transferable low-FPR, cross-distribution, and fixed two-A6000 near-Binoculars evidence.	Full-text source 2501.03940
2501.03940	2501.03940:raid-gptzero	RAID GPTZero service	RAID GPTZero service	Tables 4-12; the fitted and prior comparator states, M4 baselines, every PAWN/branch/ensemble, the MAGE-pretrained states, and the separately one-epoch RAID-fitted states have a threshold metric >=0.90 on a reported slice; PAWN paraphrase AUROC is 0.528-0.755 and RAID uses per-domain 5% FPR thresholds	Tables 4-12; the fitted and prior comparator states, M4 baselines, every PAWN/branch/ensemble, the MAGE-pretrained states, and the separately one-epoch RAID-fitted states have a threshold metric >=0.90 on a reported slice; PAWN paraphrase AUROC is 0.528-0.755 and RAID uses per-domain 5% FPR thresholds	Named submitted/proposed/fitted configuration with a threshold metric or explicit high-performance result in the cited full-text table scope.	https://arxiv.org/abs/2501.03940	This closed commercial detector crosses 0.90 on a RAID slice, but no reproducible state, portable calibration, or fixed two-A6000 timing basis is publicly available.	commercial_closed	the closed GPTZero detector evaluated through its public service. This closed commercial detector crosses 0.90 on a RAID slice, but no reproducible state, portable calibration, or fixed two-A6000 timing basis is publicly available.	Full-text source 2501.03940
2501.03940	2501.03940:raid-originality	RAID Originality service	RAID Originality service	Tables 4-12; the fitted and prior comparator states, M4 baselines, every PAWN/branch/ensemble, the MAGE-pretrained states, and the separately one-epoch RAID-fitted states have a threshold metric >=0.90 on a reported slice; PAWN paraphrase AUROC is 0.528-0.755 and RAID uses per-domain 5% FPR thresholds	Tables 4-12; the fitted and prior comparator states, M4 baselines, every PAWN/branch/ensemble, the MAGE-pretrained states, and the separately one-epoch RAID-fitted states have a threshold metric >=0.90 on a reported slice; PAWN paraphrase AUROC is 0.528-0.755 and RAID uses per-domain 5% FPR thresholds	Named submitted/proposed/fitted configuration with a threshold metric or explicit high-performance result in the cited full-text table scope.	https://arxiv.org/abs/2501.03940	This closed commercial detector crosses 0.90 on a RAID slice, but no reproducible state, portable calibration, or fixed two-A6000 timing basis is publicly available.	commercial_closed	the closed Originality.ai detector evaluated through its public service. This closed commercial detector crosses 0.90 on a RAID slice, but no reproducible state, portable calibration, or fixed two-A6000 timing basis is publicly available.	Full-text source 2501.03940
2501.03940	2501.03940:raid-winston	RAID Winston service	RAID Winston service	Tables 4-12; the fitted and prior comparator states, M4 baselines, every PAWN/branch/ensemble, the MAGE-pretrained states, and the separately one-epoch RAID-fitted states have a threshold metric >=0.90 on a reported slice; PAWN paraphrase AUROC is 0.528-0.755 and RAID uses per-domain 5% FPR thresholds	Tables 4-12; the fitted and prior comparator states, M4 baselines, every PAWN/branch/ensemble, the MAGE-pretrained states, and the separately one-epoch RAID-fitted states have a threshold metric >=0.90 on a reported slice; PAWN paraphrase AUROC is 0.528-0.755 and RAID uses per-domain 5% FPR thresholds	Named submitted/proposed/fitted configuration with a threshold metric or explicit high-performance result in the cited full-text table scope.	https://arxiv.org/abs/2501.03940	This closed commercial detector crosses 0.90 on a RAID slice, but no reproducible state, portable calibration, or fixed two-A6000 timing basis is publicly available.	commercial_closed	the closed Winston AI detector evaluated through its public service. This closed commercial detector crosses 0.90 on a RAID slice, but no reproducible state, portable calibration, or fixed two-A6000 timing basis is publicly available.	Full-text source 2501.03940
2501.03940	2501.03940:raid-zerogpt	RAID ZeroGPT service	RAID ZeroGPT service	Tables 4-12; the fitted and prior comparator states, M4 baselines, every PAWN/branch/ensemble, the MAGE-pretrained states, and the separately one-epoch RAID-fitted states have a threshold metric >=0.90 on a reported slice; PAWN paraphrase AUROC is 0.528-0.755 and RAID uses per-domain 5% FPR thresholds	Tables 4-12; the fitted and prior comparator states, M4 baselines, every PAWN/branch/ensemble, the MAGE-pretrained states, and the separately one-epoch RAID-fitted states have a threshold metric >=0.90 on a reported slice; PAWN paraphrase AUROC is 0.528-0.755 and RAID uses per-domain 5% FPR thresholds	Named submitted/proposed/fitted configuration with a threshold metric or explicit high-performance result in the cited full-text table scope.	https://arxiv.org/abs/2501.03940	This closed commercial detector crosses 0.90 on a RAID slice, but no reproducible state, portable calibration, or fixed two-A6000 timing basis is publicly available.	commercial_closed	the closed ZeroGPT detector evaluated through its public service. This closed commercial detector crosses 0.90 on a RAID slice, but no reproducible state, portable calibration, or fixed two-A6000 timing basis is publicly available.	Full-text source 2501.03940
2501.03940	2501.03940:mage-roberta-base	MAGE-pretrained RoBERTa-base	MAGE-pretrained RoBERTa-base	Tables 4-12; the fitted and prior comparator states, M4 baselines, every PAWN/branch/ensemble, the MAGE-pretrained states, and the separately one-epoch RAID-fitted states have a threshold metric >=0.90 on a reported slice; PAWN paraphrase AUROC is 0.528-0.755 and RAID uses per-domain 5% FPR thresholds	Tables 4-12; the fitted and prior comparator states, M4 baselines, every PAWN/branch/ensemble, the MAGE-pretrained states, and the separately one-epoch RAID-fitted states have a threshold metric >=0.90 on a reported slice; PAWN paraphrase AUROC is 0.528-0.755 and RAID uses per-domain 5% FPR thresholds	Named submitted/proposed/fitted configuration with a threshold metric or explicit high-performance result in the cited full-text table scope.	https://arxiv.org/abs/2501.03940	This separately named PAWN-table state crosses 0.90 on at least one reported slice, but the paper supplies no exact frozen state with transferable low-FPR, cross-distribution, and fixed two-A6000 near-Binoculars evidence.	retain_reject	the directly supervised RoBERTa-base detector fitted on MAGE. This separately named PAWN-table state crosses 0.90 on at least one reported slice, but the paper supplies no exact frozen state with transferable low-FPR, cross-distribution, and fixed two-A6000 near-Binoculars evidence.	Full-text source 2501.03940
2501.03940	2501.03940:mage-radar-ptm	MAGE-pretrained RADAR-PTM	MAGE-pretrained RADAR-PTM	Tables 4-12; the fitted and prior comparator states, M4 baselines, every PAWN/branch/ensemble, the MAGE-pretrained states, and the separately one-epoch RAID-fitted states have a threshold metric >=0.90 on a reported slice; PAWN paraphrase AUROC is 0.528-0.755 and RAID uses per-domain 5% FPR thresholds	Tables 4-12; the fitted and prior comparator states, M4 baselines, every PAWN/branch/ensemble, the MAGE-pretrained states, and the separately one-epoch RAID-fitted states have a threshold metric >=0.90 on a reported slice; PAWN paraphrase AUROC is 0.528-0.755 and RAID uses per-domain 5% FPR thresholds	Named submitted/proposed/fitted configuration with a threshold metric or explicit high-performance result in the cited full-text table scope.	https://arxiv.org/abs/2501.03940	This separately named PAWN-table state crosses 0.90 on at least one reported slice, but the paper supplies no exact frozen state with transferable low-FPR, cross-distribution, and fixed two-A6000 near-Binoculars evidence.	retain_reject	the RADAR pretrained-transformer state fitted on MAGE. This separately named PAWN-table state crosses 0.90 on at least one reported slice, but the paper supplies no exact frozen state with transferable low-FPR, cross-distribution, and fixed two-A6000 near-Binoculars evidence.	Full-text source 2501.03940
2501.03940	2501.03940:raidft-pawn-gpt2	PAWN GPT-2 after one-epoch RAID fine-tuning	PAWN GPT-2 after one-epoch RAID fine-tuning	Tables 4-12; the fitted and prior comparator states, M4 baselines, every PAWN/branch/ensemble, the MAGE-pretrained states, and the separately one-epoch RAID-fitted states have a threshold metric >=0.90 on a reported slice; PAWN paraphrase AUROC is 0.528-0.755 and RAID uses per-domain 5% FPR thresholds	Tables 4-12; the fitted and prior comparator states, M4 baselines, every PAWN/branch/ensemble, the MAGE-pretrained states, and the separately one-epoch RAID-fitted states have a threshold metric >=0.90 on a reported slice; PAWN paraphrase AUROC is 0.528-0.755 and RAID uses per-domain 5% FPR thresholds	Named submitted/proposed/fitted configuration with a threshold metric or explicit high-performance result in the cited full-text table scope.	https://arxiv.org/abs/2501.03940	This separately named PAWN-table state crosses 0.90 on at least one reported slice, but the paper supplies no exact frozen state with transferable low-FPR, cross-distribution, and fixed two-A6000 near-Binoculars evidence.	retain_reject	PAWN with the GPT-2 backbone after one epoch of supervised RAID fitting. This separately named PAWN-table state crosses 0.90 on at least one reported slice, but the paper supplies no exact frozen state with transferable low-FPR, cross-distribution, and fixed two-A6000 near-Binoculars evidence.	Full-text source 2501.03940
2501.03940	2501.03940:raidft-pawn-llama	PAWN Llama-3.1-1B after one-epoch RAID fine-tuning	PAWN Llama-3.1-1B after one-epoch RAID fine-tuning	Tables 4-12; the fitted and prior comparator states, M4 baselines, every PAWN/branch/ensemble, the MAGE-pretrained states, and the separately one-epoch RAID-fitted states have a threshold metric >=0.90 on a reported slice; PAWN paraphrase AUROC is 0.528-0.755 and RAID uses per-domain 5% FPR thresholds	Tables 4-12; the fitted and prior comparator states, M4 baselines, every PAWN/branch/ensemble, the MAGE-pretrained states, and the separately one-epoch RAID-fitted states have a threshold metric >=0.90 on a reported slice; PAWN paraphrase AUROC is 0.528-0.755 and RAID uses per-domain 5% FPR thresholds	Named submitted/proposed/fitted configuration with a threshold metric or explicit high-performance result in the cited full-text table scope.	https://arxiv.org/abs/2501.03940	This separately named PAWN-table state crosses 0.90 on at least one reported slice, but the paper supplies no exact frozen state with transferable low-FPR, cross-distribution, and fixed two-A6000 near-Binoculars evidence.	retain_reject	PAWN with the Llama backbone after one epoch of supervised RAID fitting. This separately named PAWN-table state crosses 0.90 on at least one reported slice, but the paper supplies no exact frozen state with transferable low-FPR, cross-distribution, and fixed two-A6000 near-Binoculars evidence.	Full-text source 2501.03940
2501.03940	2501.03940:raidft-longformer	Longformer after one-epoch RAID fine-tuning	Longformer after one-epoch RAID fine-tuning	Tables 4-12; the fitted and prior comparator states, M4 baselines, every PAWN/branch/ensemble, the MAGE-pretrained states, and the separately one-epoch RAID-fitted states have a threshold metric >=0.90 on a reported slice; PAWN paraphrase AUROC is 0.528-0.755 and RAID uses per-domain 5% FPR thresholds	Tables 4-12; the fitted and prior comparator states, M4 baselines, every PAWN/branch/ensemble, the MAGE-pretrained states, and the separately one-epoch RAID-fitted states have a threshold metric >=0.90 on a reported slice; PAWN paraphrase AUROC is 0.528-0.755 and RAID uses per-domain 5% FPR thresholds	Named submitted/proposed/fitted configuration with a threshold metric or explicit high-performance result in the cited full-text table scope.	https://arxiv.org/abs/2501.03940	This separately named PAWN-table state crosses 0.90 on at least one reported slice, but the paper supplies no exact frozen state with transferable low-FPR, cross-distribution, and fixed two-A6000 near-Binoculars evidence.	retain_reject	the Longformer detector after one epoch of supervised RAID fitting. This separately named PAWN-table state crosses 0.90 on at least one reported slice, but the paper supplies no exact frozen state with transferable low-FPR, cross-distribution, and fixed two-A6000 near-Binoculars evidence.	Full-text source 2501.03940
2501.03940	2501.03940:raidft-roberta	RoBERTa after one-epoch RAID fine-tuning	RoBERTa after one-epoch RAID fine-tuning	Tables 4-12; the fitted and prior comparator states, M4 baselines, every PAWN/branch/ensemble, the MAGE-pretrained states, and the separately one-epoch RAID-fitted states have a threshold metric >=0.90 on a reported slice; PAWN paraphrase AUROC is 0.528-0.755 and RAID uses per-domain 5% FPR thresholds	Tables 4-12; the fitted and prior comparator states, M4 baselines, every PAWN/branch/ensemble, the MAGE-pretrained states, and the separately one-epoch RAID-fitted states have a threshold metric >=0.90 on a reported slice; PAWN paraphrase AUROC is 0.528-0.755 and RAID uses per-domain 5% FPR thresholds	Named submitted/proposed/fitted configuration with a threshold metric or explicit high-performance result in the cited full-text table scope.	https://arxiv.org/abs/2501.03940	This separately named PAWN-table state crosses 0.90 on at least one reported slice, but the paper supplies no exact frozen state with transferable low-FPR, cross-distribution, and fixed two-A6000 near-Binoculars evidence.	retain_reject	the RoBERTa detector after one epoch of supervised RAID fitting. This separately named PAWN-table state crosses 0.90 on at least one reported slice, but the paper supplies no exact frozen state with transferable low-FPR, cross-distribution, and fixed two-A6000 near-Binoculars evidence.	Full-text source 2501.03940
2501.03940	2501.03940:raidft-radar-ptm	RADAR-PTM after one-epoch RAID fine-tuning	RADAR-PTM after one-epoch RAID fine-tuning	Tables 4-12; the fitted and prior comparator states, M4 baselines, every PAWN/branch/ensemble, the MAGE-pretrained states, and the separately one-epoch RAID-fitted states have a threshold metric >=0.90 on a reported slice; PAWN paraphrase AUROC is 0.528-0.755 and RAID uses per-domain 5% FPR thresholds	Tables 4-12; the fitted and prior comparator states, M4 baselines, every PAWN/branch/ensemble, the MAGE-pretrained states, and the separately one-epoch RAID-fitted states have a threshold metric >=0.90 on a reported slice; PAWN paraphrase AUROC is 0.528-0.755 and RAID uses per-domain 5% FPR thresholds	Named submitted/proposed/fitted configuration with a threshold metric or explicit high-performance result in the cited full-text table scope.	https://arxiv.org/abs/2501.03940	This separately named PAWN-table state crosses 0.90 on at least one reported slice, but the paper supplies no exact frozen state with transferable low-FPR, cross-distribution, and fixed two-A6000 near-Binoculars evidence.	retain_reject	the RADAR pretrained-transformer detector after one epoch of supervised RAID fitting. This separately named PAWN-table state crosses 0.90 on at least one reported slice, but the paper supplies no exact frozen state with transferable low-FPR, cross-distribution, and fixed two-A6000 near-Binoculars evidence.	Full-text source 2501.03940
2501.03940	2501.03940:raidft-radar	RADAR after one-epoch RAID fine-tuning	RADAR after one-epoch RAID fine-tuning	Tables 4-12; the fitted and prior comparator states, M4 baselines, every PAWN/branch/ensemble, the MAGE-pretrained states, and the separately one-epoch RAID-fitted states have a threshold metric >=0.90 on a reported slice; PAWN paraphrase AUROC is 0.528-0.755 and RAID uses per-domain 5% FPR thresholds	Tables 4-12; the fitted and prior comparator states, M4 baselines, every PAWN/branch/ensemble, the MAGE-pretrained states, and the separately one-epoch RAID-fitted states have a threshold metric >=0.90 on a reported slice; PAWN paraphrase AUROC is 0.528-0.755 and RAID uses per-domain 5% FPR thresholds	Named submitted/proposed/fitted configuration with a threshold metric or explicit high-performance result in the cited full-text table scope.	https://arxiv.org/abs/2501.03940	This separately named PAWN-table state crosses 0.90 on at least one reported slice, but the paper supplies no exact frozen state with transferable low-FPR, cross-distribution, and fixed two-A6000 near-Binoculars evidence.	retain_reject	the RADAR detector after one epoch of supervised RAID fitting. This separately named PAWN-table state crosses 0.90 on at least one reported slice, but the paper supplies no exact frozen state with transferable low-FPR, cross-distribution, and fixed two-A6000 near-Binoculars evidence.	Full-text source 2501.03940
2501.03940	2501.03940:gpt2	PAWN GPT-2	PAWN GPT-2	Tables 4-12; the fitted and prior comparator states, M4 baselines, every PAWN/branch/ensemble, the MAGE-pretrained states, and the separately one-epoch RAID-fitted states have a threshold metric >=0.90 on a reported slice; PAWN paraphrase AUROC is 0.528-0.755 and RAID uses per-domain 5% FPR thresholds	Tables 4-12; the fitted and prior comparator states, M4 baselines, every PAWN/branch/ensemble, the MAGE-pretrained states, and the separately one-epoch RAID-fitted states have a threshold metric >=0.90 on a reported slice; PAWN paraphrase AUROC is 0.528-0.755 and RAID uses per-domain 5% FPR thresholds	Named submitted/proposed/fitted configuration with a threshold metric or explicit high-performance result in the cited full-text table scope.	https://arxiv.org/abs/2501.03940	The released supervised detector remains below the accuracy-first evidence threshold and lacks the fixed full deployment comparison.	retain_reject	PAWN with the named backbone, branch-only ablation, or averaged-logit ensemble. The released supervised detector remains below the accuracy-first evidence threshold and lacks the fixed full deployment comparison.	Full-text source 2501.03940
2501.03940	2501.03940:llama31-1b	PAWN Llama-3.1-1B	PAWN Llama-3.1-1B	Tables 4-12; the fitted and prior comparator states, M4 baselines, every PAWN/branch/ensemble, the MAGE-pretrained states, and the separately one-epoch RAID-fitted states have a threshold metric >=0.90 on a reported slice; PAWN paraphrase AUROC is 0.528-0.755 and RAID uses per-domain 5% FPR thresholds	Tables 4-12; the fitted and prior comparator states, M4 baselines, every PAWN/branch/ensemble, the MAGE-pretrained states, and the separately one-epoch RAID-fitted states have a threshold metric >=0.90 on a reported slice; PAWN paraphrase AUROC is 0.528-0.755 and RAID uses per-domain 5% FPR thresholds	Named submitted/proposed/fitted configuration with a threshold metric or explicit high-performance result in the cited full-text table scope.	https://arxiv.org/abs/2501.03940	The released supervised detector remains below the accuracy-first evidence threshold and lacks the fixed full deployment comparison.	retain_reject	PAWN with the named backbone, branch-only ablation, or averaged-logit ensemble. The released supervised detector remains below the accuracy-first evidence threshold and lacks the fixed full deployment comparison.	Full-text source 2501.03940
2501.03940	2501.03940:hsff-gpt2	HSFF GPT-2 ablation	HSFF GPT-2 ablation	Tables 4-12; the fitted and prior comparator states, M4 baselines, every PAWN/branch/ensemble, the MAGE-pretrained states, and the separately one-epoch RAID-fitted states have a threshold metric >=0.90 on a reported slice; PAWN paraphrase AUROC is 0.528-0.755 and RAID uses per-domain 5% FPR thresholds	Tables 4-12; the fitted and prior comparator states, M4 baselines, every PAWN/branch/ensemble, the MAGE-pretrained states, and the separately one-epoch RAID-fitted states have a threshold metric >=0.90 on a reported slice; PAWN paraphrase AUROC is 0.528-0.755 and RAID uses per-domain 5% FPR thresholds	Named submitted/proposed/fitted configuration with a threshold metric or explicit high-performance result in the cited full-text table scope.	https://arxiv.org/abs/2501.03940	The released supervised detector remains below the accuracy-first evidence threshold and lacks the fixed full deployment comparison.	retain_reject	PAWN with the named backbone, branch-only ablation, or averaged-logit ensemble. The released supervised detector remains below the accuracy-first evidence threshold and lacks the fixed full deployment comparison.	Full-text source 2501.03940
2501.03940	2501.03940:hsff-llama31-1b	HSFF Llama-3.1-1B ablation	HSFF Llama-3.1-1B ablation	Tables 4-12; the fitted and prior comparator states, M4 baselines, every PAWN/branch/ensemble, the MAGE-pretrained states, and the separately one-epoch RAID-fitted states have a threshold metric >=0.90 on a reported slice; PAWN paraphrase AUROC is 0.528-0.755 and RAID uses per-domain 5% FPR thresholds	Tables 4-12; the fitted and prior comparator states, M4 baselines, every PAWN/branch/ensemble, the MAGE-pretrained states, and the separately one-epoch RAID-fitted states have a threshold metric >=0.90 on a reported slice; PAWN paraphrase AUROC is 0.528-0.755 and RAID uses per-domain 5% FPR thresholds	Named submitted/proposed/fitted configuration with a threshold metric or explicit high-performance result in the cited full-text table scope.	https://arxiv.org/abs/2501.03940	The released supervised detector remains below the accuracy-first evidence threshold and lacks the fixed full deployment comparison.	retain_reject	PAWN with the named backbone, branch-only ablation, or averaged-logit ensemble. The released supervised detector remains below the accuracy-first evidence threshold and lacks the fixed full deployment comparison.	Full-text source 2501.03940
2501.03940	2501.03940:mpn-gpt2	MPN GPT-2 ablation	MPN GPT-2 ablation	Tables 4-12; the fitted and prior comparator states, M4 baselines, every PAWN/branch/ensemble, the MAGE-pretrained states, and the separately one-epoch RAID-fitted states have a threshold metric >=0.90 on a reported slice; PAWN paraphrase AUROC is 0.528-0.755 and RAID uses per-domain 5% FPR thresholds	Tables 4-12; the fitted and prior comparator states, M4 baselines, every PAWN/branch/ensemble, the MAGE-pretrained states, and the separately one-epoch RAID-fitted states have a threshold metric >=0.90 on a reported slice; PAWN paraphrase AUROC is 0.528-0.755 and RAID uses per-domain 5% FPR thresholds	Named submitted/proposed/fitted configuration with a threshold metric or explicit high-performance result in the cited full-text table scope.	https://arxiv.org/abs/2501.03940	The released supervised detector remains below the accuracy-first evidence threshold and lacks the fixed full deployment comparison.	retain_reject	PAWN with the named backbone, branch-only ablation, or averaged-logit ensemble. The released supervised detector remains below the accuracy-first evidence threshold and lacks the fixed full deployment comparison.	Full-text source 2501.03940
2501.03940	2501.03940:mpn-llama31-1b	MPN Llama-3.1-1B ablation	MPN Llama-3.1-1B ablation	Tables 4-12; the fitted and prior comparator states, M4 baselines, every PAWN/branch/ensemble, the MAGE-pretrained states, and the separately one-epoch RAID-fitted states have a threshold metric >=0.90 on a reported slice; PAWN paraphrase AUROC is 0.528-0.755 and RAID uses per-domain 5% FPR thresholds	Tables 4-12; the fitted and prior comparator states, M4 baselines, every PAWN/branch/ensemble, the MAGE-pretrained states, and the separately one-epoch RAID-fitted states have a threshold metric >=0.90 on a reported slice; PAWN paraphrase AUROC is 0.528-0.755 and RAID uses per-domain 5% FPR thresholds	Named submitted/proposed/fitted configuration with a threshold metric or explicit high-performance result in the cited full-text table scope.	https://arxiv.org/abs/2501.03940	The released supervised detector remains below the accuracy-first evidence threshold and lacks the fixed full deployment comparison.	retain_reject	PAWN with the named backbone, branch-only ablation, or averaged-logit ensemble. The released supervised detector remains below the accuracy-first evidence threshold and lacks the fixed full deployment comparison.	Full-text source 2501.03940
2501.03940	2501.03940:ens-gpt2-llama	PAWN ensemble 1 GPT-2 + 1 Llama	PAWN ensemble 1 GPT-2 + 1 Llama	Tables 4-12; the fitted and prior comparator states, M4 baselines, every PAWN/branch/ensemble, the MAGE-pretrained states, and the separately one-epoch RAID-fitted states have a threshold metric >=0.90 on a reported slice; PAWN paraphrase AUROC is 0.528-0.755 and RAID uses per-domain 5% FPR thresholds	Tables 4-12; the fitted and prior comparator states, M4 baselines, every PAWN/branch/ensemble, the MAGE-pretrained states, and the separately one-epoch RAID-fitted states have a threshold metric >=0.90 on a reported slice; PAWN paraphrase AUROC is 0.528-0.755 and RAID uses per-domain 5% FPR thresholds	Named submitted/proposed/fitted configuration with a threshold metric or explicit high-performance result in the cited full-text table scope.	https://arxiv.org/abs/2501.03940	The released supervised detector remains below the accuracy-first evidence threshold and lacks the fixed full deployment comparison.	retain_reject	PAWN with the named backbone, branch-only ablation, or averaged-logit ensemble. The released supervised detector remains below the accuracy-first evidence threshold and lacks the fixed full deployment comparison.	Full-text source 2501.03940
2501.03940	2501.03940:ens-2gpt2-2llama	PAWN ensemble 2 GPT-2 + 2 Llama	PAWN ensemble 2 GPT-2 + 2 Llama	Tables 4-12; the fitted and prior comparator states, M4 baselines, every PAWN/branch/ensemble, the MAGE-pretrained states, and the separately one-epoch RAID-fitted states have a threshold metric >=0.90 on a reported slice; PAWN paraphrase AUROC is 0.528-0.755 and RAID uses per-domain 5% FPR thresholds	Tables 4-12; the fitted and prior comparator states, M4 baselines, every PAWN/branch/ensemble, the MAGE-pretrained states, and the separately one-epoch RAID-fitted states have a threshold metric >=0.90 on a reported slice; PAWN paraphrase AUROC is 0.528-0.755 and RAID uses per-domain 5% FPR thresholds	Named submitted/proposed/fitted configuration with a threshold metric or explicit high-performance result in the cited full-text table scope.	https://arxiv.org/abs/2501.03940	The released supervised detector remains below the accuracy-first evidence threshold and lacks the fixed full deployment comparison.	retain_reject	PAWN with the named backbone, branch-only ablation, or averaged-logit ensemble. The released supervised detector remains below the accuracy-first evidence threshold and lacks the fixed full deployment comparison.	Full-text source 2501.03940
2501.03940	2501.03940:ens-2gpt2	PAWN ensemble 2 GPT-2	PAWN ensemble 2 GPT-2	Table 8: the two-GPT-2 PAWN ensemble reports 0.983 AUROC in-distribution and 0.943 on the wilderness testbeds.	Table 8: the two-GPT-2 PAWN ensemble reports 0.983 AUROC in-distribution and 0.943 on the wilderness testbeds.	Named submitted/proposed/fitted configuration with a threshold metric or explicit high-performance result in the cited full-text table scope.	https://arxiv.org/abs/2501.03940	The released supervised detector remains below the accuracy-first evidence threshold and lacks the fixed full deployment comparison.	retain_reject	PAWN with the named backbone, branch-only ablation, or averaged-logit ensemble. The released supervised detector remains below the accuracy-first evidence threshold and lacks the fixed full deployment comparison.	Full-text source 2501.03940
2501.03940	2501.03940:ens-2llama	PAWN ensemble 2 Llama	PAWN ensemble 2 Llama	Tables 4-12; the fitted and prior comparator states, M4 baselines, every PAWN/branch/ensemble, the MAGE-pretrained states, and the separately one-epoch RAID-fitted states have a threshold metric >=0.90 on a reported slice; PAWN paraphrase AUROC is 0.528-0.755 and RAID uses per-domain 5% FPR thresholds	Tables 4-12; the fitted and prior comparator states, M4 baselines, every PAWN/branch/ensemble, the MAGE-pretrained states, and the separately one-epoch RAID-fitted states have a threshold metric >=0.90 on a reported slice; PAWN paraphrase AUROC is 0.528-0.755 and RAID uses per-domain 5% FPR thresholds	Named submitted/proposed/fitted configuration with a threshold metric or explicit high-performance result in the cited full-text table scope.	https://arxiv.org/abs/2501.03940	The released supervised detector remains below the accuracy-first evidence threshold and lacks the fixed full deployment comparison.	retain_reject	PAWN with the named backbone, branch-only ablation, or averaged-logit ensemble. The released supervised detector remains below the accuracy-first evidence threshold and lacks the fixed full deployment comparison.	Full-text source 2501.03940
2501.03940	2501.03940:ens-gpt2-llama-qwen	PAWN ensemble GPT-2 + Llama + Qwen	PAWN ensemble GPT-2 + Llama + Qwen	Tables 4-12; the fitted and prior comparator states, M4 baselines, every PAWN/branch/ensemble, the MAGE-pretrained states, and the separately one-epoch RAID-fitted states have a threshold metric >=0.90 on a reported slice; PAWN paraphrase AUROC is 0.528-0.755 and RAID uses per-domain 5% FPR thresholds	Tables 4-12; the fitted and prior comparator states, M4 baselines, every PAWN/branch/ensemble, the MAGE-pretrained states, and the separately one-epoch RAID-fitted states have a threshold metric >=0.90 on a reported slice; PAWN paraphrase AUROC is 0.528-0.755 and RAID uses per-domain 5% FPR thresholds	Named submitted/proposed/fitted configuration with a threshold metric or explicit high-performance result in the cited full-text table scope.	https://arxiv.org/abs/2501.03940	The released supervised detector remains below the accuracy-first evidence threshold and lacks the fixed full deployment comparison.	retain_reject	PAWN with the named backbone, branch-only ablation, or averaged-logit ensemble. The released supervised detector remains below the accuracy-first evidence threshold and lacks the fixed full deployment comparison.	Full-text source 2501.03940
