parent_id	account_id	predecessor_witness_id	predecessor_join_kind	predecessor_join_key	predecessor_metric_value	predecessor_raw_candidate_id	successor_join_kind	evidence_kind	method_state	source_identity_label	identity_page	identity_line	identity_locator	identity_text	metric_page	metric_line	metric_locator	metric_text	metric_name	metric_column	metric_column_index	evaluation_scope	metric_value	raw_candidate_id	evidence_source_kind	evidence_source_path	source_text_sha256	evidence_span_sha256	negative_kind	header_page	header_line	header_locator	header_text	header_sha256	negative_page	negative_line	negative_locator	negative_text	negative_value	negative_reason
2501.03940	2501.03940:ens-2gpt2	2501.03940:ens-2gpt2@118a909d3e3b1c3c	same_window	page=13;identity_line=792;metric_line=792	0.983	2501.03940:b8d7a7b23406567e	source_owned_row_join	table_row	PAWN ensemble 2 GPT-2	2gpt2	13	792	following Table 8: Results from running several ensembles of our model, by simply averaging the final logits, on MAGE’s testbeds	2 GPT2 93.89% 92.27% 93.08% 0.983	13	792	following Table 8: Results from running several ensembles of our model, by simply averaging the final logits, on MAGE’s testbeds	2 GPT2 93.89% 92.27% 93.08% 0.983	AUROC	numeric cell 5 of 5 in exact result row	5	following Table 8: Results from running several ensembles of our model, by simply averaging the final logits, on MAGE’s testbeds; exact row/configuration for PAWN ensemble 2 GPT-2; Review 26 successor re-audit binds this account to the recorded source state, exact row, and numeric column without inheriting the predecessor metric.	0.983	2501.03940:b8d7a7b23406567e	extracted_primary_pdf_text	papers/canonical_pawn_2501.03940.pdf	0f275dc5864d2b84cb81898bd52d10dd64146522d34cb9ac6d18197fb8bc72db	7ec8c7e1b5f6cd136f3053ecab751da2829431a3f49ad3499f10aeb6e4adc058	wrong_column	13	786	following Table 8: Results from running several ensembles of our model, by simply averaging the final logits, on MAGE’s testbeds	Setting Backbones HumanRec MachineRec AvgRec AUROC	a5cb24a3a95c5ecb97336b4cdd2b33ca2689eb1b7b0dcfce1f30f6925efb7a76	13	792	following Table 8: Results from running several ensembles of our model, by simply averaging the final logits, on MAGE’s testbeds	2 GPT2 93.89% 92.27% 93.08% 0.983	93.08	The derived alternate numeric result cell in the same source row is not the declared account metric column.
2501.03940	2501.03940:ens-2gpt2-2llama	2501.03940:ens-2gpt2-2llama@3a036c2fb4d0ee69	table_configuration_join	locator=table4;identity_line=666	92.25	2501.03940:7abdc64ee90e5bee	source_owned_state_join	table_row	PAWN ensemble 2 GPT-2 + 2 Llama	Setting Backbones HumanRec MachineRec AvgRec AUROC All source models & all domains	13	786	following Table 8: Results from running several ensembles of our model, by simply averaging the final logits, on MAGE’s testbeds	Setting Backbones HumanRec MachineRec AvgRec AUROC	13	791	following Table 8: Results from running several ensembles of our model, by simply averaging the final logits, on MAGE’s testbeds	All source models & all domains 2 GPT2, 2 LLaMA3-1b 95.86% 93.55% 94.71% 0.989	AUROC	numeric cell 7 of 7 in exact result row	7	following Table 8: Results from running several ensembles of our model, by simply averaging the final logits, on MAGE’s testbeds; exact row/configuration for PAWN ensemble 2 GPT-2 + 2 Llama; Review 26 successor re-audit binds this account to the recorded source state, exact row, and numeric column without inheriting the predecessor metric.	0.989	2501.03940:9c812e4a1a7e305d	extracted_primary_pdf_text	papers/canonical_pawn_2501.03940.pdf	0f275dc5864d2b84cb81898bd52d10dd64146522d34cb9ac6d18197fb8bc72db	85fe96dc5b54b3de6a9ef62a11e20cfbefbbd67a2c3c0fb483f2ff7c0a082f9e	wrong_column	13	786	following Table 8: Results from running several ensembles of our model, by simply averaging the final logits, on MAGE’s testbeds	Setting Backbones HumanRec MachineRec AvgRec AUROC	a5cb24a3a95c5ecb97336b4cdd2b33ca2689eb1b7b0dcfce1f30f6925efb7a76	13	791	following Table 8: Results from running several ensembles of our model, by simply averaging the final logits, on MAGE’s testbeds	All source models & all domains 2 GPT2, 2 LLaMA3-1b 95.86% 93.55% 94.71% 0.989	94.71	The derived alternate numeric result cell in the same source row is not the declared account metric column.
2501.03940	2501.03940:ens-2llama	2501.03940:ens-2llama@d42061141bbfd7f2	table_configuration_join	locator=table4;identity_line=666	92.25	2501.03940:7abdc64ee90e5bee	source_owned_state_join	table_row	PAWN ensemble 2 Llama	Setting Backbones HumanRec MachineRec AvgRec AUROC	13	786	following Table 8: Results from running several ensembles of our model, by simply averaging the final logits, on MAGE’s testbeds	Setting Backbones HumanRec MachineRec AvgRec AUROC	13	793	following Table 8: Results from running several ensembles of our model, by simply averaging the final logits, on MAGE’s testbeds	2 LLaMA3-1b 94.41% 94.50% 94.46% 0.988	AUROC	numeric cell 6 of 6 in exact result row	6	following Table 8: Results from running several ensembles of our model, by simply averaging the final logits, on MAGE’s testbeds; exact row/configuration for PAWN ensemble 2 Llama; Review 26 successor re-audit binds this account to the recorded source state, exact row, and numeric column without inheriting the predecessor metric.	0.988	2501.03940:2d980d412d5a71d6	extracted_primary_pdf_text	papers/canonical_pawn_2501.03940.pdf	0f275dc5864d2b84cb81898bd52d10dd64146522d34cb9ac6d18197fb8bc72db	6e029aa9dd534a8c8a43484d34baf895a25af99dbc3441b1fa8c323d41ef6c39	wrong_column	13	786	following Table 8: Results from running several ensembles of our model, by simply averaging the final logits, on MAGE’s testbeds	Setting Backbones HumanRec MachineRec AvgRec AUROC	a5cb24a3a95c5ecb97336b4cdd2b33ca2689eb1b7b0dcfce1f30f6925efb7a76	13	793	following Table 8: Results from running several ensembles of our model, by simply averaging the final logits, on MAGE’s testbeds	2 LLaMA3-1b 94.41% 94.50% 94.46% 0.988	94.46	The derived alternate numeric result cell in the same source row is not the declared account metric column.
2501.03940	2501.03940:ens-gpt2-llama	2501.03940:ens-gpt2-llama@c82521422758b5b0	same_window	page=10;identity_line=569;metric_line=569	95.07	2501.03940:0ab0a83a28ff291c	source_owned_state_join	table_row	PAWN ensemble 1 GPT-2 + 1 Llama	Setting Backbones HumanRec MachineRec AvgRec AUROC	13	786	following Table 8: Results from running several ensembles of our model, by simply averaging the final logits, on MAGE’s testbeds	Setting Backbones HumanRec MachineRec AvgRec AUROC	13	790	following Table 8: Results from running several ensembles of our model, by simply averaging the final logits, on MAGE’s testbeds	1 GPT2, 1 LLaMA3-1b 94.59% 93.92% 94.26% 0.988	AUROC	numeric cell 7 of 7 in exact result row	7	following Table 8: Results from running several ensembles of our model, by simply averaging the final logits, on MAGE’s testbeds; exact row/configuration for PAWN ensemble 1 GPT-2 + 1 Llama; Review 26 successor re-audit binds this account to the recorded source state, exact row, and numeric column without inheriting the predecessor metric.	0.988	2501.03940:bc05519aab224ea5	extracted_primary_pdf_text	papers/canonical_pawn_2501.03940.pdf	0f275dc5864d2b84cb81898bd52d10dd64146522d34cb9ac6d18197fb8bc72db	236aa4c1a4c10c1d76b273b77e2712000a8ca14a7a7789989de38a9fb18074d4	wrong_column	13	786	following Table 8: Results from running several ensembles of our model, by simply averaging the final logits, on MAGE’s testbeds	Setting Backbones HumanRec MachineRec AvgRec AUROC	a5cb24a3a95c5ecb97336b4cdd2b33ca2689eb1b7b0dcfce1f30f6925efb7a76	13	790	following Table 8: Results from running several ensembles of our model, by simply averaging the final logits, on MAGE’s testbeds	1 GPT2, 1 LLaMA3-1b 94.59% 93.92% 94.26% 0.988	1	The derived alternate numeric result cell in the same source row is not the declared account metric column.
2501.03940	2501.03940:ens-gpt2-llama-qwen	2501.03940:ens-gpt2-llama-qwen@d3d53ab2fa7276fe	same_window	page=10;identity_line=569;metric_line=569	95.07	2501.03940:0ab0a83a28ff291c	source_owned_state_join	table_row	PAWN ensemble GPT-2 + Llama + Qwen	Setting Backbones HumanRec MachineRec AvgRec AUROC	13	786	following Table 8: Results from running several ensembles of our model, by simply averaging the final logits, on MAGE’s testbeds	Setting Backbones HumanRec MachineRec AvgRec AUROC	13	794	following Table 8: Results from running several ensembles of our model, by simply averaging the final logits, on MAGE’s testbeds	1 GPT2, 1 LLaMA3-1b, 1 QWEN 90.78% 96.13% 93.45% 0.987	AUROC	numeric cell 8 of 8 in exact result row	8	following Table 8: Results from running several ensembles of our model, by simply averaging the final logits, on MAGE’s testbeds; exact row/configuration for PAWN ensemble GPT-2 + Llama + Qwen; Review 26 successor re-audit binds this account to the recorded source state, exact row, and numeric column without inheriting the predecessor metric.	0.987	2501.03940:8cb2f476a49f90c1	extracted_primary_pdf_text	papers/canonical_pawn_2501.03940.pdf	0f275dc5864d2b84cb81898bd52d10dd64146522d34cb9ac6d18197fb8bc72db	12225088e35746e27be0ca286b538e3372d832bb6690384281635a8f120f0d16	wrong_column	13	786	following Table 8: Results from running several ensembles of our model, by simply averaging the final logits, on MAGE’s testbeds	Setting Backbones HumanRec MachineRec AvgRec AUROC	a5cb24a3a95c5ecb97336b4cdd2b33ca2689eb1b7b0dcfce1f30f6925efb7a76	13	794	following Table 8: Results from running several ensembles of our model, by simply averaging the final logits, on MAGE’s testbeds	1 GPT2, 1 LLaMA3-1b, 1 QWEN 90.78% 96.13% 93.45% 0.987	1	The derived alternate numeric result cell in the same source row is not the declared account metric column.
2501.03940	2501.03940:hsff-llama31-1b	2501.03940:hsff-llama31-1b@373ec4874e325791	table_configuration_join	locator=table4;identity_line=540	0.99	2501.03940:a237f4c2cf40e8e3	source_owned_row_join	table_row	HSFF Llama-3.1-1B ablation	HSFF (Llama3	12	712	following Table 7: Ablations in MAGE’s testbeds 4-8. Recalls for both classes and their macro average are reported due to	HSFF (Llama3-1b) 94.57% 83.18% 88.87% 0.960	12	712	following Table 7: Ablations in MAGE’s testbeds 4-8. Recalls for both classes and their macro average are reported due to	HSFF (Llama3-1b) 94.57% 83.18% 88.87% 0.960	AUROC	numeric cell 5 of 5 in exact result row	5	following Table 7: Ablations in MAGE’s testbeds 4-8. Recalls for both classes and their macro average are reported due to; exact row/configuration for HSFF Llama-3.1-1B ablation; Review 26 successor re-audit binds this account to the recorded source state, exact row, and numeric column without inheriting the predecessor metric.	0.960	2501.03940:35ddabd810fe9c73	extracted_primary_pdf_text	papers/canonical_pawn_2501.03940.pdf	0f275dc5864d2b84cb81898bd52d10dd64146522d34cb9ac6d18197fb8bc72db	6b0fcd4253d14bcd624450b02a76248b8e89d7dc61d3ba6a0c6b7d69ad2e84d4	wrong_column	12	706	following Table 7: Ablations in MAGE’s testbeds 4-8. Recalls for both classes and their macro average are reported due to	Setting Method HumanRec MachineRec AvgRec AUROC AvgRec var AUROC var	1b7fa3178e397aa354d7a9dbd83927b784b5dcf7528bf1bafc82355e0004059f	12	712	following Table 7: Ablations in MAGE’s testbeds 4-8. Recalls for both classes and their macro average are reported due to	HSFF (Llama3-1b) 94.57% 83.18% 88.87% 0.960	88.87	The derived alternate numeric result cell in the same source row is not the declared account metric column.
2501.03940	2501.03940:llama31-1b	2501.03940:llama31-1b@8ad3db4090c79b4a	same_window	page=10;identity_line=570;metric_line=570	96.10	2501.03940:6d3419b6e48dc42a	source_owned_row_join	table_row	PAWN Llama-3.1-1B	PAWN (Llama3	10	570	following Table 4: Results in MAGE’s testbeds 2-4. Recalls for both classes and their macro-average are reported due to class	PAWN (Llama3-1b) 95.54% 96.10% 95.82% 0.99	10	570	following Table 4: Results in MAGE’s testbeds 2-4. Recalls for both classes and their macro-average are reported due to class	PAWN (Llama3-1b) 95.54% 96.10% 95.82% 0.99	AUROC	numeric cell 5 of 5 in exact result row	5	following Table 4: Results in MAGE’s testbeds 2-4. Recalls for both classes and their macro-average are reported due to class; exact row/configuration for PAWN Llama-3.1-1B; Review 26 successor re-audit binds this account to the recorded source state, exact row, and numeric column without inheriting the predecessor metric.	0.99	2501.03940:6d3419b6e48dc42a	extracted_primary_pdf_text	papers/canonical_pawn_2501.03940.pdf	0f275dc5864d2b84cb81898bd52d10dd64146522d34cb9ac6d18197fb8bc72db	87a4c360282713a57a042b57e0494e630d4bb65d11aa3dc590c4bdacd50fc495	wrong_column	10	560	following Table 4: Results in MAGE’s testbeds 2-4. Recalls for both classes and their macro-average are reported due to class	Setting Method HumanRec MachineRec AvgRec AUROC	0cb9dd8c7417c162de7c9bca25f2d532b82ac87e6e5c46f8dfaa6d486316948d	10	570	following Table 4: Results in MAGE’s testbeds 2-4. Recalls for both classes and their macro-average are reported due to class	PAWN (Llama3-1b) 95.54% 96.10% 95.82% 0.99	95.82	The derived alternate numeric result cell in the same source row is not the declared account metric column.
2501.03940	2501.03940:mpn-llama31-1b	2501.03940:mpn-llama31-1b@ce17a4df5842e1e2	table_configuration_join	locator=table4;identity_line=540	0.99	2501.03940:a237f4c2cf40e8e3	source_owned_row_join	table_row	MPN Llama-3.1-1B ablation	MPN (Llama3	12	714	following Table 7: Ablations in MAGE’s testbeds 4-8. Recalls for both classes and their macro average are reported due to	MPN (Llama3-1b) 85.49% 81.84% 83.67% 0.927	12	714	following Table 7: Ablations in MAGE’s testbeds 4-8. Recalls for both classes and their macro average are reported due to	MPN (Llama3-1b) 85.49% 81.84% 83.67% 0.927	AUROC	numeric cell 5 of 5 in exact result row	5	following Table 7: Ablations in MAGE’s testbeds 4-8. Recalls for both classes and their macro average are reported due to; exact row/configuration for MPN Llama-3.1-1B ablation; Review 26 successor re-audit binds this account to the recorded source state, exact row, and numeric column without inheriting the predecessor metric.	0.927	2501.03940:f76243182bf398c3	extracted_primary_pdf_text	papers/canonical_pawn_2501.03940.pdf	0f275dc5864d2b84cb81898bd52d10dd64146522d34cb9ac6d18197fb8bc72db	0dc6a0988bc4ea452fb5ccabf766baeb7ef67f1fcf58e655d69316522867a58d	wrong_column	12	706	following Table 7: Ablations in MAGE’s testbeds 4-8. Recalls for both classes and their macro average are reported due to	Setting Method HumanRec MachineRec AvgRec AUROC AvgRec var AUROC var	1b7fa3178e397aa354d7a9dbd83927b784b5dcf7528bf1bafc82355e0004059f	12	714	following Table 7: Ablations in MAGE’s testbeds 4-8. Recalls for both classes and their macro average are reported due to	MPN (Llama3-1b) 85.49% 81.84% 83.67% 0.927	83.67	The derived alternate numeric result cell in the same source row is not the declared account metric column.
2501.08913	2501.08913:alert-v1.1	2501.08913:alert-v1.1@bd1cd55afa6d0287	same_window	page=5;identity_line=275;metric_line=275	91.8	2501.08913:a541b88d6e3dc0c9	source_owned_row_join	table_row	ALERT	alertv11	5	275	following Table 4: TPR at FPR=5% for detectors across different domains on the RAID test set along with their standard	[Al] ALERT v1.1 99.7 95.4 75.7 99.9 99.9 87.2 78.3 98.3 91.8 (9.4)	5	275	following Table 4: TPR at FPR=5% for detectors across different domains on the RAID test set along with their standard	[Al] ALERT v1.1 99.7 95.4 75.7 99.9 99.9 87.2 78.3 98.3 91.8 (9.4)	TPR	numeric cell 10 of 11 in exact result row	10	following Table 4: TPR at FPR=5% for detectors across different domains on the RAID test set along with their standard; exact row/configuration for ALERT; Review 26 successor re-audit binds this account to the recorded source state, exact row, and numeric column without inheriting the predecessor metric.	91.8	2501.08913:a541b88d6e3dc0c9	extracted_primary_pdf_text	papers/2501.08913.pdf	b3cbfa6b88fcbec2e1b15ff9dbf0a9096c7c3cdcf9dd75e8312aa9413f7e8e2b	a78de9346391a839666b0ecc0a86f9b9291e550c3fe1c981f59a01cbb38b028f	wrong_column	5	275	following Table 4: TPR at FPR=5% for detectors across different domains on the RAID test set along with their standard	[Al] ALERT v1.1 99.7 95.4 75.7 99.9 99.9 87.2 78.3 98.3 91.8 (9.4)	a78de9346391a839666b0ecc0a86f9b9291e550c3fe1c981f59a01cbb38b028f	5	275	following Table 4: TPR at FPR=5% for detectors across different domains on the RAID test set along with their standard	[Al] ALERT v1.1 99.7 95.4 75.7 99.9 99.9 87.2 78.3 98.3 91.8 (9.4)	98.3	The derived alternate numeric result cell in the same source row is not the declared account metric column.
2501.08913	2501.08913:alert-v1.2	2501.08913:alert-v1.2@a0e2dee8c50a98b7	same_window	page=5;identity_line=277;metric_line=277	99.5	2501.08913:27d15bdc47f36239	source_owned_row_join	table_row	ALERT	alertv12	5	277	following Table 4: TPR at FPR=5% for detectors across different domains on the RAID test set along with their standard	[Al] ALERT v1.2 99.5 91.3 87.2 99.2 99.9 89.9 64.9 82.8 89.3 (11.0)	5	277	following Table 4: TPR at FPR=5% for detectors across different domains on the RAID test set along with their standard	[Al] ALERT v1.2 99.5 91.3 87.2 99.2 99.9 89.9 64.9 82.8 89.3 (11.0)	TPR	numeric cell 2 of 11 in exact result row	2	following Table 4: TPR at FPR=5% for detectors across different domains on the RAID test set along with their standard; exact row/configuration for ALERT; Review 26 successor re-audit binds this account to the recorded source state, exact row, and numeric column without inheriting the predecessor metric.	99.5	2501.08913:27d15bdc47f36239	extracted_primary_pdf_text	papers/2501.08913.pdf	b3cbfa6b88fcbec2e1b15ff9dbf0a9096c7c3cdcf9dd75e8312aa9413f7e8e2b	ff577e9147f5efc08b735a36d7299394ff2bf90298f58df0f8b207ccce628de4	wrong_column	5	277	following Table 4: TPR at FPR=5% for detectors across different domains on the RAID test set along with their standard	[Al] ALERT v1.2 99.5 91.3 87.2 99.2 99.9 89.9 64.9 82.8 89.3 (11.0)	ff577e9147f5efc08b735a36d7299394ff2bf90298f58df0f8b207ccce628de4	5	277	following Table 4: TPR at FPR=5% for detectors across different domains on the RAID test set along with their standard	[Al] ALERT v1.2 99.5 91.3 87.2 99.2 99.9 89.9 64.9 82.8 89.3 (11.0)	91.3	The derived alternate numeric result cell in the same source row is not the declared account metric column.
2501.08913	2501.08913:cnlp-adv-submission-3	2501.08913:cnlp-adv-submission-3@0128ac9876f4bc0b	same_window	page=5;identity_line=290;metric_line=290	94.0	2501.08913:39b6d985ae94d3a7	source_owned_row_join	table_row	CNLP-NITS-PP Adv.-submission-3	[Cn] Adv.-submission	5	290	following Table 4: TPR at FPR=5% for detectors across different domains on the RAID test set along with their standard	[Cn] Adv.-submission-3 27.1 26.1 52.8 57.1 30.1 48.6 38.0 94.0 46.7 (21.1)	5	290	following Table 4: TPR at FPR=5% for detectors across different domains on the RAID test set along with their standard	[Cn] Adv.-submission-3 27.1 26.1 52.8 57.1 30.1 48.6 38.0 94.0 46.7 (21.1)	TPR	numeric cell 9 of 11 in exact result row	9	following Table 4: TPR at FPR=5% for detectors across different domains on the RAID test set along with their standard; exact row/configuration for CNLP-NITS-PP Adv.-submission-3; Review 26 successor re-audit binds this account to the recorded source state, exact row, and numeric column without inheriting the predecessor metric.	94.0	2501.08913:39b6d985ae94d3a7	extracted_primary_pdf_text	papers/2501.08913.pdf	b3cbfa6b88fcbec2e1b15ff9dbf0a9096c7c3cdcf9dd75e8312aa9413f7e8e2b	6c54b0e272b207d5d82b00fbd728b9a9c09716599e6ac3f3d7f295319b537437	wrong_column	5	290	following Table 4: TPR at FPR=5% for detectors across different domains on the RAID test set along with their standard	[Cn] Adv.-submission-3 27.1 26.1 52.8 57.1 30.1 48.6 38.0 94.0 46.7 (21.1)	6c54b0e272b207d5d82b00fbd728b9a9c09716599e6ac3f3d7f295319b537437	5	290	following Table 4: TPR at FPR=5% for detectors across different domains on the RAID test set along with their standard	[Cn] Adv.-submission-3 27.1 26.1 52.8 57.1 30.1 48.6 38.0 94.0 46.7 (21.1)	38.0	The derived alternate numeric result cell in the same source row is not the declared account metric column.
2501.08913	2501.08913:leidos-v1.0.1	2501.08913:leidos-v1.0.1@eef9279e43085e43	same_window	page=5;identity_line=273;metric_line=273	99.1	2501.08913:88795c939d821a51	source_owned_row_join	table_row	Leidos	leidosv101	5	273	following Table 4: TPR at FPR=5% for detectors across different domains on the RAID test set along with their standard	[Le] Leidos v1.0.1 99.9 99.8 98.6 99.4 99.9 96.2 99.4 100.0 99.1 (1.2)	5	273	following Table 4: TPR at FPR=5% for detectors across different domains on the RAID test set along with their standard	[Le] Leidos v1.0.1 99.9 99.8 98.6 99.4 99.9 96.2 99.4 100.0 99.1 (1.2)	TPR	numeric cell 10 of 11 in exact result row	10	following Table 4: TPR at FPR=5% for detectors across different domains on the RAID test set along with their standard; exact row/configuration for Leidos; Review 26 successor re-audit binds this account to the recorded source state, exact row, and numeric column without inheriting the predecessor metric.	99.1	2501.08913:88795c939d821a51	extracted_primary_pdf_text	papers/2501.08913.pdf	b3cbfa6b88fcbec2e1b15ff9dbf0a9096c7c3cdcf9dd75e8312aa9413f7e8e2b	c384cdbb6340ee601edc4b53b39a297e1fe5345daa3a1eb9d0d9e61c379be71a	wrong_column	5	273	following Table 4: TPR at FPR=5% for detectors across different domains on the RAID test set along with their standard	[Le] Leidos v1.0.1 99.9 99.8 98.6 99.4 99.9 96.2 99.4 100.0 99.1 (1.2)	c384cdbb6340ee601edc4b53b39a297e1fe5345daa3a1eb9d0d9e61c379be71a	5	273	following Table 4: TPR at FPR=5% for detectors across different domains on the RAID test set along with their standard	[Le] Leidos v1.0.1 99.9 99.8 98.6 99.4 99.9 96.2 99.4 100.0 99.1 (1.2)	100.0	The derived alternate numeric result cell in the same source row is not the declared account metric column.
2501.08913	2501.08913:leidos-v1.0.2	2501.08913:leidos-v1.0.2@069f5a1a95d07b4b	same_window	page=5;identity_line=271;metric_line=271	99.3	2501.08913:6424ff4936002b72	source_owned_row_join	table_row	Leidos	leidosv102	5	271	following Table 4: TPR at FPR=5% for detectors across different domains on the RAID test set along with their standard	[Le] Leidos v1.0.2 99.9 99.9 99.4 99.5 99.9 95.9 99.6 100.0 99.3 (1.2)	5	271	following Table 4: TPR at FPR=5% for detectors across different domains on the RAID test set along with their standard	[Le] Leidos v1.0.2 99.9 99.9 99.4 99.5 99.9 95.9 99.6 100.0 99.3 (1.2)	TPR	numeric cell 10 of 11 in exact result row	10	following Table 4: TPR at FPR=5% for detectors across different domains on the RAID test set along with their standard; exact row/configuration for Leidos; Review 26 successor re-audit binds this account to the recorded source state, exact row, and numeric column without inheriting the predecessor metric.	99.3	2501.08913:6424ff4936002b72	extracted_primary_pdf_text	papers/2501.08913.pdf	b3cbfa6b88fcbec2e1b15ff9dbf0a9096c7c3cdcf9dd75e8312aa9413f7e8e2b	f21fe0dc365542f9c9f476b32241ece80f5be90473725209e8547acf0a6dd383	wrong_column	5	271	following Table 4: TPR at FPR=5% for detectors across different domains on the RAID test set along with their standard	[Le] Leidos v1.0.2 99.9 99.9 99.4 99.5 99.9 95.9 99.6 100.0 99.3 (1.2)	f21fe0dc365542f9c9f476b32241ece80f5be90473725209e8547acf0a6dd383	5	271	following Table 4: TPR at FPR=5% for detectors across different domains on the RAID test set along with their standard	[Le] Leidos v1.0.2 99.9 99.9 99.4 99.5 99.9 95.9 99.6 100.0 99.3 (1.2)	100.0	The derived alternate numeric result cell in the same source row is not the declared account metric column.
2501.08913	2501.08913:leidos-v1.0.3	2501.08913:leidos-v1.0.3@5a12a906ab9ac48d	same_window	page=5;identity_line=269;metric_line=269	99.4	2501.08913:113e503bc8b77d30	source_owned_row_join	table_row	Leidos	leidosv103	5	269	following Table 4: TPR at FPR=5% for detectors across different domains on the RAID test set along with their standard	[Le] Leidos v1.0.3 99.9 99.8 98.3 99.4 99.9 98.6 99.3 100.0 99.4 (0.6)	5	269	following Table 4: TPR at FPR=5% for detectors across different domains on the RAID test set along with their standard	[Le] Leidos v1.0.3 99.9 99.8 98.3 99.4 99.9 98.6 99.3 100.0 99.4 (0.6)	TPR	numeric cell 5 of 11 in exact result row	5	following Table 4: TPR at FPR=5% for detectors across different domains on the RAID test set along with their standard; exact row/configuration for Leidos; Review 26 successor re-audit binds this account to the recorded source state, exact row, and numeric column without inheriting the predecessor metric.	99.4	2501.08913:113e503bc8b77d30	extracted_primary_pdf_text	papers/2501.08913.pdf	b3cbfa6b88fcbec2e1b15ff9dbf0a9096c7c3cdcf9dd75e8312aa9413f7e8e2b	4deba1e600d23c807d458820d781695e87313dc7ab7535a32d0beb18bcfa7c8f	wrong_column	5	269	following Table 4: TPR at FPR=5% for detectors across different domains on the RAID test set along with their standard	[Le] Leidos v1.0.3 99.9 99.8 98.3 99.4 99.9 98.6 99.3 100.0 99.4 (0.6)	4deba1e600d23c807d458820d781695e87313dc7ab7535a32d0beb18bcfa7c8f	5	269	following Table 4: TPR at FPR=5% for detectors across different domains on the RAID test set along with their standard	[Le] Leidos v1.0.3 99.9 99.8 98.3 99.4 99.9 98.6 99.3 100.0 99.4 (0.6)	98.3	The derived alternate numeric result cell in the same source row is not the declared account metric column.
2501.08913	2501.08913:leidos-v1.0.4	2501.08913:leidos-v1.0.4@bf0127449455e21e	same_window	page=5;identity_line=272;metric_line=272	99.2	2501.08913:344d0f0b79bd08a4	source_owned_row_join	table_row	Leidos	leidosv104	5	272	following Table 4: TPR at FPR=5% for detectors across different domains on the RAID test set along with their standard	[Le] Leidos v1.0.4 99.9 99.7 99.0 99.3 100.0 96.5 99.4 100.0 99.2 (1.1)	5	272	following Table 4: TPR at FPR=5% for detectors across different domains on the RAID test set along with their standard	[Le] Leidos v1.0.4 99.9 99.7 99.0 99.3 100.0 96.5 99.4 100.0 99.2 (1.1)	TPR	numeric cell 10 of 11 in exact result row	10	following Table 4: TPR at FPR=5% for detectors across different domains on the RAID test set along with their standard; exact row/configuration for Leidos; Review 26 successor re-audit binds this account to the recorded source state, exact row, and numeric column without inheriting the predecessor metric.	99.2	2501.08913:344d0f0b79bd08a4	extracted_primary_pdf_text	papers/2501.08913.pdf	b3cbfa6b88fcbec2e1b15ff9dbf0a9096c7c3cdcf9dd75e8312aa9413f7e8e2b	04e883a720df3a45a12df30f67cce4a44ab9aa0b8a63877b40beee0bc5cd20c3	wrong_column	5	272	following Table 4: TPR at FPR=5% for detectors across different domains on the RAID test set along with their standard	[Le] Leidos v1.0.4 99.9 99.7 99.0 99.3 100.0 96.5 99.4 100.0 99.2 (1.1)	04e883a720df3a45a12df30f67cce4a44ab9aa0b8a63877b40beee0bc5cd20c3	5	272	following Table 4: TPR at FPR=5% for detectors across different domains on the RAID test set along with their standard	[Le] Leidos v1.0.4 99.9 99.7 99.0 99.3 100.0 96.5 99.4 100.0 99.2 (1.1)	100.0	The derived alternate numeric result cell in the same source row is not the declared account metric column.
2501.08913	2501.08913:lux-finetuned-rb	2501.08913:lux-finetuned-rb@aae4791ce3415def	same_window	page=5;identity_line=280;metric_line=280	98.8	2501.08913:7db4308225c84fe6	source_owned_row_join	table_row	LuxVeri fine-tuned RoBERTa-base	[Lx] Fine-tuned R-B	5	280	following Table 4: TPR at FPR=5% for detectors across different domains on the RAID test set along with their standard	[Lx] Fine-tuned R-B 87.5 89.7 61.7 89.6 98.8 82.5 66.3 74.6 81.3 (11.9)	5	280	following Table 4: TPR at FPR=5% for detectors across different domains on the RAID test set along with their standard	[Lx] Fine-tuned R-B 87.5 89.7 61.7 89.6 98.8 82.5 66.3 74.6 81.3 (11.9)	TPR	numeric cell 5 of 10 in exact result row	5	following Table 4: TPR at FPR=5% for detectors across different domains on the RAID test set along with their standard; exact row/configuration for LuxVeri fine-tuned RoBERTa-base; Review 26 successor re-audit binds this account to the recorded source state, exact row, and numeric column without inheriting the predecessor metric.	98.8	2501.08913:7db4308225c84fe6	extracted_primary_pdf_text	papers/2501.08913.pdf	b3cbfa6b88fcbec2e1b15ff9dbf0a9096c7c3cdcf9dd75e8312aa9413f7e8e2b	6ff130e05e04034f1954287d9c6ac194691df2ae30b93781760871717f9acfee	wrong_column	5	280	following Table 4: TPR at FPR=5% for detectors across different domains on the RAID test set along with their standard	[Lx] Fine-tuned R-B 87.5 89.7 61.7 89.6 98.8 82.5 66.3 74.6 81.3 (11.9)	6ff130e05e04034f1954287d9c6ac194691df2ae30b93781760871717f9acfee	5	280	following Table 4: TPR at FPR=5% for detectors across different domains on the RAID test set along with their standard	[Lx] Fine-tuned R-B 87.5 89.7 61.7 89.6 98.8 82.5 66.3 74.6 81.3 (11.9)	89.6	The derived alternate numeric result cell in the same source row is not the declared account metric column.
2501.08913	2501.08913:lux-rb-roai	2501.08913:lux-rb-roai@0b677f72330c47e4	table_configuration_join	locator=table4;identity_line=715	100	2501.08913:6e589ac437be8aa2	source_owned_row_join	table_row	LuxVeri R-B & R-Oai	[Lx] R-B & R-Oai	5	278	following Table 4: TPR at FPR=5% for detectors across different domains on the RAID test set along with their standard	[Lx] R-B & R-Oai 87.5 90.2 62.4 89.5 99.2 83.7 73.5 75.1 82.6 (10.9)	5	278	following Table 4: TPR at FPR=5% for detectors across different domains on the RAID test set along with their standard	[Lx] R-B & R-Oai 87.5 90.2 62.4 89.5 99.2 83.7 73.5 75.1 82.6 (10.9)	TPR	numeric cell 5 of 10 in exact result row	5	following Table 4: TPR at FPR=5% for detectors across different domains on the RAID test set along with their standard; exact row/configuration for LuxVeri R-B & R-Oai; Review 26 successor re-audit binds this account to the recorded source state, exact row, and numeric column without inheriting the predecessor metric.	99.2	2501.08913:31eae50828b2ee35	extracted_primary_pdf_text	papers/2501.08913.pdf	b3cbfa6b88fcbec2e1b15ff9dbf0a9096c7c3cdcf9dd75e8312aa9413f7e8e2b	d915e66af6c1c135ce7f4462b8ebf69d5440290b6c0ab4bcb1d2b19cc025086a	wrong_column	5	278	following Table 4: TPR at FPR=5% for detectors across different domains on the RAID test set along with their standard	[Lx] R-B & R-Oai 87.5 90.2 62.4 89.5 99.2 83.7 73.5 75.1 82.6 (10.9)	d915e66af6c1c135ce7f4462b8ebf69d5440290b6c0ab4bcb1d2b19cc025086a	5	278	following Table 4: TPR at FPR=5% for detectors across different domains on the RAID test set along with their standard	[Lx] R-B & R-Oai 87.5 90.2 62.4 89.5 99.2 83.7 73.5 75.1 82.6 (10.9)	89.5	The derived alternate numeric result cell in the same source row is not the declared account metric column.
2501.08913	2501.08913:mosaic-5	2501.08913:mosaic-5@55c7d505d695fa3f	same_window	page=6;identity_line=342;metric_line=342	90.2	2501.08913:7993a940e10de68a	source_owned_row_join	table_row	MOSAIC-5	mosaic5	6	342	following Table 5: TPR at FPR=5% for detectors across different adversarial attacks along with their standard deviation	[Mo] MOSAIC-5 72.2 69.5 90.2 73.3 69.7 70.3 71.7 22.7 66.5 67.0 85.5 69.4 (16.3)	6	342	following Table 5: TPR at FPR=5% for detectors across different adversarial attacks along with their standard deviation	[Mo] MOSAIC-5 72.2 69.5 90.2 73.3 69.7 70.3 71.7 22.7 66.5 67.0 85.5 69.4 (16.3)	TPR	numeric cell 4 of 14 in exact result row	4	following Table 5: TPR at FPR=5% for detectors across different adversarial attacks along with their standard deviation; exact row/configuration for MOSAIC-5; Review 26 successor re-audit binds this account to the recorded source state, exact row, and numeric column without inheriting the predecessor metric.	90.2	2501.08913:7993a940e10de68a	extracted_primary_pdf_text	papers/2501.08913.pdf	b3cbfa6b88fcbec2e1b15ff9dbf0a9096c7c3cdcf9dd75e8312aa9413f7e8e2b	5c85e9e077c830acddd88b29e4b9225fdef24c28a06ffcfa0c699092707cc866	wrong_column	6	342	following Table 5: TPR at FPR=5% for detectors across different adversarial attacks along with their standard deviation	[Mo] MOSAIC-5 72.2 69.5 90.2 73.3 69.7 70.3 71.7 22.7 66.5 67.0 85.5 69.4 (16.3)	5c85e9e077c830acddd88b29e4b9225fdef24c28a06ffcfa0c699092707cc866	6	342	following Table 5: TPR at FPR=5% for detectors across different adversarial attacks along with their standard deviation	[Mo] MOSAIC-5 72.2 69.5 90.2 73.3 69.7 70.3 71.7 22.7 66.5 67.0 85.5 69.4 (16.3)	69.5	The derived alternate numeric result cell in the same source row is not the declared account metric column.
2501.08913	2501.08913:pangram	2501.08913:pangram@686acfe698706ffb	same_window	page=5;identity_line=270;metric_line=270	99.3	2501.08913:d1830be7c4fd0b1a	source_owned_row_join	table_row	Pangram	pangram	5	270	following Table 4: TPR at FPR=5% for detectors across different domains on the RAID test set along with their standard	[Pa] Pangram 99.7 99.1 98.5 99.5 99.3 99.6 98.8 99.9 99.3 (0.4)	5	270	following Table 4: TPR at FPR=5% for detectors across different domains on the RAID test set along with their standard	[Pa] Pangram 99.7 99.1 98.5 99.5 99.3 99.6 98.8 99.9 99.3 (0.4)	TPR	numeric cell 5 of 10 in exact result row	5	following Table 4: TPR at FPR=5% for detectors across different domains on the RAID test set along with their standard; exact row/configuration for Pangram; Review 26 successor re-audit binds this account to the recorded source state, exact row, and numeric column without inheriting the predecessor metric.	99.3	2501.08913:d1830be7c4fd0b1a	extracted_primary_pdf_text	papers/2501.08913.pdf	b3cbfa6b88fcbec2e1b15ff9dbf0a9096c7c3cdcf9dd75e8312aa9413f7e8e2b	764506de66c39a5168f64a2739f49d0c754acb43f457cd4bda596a4597e3d544	wrong_column	5	270	following Table 4: TPR at FPR=5% for detectors across different domains on the RAID test set along with their standard	[Pa] Pangram 99.7 99.1 98.5 99.5 99.3 99.6 98.8 99.9 99.3 (0.4)	764506de66c39a5168f64a2739f49d0c754acb43f457cd4bda596a4597e3d544	5	270	following Table 4: TPR at FPR=5% for detectors across different domains on the RAID test set along with their standard	[Pa] Pangram 99.7 99.1 98.5 99.5 99.3 99.6 98.8 99.9 99.3 (0.4)	99.5	The derived alternate numeric result cell in the same source row is not the declared account metric column.
2501.08913	2501.08913:ustc-bupt-r-l-focal-loss	2501.08913:ustc-bupt-r-l-focal-loss@d44af100bfb66591	same_window	page=12;identity_line=732;metric_line=732	92.7	2501.08913:5728271f601b1752	source_owned_row_join	table_row	USTC-BUPT R-L Focal Loss	[Us] USTC R-L Focal Loss	12	732	preceding Table 4 for full results. | following Table 8: Team ranking for Subtask B ranked by their	[Us] USTC R-L Focal Loss 92.7 (9.5) 2020)	12	732	preceding Table 4 for full results. | following Table 8: Team ranking for Subtask B ranked by their	[Us] USTC R-L Focal Loss 92.7 (9.5) 2020)	TPR	numeric cell 1 of 3 in exact result row	1	preceding Table 4 for full results. | following Table 8: Team ranking for Subtask B ranked by their; exact row/configuration for USTC-BUPT R-L Focal Loss; Review 26 successor re-audit binds this account to the recorded source state, exact row, and numeric column without inheriting the predecessor metric.	92.7	2501.08913:5728271f601b1752	extracted_primary_pdf_text	papers/2501.08913.pdf	b3cbfa6b88fcbec2e1b15ff9dbf0a9096c7c3cdcf9dd75e8312aa9413f7e8e2b	7ec8f877dce91b759566bc1bfe63c4b2ce56f6ab4e9be7cd1de06d41dba0db3a	wrong_method_state	12	724	preceding Table 4 for full results. | following Table 8: Team ranking for Subtask B ranked by their	Table 4 for full results.	0b01fbec545bfdebb545a1d4f4590eeab5a5a1ad26f70e4d7d762f9b7a7e2734	12	730	preceding Table 4 for full results. | following Table 8: Team ranking for Subtask B ranked by their	[Le] Leidos Leidos v1.0.2 97.7 (2.5) 2020)	97.7	The 97.7 result belongs to Leidos v1.0.2, not the USTC-BUPT focal-loss submission.
2501.09813	2501.09813:qwen2.5-0.5b	2501.09813:qwen2.5-0.5b@00c679bd22ce040d	table_configuration_join	locator=table2,table3;identity_line=120	0.966	2501.09813:315812c50ffa6c36	source_owned_state_join	table_row	Qwen2.5-0.5B causal classifier	We conducted experiments using several large lan- effective learning from the first epoch onward.	2	120	preceding Figure 1: Subtask A: Distribution of token length for (based on Figure 1) and froze all layers except-	We conducted experiments using several large lan- effective learning from the first epoch onward.	3	129	following Table 2: Training and Validation Loss alongside Macro Table 3: Team Unibuc - NLP results on Task 1	3 0.04 0.10 0.966 F1 Micro 0.8333 / 1 0.67 / 24	F1	numeric cell 4 of 8 in exact result row	4	following Table 2: Training and Validation Loss alongside Macro Table 3: Team Unibuc - NLP results on Task 1; exact row/configuration for Qwen2.5-0.5B causal classifier; Review 26 successor re-audit binds this account to the recorded source state, exact row, and numeric column without inheriting the predecessor metric.	0.966	2501.09813:315812c50ffa6c36	extracted_primary_pdf_text	papers/2501.09813.pdf	c98f6fe1f7bafe8eb788092ec248127193183d16f1b110bb1967a7e69d972785	432ba84e87201bf552500c28ec40e35cf4cd4a94a6f4d9b65eb6aabecfa96c47	wrong_column	3	129	following Table 2: Training and Validation Loss alongside Macro Table 3: Team Unibuc - NLP results on Task 1	3 0.04 0.10 0.966 F1 Micro 0.8333 / 1 0.67 / 24	6b9b03239117ba205c52d62d370a71f50ddf6436aed0993589336e33d8ca566b	3	129	following Table 2: Training and Validation Loss alongside Macro Table 3: Team Unibuc - NLP results on Task 1	3 0.04 0.10 0.966 F1 Micro 0.8333 / 1 0.67 / 24	0.10	The derived alternate numeric result cell in the same source row is not the declared account metric column.
2501.18998	2501.18998:fastdetectgpt-baseline	2501.18998:fastdetectgpt-baseline@58094ac46a46cc50	table_configuration_join	locator=table1;identity_line=430	0.9847	2501.18998:e2fff87aa3495659	source_owned_state_join	table_row	FastDetectGPT unperturbed baseline	Source Model Baseline BERT ELMo FastText GloVe TM-AE Word2Vec GPT-Neo	7	415	following Table 1: Compare the detection performance (AUROC scores) of Fast-DetectGPT for various	Source Model Baseline BERT ELMo FastText GloVe TM-AE Word2Vec	7	425	following Table 1: Compare the detection performance (AUROC scores) of Fast-DetectGPT for various	GPT-Neo-2.7 0.9988 0.9399 0.9307 0.9187 0.9334 0.9163 0.9209	AUROC	numeric cell 2 of 8 in exact result row	2	following Table 1: Compare the detection performance (AUROC scores) of Fast-DetectGPT for various; exact row/configuration for FastDetectGPT unperturbed baseline; Review 26 successor re-audit binds this account to the recorded source state, exact row, and numeric column without inheriting the predecessor metric.	0.9988	2501.18998:56c9998599452d3b	extracted_primary_pdf_text	papers/2501.18998.pdf	4aac05e333a8b6c6caa68910de7038e869f1e75ce015812893fbbdb8b05d79f5	7dcd7807ffd2f55ff6724775a22acd83eb0e74b54742227572f383f5b38f6317	wrong_column	7	415	following Table 1: Compare the detection performance (AUROC scores) of Fast-DetectGPT for various	Source Model Baseline BERT ELMo FastText GloVe TM-AE Word2Vec	f4a4e3e390df23ff7fd6344319c0387bea404cb9e83eb40b91c4b26273068440	7	425	following Table 1: Compare the detection performance (AUROC scores) of Fast-DetectGPT for various	GPT-Neo-2.7 0.9988 0.9399 0.9307 0.9187 0.9334 0.9163 0.9209	0.9399	The derived alternate numeric result cell in the same source row is not the declared account metric column.
2501.18998	2501.18998:fastdetectgpt-bert	2501.18998:fastdetectgpt-bert@9bc7aa8ccf64ff96	same_window	page=17;identity_line=1178;metric_line=1179	0.9200	2501.18998:2c235896f12c635d	source_owned_state_join	table_row	FastDetectGPT after BERT embedding attack	Source Model Baseline BERT ELMo FastText GloVe TM-AE Word2Vec GPT-Neo	7	415	following Table 1: Compare the detection performance (AUROC scores) of Fast-DetectGPT for various	Source Model Baseline BERT ELMo FastText GloVe TM-AE Word2Vec	7	425	following Table 1: Compare the detection performance (AUROC scores) of Fast-DetectGPT for various	GPT-Neo-2.7 0.9988 0.9399 0.9307 0.9187 0.9334 0.9163 0.9209	AUROC	numeric cell 3 of 8 in exact result row	3	following Table 1: Compare the detection performance (AUROC scores) of Fast-DetectGPT for various; exact row/configuration for FastDetectGPT after BERT embedding attack; Review 26 successor re-audit binds this account to the recorded source state, exact row, and numeric column without inheriting the predecessor metric.	0.9399	2501.18998:56c9998599452d3b	extracted_primary_pdf_text	papers/2501.18998.pdf	4aac05e333a8b6c6caa68910de7038e869f1e75ce015812893fbbdb8b05d79f5	7dcd7807ffd2f55ff6724775a22acd83eb0e74b54742227572f383f5b38f6317	wrong_column	7	415	following Table 1: Compare the detection performance (AUROC scores) of Fast-DetectGPT for various	Source Model Baseline BERT ELMo FastText GloVe TM-AE Word2Vec	f4a4e3e390df23ff7fd6344319c0387bea404cb9e83eb40b91c4b26273068440	7	425	following Table 1: Compare the detection performance (AUROC scores) of Fast-DetectGPT for various	GPT-Neo-2.7 0.9988 0.9399 0.9307 0.9187 0.9334 0.9163 0.9209	0.9988	The derived alternate numeric result cell in the same source row is not the declared account metric column.
2501.18998	2501.18998:fastdetectgpt-elmo	2501.18998:fastdetectgpt-elmo@bad19e3be8f6709d	same_window	page=17;identity_line=1178;metric_line=1179	0.9200	2501.18998:2c235896f12c635d	source_owned_state_join	table_row	FastDetectGPT after ELMo embedding attack	Source Model Baseline BERT ELMo FastText GloVe TM-AE Word2Vec GPT-Neo	7	415	following Table 1: Compare the detection performance (AUROC scores) of Fast-DetectGPT for various	Source Model Baseline BERT ELMo FastText GloVe TM-AE Word2Vec	7	425	following Table 1: Compare the detection performance (AUROC scores) of Fast-DetectGPT for various	GPT-Neo-2.7 0.9988 0.9399 0.9307 0.9187 0.9334 0.9163 0.9209	AUROC	numeric cell 4 of 8 in exact result row	4	following Table 1: Compare the detection performance (AUROC scores) of Fast-DetectGPT for various; exact row/configuration for FastDetectGPT after ELMo embedding attack; Review 26 successor re-audit binds this account to the recorded source state, exact row, and numeric column without inheriting the predecessor metric.	0.9307	2501.18998:56c9998599452d3b	extracted_primary_pdf_text	papers/2501.18998.pdf	4aac05e333a8b6c6caa68910de7038e869f1e75ce015812893fbbdb8b05d79f5	7dcd7807ffd2f55ff6724775a22acd83eb0e74b54742227572f383f5b38f6317	wrong_column	7	415	following Table 1: Compare the detection performance (AUROC scores) of Fast-DetectGPT for various	Source Model Baseline BERT ELMo FastText GloVe TM-AE Word2Vec	f4a4e3e390df23ff7fd6344319c0387bea404cb9e83eb40b91c4b26273068440	7	425	following Table 1: Compare the detection performance (AUROC scores) of Fast-DetectGPT for various	GPT-Neo-2.7 0.9988 0.9399 0.9307 0.9187 0.9334 0.9163 0.9209	0.9399	The derived alternate numeric result cell in the same source row is not the declared account metric column.
2501.18998	2501.18998:fastdetectgpt-fasttext	2501.18998:fastdetectgpt-fasttext@6f6a9f12a535aefd	same_window	page=17;identity_line=1178;metric_line=1179	0.9200	2501.18998:2c235896f12c635d	source_owned_state_join	table_row	FastDetectGPT after FastText embedding attack	Source Model Baseline BERT ELMo FastText GloVe TM-AE Word2Vec GPT-Neo	7	415	following Table 1: Compare the detection performance (AUROC scores) of Fast-DetectGPT for various	Source Model Baseline BERT ELMo FastText GloVe TM-AE Word2Vec	7	425	following Table 1: Compare the detection performance (AUROC scores) of Fast-DetectGPT for various	GPT-Neo-2.7 0.9988 0.9399 0.9307 0.9187 0.9334 0.9163 0.9209	AUROC	numeric cell 5 of 8 in exact result row	5	following Table 1: Compare the detection performance (AUROC scores) of Fast-DetectGPT for various; exact row/configuration for FastDetectGPT after FastText embedding attack; Review 26 successor re-audit binds this account to the recorded source state, exact row, and numeric column without inheriting the predecessor metric.	0.9187	2501.18998:56c9998599452d3b	extracted_primary_pdf_text	papers/2501.18998.pdf	4aac05e333a8b6c6caa68910de7038e869f1e75ce015812893fbbdb8b05d79f5	7dcd7807ffd2f55ff6724775a22acd83eb0e74b54742227572f383f5b38f6317	wrong_column	7	415	following Table 1: Compare the detection performance (AUROC scores) of Fast-DetectGPT for various	Source Model Baseline BERT ELMo FastText GloVe TM-AE Word2Vec	f4a4e3e390df23ff7fd6344319c0387bea404cb9e83eb40b91c4b26273068440	7	425	following Table 1: Compare the detection performance (AUROC scores) of Fast-DetectGPT for various	GPT-Neo-2.7 0.9988 0.9399 0.9307 0.9187 0.9334 0.9163 0.9209	0.9307	The derived alternate numeric result cell in the same source row is not the declared account metric column.
2501.18998	2501.18998:fastdetectgpt-glove	2501.18998:fastdetectgpt-glove@2ef560fdf7a3cdaf	same_window	page=17;identity_line=1178;metric_line=1179	0.9200	2501.18998:2c235896f12c635d	source_owned_state_join	table_row	FastDetectGPT after GloVe embedding attack	Source Model Baseline BERT ELMo FastText GloVe TM-AE Word2Vec GPT-Neo	7	415	following Table 1: Compare the detection performance (AUROC scores) of Fast-DetectGPT for various	Source Model Baseline BERT ELMo FastText GloVe TM-AE Word2Vec	7	425	following Table 1: Compare the detection performance (AUROC scores) of Fast-DetectGPT for various	GPT-Neo-2.7 0.9988 0.9399 0.9307 0.9187 0.9334 0.9163 0.9209	AUROC	numeric cell 6 of 8 in exact result row	6	following Table 1: Compare the detection performance (AUROC scores) of Fast-DetectGPT for various; exact row/configuration for FastDetectGPT after GloVe embedding attack; Review 26 successor re-audit binds this account to the recorded source state, exact row, and numeric column without inheriting the predecessor metric.	0.9334	2501.18998:56c9998599452d3b	extracted_primary_pdf_text	papers/2501.18998.pdf	4aac05e333a8b6c6caa68910de7038e869f1e75ce015812893fbbdb8b05d79f5	7dcd7807ffd2f55ff6724775a22acd83eb0e74b54742227572f383f5b38f6317	wrong_column	7	415	following Table 1: Compare the detection performance (AUROC scores) of Fast-DetectGPT for various	Source Model Baseline BERT ELMo FastText GloVe TM-AE Word2Vec	f4a4e3e390df23ff7fd6344319c0387bea404cb9e83eb40b91c4b26273068440	7	425	following Table 1: Compare the detection performance (AUROC scores) of Fast-DetectGPT for various	GPT-Neo-2.7 0.9988 0.9399 0.9307 0.9187 0.9334 0.9163 0.9209	0.9187	The derived alternate numeric result cell in the same source row is not the declared account metric column.
2501.18998	2501.18998:fastdetectgpt-tmae	2501.18998:fastdetectgpt-tmae@1ed3fbffe3fb6257	same_window	page=17;identity_line=1178;metric_line=1179	0.9200	2501.18998:2c235896f12c635d	source_owned_state_join	table_row	FastDetectGPT after TM-AE embedding attack	Source Model Baseline BERT ELMo FastText GloVe TM-AE Word2Vec GPT-Neo	7	415	following Table 1: Compare the detection performance (AUROC scores) of Fast-DetectGPT for various	Source Model Baseline BERT ELMo FastText GloVe TM-AE Word2Vec	7	425	following Table 1: Compare the detection performance (AUROC scores) of Fast-DetectGPT for various	GPT-Neo-2.7 0.9988 0.9399 0.9307 0.9187 0.9334 0.9163 0.9209	AUROC	numeric cell 7 of 8 in exact result row	7	following Table 1: Compare the detection performance (AUROC scores) of Fast-DetectGPT for various; exact row/configuration for FastDetectGPT after TM-AE embedding attack; Review 26 successor re-audit binds this account to the recorded source state, exact row, and numeric column without inheriting the predecessor metric.	0.9163	2501.18998:56c9998599452d3b	extracted_primary_pdf_text	papers/2501.18998.pdf	4aac05e333a8b6c6caa68910de7038e869f1e75ce015812893fbbdb8b05d79f5	7dcd7807ffd2f55ff6724775a22acd83eb0e74b54742227572f383f5b38f6317	wrong_column	7	415	following Table 1: Compare the detection performance (AUROC scores) of Fast-DetectGPT for various	Source Model Baseline BERT ELMo FastText GloVe TM-AE Word2Vec	f4a4e3e390df23ff7fd6344319c0387bea404cb9e83eb40b91c4b26273068440	7	425	following Table 1: Compare the detection performance (AUROC scores) of Fast-DetectGPT for various	GPT-Neo-2.7 0.9988 0.9399 0.9307 0.9187 0.9334 0.9163 0.9209	0.9334	The derived alternate numeric result cell in the same source row is not the declared account metric column.
2501.18998	2501.18998:fastdetectgpt-word2vec	2501.18998:fastdetectgpt-word2vec@c9422af43171358d	same_window	page=17;identity_line=1178;metric_line=1179	0.9200	2501.18998:2c235896f12c635d	source_owned_state_join	table_row	FastDetectGPT after Word2Vec embedding attack	Source Model Baseline BERT ELMo FastText GloVe TM-AE Word2Vec GPT-Neo	7	415	following Table 1: Compare the detection performance (AUROC scores) of Fast-DetectGPT for various	Source Model Baseline BERT ELMo FastText GloVe TM-AE Word2Vec	7	425	following Table 1: Compare the detection performance (AUROC scores) of Fast-DetectGPT for various	GPT-Neo-2.7 0.9988 0.9399 0.9307 0.9187 0.9334 0.9163 0.9209	AUROC	numeric cell 8 of 8 in exact result row	8	following Table 1: Compare the detection performance (AUROC scores) of Fast-DetectGPT for various; exact row/configuration for FastDetectGPT after Word2Vec embedding attack; Review 26 successor re-audit binds this account to the recorded source state, exact row, and numeric column without inheriting the predecessor metric.	0.9209	2501.18998:56c9998599452d3b	extracted_primary_pdf_text	papers/2501.18998.pdf	4aac05e333a8b6c6caa68910de7038e869f1e75ce015812893fbbdb8b05d79f5	7dcd7807ffd2f55ff6724775a22acd83eb0e74b54742227572f383f5b38f6317	wrong_column	7	415	following Table 1: Compare the detection performance (AUROC scores) of Fast-DetectGPT for various	Source Model Baseline BERT ELMo FastText GloVe TM-AE Word2Vec	f4a4e3e390df23ff7fd6344319c0387bea404cb9e83eb40b91c4b26273068440	7	425	following Table 1: Compare the detection performance (AUROC scores) of Fast-DetectGPT for various	GPT-Neo-2.7 0.9988 0.9399 0.9307 0.9187 0.9334 0.9163 0.9209	0.9163	The derived alternate numeric result cell in the same source row is not the declared account metric column.
2502.04528	2502.04528:fairopt	2502.04528:fairopt@4d12ae959cb7d2d5	same_window	page=8;identity_line=447;metric_line=449	0.9058	2502.04528:a3968ad58ebad0c7	source_owned_state_join	table_row	FairOPT group-adaptive thresholding	fairopt	8	447	preceding Table 2. Fairness and performance metrics across methods. FairOPT substantially reduces fairness discrepancies (bold). ∆ represents | following Table 3. Per-dataset results: four-feature setting (60 subgroups).	Source MaxBER Static MaxBER FairOPT ∆ (%) Accuracy Static Accuracy FairOPT ∆ (%)	8	449	preceding Table 2. Fairness and performance metrics across methods. FairOPT substantially reduces fairness discrepancies (bold). ∆ represents | following Table 3. Per-dataset results: four-feature setting (60 subgroups).	RAID 0.6874 0.5404 −21.4 0.9058 0.8978 −0.8	accuracy	numeric cell 5 of 6 in exact result row	5	preceding Table 2. Fairness and performance metrics across methods. FairOPT substantially reduces fairness discrepancies (bold). ∆ represents | following Table 3. Per-dataset results: four-feature setting (60 subgroups).; exact row/configuration for FairOPT group-adaptive thresholding; Review 26 successor re-audit binds this account to the recorded source state, exact row, and numeric column without inheriting the predecessor metric.	0.8978	2502.04528:a3968ad58ebad0c7	extracted_primary_pdf_text	papers/2502.04528.pdf	51a8c7badbe6b195a3098964b194439ccbca5defc9f2c790064c16649c152e83	057733ded93c379fde71e1e8fc0cfce40bd3bcb785ea7ddf5efc6500e8fb17aa	wrong_column	8	447	preceding Table 2. Fairness and performance metrics across methods. FairOPT substantially reduces fairness discrepancies (bold). ∆ represents | following Table 3. Per-dataset results: four-feature setting (60 subgroups).	Source MaxBER Static MaxBER FairOPT ∆ (%) Accuracy Static Accuracy FairOPT ∆ (%)	23788b8bb88ebe0567feccb5b71760f785996a3cb1217fa18cde77bbf0282c6f	8	449	preceding Table 2. Fairness and performance metrics across methods. FairOPT substantially reduces fairness discrepancies (bold). ∆ represents | following Table 3. Per-dataset results: four-feature setting (60 subgroups).	RAID 0.6874 0.5404 −21.4 0.9058 0.8978 −0.8	0.9058	The derived alternate numeric result cell in the same source row is not the declared account metric column.
2502.11336	2502.11336:exagpt-2000	2502.11336:exagpt-2000@71b1028f8438c4cd	table_configuration_join	locator=table2;identity_line=295	0.90	2502.11336:6a51c1f9924ff892	source_owned_state_join	table_row	ExaGPT 2,000-example datastore	Setting #Inst. (GB) (sec.) AUROC	8	439	following Table 7: Inference cost analysis of ExaGPT. #Inst. refers	Setting #Inst. (GB) (sec.) AUROC	8	441	following Table 7: Inference cost analysis of ExaGPT. #Inst. refers	2000 pair 36M 162.2 14.6 99.5	AUROC	numeric cell 5 of 5 in exact result row	5	following Table 7: Inference cost analysis of ExaGPT. #Inst. refers; exact row/configuration for ExaGPT 2,000-example datastore; Review 26 successor re-audit binds this account to the recorded source state, exact row, and numeric column without inheriting the predecessor metric.	99.5	2502.11336:396bd74a0852f8f1	extracted_primary_pdf_text	papers/2502.11336.pdf	941933625dcd0bb1d72b792749d7372ab6755e79fd77d3ab4870a54301b1bd69	0862acba9171a7c7ad2627c7eb915a484bcc173cd62dcd4b77bf7063c9e18a63	wrong_column	8	439	following Table 7: Inference cost analysis of ExaGPT. #Inst. refers	Setting #Inst. (GB) (sec.) AUROC	dd06c97a53483aca5ada9f443d8bdbb997e5328d1462c9c49a031636240e2730	8	441	following Table 7: Inference cost analysis of ExaGPT. #Inst. refers	2000 pair 36M 162.2 14.6 99.5	14.6	The derived alternate numeric result cell in the same source row is not the declared account metric column.
2502.11336	2502.11336:exagpt-500	2502.11336:exagpt-500@9aca8ed696fff9b7	table_configuration_join	locator=table2;identity_line=405	0.90	2502.11336:a07068d8a71a9179	source_owned_state_join	table_row	ExaGPT 500-example datastore	Setting #Inst. (GB) (sec.) AUROC	8	439	following Table 7: Inference cost analysis of ExaGPT. #Inst. refers	Setting #Inst. (GB) (sec.) AUROC	8	442	following Table 7: Inference cost analysis of ExaGPT. #Inst. refers	500 pair 9.1M 54.7 (66%↓) 5.81 (60%↓) 99.4	AUROC	numeric cell 7 of 7 in exact result row	7	following Table 7: Inference cost analysis of ExaGPT. #Inst. refers; exact row/configuration for ExaGPT 500-example datastore; Review 26 successor re-audit binds this account to the recorded source state, exact row, and numeric column without inheriting the predecessor metric.	99.4	2502.11336:2bf21c44eb3cbd22	extracted_primary_pdf_text	papers/2502.11336.pdf	941933625dcd0bb1d72b792749d7372ab6755e79fd77d3ab4870a54301b1bd69	1033a79716cc08db2e615b467d48595fbf69ffafc49ff4637f9436bc1dea8494	wrong_column	8	439	following Table 7: Inference cost analysis of ExaGPT. #Inst. refers	Setting #Inst. (GB) (sec.) AUROC	dd06c97a53483aca5ada9f443d8bdbb997e5328d1462c9c49a031636240e2730	8	442	following Table 7: Inference cost analysis of ExaGPT. #Inst. refers	500 pair 9.1M 54.7 (66%↓) 5.81 (60%↓) 99.4	5.81	The derived alternate numeric result cell in the same source row is not the declared account metric column.
2502.11336	2502.11336:exagpt-500-ivfpq	2502.11336:exagpt-500-ivfpq@2c0dc1270441a806	table_configuration_join	locator=table2;identity_line=405	0.90	2502.11336:a07068d8a71a9179	source_owned_state_join	table_row	ExaGPT 500-example IVFPQ datastore	Setting #Inst. (GB) (sec.) AUROC	8	439	following Table 7: Inference cost analysis of ExaGPT. #Inst. refers	Setting #Inst. (GB) (sec.) AUROC	8	443	following Table 7: Inference cost analysis of ExaGPT. #Inst. refers	500 pair + IVFPQ 9.1M 20.2 (87%↓) 1.22 (90%↓) 97.8	AUROC	numeric cell 7 of 7 in exact result row	7	following Table 7: Inference cost analysis of ExaGPT. #Inst. refers; exact row/configuration for ExaGPT 500-example IVFPQ datastore; Review 26 successor re-audit binds this account to the recorded source state, exact row, and numeric column without inheriting the predecessor metric.	97.8	2502.11336:2729f7c519951a71	extracted_primary_pdf_text	papers/2502.11336.pdf	941933625dcd0bb1d72b792749d7372ab6755e79fd77d3ab4870a54301b1bd69	026a0ffce50370e7db09dfb375daec3ca4f767298e842ae4211eb387843a1e91	wrong_column	8	439	following Table 7: Inference cost analysis of ExaGPT. #Inst. refers	Setting #Inst. (GB) (sec.) AUROC	dd06c97a53483aca5ada9f443d8bdbb997e5328d1462c9c49a031636240e2730	8	443	following Table 7: Inference cost analysis of ExaGPT. #Inst. refers	500 pair + IVFPQ 9.1M 20.2 (87%↓) 1.22 (90%↓) 97.8	1.22	The derived alternate numeric result cell in the same source row is not the declared account metric column.
2502.12611	2502.12611:chatgpt-roberta	2502.12611:chatgpt-roberta@40645dd80d9ca14c	same_window	page=18;identity_line=1148;metric_line=1149	0.967	2502.12611:f59a793c1d7820a2	source_owned_state_join	table_row	RoBERTa-base ChatGPT detector	chatgptroberta	19	1165	following Table 16: Detector performance across various generator models under subgroup CEFR = A2-0	Generator Model binoculars fastdetectgpt detectgpt gltr chatgpt-roberta radar gpt2-base gpt2-large llmdet fastdetectllm	19	1168	following Table 16: Detector performance across various generator models under subgroup CEFR = A2-0	Qwen2.5-14B-Instruct 0.989 0.918 0.933 0.781 0.940 0.814 0.691 0.504 0.499 0.488	TPR	numeric cell 7 of 12 in exact result row	7	following Table 16: Detector performance across various generator models under subgroup CEFR = A2-0; exact row/configuration for RoBERTa-base ChatGPT detector; Review 26 successor re-audit binds this account to the recorded source state, exact row, and numeric column without inheriting the predecessor metric.	0.940	2502.12611:ce154b6047ccc8f9	extracted_primary_pdf_text	papers/2502.12611.pdf	db39ebcaf3568aa6e71c6e81b81fb9f5bdd71ff58ab4e14164a6ccbbda479d4d	bd809fd3b7803cfb972c506f74145fcc8becfd0725658616fcd5c4e9c12aa6d1	wrong_column	19	1165	following Table 16: Detector performance across various generator models under subgroup CEFR = A2-0	Generator Model binoculars fastdetectgpt detectgpt gltr chatgpt-roberta radar gpt2-base gpt2-large llmdet fastdetectllm	14b819fdd04e1dc1d0ac21a8e230ae215bbb107db917e17e4e2cab76f3488ee7	19	1168	following Table 16: Detector performance across various generator models under subgroup CEFR = A2-0	Qwen2.5-14B-Instruct 0.989 0.918 0.933 0.781 0.940 0.814 0.691 0.504 0.499 0.488	0.781	The derived alternate numeric result cell in the same source row is not the declared account metric column.
2502.12611	2502.12611:detectgpt	2502.12611:detectgpt@4ad413da2ac0c554	same_window	page=19;identity_line=1165;metric_line=1166	0.990	2502.12611:45826b50b2b8e27a	source_owned_state_join	table_row	DetectGPT	detectgpt	19	1165	following Table 16: Detector performance across various generator models under subgroup CEFR = A2-0	Generator Model binoculars fastdetectgpt detectgpt gltr chatgpt-roberta radar gpt2-base gpt2-large llmdet fastdetectllm	19	1166	following Table 16: Detector performance across various generator models under subgroup CEFR = A2-0	Qwen2.5-72B-Instruct 0.990 0.965 0.990 0.892 0.866 0.834 0.814 0.588 0.511 0.488	TPR	numeric cell 3 of 12 in exact result row	3	following Table 16: Detector performance across various generator models under subgroup CEFR = A2-0; exact row/configuration for DetectGPT; Review 26 successor re-audit binds this account to the recorded source state, exact row, and numeric column without inheriting the predecessor metric.	0.990	2502.12611:45826b50b2b8e27a	extracted_primary_pdf_text	papers/2502.12611.pdf	db39ebcaf3568aa6e71c6e81b81fb9f5bdd71ff58ab4e14164a6ccbbda479d4d	2f79e121d3794e15cf6313b4e62c9c751f871191a9ae386cbd8f5d7b70edd98e	wrong_column	19	1165	following Table 16: Detector performance across various generator models under subgroup CEFR = A2-0	Generator Model binoculars fastdetectgpt detectgpt gltr chatgpt-roberta radar gpt2-base gpt2-large llmdet fastdetectllm	14b819fdd04e1dc1d0ac21a8e230ae215bbb107db917e17e4e2cab76f3488ee7	19	1166	following Table 16: Detector performance across various generator models under subgroup CEFR = A2-0	Qwen2.5-72B-Instruct 0.990 0.965 0.990 0.892 0.866 0.834 0.814 0.588 0.511 0.488	0.965	The derived alternate numeric result cell in the same source row is not the declared account metric column.
2502.12611	2502.12611:gltr	2502.12611:gltr@58ea0fd03ddcf4fc	same_window	page=18;identity_line=1148;metric_line=1149	0.939	2502.12611:f59a793c1d7820a2	source_owned_state_join	table_row	GLTR	gltr	18	1148	preceding Table 14: Down-Sample Matched Results: Significant post-hoc pairs (Holm-adjusted) among academic genres. | following Table 15: Overall Detector performance across various generator models without subsetting	Generator Model binoculars fastdetectgpt detectgpt gltr chatgpt-roberta radar gpt2-base gpt2-large llmdet fastdetectllm	18	1149	preceding Table 14: Down-Sample Matched Results: Significant post-hoc pairs (Holm-adjusted) among academic genres. | following Table 15: Overall Detector performance across various generator models without subsetting	Qwen2.5-72B-Instruct 0.959 0.967 0.897 0.939 0.808 0.822 0.653 0.531 0.496 0.479	TPR	numeric cell 6 of 12 in exact result row	6	preceding Table 14: Down-Sample Matched Results: Significant post-hoc pairs (Holm-adjusted) among academic genres. | following Table 15: Overall Detector performance across various generator models without subsetting; exact row/configuration for GLTR; Review 26 successor re-audit binds this account to the recorded source state, exact row, and numeric column without inheriting the predecessor metric.	0.939	2502.12611:f59a793c1d7820a2	extracted_primary_pdf_text	papers/2502.12611.pdf	db39ebcaf3568aa6e71c6e81b81fb9f5bdd71ff58ab4e14164a6ccbbda479d4d	b63caa8d6d23aece8945f7d7946f66bc6ba9df1651a698783c4e55b7e9651399	wrong_column	18	1141	preceding Table 14: Down-Sample Matched Results: Significant post-hoc pairs (Holm-adjusted) among academic genres. | following Table 15: Overall Detector performance across various generator models without subsetting	Table 14: Down-Sample Matched Results: Significant post-hoc pairs (Holm-adjusted) among academic genres.	3f5a15ea5ecfedf4929bfd25c8215055e5f2b3dd89344eaa3637dbfc11add04f	18	1149	preceding Table 14: Down-Sample Matched Results: Significant post-hoc pairs (Holm-adjusted) among academic genres. | following Table 15: Overall Detector performance across various generator models without subsetting	Qwen2.5-72B-Instruct 0.959 0.967 0.897 0.939 0.808 0.822 0.653 0.531 0.496 0.479	0.897	The derived alternate numeric result cell in the same source row is not the declared account metric column.
2502.15654	2502.15654:mage-longformer	2502.15654:mage-longformer@b6bf9ddbf716e158	same_window	page=7;identity_line=421;metric_line=422	.99	2502.15654:d3ea4fbeee2adfca	source_owned_state_join	table_row	MAGE Longformer	Li et al. (	7	421	preceding Figure 3: Model collapse mitigation with GPT-2 or SmolLM2 under partially synthetic recursive training | following Table 2: Machine-generated text detection performance. for GPT-2 and temperature sampling for SmolLM2.	Li et al. (2024), Longformer, which achieved an treat as an approximation for the likelihood ratio.	7	422	preceding Figure 3: Model collapse mitigation with GPT-2 or SmolLM2 under partially synthetic recursive training | following Table 2: Machine-generated text detection performance. for GPT-2 and temperature sampling for SmolLM2.	in-distribution and out-of-distribution AUC of .99 As the detector has been trained on an un-	AUC	numeric cell 1 of 1 in exact result row	1	preceding Figure 3: Model collapse mitigation with GPT-2 or SmolLM2 under partially synthetic recursive training | following Table 2: Machine-generated text detection performance. for GPT-2 and temperature sampling for SmolLM2.; exact row/configuration for MAGE Longformer; Review 26 successor re-audit binds this account to the recorded source state, exact row, and numeric column without inheriting the predecessor metric.	99	2502.15654:d3ea4fbeee2adfca	extracted_primary_pdf_text	papers/2502.15654.pdf	f5224ce69913022d8a769c8ec3085e8086a0d0b9e9db25cf25e39cb06acbc07c	0e5e84fec97f0f477c7cb04ba2b475d50fd6fbfd034582207abfe8b3570e6b00	wrong_training_state	7	422	preceding Figure 3: Model collapse mitigation with GPT-2 or SmolLM2 under partially synthetic recursive training | following Table 2: Machine-generated text detection performance. for GPT-2 and temperature sampling for SmolLM2.	in-distribution and out-of-distribution AUC of .99 As the detector has been trained on an un-	c01575c021b9a5bde0334d37a56f1cd1167bbb4d45a0b5e1d1ea47d0002404ec	7	423	preceding Figure 3: Model collapse mitigation with GPT-2 or SmolLM2 under partially synthetic recursive training | following Table 2: Machine-generated text detection performance. for GPT-2 and temperature sampling for SmolLM2.	and .94, respectively. balanced dataset (29% human samples), the pre-	94	The 0.94 out-of-distribution value is a different evaluation state from the declared 0.99 in-distribution result.
2503.00032	2503.00032:all-lr	2503.00032:all-lr@d8dd65b0c11c912c	same_window	page=19;identity_line=1336;metric_line=1336	92.26	2503.00032:ab4f5ed4e88729c0	source_owned_state_join	table_row	KatFishNet all-feature logistic regression	Feature Combination → Solar → Qwen2 → Llama3.	20	1370	following Table 10: Performance on LLM-generated essay detection using individual and ensemble combinations of linguistic	Feature Combination → Solar → Qwen2 → Llama3.1 Average	20	1374	following Table 10: Performance on LLM-generated essay detection using individual and ensemble combinations of linguistic	All 97.67 93.93 88.05 93.21	accuracy	numeric cell 1 of 4 in exact result row	1	following Table 10: Performance on LLM-generated essay detection using individual and ensemble combinations of linguistic; exact row/configuration for KatFishNet all-feature logistic regression; Review 26 successor re-audit binds this account to the recorded source state, exact row, and numeric column without inheriting the predecessor metric.	97.67	2503.00032:4709b5a707e699ea	extracted_primary_pdf_text	papers/2503.00032.pdf	ced261067bcc77e3e20be4d2046554011e28d5adc2363d8e2fe3f74f9462f764	851345f01ca3563048f83ec12d940943e7790314aa666a60f42e2cd4535366be	wrong_column	20	1370	following Table 10: Performance on LLM-generated essay detection using individual and ensemble combinations of linguistic	Feature Combination → Solar → Qwen2 → Llama3.1 Average	bd0afd113c2fc7132782a03ca16e2c62518d7b105766d528ccbb50bda3f98ee9	20	1374	following Table 10: Performance on LLM-generated essay detection using individual and ensemble combinations of linguistic	All 97.67 93.93 88.05 93.21	93.93	The derived alternate numeric result cell in the same source row is not the declared account metric column.
2503.00032	2503.00032:exaone-paraphrase	2503.00032:exaone-paraphrase@f469383217af4a33	same_window	page=8;identity_line=454;metric_line=454	92.08	2503.00032:fef42c4642e2ba49	source_owned_row_join	table_row	Exaone paraphrase detector	LLM Paraphrasing Exaone	8	454	following Table 3: Performance of detecting LLM-generated Korean text. We report the average performance (AUC-ROC)	LLM Paraphrasing Exaone 3.5 92.08 79.74 72.00 81.27	8	454	following Table 3: Performance of detecting LLM-generated Korean text. We report the average performance (AUC-ROC)	LLM Paraphrasing Exaone 3.5 92.08 79.74 72.00 81.27	accuracy	numeric cell 2 of 5 in exact result row	2	following Table 3: Performance of detecting LLM-generated Korean text. We report the average performance (AUC-ROC); exact row/configuration for Exaone paraphrase detector; Review 26 successor re-audit binds this account to the recorded source state, exact row, and numeric column without inheriting the predecessor metric.	92.08	2503.00032:fef42c4642e2ba49	extracted_primary_pdf_text	papers/2503.00032.pdf	ced261067bcc77e3e20be4d2046554011e28d5adc2363d8e2fe3f74f9462f764	cda4699388d5cfb85d60006f2c0360f7ac9d38702122b434db90ca3bd15b7f84	wrong_column	8	454	following Table 3: Performance of detecting LLM-generated Korean text. We report the average performance (AUC-ROC)	LLM Paraphrasing Exaone 3.5 92.08 79.74 72.00 81.27	cda4699388d5cfb85d60006f2c0360f7ac9d38702122b434db90ca3bd15b7f84	8	454	following Table 3: Performance of detecting LLM-generated Korean text. We report the average performance (AUC-ROC)	LLM Paraphrasing Exaone 3.5 92.08 79.74 72.00 81.27	3.5	The derived alternate numeric result cell in the same source row is not the declared account metric column.
2503.00032	2503.00032:pos-lr	2503.00032:pos-lr@6aecdc1d2de9ecdc	same_window	page=8;identity_line=458;metric_line=458	92.26	2503.00032:fab8e2039031b4e9	source_owned_state_join	table_row	KatFishNet POS logistic regression	Genre KatFishNet → Solar → Qwen2 → Llama3.	19	1332	preceding Table 9 presents the performance of KatFishNet with different base machine learning models. Below is | following Table 9: Performance of detecting LLM-generated Korean text. We report the average performance (AUC-ROC)	Genre KatFishNet → Solar → Qwen2 → Llama3.1 Average	19	1336	preceding Table 9 presents the performance of KatFishNet with different base machine learning models. Below is | following Table 9: Performance of detecting LLM-generated Korean text. We report the average performance (AUC-ROC)	Logistic Regression 92.26 83.10 73.63 82.99	accuracy	numeric cell 1 of 4 in exact result row	1	preceding Table 9 presents the performance of KatFishNet with different base machine learning models. Below is | following Table 9: Performance of detecting LLM-generated Korean text. We report the average performance (AUC-ROC); exact row/configuration for KatFishNet POS logistic regression; Review 26 successor re-audit binds this account to the recorded source state, exact row, and numeric column without inheriting the predecessor metric.	92.26	2503.00032:ab4f5ed4e88729c0	extracted_primary_pdf_text	papers/2503.00032.pdf	ced261067bcc77e3e20be4d2046554011e28d5adc2363d8e2fe3f74f9462f764	2ab8105fb43e6250339d8ffacd70842c5f1016840cd73a27315e126ab7174836	wrong_column	19	1309	preceding Table 9 presents the performance of KatFishNet with different base machine learning models. Below is | following Table 9: Performance of detecting LLM-generated Korean text. We report the average performance (AUC-ROC)	Table 9 presents the performance of KatFishNet with different base machine learning models. Below is	b0d50085175a364a074c995a63a1fb1f3d4c652c8b9dbd9154a606065c05ca36	19	1336	preceding Table 9 presents the performance of KatFishNet with different base machine learning models. Below is | following Table 9: Performance of detecting LLM-generated Korean text. We report the average performance (AUC-ROC)	Logistic Regression 92.26 83.10 73.63 82.99	83.10	The derived alternate numeric result cell in the same source row is not the declared account metric column.
2503.00032	2503.00032:pos-punctuation-lr	2503.00032:pos-punctuation-lr@c8d70140d81a7968	same_window	page=8;identity_line=458;metric_line=458	92.26	2503.00032:fab8e2039031b4e9	source_owned_state_join	table_row	KatFishNet POS plus punctuation logistic regression	Feature Combination → Solar → Qwen2 → Llama3.	20	1370	following Table 10: Performance on LLM-generated essay detection using individual and ensemble combinations of linguistic	Feature Combination → Solar → Qwen2 → Llama3.1 Average	20	1375	following Table 10: Performance on LLM-generated essay detection using individual and ensemble combinations of linguistic	POS + Punctuation 98.97 95.09 90.58 94.88	accuracy	numeric cell 1 of 4 in exact result row	1	following Table 10: Performance on LLM-generated essay detection using individual and ensemble combinations of linguistic; exact row/configuration for KatFishNet POS plus punctuation logistic regression; Review 26 successor re-audit binds this account to the recorded source state, exact row, and numeric column without inheriting the predecessor metric.	98.97	2503.00032:7087f9b116be6e8f	extracted_primary_pdf_text	papers/2503.00032.pdf	ced261067bcc77e3e20be4d2046554011e28d5adc2363d8e2fe3f74f9462f764	cf39f0eb76c54046829f9e07b165ffb57a7047cefefbd82c2ed41d1a89c29930	wrong_column	20	1370	following Table 10: Performance on LLM-generated essay detection using individual and ensemble combinations of linguistic	Feature Combination → Solar → Qwen2 → Llama3.1 Average	bd0afd113c2fc7132782a03ca16e2c62518d7b105766d528ccbb50bda3f98ee9	20	1375	following Table 10: Performance on LLM-generated essay detection using individual and ensemble combinations of linguistic	POS + Punctuation 98.97 95.09 90.58 94.88	95.09	The derived alternate numeric result cell in the same source row is not the declared account metric column.
2503.00032	2503.00032:pos-spacing-lr	2503.00032:pos-spacing-lr@12b2821c44c67904	same_window	page=8;identity_line=458;metric_line=458	92.26	2503.00032:fab8e2039031b4e9	source_owned_state_join	table_row	KatFishNet POS plus spacing logistic regression	Feature Combination → Solar → Qwen2 → Llama3.	20	1370	following Table 10: Performance on LLM-generated essay detection using individual and ensemble combinations of linguistic	Feature Combination → Solar → Qwen2 → Llama3.1 Average	20	1376	following Table 10: Performance on LLM-generated essay detection using individual and ensemble combinations of linguistic	POS + Spacing 90.29 83.65 73.73 82.55	accuracy	numeric cell 1 of 4 in exact result row	1	following Table 10: Performance on LLM-generated essay detection using individual and ensemble combinations of linguistic; exact row/configuration for KatFishNet POS plus spacing logistic regression; Review 26 successor re-audit binds this account to the recorded source state, exact row, and numeric column without inheriting the predecessor metric.	90.29	2503.00032:07adb64807732971	extracted_primary_pdf_text	papers/2503.00032.pdf	ced261067bcc77e3e20be4d2046554011e28d5adc2363d8e2fe3f74f9462f764	ec8cd6ec381399618f7ad4a72d9a7a8805bd44f01c91a38c8e16df0dc84ed09d	wrong_column	20	1370	following Table 10: Performance on LLM-generated essay detection using individual and ensemble combinations of linguistic	Feature Combination → Solar → Qwen2 → Llama3.1 Average	bd0afd113c2fc7132782a03ca16e2c62518d7b105766d528ccbb50bda3f98ee9	20	1376	following Table 10: Performance on LLM-generated essay detection using individual and ensemble combinations of linguistic	POS + Spacing 90.29 83.65 73.73 82.55	83.65	The derived alternate numeric result cell in the same source row is not the declared account metric column.
2503.00032	2503.00032:punctuation-lr	2503.00032:punctuation-lr@500c5f54e0d29927	same_window	page=19;identity_line=1336;metric_line=1336	92.26	2503.00032:ab4f5ed4e88729c0	source_owned_state_join	table_row	KatFishNet punctuation logistic regression	Genre KatFishNet → Solar → Qwen2 → Llama3.	19	1332	preceding Table 9 presents the performance of KatFishNet with different base machine learning models. Below is | following Table 9: Performance of detecting LLM-generated Korean text. We report the average performance (AUC-ROC)	Genre KatFishNet → Solar → Qwen2 → Llama3.1 Average	19	1339	preceding Table 9 presents the performance of KatFishNet with different base machine learning models. Below is | following Table 9: Performance of detecting LLM-generated Korean text. We report the average performance (AUC-ROC)	Logistic Regression 97.57 94.63 92.45 94.88	accuracy	numeric cell 1 of 4 in exact result row	1	preceding Table 9 presents the performance of KatFishNet with different base machine learning models. Below is | following Table 9: Performance of detecting LLM-generated Korean text. We report the average performance (AUC-ROC); exact row/configuration for KatFishNet punctuation logistic regression; Review 26 successor re-audit binds this account to the recorded source state, exact row, and numeric column without inheriting the predecessor metric.	97.57	2503.00032:e57b8a12cb6b120c	extracted_primary_pdf_text	papers/2503.00032.pdf	ced261067bcc77e3e20be4d2046554011e28d5adc2363d8e2fe3f74f9462f764	38e8626e7681b02b8d1fa0a330b077981422b0bbc022a4bd78e1d12b89a66faa	wrong_column	19	1309	preceding Table 9 presents the performance of KatFishNet with different base machine learning models. Below is | following Table 9: Performance of detecting LLM-generated Korean text. We report the average performance (AUC-ROC)	Table 9 presents the performance of KatFishNet with different base machine learning models. Below is	b0d50085175a364a074c995a63a1fb1f3d4c652c8b9dbd9154a606065c05ca36	19	1339	preceding Table 9 presents the performance of KatFishNet with different base machine learning models. Below is | following Table 9: Performance of detecting LLM-generated Korean text. We report the average performance (AUC-ROC)	Logistic Regression 97.57 94.63 92.45 94.88	94.63	The derived alternate numeric result cell in the same source row is not the declared account metric column.
2503.00032	2503.00032:punctuation-spacing-lr	2503.00032:punctuation-spacing-lr@6d0a96ff94751dc2	same_window	page=19;identity_line=1336;metric_line=1336	92.26	2503.00032:ab4f5ed4e88729c0	source_owned_state_join	table_row	KatFishNet punctuation plus spacing logistic regression	Feature Combination → Solar → Qwen2 → Llama3.	20	1370	following Table 10: Performance on LLM-generated essay detection using individual and ensemble combinations of linguistic	Feature Combination → Solar → Qwen2 → Llama3.1 Average	20	1377	following Table 10: Performance on LLM-generated essay detection using individual and ensemble combinations of linguistic	Punctuation + Spacing 97.89 94.74 90.35 94.32	accuracy	numeric cell 1 of 4 in exact result row	1	following Table 10: Performance on LLM-generated essay detection using individual and ensemble combinations of linguistic; exact row/configuration for KatFishNet punctuation plus spacing logistic regression; Review 26 successor re-audit binds this account to the recorded source state, exact row, and numeric column without inheriting the predecessor metric.	97.89	2503.00032:5e214ae886e68570	extracted_primary_pdf_text	papers/2503.00032.pdf	ced261067bcc77e3e20be4d2046554011e28d5adc2363d8e2fe3f74f9462f764	cb9fd994ffee33af55031abef1dd41d10b5ae46141670171580d645a5880e9b6	wrong_column	20	1370	following Table 10: Performance on LLM-generated essay detection using individual and ensemble combinations of linguistic	Feature Combination → Solar → Qwen2 → Llama3.1 Average	bd0afd113c2fc7132782a03ca16e2c62518d7b105766d528ccbb50bda3f98ee9	20	1377	following Table 10: Performance on LLM-generated essay detection using individual and ensemble combinations of linguistic	Punctuation + Spacing 97.89 94.74 90.35 94.32	94.74	The derived alternate numeric result cell in the same source row is not the declared account metric column.
2503.00032	2503.00032:punctuation-svm	2503.00032:punctuation-svm@e18b45e763af9cfd	table_configuration_join	locator=precedingtable3presentstheexperimentalresultsweanfollowingtable3performanceofdetectingllmgeneratedkoreantextwereporttheaverageperformanceaucroc;identity_line=458	92.26	2503.00032:fab8e2039031b4e9	source_owned_state_join	table_row	KatFishNet punctuation SVM	Genre KatFishNet → Solar → Qwen2 → Llama3.	19	1332	preceding Table 9 presents the performance of KatFishNet with different base machine learning models. Below is | following Table 9: Performance of detecting LLM-generated Korean text. We report the average performance (AUC-ROC)	Genre KatFishNet → Solar → Qwen2 → Llama3.1 Average	19	1341	preceding Table 9 presents the performance of KatFishNet with different base machine learning models. Below is | following Table 9: Performance of detecting LLM-generated Korean text. We report the average performance (AUC-ROC)	Support Vector Machine 96.26 95.49 91.33 94.36	accuracy	numeric cell 1 of 4 in exact result row	1	preceding Table 9 presents the performance of KatFishNet with different base machine learning models. Below is | following Table 9: Performance of detecting LLM-generated Korean text. We report the average performance (AUC-ROC); exact row/configuration for KatFishNet punctuation SVM; Review 26 successor re-audit binds this account to the recorded source state, exact row, and numeric column without inheriting the predecessor metric.	96.26	2503.00032:8fd7f9be08087993	extracted_primary_pdf_text	papers/2503.00032.pdf	ced261067bcc77e3e20be4d2046554011e28d5adc2363d8e2fe3f74f9462f764	0f1e63548f9bca1eaf6ef2a4f3d95df10c8f86fa0d9d417d6af7957e40281c5d	wrong_column	19	1309	preceding Table 9 presents the performance of KatFishNet with different base machine learning models. Below is | following Table 9: Performance of detecting LLM-generated Korean text. We report the average performance (AUC-ROC)	Table 9 presents the performance of KatFishNet with different base machine learning models. Below is	b0d50085175a364a074c995a63a1fb1f3d4c652c8b9dbd9154a606065c05ca36	19	1341	preceding Table 9 presents the performance of KatFishNet with different base machine learning models. Below is | following Table 9: Performance of detecting LLM-generated Korean text. We report the average performance (AUC-ROC)	Support Vector Machine 96.26 95.49 91.33 94.36	95.49	The derived alternate numeric result cell in the same source row is not the declared account metric column.
2503.15044	2503.15044:logistic-regression	2503.15044:logistic-regression@f6775822f6b1e28c	table_configuration_join	locator=table3;identity_line=361	97	2503.15044:a29043fb4eb48f8f	source_owned_state_join	table_row	Logistic Regression	Dataset Detection Entropy Binoculars RoBERTa MLP XGboost LogR SVM RF E2E Convo. Binary	7	379	preceding Table 3: Macro-F1 of detection models. The highest score of each detection task is in bold. | following Figure 2: Performance for Cross Dataset Detection	Dataset Detection Entropy Binoculars RoBERTa MLP XGboost LogR SVM RF	7	382	preceding Table 3: Macro-F1 of detection models. The highest score of each detection task is in bold. | following Figure 2: Performance for Cross Dataset Detection	E2E Convo. Binary 0.8846 0.8227 0.9939 0.9976 0.9816 0.9949 0.9949 0.9899	F1	numeric cell 6 of 8 in exact result row	6	preceding Table 3: Macro-F1 of detection models. The highest score of each detection task is in bold. | following Figure 2: Performance for Cross Dataset Detection; exact row/configuration for Logistic Regression; Review 26 successor re-audit binds this account to the recorded source state, exact row, and numeric column without inheriting the predecessor metric.	0.9949	2503.15044:a2d414b84a36c382	extracted_primary_pdf_text	papers/2503.15044.pdf	a94685a71dea7ad68ee48441b4b5e50ac9d55533dfbd9ebd78b68cffea971f07	7b9fd040a9150a17e7b677b74fe40d944bd3f632f476aef78cca4333d6cfb1c1	wrong_column	7	376	preceding Table 3: Macro-F1 of detection models. The highest score of each detection task is in bold. | following Figure 2: Performance for Cross Dataset Detection	Table 3: Macro-F1 of detection models. The highest score of each detection task is in bold.	8c10958005826adba5b7e21425a9915110779fdd89f8d3befe59dbe2ffdca25f	7	382	preceding Table 3: Macro-F1 of detection models. The highest score of each detection task is in bold. | following Figure 2: Performance for Cross Dataset Detection	E2E Convo. Binary 0.8846 0.8227 0.9939 0.9976 0.9816 0.9949 0.9949 0.9899	0.9816	The derived alternate numeric result cell in the same source row is not the declared account metric column.
2503.15044	2503.15044:mlp	2503.15044:mlp@00314e54da89d0d2	same_window	page=7;identity_line=379;metric_line=380	0.9592	2503.15044:0cdfc12452655bf8	source_owned_state_join	table_row	MLP	mlp	7	379	preceding Table 3: Macro-F1 of detection models. The highest score of each detection task is in bold. | following Figure 2: Performance for Cross Dataset Detection	Dataset Detection Entropy Binoculars RoBERTa MLP XGboost LogR SVM RF	7	382	preceding Table 3: Macro-F1 of detection models. The highest score of each detection task is in bold. | following Figure 2: Performance for Cross Dataset Detection	E2E Convo. Binary 0.8846 0.8227 0.9939 0.9976 0.9816 0.9949 0.9949 0.9899	F1	numeric cell 4 of 8 in exact result row	4	preceding Table 3: Macro-F1 of detection models. The highest score of each detection task is in bold. | following Figure 2: Performance for Cross Dataset Detection; exact row/configuration for MLP; Review 26 successor re-audit binds this account to the recorded source state, exact row, and numeric column without inheriting the predecessor metric.	0.9976	2503.15044:a2d414b84a36c382	extracted_primary_pdf_text	papers/2503.15044.pdf	a94685a71dea7ad68ee48441b4b5e50ac9d55533dfbd9ebd78b68cffea971f07	7b9fd040a9150a17e7b677b74fe40d944bd3f632f476aef78cca4333d6cfb1c1	wrong_column	7	376	preceding Table 3: Macro-F1 of detection models. The highest score of each detection task is in bold. | following Figure 2: Performance for Cross Dataset Detection	Table 3: Macro-F1 of detection models. The highest score of each detection task is in bold.	8c10958005826adba5b7e21425a9915110779fdd89f8d3befe59dbe2ffdca25f	7	382	preceding Table 3: Macro-F1 of detection models. The highest score of each detection task is in bold. | following Figure 2: Performance for Cross Dataset Detection	E2E Convo. Binary 0.8846 0.8227 0.9939 0.9976 0.9816 0.9949 0.9949 0.9899	0.9939	The derived alternate numeric result cell in the same source row is not the declared account metric column.
2503.15044	2503.15044:random-forest	2503.15044:random-forest@b489a00a00638998	table_configuration_join	locator=table3;identity_line=363	97	2503.15044:a29043fb4eb48f8f	source_owned_state_join	table_row	Random Forest	Dataset Detection Entropy Binoculars RoBERTa MLP XGboost LogR SVM RF E2E Convo. Binary	7	379	preceding Table 3: Macro-F1 of detection models. The highest score of each detection task is in bold. | following Figure 2: Performance for Cross Dataset Detection	Dataset Detection Entropy Binoculars RoBERTa MLP XGboost LogR SVM RF	7	382	preceding Table 3: Macro-F1 of detection models. The highest score of each detection task is in bold. | following Figure 2: Performance for Cross Dataset Detection	E2E Convo. Binary 0.8846 0.8227 0.9939 0.9976 0.9816 0.9949 0.9949 0.9899	F1	numeric cell 8 of 8 in exact result row	8	preceding Table 3: Macro-F1 of detection models. The highest score of each detection task is in bold. | following Figure 2: Performance for Cross Dataset Detection; exact row/configuration for Random Forest; Review 26 successor re-audit binds this account to the recorded source state, exact row, and numeric column without inheriting the predecessor metric.	0.9899	2503.15044:a2d414b84a36c382	extracted_primary_pdf_text	papers/2503.15044.pdf	a94685a71dea7ad68ee48441b4b5e50ac9d55533dfbd9ebd78b68cffea971f07	7b9fd040a9150a17e7b677b74fe40d944bd3f632f476aef78cca4333d6cfb1c1	wrong_column	7	376	preceding Table 3: Macro-F1 of detection models. The highest score of each detection task is in bold. | following Figure 2: Performance for Cross Dataset Detection	Table 3: Macro-F1 of detection models. The highest score of each detection task is in bold.	8c10958005826adba5b7e21425a9915110779fdd89f8d3befe59dbe2ffdca25f	7	382	preceding Table 3: Macro-F1 of detection models. The highest score of each detection task is in bold. | following Figure 2: Performance for Cross Dataset Detection	E2E Convo. Binary 0.8846 0.8227 0.9939 0.9976 0.9816 0.9949 0.9949 0.9899	0.9949	The derived alternate numeric result cell in the same source row is not the declared account metric column.
2503.15044	2503.15044:roberta	2503.15044:roberta@77cc87dcca8c9758	same_window	page=7;identity_line=379;metric_line=380	0.9592	2503.15044:0cdfc12452655bf8	source_owned_state_join	table_row	RoBERTa	roberta	7	379	preceding Table 3: Macro-F1 of detection models. The highest score of each detection task is in bold. | following Figure 2: Performance for Cross Dataset Detection	Dataset Detection Entropy Binoculars RoBERTa MLP XGboost LogR SVM RF	7	382	preceding Table 3: Macro-F1 of detection models. The highest score of each detection task is in bold. | following Figure 2: Performance for Cross Dataset Detection	E2E Convo. Binary 0.8846 0.8227 0.9939 0.9976 0.9816 0.9949 0.9949 0.9899	F1	numeric cell 3 of 8 in exact result row	3	preceding Table 3: Macro-F1 of detection models. The highest score of each detection task is in bold. | following Figure 2: Performance for Cross Dataset Detection; exact row/configuration for RoBERTa; Review 26 successor re-audit binds this account to the recorded source state, exact row, and numeric column without inheriting the predecessor metric.	0.9939	2503.15044:a2d414b84a36c382	extracted_primary_pdf_text	papers/2503.15044.pdf	a94685a71dea7ad68ee48441b4b5e50ac9d55533dfbd9ebd78b68cffea971f07	7b9fd040a9150a17e7b677b74fe40d944bd3f632f476aef78cca4333d6cfb1c1	wrong_column	7	376	preceding Table 3: Macro-F1 of detection models. The highest score of each detection task is in bold. | following Figure 2: Performance for Cross Dataset Detection	Table 3: Macro-F1 of detection models. The highest score of each detection task is in bold.	8c10958005826adba5b7e21425a9915110779fdd89f8d3befe59dbe2ffdca25f	7	382	preceding Table 3: Macro-F1 of detection models. The highest score of each detection task is in bold. | following Figure 2: Performance for Cross Dataset Detection	E2E Convo. Binary 0.8846 0.8227 0.9939 0.9976 0.9816 0.9949 0.9949 0.9899	0.8227	The derived alternate numeric result cell in the same source row is not the declared account metric column.
2503.15044	2503.15044:svm	2503.15044:svm@8b9fc8eabd250fc4	same_window	page=7;identity_line=379;metric_line=380	0.9592	2503.15044:0cdfc12452655bf8	source_owned_state_join	table_row	SVM	svm	7	379	preceding Table 3: Macro-F1 of detection models. The highest score of each detection task is in bold. | following Figure 2: Performance for Cross Dataset Detection	Dataset Detection Entropy Binoculars RoBERTa MLP XGboost LogR SVM RF	7	382	preceding Table 3: Macro-F1 of detection models. The highest score of each detection task is in bold. | following Figure 2: Performance for Cross Dataset Detection	E2E Convo. Binary 0.8846 0.8227 0.9939 0.9976 0.9816 0.9949 0.9949 0.9899	F1	numeric cell 7 of 8 in exact result row	7	preceding Table 3: Macro-F1 of detection models. The highest score of each detection task is in bold. | following Figure 2: Performance for Cross Dataset Detection; exact row/configuration for SVM; Review 26 successor re-audit binds this account to the recorded source state, exact row, and numeric column without inheriting the predecessor metric.	0.9949	2503.15044:a2d414b84a36c382	extracted_primary_pdf_text	papers/2503.15044.pdf	a94685a71dea7ad68ee48441b4b5e50ac9d55533dfbd9ebd78b68cffea971f07	7b9fd040a9150a17e7b677b74fe40d944bd3f632f476aef78cca4333d6cfb1c1	wrong_column	7	376	preceding Table 3: Macro-F1 of detection models. The highest score of each detection task is in bold. | following Figure 2: Performance for Cross Dataset Detection	Table 3: Macro-F1 of detection models. The highest score of each detection task is in bold.	8c10958005826adba5b7e21425a9915110779fdd89f8d3befe59dbe2ffdca25f	7	382	preceding Table 3: Macro-F1 of detection models. The highest score of each detection task is in bold. | following Figure 2: Performance for Cross Dataset Detection	E2E Convo. Binary 0.8846 0.8227 0.9939 0.9976 0.9816 0.9949 0.9949 0.9899	0.9899	The derived alternate numeric result cell in the same source row is not the declared account metric column.
2503.15044	2503.15044:xgboost	2503.15044:xgboost@9d733efe54c4b140	same_window	page=7;identity_line=379;metric_line=380	0.9592	2503.15044:0cdfc12452655bf8	source_owned_state_join	table_row	XGBoost	xgboost	7	379	preceding Table 3: Macro-F1 of detection models. The highest score of each detection task is in bold. | following Figure 2: Performance for Cross Dataset Detection	Dataset Detection Entropy Binoculars RoBERTa MLP XGboost LogR SVM RF	7	382	preceding Table 3: Macro-F1 of detection models. The highest score of each detection task is in bold. | following Figure 2: Performance for Cross Dataset Detection	E2E Convo. Binary 0.8846 0.8227 0.9939 0.9976 0.9816 0.9949 0.9949 0.9899	F1	numeric cell 5 of 8 in exact result row	5	preceding Table 3: Macro-F1 of detection models. The highest score of each detection task is in bold. | following Figure 2: Performance for Cross Dataset Detection; exact row/configuration for XGBoost; Review 26 successor re-audit binds this account to the recorded source state, exact row, and numeric column without inheriting the predecessor metric.	0.9816	2503.15044:a2d414b84a36c382	extracted_primary_pdf_text	papers/2503.15044.pdf	a94685a71dea7ad68ee48441b4b5e50ac9d55533dfbd9ebd78b68cffea971f07	7b9fd040a9150a17e7b677b74fe40d944bd3f632f476aef78cca4333d6cfb1c1	wrong_column	7	376	preceding Table 3: Macro-F1 of detection models. The highest score of each detection task is in bold. | following Figure 2: Performance for Cross Dataset Detection	Table 3: Macro-F1 of detection models. The highest score of each detection task is in bold.	8c10958005826adba5b7e21425a9915110779fdd89f8d3befe59dbe2ffdca25f	7	382	preceding Table 3: Macro-F1 of detection models. The highest score of each detection task is in bold. | following Figure 2: Performance for Cross Dataset Detection	E2E Convo. Binary 0.8846 0.8227 0.9939 0.9976 0.9816 0.9949 0.9949 0.9899	0.9976	The derived alternate numeric result cell in the same source row is not the declared account metric column.
2503.22338	2503.22338:rf-combined	2503.22338:rf-combined@1684dd8150c8f7d6	same_window	page=5;identity_line=252;metric_line=252	0.9933	2503.22338:4d673fd31468968c	source_owned_state_join	table_row	Random Forest with RAIDAR+NELA features	randomforest	5	256	preceding Table 2 | following Table 3: Performance on the test set.	struggled with the high-dimensional feature space, while Random Forest exhibited reduced performance	5	252	preceding Table 2 | following Table 3: Performance on the test set.	RAIDAR + NELA 0.9268 0.4337 0.9933 0.7754 0.9968 0.8430	F1	numeric cell 3 of 6 in exact result row	3	preceding Table 2 | following Table 3: Performance on the test set.; exact row/configuration for Random Forest with RAIDAR+NELA features; Review 26 successor re-audit binds this account to the recorded source state, exact row, and numeric column without inheriting the predecessor metric.	0.9933	2503.22338:4d673fd31468968c	extracted_primary_pdf_text	papers/2503.22338.pdf	128b57c6a0e1980f01b3e11febdc16519174c7f255c9896380da7c014923f264	85a25f2ba2fea52324342c96728704026dc01eef245d968ec02367f098863026	wrong_column	5	249	preceding Table 2 | following Table 3: Performance on the test set.	F1 (Task-A) F1 (Task-B) F1 (Task-A) F1 (Task-B) F1 (Task-A) F1 (Task-B)	6459a3282f624b1a674b1bc6b224cb94445ec8c8142ca5fec70f4ce624a69bdc	5	252	preceding Table 2 | following Table 3: Performance on the test set.	RAIDAR + NELA 0.9268 0.4337 0.9933 0.7754 0.9968 0.8430	0.4337	The derived alternate numeric result cell in the same source row is not the declared account metric column.
2503.22338	2503.22338:rf-nela	2503.22338:rf-nela@ef31051a6d90b16e	table_configuration_join	locator=table2;identity_line=254	0.9942	2503.22338:4d673fd31468968c	source_owned_state_join	table_row	Random Forest with NELA features	randomforest	5	247	preceding Table 2 | following Table 3: Performance on the test set.	SVC Random Forest XGBoost	5	251	preceding Table 2 | following Table 3: Performance on the test set.	NELA [14] 0.9205 0.4585 0.9942 0.8061 0.9979 0.8489	F1	numeric cell 4 of 7 in exact result row	4	preceding Table 2 | following Table 3: Performance on the test set.; exact row/configuration for Random Forest with NELA features; Review 26 successor re-audit binds this account to the recorded source state, exact row, and numeric column without inheriting the predecessor metric.	0.9942	2503.22338:750ad93620281c58	extracted_primary_pdf_text	papers/2503.22338.pdf	128b57c6a0e1980f01b3e11febdc16519174c7f255c9896380da7c014923f264	099072979c10538e72ac85dd1c205b4fffd318ff0b82906326ea92513fb32bc9	wrong_column	5	249	preceding Table 2 | following Table 3: Performance on the test set.	F1 (Task-A) F1 (Task-B) F1 (Task-A) F1 (Task-B) F1 (Task-A) F1 (Task-B)	6459a3282f624b1a674b1bc6b224cb94445ec8c8142ca5fec70f4ce624a69bdc	5	251	preceding Table 2 | following Table 3: Performance on the test set.	NELA [14] 0.9205 0.4585 0.9942 0.8061 0.9979 0.8489	0.4585	The derived alternate numeric result cell in the same source row is not the declared account metric column.
2503.22338	2503.22338:rf-raidar	2503.22338:rf-raidar@83509cdc9d3b860c	table_configuration_join	locator=table2;identity_line=248	0.9548	2503.22338:12e936f55139789d	source_owned_state_join	table_row	Random Forest with RAIDAR features	randomforest	5	247	preceding Table 2 | following Table 3: Performance on the test set.	SVC Random Forest XGBoost	5	250	preceding Table 2 | following Table 3: Performance on the test set.	RAIDAR [11] 0.9573 0.5403 0.9548 0.5283 0.9652 0.5719	F1	numeric cell 4 of 7 in exact result row	4	preceding Table 2 | following Table 3: Performance on the test set.; exact row/configuration for Random Forest with RAIDAR features; Review 26 successor re-audit binds this account to the recorded source state, exact row, and numeric column without inheriting the predecessor metric.	0.9548	2503.22338:12e936f55139789d	extracted_primary_pdf_text	papers/2503.22338.pdf	128b57c6a0e1980f01b3e11febdc16519174c7f255c9896380da7c014923f264	e5861e3b030be4433916171f2481801368717ba34df4d981e6b92ea5cca540e7	wrong_column	5	249	preceding Table 2 | following Table 3: Performance on the test set.	F1 (Task-A) F1 (Task-B) F1 (Task-A) F1 (Task-B) F1 (Task-A) F1 (Task-B)	6459a3282f624b1a674b1bc6b224cb94445ec8c8142ca5fec70f4ce624a69bdc	5	250	preceding Table 2 | following Table 3: Performance on the test set.	RAIDAR [11] 0.9573 0.5403 0.9548 0.5283 0.9652 0.5719	0.5403	The derived alternate numeric result cell in the same source row is not the declared account metric column.
2503.22338	2503.22338:svc-combined	2503.22338:svc-combined@7bd8f7f99009e0a1	same_window	page=5;identity_line=252;metric_line=252	0.9268	2503.22338:4d673fd31468968c	source_owned_state_join	table_row	SVC with RAIDAR+NELA features	svc	5	255	preceding Table 2 | following Table 3: Performance on the test set.	between features allowed it to better exploit the rich information embedded in NELA features. SVC	5	252	preceding Table 2 | following Table 3: Performance on the test set.	RAIDAR + NELA 0.9268 0.4337 0.9933 0.7754 0.9968 0.8430	F1	numeric cell 1 of 6 in exact result row	1	preceding Table 2 | following Table 3: Performance on the test set.; exact row/configuration for SVC with RAIDAR+NELA features; Review 26 successor re-audit binds this account to the recorded source state, exact row, and numeric column without inheriting the predecessor metric.	0.9268	2503.22338:4d673fd31468968c	extracted_primary_pdf_text	papers/2503.22338.pdf	128b57c6a0e1980f01b3e11febdc16519174c7f255c9896380da7c014923f264	7a60d9dbfb8e7535a3aefd915d7916b237d1e6b0629f4eb5771dd50bc9642bca	wrong_column	5	249	preceding Table 2 | following Table 3: Performance on the test set.	F1 (Task-A) F1 (Task-B) F1 (Task-A) F1 (Task-B) F1 (Task-A) F1 (Task-B)	6459a3282f624b1a674b1bc6b224cb94445ec8c8142ca5fec70f4ce624a69bdc	5	252	preceding Table 2 | following Table 3: Performance on the test set.	RAIDAR + NELA 0.9268 0.4337 0.9933 0.7754 0.9968 0.8430	0.4337	The derived alternate numeric result cell in the same source row is not the declared account metric column.
2503.22338	2503.22338:svc-nela	2503.22338:svc-nela@be54fc31700531ad	table_configuration_join	locator=table2;identity_line=254	0.9205	2503.22338:4d673fd31468968c	source_owned_state_join	table_row	SVC with NELA features	svc	5	247	preceding Table 2 | following Table 3: Performance on the test set.	SVC Random Forest XGBoost	5	251	preceding Table 2 | following Table 3: Performance on the test set.	NELA [14] 0.9205 0.4585 0.9942 0.8061 0.9979 0.8489	F1	numeric cell 2 of 7 in exact result row	2	preceding Table 2 | following Table 3: Performance on the test set.; exact row/configuration for SVC with NELA features; Review 26 successor re-audit binds this account to the recorded source state, exact row, and numeric column without inheriting the predecessor metric.	0.9205	2503.22338:750ad93620281c58	extracted_primary_pdf_text	papers/2503.22338.pdf	128b57c6a0e1980f01b3e11febdc16519174c7f255c9896380da7c014923f264	099072979c10538e72ac85dd1c205b4fffd318ff0b82906326ea92513fb32bc9	wrong_column	5	249	preceding Table 2 | following Table 3: Performance on the test set.	F1 (Task-A) F1 (Task-B) F1 (Task-A) F1 (Task-B) F1 (Task-A) F1 (Task-B)	6459a3282f624b1a674b1bc6b224cb94445ec8c8142ca5fec70f4ce624a69bdc	5	251	preceding Table 2 | following Table 3: Performance on the test set.	NELA [14] 0.9205 0.4585 0.9942 0.8061 0.9979 0.8489	0.4585	The derived alternate numeric result cell in the same source row is not the declared account metric column.
2503.22338	2503.22338:svc-raidar	2503.22338:svc-raidar@37d3003452da18ee	table_configuration_join	locator=table2;identity_line=254	0.9573	2503.22338:4d673fd31468968c	source_owned_state_join	table_row	SVC with RAIDAR features	svc	5	247	preceding Table 2 | following Table 3: Performance on the test set.	SVC Random Forest XGBoost	5	250	preceding Table 2 | following Table 3: Performance on the test set.	RAIDAR [11] 0.9573 0.5403 0.9548 0.5283 0.9652 0.5719	F1	numeric cell 2 of 7 in exact result row	2	preceding Table 2 | following Table 3: Performance on the test set.; exact row/configuration for SVC with RAIDAR features; Review 26 successor re-audit binds this account to the recorded source state, exact row, and numeric column without inheriting the predecessor metric.	0.9573	2503.22338:12e936f55139789d	extracted_primary_pdf_text	papers/2503.22338.pdf	128b57c6a0e1980f01b3e11febdc16519174c7f255c9896380da7c014923f264	e5861e3b030be4433916171f2481801368717ba34df4d981e6b92ea5cca540e7	wrong_column	5	249	preceding Table 2 | following Table 3: Performance on the test set.	F1 (Task-A) F1 (Task-B) F1 (Task-A) F1 (Task-B) F1 (Task-A) F1 (Task-B)	6459a3282f624b1a674b1bc6b224cb94445ec8c8142ca5fec70f4ce624a69bdc	5	250	preceding Table 2 | following Table 3: Performance on the test set.	RAIDAR [11] 0.9573 0.5403 0.9548 0.5283 0.9652 0.5719	0.5403	The derived alternate numeric result cell in the same source row is not the declared account metric column.
2503.22338	2503.22338:xgb-nela	2503.22338:xgb-nela@e52af95aab0fcc1e	table_configuration_join	locator=table2;identity_line=254	0.9979	2503.22338:4d673fd31468968c	source_owned_state_join	table_row	XGBoost with NELA features	xgboost	5	247	preceding Table 2 | following Table 3: Performance on the test set.	SVC Random Forest XGBoost	5	251	preceding Table 2 | following Table 3: Performance on the test set.	NELA [14] 0.9205 0.4585 0.9942 0.8061 0.9979 0.8489	F1	numeric cell 6 of 7 in exact result row	6	preceding Table 2 | following Table 3: Performance on the test set.; exact row/configuration for XGBoost with NELA features; Review 26 successor re-audit binds this account to the recorded source state, exact row, and numeric column without inheriting the predecessor metric.	0.9979	2503.22338:750ad93620281c58	extracted_primary_pdf_text	papers/2503.22338.pdf	128b57c6a0e1980f01b3e11febdc16519174c7f255c9896380da7c014923f264	099072979c10538e72ac85dd1c205b4fffd318ff0b82906326ea92513fb32bc9	wrong_column	5	249	preceding Table 2 | following Table 3: Performance on the test set.	F1 (Task-A) F1 (Task-B) F1 (Task-A) F1 (Task-B) F1 (Task-A) F1 (Task-B)	6459a3282f624b1a674b1bc6b224cb94445ec8c8142ca5fec70f4ce624a69bdc	5	251	preceding Table 2 | following Table 3: Performance on the test set.	NELA [14] 0.9205 0.4585 0.9942 0.8061 0.9979 0.8489	0.8061	The derived alternate numeric result cell in the same source row is not the declared account metric column.
2504.02873	2504.02873:short-phd	2504.02873:short-phd@63eed08916f8f365	same_window	page=6;identity_line=324;metric_line=324	1.00	2504.02873:a2f3010e17c58091	source_owned_row_join	table_row	Short-PHD	shortphd	8	447	preceding Table 4: Results on the Generated Dataset. The table reports AUC of baselines and our	Short-PHD 0.78 0.73 0.77 0.80 0.79 0.84 0.82 0.82 0.87 0.86	8	447	preceding Table 4: Results on the Generated Dataset. The table reports AUC of baselines and our	Short-PHD 0.78 0.73 0.77 0.80 0.79 0.84 0.82 0.82 0.87 0.86	threshold metric or explicit strong claim	numeric cell 9 of 10 in exact result row	9	preceding Table 4: Results on the Generated Dataset. The table reports AUC of baselines and our; exact row/configuration for Short-PHD; Review 26 successor re-audit binds this account to the recorded source state, exact row, and numeric column without inheriting the predecessor metric.	0.87		extracted_primary_pdf_text	papers/2504.02873.pdf	c1e31d1d976db586e4d9a56adbf7dea13e764cc0fca3e706983230de4355226c	29861725c01e95d09cfac5f5dab5e1f323fce3807ceae64347014bcaae37e406	wrong_column	8	436	preceding Table 4: Results on the Generated Dataset. The table reports AUC of baselines and our	Table 4: Results on the Generated Dataset. The table reports AUC of baselines and our	978db74c1afdf359636b22f53f87ad8053abc5a4b354bc79daa811804c2199dd	8	447	preceding Table 4: Results on the Generated Dataset. The table reports AUC of baselines and our	Short-PHD 0.78 0.73 0.77 0.80 0.79 0.84 0.82 0.82 0.87 0.86	0.82	The derived alternate numeric result cell in the same source row is not the declared account metric column.
2504.11369	2504.11369:lm-d	2504.11369:lm-d@e7bfc5a6eac955f4	same_window	page=16;identity_line=1158;metric_line=1158	0.999	2504.11369:a9201afe4a9a6beb	source_owned_row_join	table_row	LM-D	lmd	16	1158	preceding Figure 8: 2D UMAP visualization of the semantic space GLTR 0.999 0.984 0.992 0.827 0.998 0.905 | following Table 10: OOD tasks (E5-E6) for Turing Test. Best F1	LM-D 0.999 0.976 0.988 0.999 0.999 0.999	16	1158	preceding Figure 8: 2D UMAP visualization of the semantic space GLTR 0.999 0.984 0.992 0.827 0.998 0.905 | following Table 10: OOD tasks (E5-E6) for Turing Test. Best F1	LM-D 0.999 0.976 0.988 0.999 0.999 0.999	F1	numeric cell 1 of 6 in exact result row	1	preceding Figure 8: 2D UMAP visualization of the semantic space GLTR 0.999 0.984 0.992 0.827 0.998 0.905 | following Table 10: OOD tasks (E5-E6) for Turing Test. Best F1; exact row/configuration for LM-D; Review 26 successor re-audit binds this account to the recorded source state, exact row, and numeric column without inheriting the predecessor metric.	0.999	2504.11369:a9201afe4a9a6beb	extracted_primary_pdf_text	papers/2504.11369.pdf	124bcd14f9fe4fc544401bc83aacc018bf6a6268e14eb44aaf8662fff403e44d	6a391be8fcd45fbe88c2ce29c1e9f9b84bc428e961c74e58e17cd09ceef3ee1c	wrong_column	16	1152	preceding Figure 8: 2D UMAP visualization of the semantic space GLTR 0.999 0.984 0.992 0.827 0.998 0.905 | following Table 10: OOD tasks (E5-E6) for Turing Test. Best F1	Figure 8: 2D UMAP visualization of the semantic space GLTR 0.999 0.984 0.992 0.827 0.998 0.905	3d67dcbefd756be48eee1e319cecf38cc19a77f609ffb6c59aede5af259fa0d4	16	1158	preceding Figure 8: 2D UMAP visualization of the semantic space GLTR 0.999 0.984 0.992 0.827 0.998 0.905 | following Table 10: OOD tasks (E5-E6) for Turing Test. Best F1	LM-D 0.999 0.976 0.988 0.999 0.999 0.999	0.976	The derived alternate numeric result cell in the same source row is not the declared account metric column.
2504.11369	2504.11369:openai-detector	2504.11369:openai-detector@ed1f104ecbfe4a0f	table_configuration_join	locator=table10;identity_line=1024	0.999	2504.11369:22135e47bbc19f3f	source_owned_state_join	table_row	OpenAI Detector	Test Task Out-of-Domain Text Unseen Model OAI-D	16	1141	preceding Table 9: ID and ID-V tasks (E0-E4) for Turing Test. Best scores are in bold, second-best underlined. | following Figure 8: 2D UMAP visualization of the semantic space GLTR 0.999 0.984 0.992 0.827 0.998 0.905	Test Task Out-of-Domain Text Unseen Model	16	1155	preceding Figure 8: 2D UMAP visualization of the semantic space GLTR 0.999 0.984 0.992 0.827 0.998 0.905 | following Table 10: OOD tasks (E5-E6) for Turing Test. Best F1	OAI-D 0.999 0.568 0.724 0.960 0.825 0.887	precision	numeric cell 1 of 6 in exact result row	1	preceding Figure 8: 2D UMAP visualization of the semantic space GLTR 0.999 0.984 0.992 0.827 0.998 0.905 | following Table 10: OOD tasks (E5-E6) for Turing Test. Best F1; exact row/configuration for OpenAI Detector; Review 26 successor re-audit binds this account to the recorded source state, exact row, and numeric column without inheriting the predecessor metric.	0.999	2504.11369:82aafdf5e99c8f8b	extracted_primary_pdf_text	papers/2504.11369.pdf	124bcd14f9fe4fc544401bc83aacc018bf6a6268e14eb44aaf8662fff403e44d	2cf47fd0a57e9e50c0d8ccb0c6f0101ea9a0a0ec6ad03c26c378b11622a1afd6	wrong_column	16	1152	preceding Figure 8: 2D UMAP visualization of the semantic space GLTR 0.999 0.984 0.992 0.827 0.998 0.905 | following Table 10: OOD tasks (E5-E6) for Turing Test. Best F1	Figure 8: 2D UMAP visualization of the semantic space GLTR 0.999 0.984 0.992 0.827 0.998 0.905	3d67dcbefd756be48eee1e319cecf38cc19a77f609ffb6c59aede5af259fa0d4	16	1155	preceding Figure 8: 2D UMAP visualization of the semantic space GLTR 0.999 0.984 0.992 0.827 0.998 0.905 | following Table 10: OOD tasks (E5-E6) for Turing Test. Best F1	OAI-D 0.999 0.568 0.724 0.960 0.825 0.887	0.568	The derived alternate numeric result cell in the same source row is not the declared account metric column.
2504.11369	2504.11369:otbdetector	2504.11369:otbdetector@f867bbd6c98295c4	same_window	page=16;identity_line=1153;metric_line=1153	0.999	2504.11369:62a5387c1ef649c5	source_owned_state_join	table_row	OTBDetector	Test Task Out-of-Domain Text Unseen Model G Additional Insights on Results Ours	16	1141	preceding Table 9: ID and ID-V tasks (E0-E4) for Turing Test. Best scores are in bold, second-best underlined. | following Figure 8: 2D UMAP visualization of the semantic space GLTR 0.999 0.984 0.992 0.827 0.998 0.905	Test Task Out-of-Domain Text Unseen Model	16	1160	preceding Figure 8: 2D UMAP visualization of the semantic space GLTR 0.999 0.984 0.992 0.827 0.998 0.905 | following Table 10: OOD tasks (E5-E6) for Turing Test. Best F1	G Additional Insights on Results Ours 0.999 0.963 0.981 0.999 0.999 0.999	F1	numeric cell 1 of 6 in exact result row	1	preceding Figure 8: 2D UMAP visualization of the semantic space GLTR 0.999 0.984 0.992 0.827 0.998 0.905 | following Table 10: OOD tasks (E5-E6) for Turing Test. Best F1; exact row/configuration for OTBDetector; Review 26 successor re-audit binds this account to the recorded source state, exact row, and numeric column without inheriting the predecessor metric.	0.999	2504.11369:a80bfb86da584c5c	extracted_primary_pdf_text	papers/2504.11369.pdf	124bcd14f9fe4fc544401bc83aacc018bf6a6268e14eb44aaf8662fff403e44d	2be2127d08a7947036913b42696245b5399969851d4a8aaadc374a2f6191474a	wrong_column	16	1152	preceding Figure 8: 2D UMAP visualization of the semantic space GLTR 0.999 0.984 0.992 0.827 0.998 0.905 | following Table 10: OOD tasks (E5-E6) for Turing Test. Best F1	Figure 8: 2D UMAP visualization of the semantic space GLTR 0.999 0.984 0.992 0.827 0.998 0.905	3d67dcbefd756be48eee1e319cecf38cc19a77f609ffb6c59aede5af259fa0d4	16	1160	preceding Figure 8: 2D UMAP visualization of the semantic space GLTR 0.999 0.984 0.992 0.827 0.998 0.905 | following Table 10: OOD tasks (E5-E6) for Turing Test. Best F1	G Additional Insights on Results Ours 0.999 0.963 0.981 0.999 0.999 0.999	0.963	The derived alternate numeric result cell in the same source row is not the declared account metric column.
2504.21019	2504.21019:gaussian	2504.21019:gaussian@5c2b2f4bfe8c7c0b	table_configuration_join	locator=table2;identity_line=369	90.39	2504.21019:6a236ab37e3276c1	source_owned_state_join	table_row	DP-Net+Gaussian noise	Naive Fast DP-Net Wikipedia-C	7	349	"following Table 2: Comparison of Models across Different Domains. ""+U"" indicates adding uniform distribution noise, and"	Naive Fast DP-Net	7	356	"following Table 2: Comparison of Models across Different Domains. ""+U"" indicates adding uniform distribution noise, and"	Wikipedia-C 64.80 73.96 53.90 68.45 53.90 49.58 70.00 76.45 95.40 95.59 96.88 96.97 96.04 96.18	accuracy	numeric cell 13 of 14 in exact result row	13	"following Table 2: Comparison of Models across Different Domains. ""+U"" indicates adding uniform distribution noise, and; exact row/configuration for DP-Net+Gaussian noise; Review 26 successor re-audit binds this account to the recorded source state, exact row, and numeric column without inheriting the predecessor metric."	96.04		extracted_primary_pdf_text	papers/2504.21019.pdf	cdb526fef9edb41b043c194e39c75a89169e9f607a0dd5cf8fc85c9916995c96	f428d781dccaa16b89a85fef6e6b8484f36a40dd6defc8485ff8cbf7b239f2f0	wrong_column	7	353	"following Table 2: Comparison of Models across Different Domains. ""+U"" indicates adding uniform distribution noise, and"	Acc F1 Acc F1 Acc F1 Acc F1 Acc F1 Acc F1 Acc F1	e094dc8655195fa3a6cc1b0273513235021842e8439b62c5366e7a6997b55508	7	356	"following Table 2: Comparison of Models across Different Domains. ""+U"" indicates adding uniform distribution noise, and"	Wikipedia-C 64.80 73.96 53.90 68.45 53.90 49.58 70.00 76.45 95.40 95.59 96.88 96.97 96.04 96.18	96.97	The derived alternate numeric result cell in the same source row is not the declared account metric column.
2504.21019	2504.21019:uniform	2504.21019:uniform@d6dd025c066e9ab9	table_configuration_join	locator=table2;identity_line=369	90.39	2504.21019:6a236ab37e3276c1	source_owned_state_join	table_row	DP-Net+uniform noise	Naive Fast DP-Net Wikipedia-C	7	349	"following Table 2: Comparison of Models across Different Domains. ""+U"" indicates adding uniform distribution noise, and"	Naive Fast DP-Net	7	356	"following Table 2: Comparison of Models across Different Domains. ""+U"" indicates adding uniform distribution noise, and"	Wikipedia-C 64.80 73.96 53.90 68.45 53.90 49.58 70.00 76.45 95.40 95.59 96.88 96.97 96.04 96.18	accuracy	numeric cell 11 of 14 in exact result row	11	"following Table 2: Comparison of Models across Different Domains. ""+U"" indicates adding uniform distribution noise, and; exact row/configuration for DP-Net+uniform noise; Review 26 successor re-audit binds this account to the recorded source state, exact row, and numeric column without inheriting the predecessor metric."	96.88		extracted_primary_pdf_text	papers/2504.21019.pdf	cdb526fef9edb41b043c194e39c75a89169e9f607a0dd5cf8fc85c9916995c96	f428d781dccaa16b89a85fef6e6b8484f36a40dd6defc8485ff8cbf7b239f2f0	wrong_column	7	353	"following Table 2: Comparison of Models across Different Domains. ""+U"" indicates adding uniform distribution noise, and"	Acc F1 Acc F1 Acc F1 Acc F1 Acc F1 Acc F1 Acc F1	e094dc8655195fa3a6cc1b0273513235021842e8439b62c5366e7a6997b55508	7	356	"following Table 2: Comparison of Models across Different Domains. ""+U"" indicates adding uniform distribution noise, and"	Wikipedia-C 64.80 73.96 53.90 68.45 53.90 49.58 70.00 76.45 95.40 95.59 96.88 96.97 96.04 96.18	95.59	The derived alternate numeric result cell in the same source row is not the declared account metric column.
2505.05084	2505.05084:binoculars-isotonic	2505.05084:binoculars-isotonic@bc7535646fb4fe2a	table_configuration_join	locator=table2;identity_line=590	0.98	2505.05084:45f7cdcc812cab9e	source_owned_state_join	table_row	Binoculars isotonic calibration	of w =	17	1192	preceding Figure 10: Hyperparameter Sensitivity Analysis of w. | following Figure 10 presents the performance of varying	of w = 100 is employed, as this width yields the Detector Method FPR F1	17	1202	preceding Figure 10 presents the performance of varying | following Table 7: Detection Performance with Different Calibra-	clines, indicating that excessively large bin widths Isotonic Regression 7.34 89.98	F1	numeric cell 2 of 2 in exact result row	2	preceding Figure 10 presents the performance of varying | following Table 7: Detection Performance with Different Calibra-; exact row/configuration for Binoculars isotonic calibration; Review 26 successor re-audit binds this account to the recorded source state, exact row, and numeric column without inheriting the predecessor metric.	89.98		extracted_primary_pdf_text	papers/2505.05084.pdf	077dc22661687ff13b00702a56b4be140082d2d5d0d2ae1832da299a481beb73	d9a633edd72fd3ecab45d0755d111f527b7148a2b8ba58957441ed1f09f91e7f	wrong_column	17	1200	preceding Figure 10 presents the performance of varying | following Table 7: Detection Performance with Different Calibra-	consistently strong when w ≤ 200. However, at Maximizing F1 7.26 90.12	a0658a8db018a59071602642fad256daa0baba78a56c0014ec1ad5ac10774bde	17	1202	preceding Figure 10 presents the performance of varying | following Table 7: Detection Performance with Different Calibra-	clines, indicating that excessively large bin widths Isotonic Regression 7.34 89.98	7.34	The derived alternate numeric result cell in the same source row is not the declared account metric column.
2505.05084	2505.05084:binoculars-max-f1	2505.05084:binoculars-max-f1@410dddb7dd04e27d	table_configuration_join	locator=table2;identity_line=615	0.98	2505.05084:45f7cdcc812cab9e	source_owned_state_join	table_row	Binoculars F1-maximizing threshold	of w =	17	1192	preceding Figure 10: Hyperparameter Sensitivity Analysis of w. | following Figure 10 presents the performance of varying	of w = 100 is employed, as this width yields the Detector Method FPR F1	17	1200	preceding Figure 10 presents the performance of varying | following Table 7: Detection Performance with Different Calibra-	consistently strong when w ≤ 200. However, at Maximizing F1 7.26 90.12	F1	numeric cell 3 of 3 in exact result row	3	preceding Figure 10 presents the performance of varying | following Table 7: Detection Performance with Different Calibra-; exact row/configuration for Binoculars F1-maximizing threshold; Review 26 successor re-audit binds this account to the recorded source state, exact row, and numeric column without inheriting the predecessor metric.	90.12	2505.05084:97628a7c49b24896	extracted_primary_pdf_text	papers/2505.05084.pdf	077dc22661687ff13b00702a56b4be140082d2d5d0d2ae1832da299a481beb73	4528168702f028e18e5b2610ff73d3dadf2217d5dc7e904853a06855057d0430	wrong_column	17	1200	preceding Figure 10 presents the performance of varying | following Table 7: Detection Performance with Different Calibra-	consistently strong when w ≤ 200. However, at Maximizing F1 7.26 90.12	a0658a8db018a59071602642fad256daa0baba78a56c0014ec1ad5ac10774bde	17	1200	preceding Figure 10 presents the performance of varying | following Table 7: Detection Performance with Different Calibra-	consistently strong when w ≤ 200. However, at Maximizing F1 7.26 90.12	7.26	The derived alternate numeric result cell in the same source row is not the declared account metric column.
2505.05084	2505.05084:binoculars-mcp	2505.05084:binoculars-mcp@7f7d3fdff9958395	same_window	page=6;identity_line=400;metric_line=400	92.44	2505.05084:0d396d014fb4682a	source_owned_state_join	table_row	Binoculars multiscaled conformal prediction	of w =	17	1192	preceding Figure 10: Hyperparameter Sensitivity Analysis of w. | following Figure 10 presents the performance of varying	of w = 100 is employed, as this width yields the Detector Method FPR F1	17	1203	preceding Figure 10 presents the performance of varying | following Table 7: Detection Performance with Different Calibra-	MCP 0.72 92.28	F1	numeric cell 2 of 2 in exact result row	2	preceding Figure 10 presents the performance of varying | following Table 7: Detection Performance with Different Calibra-; exact row/configuration for Binoculars multiscaled conformal prediction; Review 26 successor re-audit binds this account to the recorded source state, exact row, and numeric column without inheriting the predecessor metric.	92.28	2505.05084:e222b266806fe0ef	extracted_primary_pdf_text	papers/2505.05084.pdf	077dc22661687ff13b00702a56b4be140082d2d5d0d2ae1832da299a481beb73	a806cf6117a0d9532f95475bec9b619c575e7627bc9ecf2b591199f698e1afca	wrong_column	17	1200	preceding Figure 10 presents the performance of varying | following Table 7: Detection Performance with Different Calibra-	consistently strong when w ≤ 200. However, at Maximizing F1 7.26 90.12	a0658a8db018a59071602642fad256daa0baba78a56c0014ec1ad5ac10774bde	17	1203	preceding Figure 10 presents the performance of varying | following Table 7: Detection Performance with Different Calibra-	MCP 0.72 92.28	0.72	The derived alternate numeric result cell in the same source row is not the declared account metric column.
2505.05084	2505.05084:binoculars-platt	2505.05084:binoculars-platt@94b49a0fbc3b34f1	table_configuration_join	locator=table2;identity_line=590	0.98	2505.05084:45f7cdcc812cab9e	source_owned_state_join	table_row	Binoculars Platt calibration	binocularsplatt	17	1192	preceding Figure 10: Hyperparameter Sensitivity Analysis of w. | following Figure 10 presents the performance of varying	of w = 100 is employed, as this width yields the Detector Method FPR F1	17	1201	preceding Figure 10 presents the performance of varying | following Table 7: Detection Performance with Different Calibra-	w = 500, detection performance noticeably de- Binoculars Platt Scaling 6.54 90.18	F1	numeric cell 3 of 3 in exact result row	3	preceding Figure 10 presents the performance of varying | following Table 7: Detection Performance with Different Calibra-; exact row/configuration for Binoculars Platt calibration; Review 26 successor re-audit binds this account to the recorded source state, exact row, and numeric column without inheriting the predecessor metric.	90.18	2505.05084:2d0431eb240134bb	extracted_primary_pdf_text	papers/2505.05084.pdf	077dc22661687ff13b00702a56b4be140082d2d5d0d2ae1832da299a481beb73	501e35505dcc6c82f603213f7eea55312dcca20327fc2bd17ec28dda39d2a424	wrong_column	17	1200	preceding Figure 10 presents the performance of varying | following Table 7: Detection Performance with Different Calibra-	consistently strong when w ≤ 200. However, at Maximizing F1 7.26 90.12	a0658a8db018a59071602642fad256daa0baba78a56c0014ec1ad5ac10774bde	17	1201	preceding Figure 10 presents the performance of varying | following Table 7: Detection Performance with Different Calibra-	w = 500, detection performance noticeably de- Binoculars Platt Scaling 6.54 90.18	6.54	The derived alternate numeric result cell in the same source row is not the declared account metric column.
2505.12507	2505.12507:lm2-gpt2-tokenizer	2505.12507:lm2-gpt2-tokenizer@f414e44133e4cd97	table_configuration_join	locator=table1;identity_line=427	0.90	2505.12507:31aebe76431a1d8c	source_owned_state_join	table_row	LM2otifs GPT-2 tokenizer	Metric Bert GPT2 Bert GPT2 ment is CUDA	21	1275	preceding Table 17: MGT detection performance comparison on	Metric Bert GPT2 Bert GPT2	21	1278	preceding Table 17: MGT detection performance comparison on	ment is CUDA 11.3 and Driver Version 550.54.15. AUC 1.00 1.00 0.99 1.00	AUC	numeric cell 4 of 7 in exact result row	4	preceding Table 17: MGT detection performance comparison on; exact row/configuration for LM2otifs GPT-2 tokenizer; Review 26 successor re-audit binds this account to the recorded source state, exact row, and numeric column without inheriting the predecessor metric.	1.00	2505.12507:0908211fd1eaf049	extracted_primary_pdf_text	papers/2505.12507.pdf	4a91ca2d94777e362183e91320226d560b8539a985ab2b829d5aec00d374826b	621aacbccbb621504644b391cbf1d845c1985560e97fdf88ab200e5d8ee1623e	wrong_column	21	1278	preceding Table 17: MGT detection performance comparison on	ment is CUDA 11.3 and Driver Version 550.54.15. AUC 1.00 1.00 0.99 1.00	419d74263a1956685296d9d6a850079060c8033099d628724d20777ea4047497	21	1278	preceding Table 17: MGT detection performance comparison on	ment is CUDA 11.3 and Driver Version 550.54.15. AUC 1.00 1.00 0.99 1.00	0.99	The derived alternate numeric result cell in the same source row is not the declared account metric column.
2505.12507	2505.12507:lm2-u	2505.12507:lm2-u@c570ef1eae0459b5	table_configuration_join	locator=table1;identity_line=486	0.90	2505.12507:31aebe76431a1d8c	source_owned_row_join	table_row	LM2otifs undirected-graph ablation	LM2 OTIFS-U	22	1325	preceding Table 18: Ablation analysis on HC3 dataset. The best | following Figure 9 and Table 21. As shown, the explanation	LM2 OTIFS-U 0.95 0.94 1.00 0.98 0.97 HC3 dataset, a significant performance drop in the	22	1325	preceding Table 18: Ablation analysis on HC3 dataset. The best | following Figure 9 and Table 21. As shown, the explanation	LM2 OTIFS-U 0.95 0.94 1.00 0.98 0.97 HC3 dataset, a significant performance drop in the	AUC	numeric cell 1 of 5 in exact result row	1	preceding Table 18: Ablation analysis on HC3 dataset. The best | following Figure 9 and Table 21. As shown, the explanation; exact row/configuration for LM2otifs undirected-graph ablation; Review 26 successor re-audit binds this account to the recorded source state, exact row, and numeric column without inheriting the predecessor metric.	0.95	2505.12507:16ea4a1348d234ef	extracted_primary_pdf_text	papers/2505.12507.pdf	4a91ca2d94777e362183e91320226d560b8539a985ab2b829d5aec00d374826b	2fd5282cbd9b07207bab2be35c5266ceaaafd6334d30adc0176b7e5a145fe503	wrong_column	22	1319	preceding Table 18: Ablation analysis on HC3 dataset. The best | following Figure 9 and Table 21. As shown, the explanation	Table 18: Ablation analysis on HC3 dataset. The best	4f2b69739232447b28088c08fc4c30a450b34e47829a632dc5c4c0a5f2fd7366	22	1325	preceding Table 18: Ablation analysis on HC3 dataset. The best | following Figure 9 and Table 21. As shown, the explanation	LM2 OTIFS-U 0.95 0.94 1.00 0.98 0.97 HC3 dataset, a significant performance drop in the	0.94	The derived alternate numeric result cell in the same source row is not the declared account metric column.
2505.12507	2505.12507:lm2-uw	2505.12507:lm2-uw@55c3936ca97cabcd	table_configuration_join	locator=table1;identity_line=486	0.90	2505.12507:31aebe76431a1d8c	source_owned_row_join	table_row	LM2otifs undirected weighted-graph ablation	LM2 OTIFS-UW	22	1332	preceding Table 18: Ablation analysis on HC3 dataset. The best | following Figure 9 and Table 21. As shown, the explanation	LM2 OTIFS-UW 0.98 0.79 1.00 0.93 0.92	22	1332	preceding Table 18: Ablation analysis on HC3 dataset. The best | following Figure 9 and Table 21. As shown, the explanation	LM2 OTIFS-UW 0.98 0.79 1.00 0.93 0.92	AUC	numeric cell 1 of 5 in exact result row	1	preceding Table 18: Ablation analysis on HC3 dataset. The best | following Figure 9 and Table 21. As shown, the explanation; exact row/configuration for LM2otifs undirected weighted-graph ablation; Review 26 successor re-audit binds this account to the recorded source state, exact row, and numeric column without inheriting the predecessor metric.	0.98	2505.12507:71312397d61b4fbe	extracted_primary_pdf_text	papers/2505.12507.pdf	4a91ca2d94777e362183e91320226d560b8539a985ab2b829d5aec00d374826b	c2ed79babf51255be2282f06fdd53f62ddbebbe026648c2f85d396a21e809b7c	wrong_column	22	1319	preceding Table 18: Ablation analysis on HC3 dataset. The best | following Figure 9 and Table 21. As shown, the explanation	Table 18: Ablation analysis on HC3 dataset. The best	4f2b69739232447b28088c08fc4c30a450b34e47829a632dc5c4c0a5f2fd7366	22	1332	preceding Table 18: Ablation analysis on HC3 dataset. The best | following Figure 9 and Table 21. As shown, the explanation	LM2 OTIFS-UW 0.98 0.79 1.00 0.93 0.92	0.79	The derived alternate numeric result cell in the same source row is not the declared account metric column.
2505.12507	2505.12507:lm2-w	2505.12507:lm2-w@299a3f3d55a2c027	table_configuration_join	locator=table1;identity_line=486	0.90	2505.12507:31aebe76431a1d8c	source_owned_row_join	table_row	LM2otifs weighted-graph ablation	LM2 OTIFS-W	22	1331	preceding Table 18: Ablation analysis on HC3 dataset. The best | following Figure 9 and Table 21. As shown, the explanation	LM2 OTIFS-W 1.00 0.84 1.00 0.94 0.95	22	1331	preceding Table 18: Ablation analysis on HC3 dataset. The best | following Figure 9 and Table 21. As shown, the explanation	LM2 OTIFS-W 1.00 0.84 1.00 0.94 0.95	AUC	numeric cell 1 of 5 in exact result row	1	preceding Table 18: Ablation analysis on HC3 dataset. The best | following Figure 9 and Table 21. As shown, the explanation; exact row/configuration for LM2otifs weighted-graph ablation; Review 26 successor re-audit binds this account to the recorded source state, exact row, and numeric column without inheriting the predecessor metric.	1.00	2505.12507:db91ba8f3370ad3b	extracted_primary_pdf_text	papers/2505.12507.pdf	4a91ca2d94777e362183e91320226d560b8539a985ab2b829d5aec00d374826b	c8cfb380296a0bb8708752723d5eccb11281fde5ad65d99c02f574e50cf3f9ea	wrong_column	22	1319	preceding Table 18: Ablation analysis on HC3 dataset. The best | following Figure 9 and Table 21. As shown, the explanation	Table 18: Ablation analysis on HC3 dataset. The best	4f2b69739232447b28088c08fc4c30a450b34e47829a632dc5c4c0a5f2fd7366	22	1331	preceding Table 18: Ablation analysis on HC3 dataset. The best | following Figure 9 and Table 21. As shown, the explanation	LM2 OTIFS-W 1.00 0.84 1.00 0.94 0.95	0.84	The derived alternate numeric result cell in the same source row is not the declared account metric column.
2505.12507	2505.12507:lrr	2505.12507:lrr@aa9faa19d943fb36	same_window	page=7;identity_line=388;metric_line=388	0.90	2505.12507:c0e802debe78afa5	source_owned_row_join	table_row	LRR	lrr	7	388	preceding Table 1: Detection comparisons on HGTs and ChatGPT-	Duval and Malliaros, 2021) approximate local pre- LRR 0.96 0.86 0.87 0.90 1.00 0.98 0.96 0.98	7	388	preceding Table 1: Detection comparisons on HGTs and ChatGPT-	Duval and Malliaros, 2021) approximate local pre- LRR 0.96 0.86 0.87 0.90 1.00 0.98 0.96 0.98	AUC	numeric cell 2 of 9 in exact result row	2	preceding Table 1: Detection comparisons on HGTs and ChatGPT-; exact row/configuration for LRR; Review 26 successor re-audit binds this account to the recorded source state, exact row, and numeric column without inheriting the predecessor metric.	0.96	2505.12507:c0e802debe78afa5	extracted_primary_pdf_text	papers/2505.12507.pdf	4a91ca2d94777e362183e91320226d560b8539a985ab2b829d5aec00d374826b	15d697b1c55fef9895da684a1bb3754d1294d096c4b2b5761c66be0140bb19a7	wrong_column	7	382	preceding Table 1: Detection comparisons on HGTs and ChatGPT-	et al., 2021b) identify important features and sub- ACC AUC	12c1e4f5d061d321edd2ccad9a5a5e02ad67958b20ad4bf6977a531303a52771	7	388	preceding Table 1: Detection comparisons on HGTs and ChatGPT-	Duval and Malliaros, 2021) approximate local pre- LRR 0.96 0.86 0.87 0.90 1.00 0.98 0.96 0.98	0.86	The derived alternate numeric result cell in the same source row is not the declared account metric column.
2505.12507	2505.12507:npr	2505.12507:npr@d9a87cc92ccefa5a	same_window	page=7;identity_line=387;metric_line=388	0.90	2505.12507:c0e802debe78afa5	source_owned_row_join	table_row	NPR	npr	7	387	preceding Table 1: Detection comparisons on HGTs and ChatGPT-	NPR 0.83 0.71 0.79 0.78 1.00 0.93 0.97 0.97	7	387	preceding Table 1: Detection comparisons on HGTs and ChatGPT-	NPR 0.83 0.71 0.79 0.78 1.00 0.93 0.97 0.97	AUC	numeric cell 5 of 8 in exact result row	5	preceding Table 1: Detection comparisons on HGTs and ChatGPT-; exact row/configuration for NPR; Review 26 successor re-audit binds this account to the recorded source state, exact row, and numeric column without inheriting the predecessor metric.	1.00	2505.12507:b8017ba6ddf1f8ee	extracted_primary_pdf_text	papers/2505.12507.pdf	4a91ca2d94777e362183e91320226d560b8539a985ab2b829d5aec00d374826b	80ffd171ed1b39e3b2aae69a759b70ded3c474f9ce100ffe15fd9973a8c8c0b7	wrong_column	7	382	preceding Table 1: Detection comparisons on HGTs and ChatGPT-	et al., 2021b) identify important features and sub- ACC AUC	12c1e4f5d061d321edd2ccad9a5a5e02ad67958b20ad4bf6977a531303a52771	7	387	preceding Table 1: Detection comparisons on HGTs and ChatGPT-	NPR 0.83 0.71 0.79 0.78 1.00 0.93 0.97 0.97	0.78	The derived alternate numeric result cell in the same source row is not the declared account metric column.
2505.12507	2505.12507:roberta-qa	2505.12507:roberta-qa@dbd685a9d33d497b	table_configuration_join	locator=table1;identity_line=381	0.90	2505.12507:c0e802debe78afa5	source_owned_row_join	table_row	RoBERTa-QA	We conduct extensive experiments to evaluate ours. R-QA	7	399	preceding Table 1: Detection comparisons on HGTs and ChatGPT-	We conduct extensive experiments to evaluate ours. R-QA 1.00 0.95 0.80 0.91 1.00 0.99 0.96 0.98	7	399	preceding Table 1: Detection comparisons on HGTs and ChatGPT-	We conduct extensive experiments to evaluate ours. R-QA 1.00 0.95 0.80 0.91 1.00 0.99 0.96 0.98	AUC	numeric cell 1 of 8 in exact result row	1	preceding Table 1: Detection comparisons on HGTs and ChatGPT-; exact row/configuration for RoBERTa-QA; Review 26 successor re-audit binds this account to the recorded source state, exact row, and numeric column without inheriting the predecessor metric.	1.00	2505.12507:c6e3bc92a9658328	extracted_primary_pdf_text	papers/2505.12507.pdf	4a91ca2d94777e362183e91320226d560b8539a985ab2b829d5aec00d374826b	a907ae1ec8186252ab42fcc0bbe01e9c7526327e3cd7d51de99d738802db49ed	wrong_column	7	382	preceding Table 1: Detection comparisons on HGTs and ChatGPT-	et al., 2021b) identify important features and sub- ACC AUC	12c1e4f5d061d321edd2ccad9a5a5e02ad67958b20ad4bf6977a531303a52771	7	399	preceding Table 1: Detection comparisons on HGTs and ChatGPT-	We conduct extensive experiments to evaluate ours. R-QA 1.00 0.95 0.80 0.91 1.00 0.99 0.96 0.98	0.95	The derived alternate numeric result cell in the same source row is not the declared account metric column.
2505.13855	2505.13855:qwen18b	2505.13855:qwen18b@244dde834f43d020	same_window	page=4;identity_line=204;metric_line=204	99.89	2505.13855:00cb305fe4828e73	source_owned_row_join	table_row	Qwen1.5-1.8B	qwen18b	4	204	following Table 1: Performance on detecting machine-generated text in various domains from the MAGE benchmark. Bold	Qwen1.8B 99.89 98.33 98.49 99.71 98.97 98.89 98.89 98.69 97.79 97.74 71.58 39.05 91.56 81.97 88.41	4	204	following Table 1: Performance on detecting machine-generated text in various domains from the MAGE benchmark. Bold	Qwen1.8B 99.89 98.33 98.49 99.71 98.97 98.89 98.89 98.69 97.79 97.74 71.58 39.05 91.56 81.97 88.41	AUROC	numeric cell 2 of 16 in exact result row	2	following Table 1: Performance on detecting machine-generated text in various domains from the MAGE benchmark. Bold; exact row/configuration for Qwen1.5-1.8B; Review 26 successor re-audit binds this account to the recorded source state, exact row, and numeric column without inheriting the predecessor metric.	99.89	2505.13855:00cb305fe4828e73	extracted_primary_pdf_text	papers/2505.13855.pdf	9b1463de50a80a95f04565b7a84ea5d4418f74405627a0da0e584f6b64fce338	81d22d82edc4eb28da185d8c8c9ed1b9b13386d9574424f5f6cead907664ecd3	wrong_column	4	202	following Table 1: Performance on detecting machine-generated text in various domains from the MAGE benchmark. Bold	MAGE – AUROC (%)	f7b8c00216d1e676a693377e01185887fb0a8f1c09254e30a89c842dee9fb3ac	4	204	following Table 1: Performance on detecting machine-generated text in various domains from the MAGE benchmark. Bold	Qwen1.8B 99.89 98.33 98.49 99.71 98.97 98.89 98.89 98.69 97.79 97.74 71.58 39.05 91.56 81.97 88.41	98.33	The derived alternate numeric result cell in the same source row is not the declared account metric column.
2505.14271	2505.14271:faid-fuzzy-cmeans	2505.14271:faid-fuzzy-cmeans@fc90bbfa5658daff	table_configuration_join	locator=table1;identity_line=402	94.34	2505.14271:6cff2ef01430914f	source_owned_row_join	table_row	FAID fuzzy C-means clustering	Fuzzy C-Means	19	1301	preceding Table 12: Model selection on known vs. unseen generators. The best results in each column are in bold. | following Table 13: Comparison of clustering algorithms on known vs. unseen generators. The best results are shown in bold.	Fuzzy C-Means 92.67 92.31 90.04 89.53	19	1301	preceding Table 12: Model selection on known vs. unseen generators. The best results in each column are in bold. | following Table 13: Comparison of clustering algorithms on known vs. unseen generators. The best results are shown in bold.	Fuzzy C-Means 92.67 92.31 90.04 89.53	accuracy	numeric cell 1 of 4 in exact result row	1	preceding Table 12: Model selection on known vs. unseen generators. The best results in each column are in bold. | following Table 13: Comparison of clustering algorithms on known vs. unseen generators. The best results are shown in bold.; exact row/configuration for FAID fuzzy C-means clustering; Review 26 successor re-audit binds this account to the recorded source state, exact row, and numeric column without inheriting the predecessor metric.	92.67	2505.14271:eff8964b4e18da9c	extracted_primary_pdf_text	papers/2505.14271.pdf	8b3058043686eae05e625beda122bee25f51a3dbf97c76f202f433c4c913c831	f5d4b630cbb54634dc3f3d97b9052f54c54342c9c3d8a6a11cf792a072f66f44	wrong_column	19	1297	preceding Table 12: Model selection on known vs. unseen generators. The best results in each column are in bold. | following Table 13: Comparison of clustering algorithms on known vs. unseen generators. The best results are shown in bold.	Accuracy ↑ F1-macro ↑ Accuracy ↑ F1-macro ↑	2cde78a93e4b9e61c47ec170e1e924c2e3dcee71fabcba0e305b2ab6f0dae72f	19	1301	preceding Table 12: Model selection on known vs. unseen generators. The best results in each column are in bold. | following Table 13: Comparison of clustering algorithms on known vs. unseen generators. The best results are shown in bold.	Fuzzy C-Means 92.67 92.31 90.04 89.53	92.31	The derived alternate numeric result cell in the same source row is not the declared account metric column.
2505.14271	2505.14271:faid-knn	2505.14271:faid-knn@bcf946fa9d7ae083	table_configuration_join	locator=table1;identity_line=402	94.34	2505.14271:6cff2ef01430914f	source_owned_row_join	table_row	FAID k-nearest-neighbors clustering	k-Nearest Neighbors (KNN)	19	1298	preceding Table 12: Model selection on known vs. unseen generators. The best results in each column are in bold. | following Table 13: Comparison of clustering algorithms on known vs. unseen generators. The best results are shown in bold.	k-Nearest Neighbors (KNN) 90.52 90.21 85.37 84.95	19	1298	preceding Table 12: Model selection on known vs. unseen generators. The best results in each column are in bold. | following Table 13: Comparison of clustering algorithms on known vs. unseen generators. The best results are shown in bold.	k-Nearest Neighbors (KNN) 90.52 90.21 85.37 84.95	accuracy	numeric cell 1 of 4 in exact result row	1	preceding Table 12: Model selection on known vs. unseen generators. The best results in each column are in bold. | following Table 13: Comparison of clustering algorithms on known vs. unseen generators. The best results are shown in bold.; exact row/configuration for FAID k-nearest-neighbors clustering; Review 26 successor re-audit binds this account to the recorded source state, exact row, and numeric column without inheriting the predecessor metric.	90.52	2505.14271:19f25e9aade2ce9b	extracted_primary_pdf_text	papers/2505.14271.pdf	8b3058043686eae05e625beda122bee25f51a3dbf97c76f202f433c4c913c831	6829672ff81f6cf5208c229f121b2b69f3f518e20a6c6b07676c768d3ce592f0	wrong_column	19	1297	preceding Table 12: Model selection on known vs. unseen generators. The best results in each column are in bold. | following Table 13: Comparison of clustering algorithms on known vs. unseen generators. The best results are shown in bold.	Accuracy ↑ F1-macro ↑ Accuracy ↑ F1-macro ↑	2cde78a93e4b9e61c47ec170e1e924c2e3dcee71fabcba0e305b2ab6f0dae72f	19	1298	preceding Table 12: Model selection on known vs. unseen generators. The best results in each column are in bold. | following Table 13: Comparison of clustering algorithms on known vs. unseen generators. The best results are shown in bold.	k-Nearest Neighbors (KNN) 90.52 90.21 85.37 84.95	90.21	The derived alternate numeric result cell in the same source row is not the declared account metric column.
2505.14271	2505.14271:faid-multilingual-e5	2505.14271:faid-multilingual-e5@4530b1920fc1fc0f	table_configuration_join	locator=table1;identity_line=531	93.31	2505.14271:cb22eefdf6992daa	source_owned_row_join	table_row	FAID multilingual-e5 encoder	Multilingual-e5-base	19	1284	preceding Table 11: List of diverse prompt templates used to generate FAIDSet – Label: LLM-paraphrased. | following Table 12: Model selection on known vs. unseen generators. The best results in each column are in bold.	Multilingual-e5-base 278M 91.41 90.82 0.3436 0.1732 85.32 84.50 0.5102 0.2543	19	1284	preceding Table 11: List of diverse prompt templates used to generate FAIDSet – Label: LLM-paraphrased. | following Table 12: Model selection on known vs. unseen generators. The best results in each column are in bold.	Multilingual-e5-base 278M 91.41 90.82 0.3436 0.1732 85.32 84.50 0.5102 0.2543	accuracy	numeric cell 2 of 9 in exact result row	2	preceding Table 11: List of diverse prompt templates used to generate FAIDSet – Label: LLM-paraphrased. | following Table 12: Model selection on known vs. unseen generators. The best results in each column are in bold.; exact row/configuration for FAID multilingual-e5 encoder; Review 26 successor re-audit binds this account to the recorded source state, exact row, and numeric column without inheriting the predecessor metric.	91.41	2505.14271:f3fc24f55bf7a8f6	extracted_primary_pdf_text	papers/2505.14271.pdf	8b3058043686eae05e625beda122bee25f51a3dbf97c76f202f433c4c913c831	dc669698d6f9c73a083940666f8afdf86f2fa8f1dfe2a459f499352cdaaecee3	wrong_column	19	1280	preceding Table 11: List of diverse prompt templates used to generate FAIDSet – Label: LLM-paraphrased. | following Table 12: Model selection on known vs. unseen generators. The best results in each column are in bold.	Acc ↑ F1-macro ↑ MSE ↓ MAE ↓ Acc ↑ F1-macro ↑ MSE ↓ MAE ↓	767b1f3bcfb8283430f8a4855e91ed1c050173897c647418d2cd15a4d82e3ea1	19	1284	preceding Table 11: List of diverse prompt templates used to generate FAIDSet – Label: LLM-paraphrased. | following Table 12: Model selection on known vs. unseen generators. The best results in each column are in bold.	Multilingual-e5-base 278M 91.41 90.82 0.3436 0.1732 85.32 84.50 0.5102 0.2543	90.82	The derived alternate numeric result cell in the same source row is not the declared account metric column.
2505.14271	2505.14271:faid-xlmr	2505.14271:faid-xlmr@761c20dff75a2d07	table_configuration_join	locator=table1;identity_line=420	94.34	2505.14271:6cff2ef01430914f	source_owned_row_join	table_row	FAID XLM-RoBERTa encoder	XLM-RoBERTa-base	19	1285	preceding Table 11: List of diverse prompt templates used to generate FAIDSet – Label: LLM-paraphrased. | following Table 12: Model selection on known vs. unseen generators. The best results in each column are in bold.	XLM-RoBERTa-base 279M 91.90 90.63 0.2345 0.1190 86.75 85.20 0.4125 0.2104	19	1285	preceding Table 11: List of diverse prompt templates used to generate FAIDSet – Label: LLM-paraphrased. | following Table 12: Model selection on known vs. unseen generators. The best results in each column are in bold.	XLM-RoBERTa-base 279M 91.90 90.63 0.2345 0.1190 86.75 85.20 0.4125 0.2104	accuracy	numeric cell 2 of 9 in exact result row	2	preceding Table 11: List of diverse prompt templates used to generate FAIDSet – Label: LLM-paraphrased. | following Table 12: Model selection on known vs. unseen generators. The best results in each column are in bold.; exact row/configuration for FAID XLM-RoBERTa encoder; Review 26 successor re-audit binds this account to the recorded source state, exact row, and numeric column without inheriting the predecessor metric.	91.90	2505.14271:3f6c3ed8f99597f4	extracted_primary_pdf_text	papers/2505.14271.pdf	8b3058043686eae05e625beda122bee25f51a3dbf97c76f202f433c4c913c831	a566ebd435125a7736b29e07a78e138888200f69587530764b587b8617fcf65b	wrong_column	19	1280	preceding Table 11: List of diverse prompt templates used to generate FAIDSet – Label: LLM-paraphrased. | following Table 12: Model selection on known vs. unseen generators. The best results in each column are in bold.	Acc ↑ F1-macro ↑ MSE ↓ MAE ↓ Acc ↑ F1-macro ↑ MSE ↓ MAE ↓	767b1f3bcfb8283430f8a4855e91ed1c050173897c647418d2cd15a4d82e3ea1	19	1285	preceding Table 11: List of diverse prompt templates used to generate FAIDSet – Label: LLM-paraphrased. | following Table 12: Model selection on known vs. unseen generators. The best results in each column are in bold.	XLM-RoBERTa-base 279M 91.90 90.63 0.2345 0.1190 86.75 85.20 0.4125 0.2104	90.63	The derived alternate numeric result cell in the same source row is not the declared account metric column.
2505.24523	2505.24523:binoculars	2505.24523:binoculars@015556a122a89332	table_configuration_join	locator=precedingtable2tpr001fprandtpr005fprsariallearningsetupspecificallydesignedtosimu;identity_line=290	0.99	2505.24523:2de2fdb83050829e	source_owned_state_join	table_row	Binoculars	binoculars	4	200	following Table 1: Macro Average F1-score on XSUM balanced test split (45.000 documents) and arXiv Abstracts test split	Binoculars	4	221	following Table 1: Macro Average F1-score on XSUM balanced test split (45.000 documents) and arXiv Abstracts test split	Llama 0.76 0.94 0.72 0.99 0.94 1.00 0.77 0.38 0.50 0.79 0.96 1.00	F1	numeric cell 4 of 12 in exact result row	4	following Table 1: Macro Average F1-score on XSUM balanced test split (45.000 documents) and arXiv Abstracts test split; exact row/configuration for Binoculars; Review 26 successor re-audit binds this account to the recorded source state, exact row, and numeric column without inheriting the predecessor metric.	0.99	2505.24523:f982fd116c50b003	extracted_primary_pdf_text	papers/2505.24523.pdf	137fdc0f9fc8b60d6f853b4f45c072987387001b5c5244c7eb72c44f70ecbf32	d8884beaf2c9f50959022766dc5d416dc78b04ee1ff19ac8f3381e4b9dd00149	wrong_column	4	200	following Table 1: Macro Average F1-score on XSUM balanced test split (45.000 documents) and arXiv Abstracts test split	Binoculars	7b6ecc38b2472e9a189723e1d24382bcfb6de28a5a74869882fb3f124dbaf4bf	4	221	following Table 1: Macro Average F1-score on XSUM balanced test split (45.000 documents) and arXiv Abstracts test split	Llama 0.76 0.94 0.72 0.99 0.94 1.00 0.77 0.38 0.50 0.79 0.96 1.00	0.72	The derived alternate numeric result cell in the same source row is not the declared account metric column.
2505.24523	2505.24523:roberta	2505.24523:roberta@cb52ecec8abfadd0	table_configuration_join	locator=precedingfigure1overviewoftheproposedmethodologywefollowingtable1macroaveragef1scoreonxsumbalancedtestsplit45000documentsandarxivabstractstestsplit;identity_line=195	0.99	2505.24523:f982fd116c50b003	source_owned_state_join	table_row	RoBERTa	roberta	4	194	following Table 1: Macro Average F1-score on XSUM balanced test split (45.000 documents) and arXiv Abstracts test split	RoBERTa†	4	221	following Table 1: Macro Average F1-score on XSUM balanced test split (45.000 documents) and arXiv Abstracts test split	Llama 0.76 0.94 0.72 0.99 0.94 1.00 0.77 0.38 0.50 0.79 0.96 1.00	F1	numeric cell 6 of 12 in exact result row	6	following Table 1: Macro Average F1-score on XSUM balanced test split (45.000 documents) and arXiv Abstracts test split; exact row/configuration for RoBERTa; Review 26 successor re-audit binds this account to the recorded source state, exact row, and numeric column without inheriting the predecessor metric.	1.00	2505.24523:f982fd116c50b003	extracted_primary_pdf_text	papers/2505.24523.pdf	137fdc0f9fc8b60d6f853b4f45c072987387001b5c5244c7eb72c44f70ecbf32	a411a774946ff1dae2c204f7be7f7524ac68c1c2fcf6de17d9c571822bcfeed7	wrong_column	4	194	following Table 1: Macro Average F1-score on XSUM balanced test split (45.000 documents) and arXiv Abstracts test split	RoBERTa†	b6e1c3d3b73167dac5da102dc1ddf447e74c9fc0e24df71cdda0d650929aa33e	4	221	following Table 1: Macro Average F1-score on XSUM balanced test split (45.000 documents) and arXiv Abstracts test split	Llama 0.76 0.94 0.72 0.99 0.94 1.00 0.77 0.38 0.50 0.79 0.96 1.00	0.94	The derived alternate numeric result cell in the same source row is not the declared account metric column.
2505.24523	2505.24523:svm	2505.24523:svm@5c4d0181ce385b54	same_window	page=13;identity_line=918;metric_line=919	1.0	2505.24523:72a951ad1429e251	source_owned_state_join	table_row	Linear SVM	svm	4	201	following Table 1: Macro Average F1-score on XSUM balanced test split (45.000 documents) and arXiv Abstracts test split	SVM†	4	221	following Table 1: Macro Average F1-score on XSUM balanced test split (45.000 documents) and arXiv Abstracts test split	Llama 0.76 0.94 0.72 0.99 0.94 1.00 0.77 0.38 0.50 0.79 0.96 1.00	F1	numeric cell 11 of 12 in exact result row	11	following Table 1: Macro Average F1-score on XSUM balanced test split (45.000 documents) and arXiv Abstracts test split; exact row/configuration for Linear SVM; Review 26 successor re-audit binds this account to the recorded source state, exact row, and numeric column without inheriting the predecessor metric.	0.96	2505.24523:f982fd116c50b003	extracted_primary_pdf_text	papers/2505.24523.pdf	137fdc0f9fc8b60d6f853b4f45c072987387001b5c5244c7eb72c44f70ecbf32	379b04544603a39afc23e4d6dbb9dab621d5b9262ea4da7af163d1d101322579	wrong_column	4	201	following Table 1: Macro Average F1-score on XSUM balanced test split (45.000 documents) and arXiv Abstracts test split	SVM†	28afbdd73052776d8668e15d5df8ec1bd7c62f926f0079130922c4f8f3e4f36b	4	221	following Table 1: Macro Average F1-score on XSUM balanced test split (45.000 documents) and arXiv Abstracts test split	Llama 0.76 0.94 0.72 0.99 0.94 1.00 0.77 0.38 0.50 0.79 0.96 1.00	0.79	The derived alternate numeric result cell in the same source row is not the declared account metric column.
2506.01702	2506.01702:gemma2-2b	2506.01702:gemma2-2b@4572ac417d583481	same_window	page=4;identity_line=168;metric_line=168	0.9985	2506.01702:83a494aa7f9d1d16	source_owned_row_join	table_row	Gemma-2-2B submitted detector	gemma22b	4	168	preceding Table 1 | following Table 2	gemma-2-2b 0.9976 0.9980 0.9980 0.9985 0.9981 0.9981	4	168	preceding Table 1 | following Table 2	gemma-2-2b 0.9976 0.9980 0.9980 0.9985 0.9981 0.9981	AUROC	numeric cell 3 of 8 in exact result row	3	preceding Table 1 | following Table 2; exact row/configuration for Gemma-2-2B submitted detector; Review 26 successor re-audit binds this account to the recorded source state, exact row, and numeric column without inheriting the predecessor metric.	0.9976	2506.01702:83a494aa7f9d1d16	extracted_primary_pdf_text	papers/2506.01702.pdf	9231ab7d31b5b4f5daf64bd836668a84e796dfa7839c5aad50655328fa1bff45	c1e2d389091d9c4f3590f074e1d9cf9d7f66cbe90c449ab11501bac8c329d083	wrong_column	4	164	preceding Table 1 | following Table 2	Detector ROC-AUC Brier C@1 F1 F0.5u Mean	0ba4441776baf48bab2bb3fe4a02d28ee0c79f04de216e427e2e175e69aaeaad	4	168	preceding Table 1 | following Table 2	gemma-2-2b 0.9976 0.9980 0.9980 0.9985 0.9981 0.9981	0.9980	The derived alternate numeric result cell in the same source row is not the declared account metric column.
2506.01702	2506.01702:gemma2-9b-it	2506.01702:gemma2-9b-it@275b3906b2bc8226	same_window	page=4;identity_line=169;metric_line=169	0.9998	2506.01702:11fc4531ca80f716	source_owned_row_join	table_row	Gemma-2-9B-IT submitted detector	gemma29bit	4	169	preceding Table 1 | following Table 2	gemma-2-9b-it 0.9996 0.9994 0.9994 0.9996 0.9998 0.9996	4	169	preceding Table 1 | following Table 2	gemma-2-9b-it 0.9996 0.9994 0.9994 0.9996 0.9998 0.9996	AUROC	numeric cell 3 of 8 in exact result row	3	preceding Table 1 | following Table 2; exact row/configuration for Gemma-2-9B-IT submitted detector; Review 26 successor re-audit binds this account to the recorded source state, exact row, and numeric column without inheriting the predecessor metric.	0.9996	2506.01702:11fc4531ca80f716	extracted_primary_pdf_text	papers/2506.01702.pdf	9231ab7d31b5b4f5daf64bd836668a84e796dfa7839c5aad50655328fa1bff45	db407d4abeea7dcef39b5e8e8abf0cf5f10b246cdf36b2f8cd048842ffb3a2f5	wrong_column	4	164	preceding Table 1 | following Table 2	Detector ROC-AUC Brier C@1 F1 F0.5u Mean	0ba4441776baf48bab2bb3fe4a02d28ee0c79f04de216e427e2e175e69aaeaad	4	169	preceding Table 1 | following Table 2	gemma-2-9b-it 0.9996 0.9994 0.9994 0.9996 0.9998 0.9996	0.9994	The derived alternate numeric result cell in the same source row is not the declared account metric column.
2506.01702	2506.01702:qwen3-14b	2506.01702:qwen3-14b@1df27488d1638f84	same_window	page=4;identity_line=172;metric_line=172	0.9997	2506.01702:08ca085503c82936	source_owned_row_join	table_row	Qwen3-14B-Base submitted detector	qwen314b	4	172	preceding Table 1 | following Table 2	Qwen3-14B-Base 0.9994 0.9992 0.9992 0.9994 0.9997 0.9994	4	172	preceding Table 1 | following Table 2	Qwen3-14B-Base 0.9994 0.9992 0.9992 0.9994 0.9997 0.9994	AUROC	numeric cell 2 of 7 in exact result row	2	preceding Table 1 | following Table 2; exact row/configuration for Qwen3-14B-Base submitted detector; Review 26 successor re-audit binds this account to the recorded source state, exact row, and numeric column without inheriting the predecessor metric.	0.9994	2506.01702:08ca085503c82936	extracted_primary_pdf_text	papers/2506.01702.pdf	9231ab7d31b5b4f5daf64bd836668a84e796dfa7839c5aad50655328fa1bff45	130fb0a451fd47b3e1bbb80e382ee0f383a301de917ca1577d450554755c7aa8	wrong_column	4	164	preceding Table 1 | following Table 2	Detector ROC-AUC Brier C@1 F1 F0.5u Mean	0ba4441776baf48bab2bb3fe4a02d28ee0c79f04de216e427e2e175e69aaeaad	4	172	preceding Table 1 | following Table 2	Qwen3-14B-Base 0.9994 0.9992 0.9992 0.9994 0.9997 0.9994	0.9992	The derived alternate numeric result cell in the same source row is not the declared account metric column.
2506.01702	2506.01702:qwen3-4b	2506.01702:qwen3-4b@5d0f6c87ee33cdbf	same_window	page=4;identity_line=170;metric_line=170	0.9997	2506.01702:3b7c954489fbe8b2	source_owned_row_join	table_row	Qwen3-4B-Base submitted detector	qwen34b	4	170	preceding Table 1 | following Table 2	Qwen3-4B-Base 0.9991 0.9989 0.9989 0.9991 0.9997 0.9991	4	170	preceding Table 1 | following Table 2	Qwen3-4B-Base 0.9991 0.9989 0.9989 0.9991 0.9997 0.9991	AUROC	numeric cell 2 of 7 in exact result row	2	preceding Table 1 | following Table 2; exact row/configuration for Qwen3-4B-Base submitted detector; Review 26 successor re-audit binds this account to the recorded source state, exact row, and numeric column without inheriting the predecessor metric.	0.9991	2506.01702:3b7c954489fbe8b2	extracted_primary_pdf_text	papers/2506.01702.pdf	9231ab7d31b5b4f5daf64bd836668a84e796dfa7839c5aad50655328fa1bff45	7d43592061985d204526a04fd546795d3f99bb806559d3dfe9aed05633458da5	wrong_column	4	164	preceding Table 1 | following Table 2	Detector ROC-AUC Brier C@1 F1 F0.5u Mean	0ba4441776baf48bab2bb3fe4a02d28ee0c79f04de216e427e2e175e69aaeaad	4	170	preceding Table 1 | following Table 2	Qwen3-4B-Base 0.9991 0.9989 0.9989 0.9991 0.9997 0.9991	0.9989	The derived alternate numeric result cell in the same source row is not the declared account metric column.
2506.01702	2506.01702:qwen3-8b	2506.01702:qwen3-8b@23f50fe43b1f1d4c	same_window	page=4;identity_line=171;metric_line=171	0.9998	2506.01702:a415011bb28bac40	source_owned_row_join	table_row	Qwen3-8B-Base submitted detector	qwen38b	4	171	preceding Table 1 | following Table 2	Qwen3-8B-Base 0.9996 0.9994 0.9994 0.9996 0.9998 0.9996	4	171	preceding Table 1 | following Table 2	Qwen3-8B-Base 0.9996 0.9994 0.9994 0.9996 0.9998 0.9996	AUROC	numeric cell 2 of 7 in exact result row	2	preceding Table 1 | following Table 2; exact row/configuration for Qwen3-8B-Base submitted detector; Review 26 successor re-audit binds this account to the recorded source state, exact row, and numeric column without inheriting the predecessor metric.	0.9996	2506.01702:a415011bb28bac40	extracted_primary_pdf_text	papers/2506.01702.pdf	9231ab7d31b5b4f5daf64bd836668a84e796dfa7839c5aad50655328fa1bff45	d315fa318a466579d06007a70ff2e185b1d7f8bfb6efd20b9e0fd5302a1b3e20	wrong_column	4	164	preceding Table 1 | following Table 2	Detector ROC-AUC Brier C@1 F1 F0.5u Mean	0ba4441776baf48bab2bb3fe4a02d28ee0c79f04de216e427e2e175e69aaeaad	4	171	preceding Table 1 | following Table 2	Qwen3-8B-Base 0.9996 0.9994 0.9994 0.9996 0.9998 0.9996	0.9994	The derived alternate numeric result cell in the same source row is not the declared account metric column.
2506.02959	2506.02959:lrr	2506.02959:lrr@19a9e52dd1eba27b	table_configuration_join	locator=table16;identity_line=1152	0.966	2506.02959:38a414430d53f2bf	source_owned_row_join	table_row	LRR	lrr	17	1103	preceding Table 10: Precision and recall of human class and AI class in out-of-domain sentence-level MGT detection. -P’ | following Table 11: Precision and recall of human class and AI class in out-of-domain word-Level MGT detection. ’-P’	LRR 0.790 0.745 0.184 0.225 0.880 0.752 0.102 0.216 0.798 0.791 0.216 0.223 0.906 0.724 0.081 0.245	17	1103	preceding Table 10: Precision and recall of human class and AI class in out-of-domain sentence-level MGT detection. -P’ | following Table 11: Precision and recall of human class and AI class in out-of-domain word-Level MGT detection. ’-P’	LRR 0.790 0.745 0.184 0.225 0.880 0.752 0.102 0.216 0.798 0.791 0.216 0.223 0.906 0.724 0.081 0.245	F1	numeric cell 13 of 16 in exact result row	13	preceding Table 10: Precision and recall of human class and AI class in out-of-domain sentence-level MGT detection. -P’ | following Table 11: Precision and recall of human class and AI class in out-of-domain word-Level MGT detection. ’-P’; exact row/configuration for LRR; Review 26 successor re-audit binds this account to the recorded source state, exact row, and numeric column without inheriting the predecessor metric.	0.906	2506.02959:9e2baedf571eb2fd	extracted_primary_pdf_text	papers/2506.02959.pdf	94ca06ffd30f74369a0eaf040774aea04be891a978dc02d65b16cca5c8be0fd5	6f90e97951ecc11ed5d72ac0c23cf471c4363c1ddb200e15af8f600b82e01715	wrong_column	17	1081	preceding Table 10: Precision and recall of human class and AI class in out-of-domain sentence-level MGT detection. -P’ | following Table 11: Precision and recall of human class and AI class in out-of-domain word-Level MGT detection. ’-P’	means Precision and ‘-R’ means Recall. Bold means the overall best performance, and underline means the best	c5edabcf4ca1a0bd75938abc3501faad1cc7f25ea9c75e38dbd9d95b099bf49c	17	1103	preceding Table 10: Precision and recall of human class and AI class in out-of-domain sentence-level MGT detection. -P’ | following Table 11: Precision and recall of human class and AI class in out-of-domain word-Level MGT detection. ’-P’	LRR 0.790 0.745 0.184 0.225 0.880 0.752 0.102 0.216 0.798 0.791 0.216 0.223 0.906 0.724 0.081 0.245	0.223	The derived alternate numeric result cell in the same source row is not the declared account metric column.
2506.02959	2506.02959:npr	2506.02959:npr@f040800b0bae50b0	table_configuration_join	locator=table16;identity_line=1145	0.966	2506.02959:38a414430d53f2bf	source_owned_row_join	table_row	NPR	npr	17	1096	preceding Table 10: Precision and recall of human class and AI class in out-of-domain sentence-level MGT detection. -P’ | following Table 11: Precision and recall of human class and AI class in out-of-domain word-Level MGT detection. ’-P’	NPR 0.787 0.504 0.194 0.466 0.877 0.492 0.108 0.471 0.800 0.569 0.212 0.449 0.904 0.523 0.085 0.444	17	1096	preceding Table 10: Precision and recall of human class and AI class in out-of-domain sentence-level MGT detection. -P’ | following Table 11: Precision and recall of human class and AI class in out-of-domain word-Level MGT detection. ’-P’	NPR 0.787 0.504 0.194 0.466 0.877 0.492 0.108 0.471 0.800 0.569 0.212 0.449 0.904 0.523 0.085 0.444	F1	numeric cell 13 of 16 in exact result row	13	preceding Table 10: Precision and recall of human class and AI class in out-of-domain sentence-level MGT detection. -P’ | following Table 11: Precision and recall of human class and AI class in out-of-domain word-Level MGT detection. ’-P’; exact row/configuration for NPR; Review 26 successor re-audit binds this account to the recorded source state, exact row, and numeric column without inheriting the predecessor metric.	0.904	2506.02959:b08780b194b97ca9	extracted_primary_pdf_text	papers/2506.02959.pdf	94ca06ffd30f74369a0eaf040774aea04be891a978dc02d65b16cca5c8be0fd5	b81fe2454912a7b285b5a54f023a6ae2d098b935a6324be925a0834260993a38	wrong_column	17	1081	preceding Table 10: Precision and recall of human class and AI class in out-of-domain sentence-level MGT detection. -P’ | following Table 11: Precision and recall of human class and AI class in out-of-domain word-Level MGT detection. ’-P’	means Precision and ‘-R’ means Recall. Bold means the overall best performance, and underline means the best	c5edabcf4ca1a0bd75938abc3501faad1cc7f25ea9c75e38dbd9d95b099bf49c	17	1096	preceding Table 10: Precision and recall of human class and AI class in out-of-domain sentence-level MGT detection. -P’ | following Table 11: Precision and recall of human class and AI class in out-of-domain word-Level MGT detection. ’-P’	NPR 0.787 0.504 0.194 0.466 0.877 0.492 0.108 0.471 0.800 0.569 0.212 0.449 0.904 0.523 0.085 0.444	0.449	The derived alternate numeric result cell in the same source row is not the declared account metric column.
2506.06705	2506.06705:entropy-qwen	2506.06705:entropy-qwen@6aeafff05b28788d	same_window	page=15;identity_line=554;metric_line=554	99.89	2506.06705:939990321b4ebb4c	source_owned_row_join	table_row	Entropy with Qwen detector LM	entropyqwen	15	550	following Figure 4: Comparison of detector AUROC scores across	w/o Adaption Med Law Comb. Med Law Comb. Entropy (Qwen) 98.81 99.88 89.03 99.38 96.78	15	550	following Figure 4: Comparison of detector AUROC scores across	w/o Adaption Med Law Comb. Med Law Comb. Entropy (Qwen) 98.81 99.88 89.03 99.38 96.78	AUROC	numeric cell 2 of 5 in exact result row	2	following Figure 4: Comparison of detector AUROC scores across; exact row/configuration for Entropy with Qwen detector LM; Review 26 successor re-audit binds this account to the recorded source state, exact row, and numeric column without inheriting the predecessor metric.	99.88	2506.06705:947d80d9184f9b5d	extracted_primary_pdf_text	papers/2506.06705.pdf	db763c8ffbb2189f307ad3d2f8295e2a94c4552f231c523de83f77e359896644	8075d3d60bec9ae4f0f2440a5b26c6bc9e1ebac2653f099575d7f647e79ded2e	wrong_column	15	539	following Figure 4: Comparison of detector AUROC scores across	AUROC Score (%)	df292df5e8ebb39c2e7abaa85728abd99d22b3acb3eb55afcb65399ae2ce5927	15	550	following Figure 4: Comparison of detector AUROC scores across	w/o Adaption Med Law Comb. Med Law Comb. Entropy (Qwen) 98.81 99.88 89.03 99.38 96.78	98.81	The derived alternate numeric result cell in the same source row is not the declared account metric column.
2506.06705	2506.06705:legal	2506.06705:legal@f532cb967b3142f7	table_configuration_join	locator=table1;identity_line=323	0.90	2506.06705:e7941ca96e7f1969	source_owned_row_join	table_row	DivScore-legal	legal	24	1142	following Figure 6: ROC Curves of Baseline Detectors and DivScore in the Main Experiment	Proposed (legal) (AUC=0.9986) Proposed (legal) (AUC=0.9961) Proposed (legal) (AUC=0.9865) Proposed (legal) (AUC=0.9954)	24	1142	following Figure 6: ROC Curves of Baseline Detectors and DivScore in the Main Experiment	Proposed (legal) (AUC=0.9986) Proposed (legal) (AUC=0.9961) Proposed (legal) (AUC=0.9865) Proposed (legal) (AUC=0.9954)	AUROC	numeric cell 1 of 4 in exact result row	1	following Figure 6: ROC Curves of Baseline Detectors and DivScore in the Main Experiment; exact row/configuration for DivScore-legal; Review 26 successor re-audit binds this account to the recorded source state, exact row, and numeric column without inheriting the predecessor metric.	0.9986		extracted_primary_pdf_text	papers/2506.06705.pdf	db763c8ffbb2189f307ad3d2f8295e2a94c4552f231c523de83f77e359896644	6e06277482afc9751909baf943ce2ef71dc4971b02a7be01c91a0c1f105e46bb	wrong_column	24	1142	following Figure 6: ROC Curves of Baseline Detectors and DivScore in the Main Experiment	Proposed (legal) (AUC=0.9986) Proposed (legal) (AUC=0.9961) Proposed (legal) (AUC=0.9865) Proposed (legal) (AUC=0.9954)	6e06277482afc9751909baf943ce2ef71dc4971b02a7be01c91a0c1f105e46bb	24	1142	following Figure 6: ROC Curves of Baseline Detectors and DivScore in the Main Experiment	Proposed (legal) (AUC=0.9986) Proposed (legal) (AUC=0.9961) Proposed (legal) (AUC=0.9865) Proposed (legal) (AUC=0.9954)	0.9961	The derived alternate numeric result cell in the same source row is not the declared account metric column.
2506.06705	2506.06705:medical	2506.06705:medical@78452ce118c9ef84	table_configuration_join	locator=table1;identity_line=323	0.90	2506.06705:e7941ca96e7f1969	source_owned_row_join	table_row	DivScore-medical	medical	24	1141	following Figure 6: ROC Curves of Baseline Detectors and DivScore in the Main Experiment	Proposed (medical) (AUC=0.9986) Proposed (medical) (AUC=0.9907) Proposed (medical) (AUC=0.9917) Proposed (medical) (AUC=0.9927)	24	1141	following Figure 6: ROC Curves of Baseline Detectors and DivScore in the Main Experiment	Proposed (medical) (AUC=0.9986) Proposed (medical) (AUC=0.9907) Proposed (medical) (AUC=0.9917) Proposed (medical) (AUC=0.9927)	AUROC	numeric cell 1 of 4 in exact result row	1	following Figure 6: ROC Curves of Baseline Detectors and DivScore in the Main Experiment; exact row/configuration for DivScore-medical; Review 26 successor re-audit binds this account to the recorded source state, exact row, and numeric column without inheriting the predecessor metric.	0.9986		extracted_primary_pdf_text	papers/2506.06705.pdf	db763c8ffbb2189f307ad3d2f8295e2a94c4552f231c523de83f77e359896644	f380226a3b3d74e78e4b00a036172a293b4b146cd3de6e80e1181e3b8d7feb2e	wrong_column	24	1141	following Figure 6: ROC Curves of Baseline Detectors and DivScore in the Main Experiment	Proposed (medical) (AUC=0.9986) Proposed (medical) (AUC=0.9907) Proposed (medical) (AUC=0.9917) Proposed (medical) (AUC=0.9927)	f380226a3b3d74e78e4b00a036172a293b4b146cd3de6e80e1181e3b8d7feb2e	24	1141	following Figure 6: ROC Curves of Baseline Detectors and DivScore in the Main Experiment	Proposed (medical) (AUC=0.9986) Proposed (medical) (AUC=0.9907) Proposed (medical) (AUC=0.9917) Proposed (medical) (AUC=0.9927)	0.9907	The derived alternate numeric result cell in the same source row is not the declared account metric column.
2506.06705	2506.06705:without-adaptation	2506.06705:without-adaptation@bc5aabff7a33e14b	same_window	page=15;identity_line=556;metric_line=556	99.91	2506.06705:53fcd800f5e4649b	source_owned_figure_join	figure_series	DivScore without domain adaptation	baseline DivScore without domain	14	532	preceding Figure 3: Text statistical signatures in DivScore for | following Figure 4 presents the AUROC averaged across	In this section, we examine how domain knowledge tion, and (2) the baseline DivScore without domain	15	543	following Figure 4: Comparison of detector AUROC scores across	92.63 Cross-Entropy (Mistral) 12.69 83.17 21.91 52.45 42.56	AUROC	Figure 4 w/o Adaptation averaged AUROC bar	1	Figure 4 baseline state described at lines 532-534; the w/o Adaptation bar is explicitly labeled 92.63 averaged AUROC.; Review 26 successor re-audit binds this account to the recorded source state, exact row, and numeric column without inheriting the predecessor metric.	92.63		extracted_primary_pdf_text	papers/2506.06705.pdf	db763c8ffbb2189f307ad3d2f8295e2a94c4552f231c523de83f77e359896644	82985cb48d97affefeacf3516a0529f2a0bca3ab7be84f0a9a21f3f02709bc65	wrong_method_state	14	534	preceding Figure 4 presents the AUROC averaged across	by DivScore. We analyse the statistics of DivScore Figure 4 presents the AUROC averaged across	0274db84caa3c39638b33618ad343ef29caa8c5bd3e14484a1470c67c1816893	15	543	following Figure 4: Comparison of detector AUROC scores across	92.63 Cross-Entropy (Mistral) 12.69 83.17 21.91 52.45 42.56	12.69	The same extracted line also contains Cross-Entropy (Mistral); that table cell does not own the Figure 4 baseline bar.
2507.05157	2507.05157:gpt4o-mini	2507.05157:gpt4o-mini@6331ef379c81d7b1	same_window	page=5;identity_line=197;metric_line=197	0.97	2507.05157:a5ac8b931f967106	source_owned_row_join	table_row	Defactify GPT-4o-mini fine-tune	gpt4omini	5	197	preceding Table 4 | following Table 5	GPT_4o-mini 0.98 0.97 0.97 10983	5	197	preceding Table 4 | following Table 5	GPT_4o-mini 0.98 0.97 0.97 10983	F1	numeric cell 3 of 5 in exact result row	3	preceding Table 4 | following Table 5; exact row/configuration for Defactify GPT-4o-mini fine-tune; Review 26 successor re-audit binds this account to the recorded source state, exact row, and numeric column without inheriting the predecessor metric.	0.97	2507.05157:a5ac8b931f967106	extracted_primary_pdf_text	papers/2507.05157.pdf	7d055b254487ab976e93d5d2bdb3b2a9ed5f32907fb9a62618575a853eaad4b9	72a53869c78d895b8bb9f454bce5b301ec40085b43302576e8d20f74c35fca5c	wrong_column	5	196	preceding Table 4 | following Table 5	Model Name Precision Recall F1 Support	789debdb2ca24aa61048c13450112d10b7e8c90b46b3c4bb9936f6742a5ba3de	5	197	preceding Table 4 | following Table 5	GPT_4o-mini 0.98 0.97 0.97 10983	0.98	The derived alternate numeric result cell in the same source row is not the declared account metric column.
2507.05157	2507.05157:llama3-8b	2507.05157:llama3-8b@ae90c31e327c6e6b	same_window	page=5;identity_line=198;metric_line=198	0.91	2507.05157:6b97c2be5d88bf3f	source_owned_row_join	table_row	Defactify Llama-3-8B fine-tune	llama38b	5	198	preceding Table 4 | following Table 5	LLaMA-3 8B 0.91 0.87 0.89 10983	5	198	preceding Table 4 | following Table 5	LLaMA-3 8B 0.91 0.87 0.89 10983	F1	numeric cell 3 of 6 in exact result row	3	preceding Table 4 | following Table 5; exact row/configuration for Defactify Llama-3-8B fine-tune; Review 26 successor re-audit binds this account to the recorded source state, exact row, and numeric column without inheriting the predecessor metric.	0.91	2507.05157:6b97c2be5d88bf3f	extracted_primary_pdf_text	papers/2507.05157.pdf	7d055b254487ab976e93d5d2bdb3b2a9ed5f32907fb9a62618575a853eaad4b9	dc8972606f5469bf99e2e62dadbffe1d4eaa8003c7ec9a994361e1f83a4f9537	wrong_column	5	196	preceding Table 4 | following Table 5	Model Name Precision Recall F1 Support	789debdb2ca24aa61048c13450112d10b7e8c90b46b3c4bb9936f6742a5ba3de	5	198	preceding Table 4 | following Table 5	LLaMA-3 8B 0.91 0.87 0.89 10983	0.87	The derived alternate numeric result cell in the same source row is not the declared account metric column.
2507.23577	2507.23577:ct-tdetect	2507.23577:ct-tdetect@e9f644cea5e27b41	same_window	page=6;identity_line=395;metric_line=397	0.926	2507.23577:9dac61b4d2ce1ba6	source_owned_state_join	table_row	CT(T-Detect)	ctframework	6	395	preceding Table 1: Performance of T-Detect and baselines on the adversarial RAID benchmark. Results are | following Table 2: General performance of T-Detect and baselines on the multi-domain HART benchmark.	CT (Framework)	6	397	preceding Table 1: Performance of T-Detect and baselines on the adversarial RAID benchmark. Results are | following Table 2: General performance of T-Detect and baselines on the multi-domain HART benchmark.	Books 0.913 0.88 0.76 0.924 0.89 0.83 0.926 0.89 0.84	AUROC	numeric cell 7 of 9 in exact result row	7	preceding Table 1: Performance of T-Detect and baselines on the adversarial RAID benchmark. Results are | following Table 2: General performance of T-Detect and baselines on the multi-domain HART benchmark.; exact row/configuration for CT(T-Detect); Review 26 successor re-audit binds this account to the recorded source state, exact row, and numeric column without inheriting the predecessor metric.	0.926	2507.23577:9dac61b4d2ce1ba6	extracted_primary_pdf_text	papers/2507.23577.pdf	b09a5614d053705928d168a9624f5e47f9cb96ee403624260be62b1d202ad88b	427dd0d15ce9e4ec7bcc2249902456307edf6edd8d73c3204f65b63ee783cd2e	wrong_column	6	374	preceding Table 1: Performance of T-Detect and baselines on the adversarial RAID benchmark. Results are | following Table 2: General performance of T-Detect and baselines on the multi-domain HART benchmark.	AUROC F1-Score TPR@5%FPR AUROC F1-Score TPR@5%FPR AUROC F1-Score TPR@5%FPR	b45598533433e8dc730400a827410459936d52ec6ebab910fbdc046a7156b1da	6	397	preceding Table 1: Performance of T-Detect and baselines on the adversarial RAID benchmark. Results are | following Table 2: General performance of T-Detect and baselines on the multi-domain HART benchmark.	Books 0.913 0.88 0.76 0.924 0.89 0.83 0.926 0.89 0.84	0.83	The derived alternate numeric result cell in the same source row is not the declared account metric column.
2507.23577	2507.23577:tdetect	2507.23577:tdetect@944471fde607b1f5	table_configuration_join	locator=table1;identity_line=408	0.926	2507.23577:977f6469b054a6ba	source_owned_state_join	prose_or_figure_claim	T-Detect	tdetect	1	35	caption continuation	sarial text and the comprehensive HART dataset. Experiments show that T-Detect	1	39	caption continuation	an AUROC of 0.926 on the Books domain of RAID. Our contributions are a	AUROC	numeric cell 1 of 1 in exact result row	1	caption continuation; exact row/configuration for T-Detect; Review 26 successor re-audit binds this account to the recorded source state, exact row, and numeric column without inheriting the predecessor metric.	0.926		extracted_primary_pdf_text	papers/2507.23577.pdf	b09a5614d053705928d168a9624f5e47f9cb96ee403624260be62b1d202ad88b	3618f5cd7738f4fb3d58294dd5780f6cbb6c06b1eb82f23e2901aff675404749	wrong_row	1	39	caption continuation	an AUROC of 0.926 on the Books domain of RAID. Our contributions are a	677a2f2603fb4dbaae9f79d281e7ed2e781d3c34bc02cde85efbeae40593714c	1	37	caption continuation	by up to 3.9% in targeted domains. When integrated into a two-dimensional de-	3.9	The nearest distinct numeric source row is not the declared account row or training state.
2508.01754	2508.01754:tdt	2508.01754:tdt@8cc4a429e5dfd1e4	same_window	page=7;identity_line=436;metric_line=436	0.900	2508.01754:5f51cc17300c38fc	source_owned_row_join	table_row	Temporal Tomography Detector	tdt	7	436	following Table 3: HART Benchmark performance (AUROC)	TDT (Ours) 0.890 0.869 0.900 0.919	7	436	following Table 3: HART Benchmark performance (AUROC)	TDT (Ours) 0.890 0.869 0.900 0.919	threshold metric or explicit strong claim	numeric cell 3 of 4 in exact result row	3	following Table 3: HART Benchmark performance (AUROC); exact row/configuration for Temporal Tomography Detector; Review 26 successor re-audit binds this account to the recorded source state, exact row, and numeric column without inheriting the predecessor metric.	0.900	2508.01754:5f51cc17300c38fc	extracted_primary_pdf_text	papers/2508.01754.pdf	0a999a55a7a154a9cd41979507caf819f37dcac3849435aa068589ac0424e828	c44b54172743d90436c949cf0b43e56ace542463e8a0239f64bbe682f41d92f2	wrong_column	7	431	following Table 3: HART Benchmark performance (AUROC)	achieves an overall AUROC of 0.855. This Level 3 (Humanization)	19f27273f988dcfab913bbc2308ff358abebaaeaceeaeaafa841225a956dd2b1	7	436	following Table 3: HART Benchmark performance (AUROC)	TDT (Ours) 0.890 0.869 0.900 0.919	0.869	The derived alternate numeric result cell in the same source row is not the declared account metric column.
2508.13768	2508.13768:roberta-base	2508.13768:roberta-base@5e21b7a19a225916	table_configuration_join	locator=table3;identity_line=595	91.40	2508.13768:3b35d96167b410b7	source_owned_state_join	table_row	MGT-Prism RoBERTa-base	robertabase	9	712	following Table 7: F1 score (%) Comparison with Different tended to other modalities, such as image and audio,	RoBERTa-base	9	713	following Table 7: F1 score (%) Comparison with Different tended to other modalities, such as image and audio,	MGT-Prism 94.89 97.43 95.32 95.88	F1	numeric cell 1 of 4 in exact result row	1	following Table 7: F1 score (%) Comparison with Different tended to other modalities, such as image and audio,; exact row/configuration for MGT-Prism RoBERTa-base; Review 26 successor re-audit binds this account to the recorded source state, exact row, and numeric column without inheriting the predecessor metric.	94.89	2508.13768:0788e24b1360c425	extracted_primary_pdf_text	papers/2508.13768.pdf	d428d167017de6f4a323fdfeb579749d042730cbcbe64439a8ba98e4ea4f3223	797d3a80765b56ba30fddb5412e89ccd0582be37b1ad26d2504734e6645a6e2e	wrong_column	9	712	following Table 7: F1 score (%) Comparison with Different tended to other modalities, such as image and audio,	RoBERTa-base	a20622317e8d5856893ef48a3235db06aa2024c478cde76d1d60b5688fe08fca	9	713	following Table 7: F1 score (%) Comparison with Different tended to other modalities, such as image and audio,	MGT-Prism 94.89 97.43 95.32 95.88	97.43	The derived alternate numeric result cell in the same source row is not the declared account metric column.
2508.13768	2508.13768:roberta-large	2508.13768:roberta-large@a02427b5b63791e3	table_configuration_join	locator=table3;identity_line=595	91.40	2508.13768:3b35d96167b410b7	source_owned_state_join	table_row	MGT-Prism RoBERTa-large	robertalarge	9	716	following Table 7: F1 score (%) Comparison with Different tended to other modalities, such as image and audio,	RoBERTa-large	9	717	following Table 7: F1 score (%) Comparison with Different tended to other modalities, such as image and audio,	MGT-Prism 96.05 98.98 97.29 97.44 that our method outperforms SOTA metric-based	F1	numeric cell 1 of 4 in exact result row	1	following Table 7: F1 score (%) Comparison with Different tended to other modalities, such as image and audio,; exact row/configuration for MGT-Prism RoBERTa-large; Review 26 successor re-audit binds this account to the recorded source state, exact row, and numeric column without inheriting the predecessor metric.	96.05	2508.13768:95a62d6f0e27ff6b	extracted_primary_pdf_text	papers/2508.13768.pdf	d428d167017de6f4a323fdfeb579749d042730cbcbe64439a8ba98e4ea4f3223	427bde6077cfa524e44b6a0d5ecae1c3b23f253f4c81fefe5e549040d500aff4	wrong_column	9	716	following Table 7: F1 score (%) Comparison with Different tended to other modalities, such as image and audio,	RoBERTa-large	17a8a1305a11e20b591e53996b628cd5c6b6b9132811c623205df44046d94ad6	9	717	following Table 7: F1 score (%) Comparison with Different tended to other modalities, such as image and audio,	MGT-Prism 96.05 98.98 97.29 97.44 that our method outperforms SOTA metric-based	98.98	The derived alternate numeric result cell in the same source row is not the declared account metric column.
2508.18715	2508.18715:distilroberta	2508.18715:distilroberta@425fc16f6b674180	table_configuration_join	locator=table1;identity_line=286	0.9015	2508.18715:77cb9c39a37d1a59	source_owned_state_join	table_row	EMMM DistilRoBERTa utterance detector	distilroberta	11	587	following Table 5: Comparison of Macro-F1 scores using different Frames	PLM DA Utterance bers of token and DA features per utterance, selected based	11	590	following Table 5: Comparison of Macro-F1 scores using different Frames	distilroberta-base 0.6440 (0.0035) 0.9141 (0.0000) ond, and is thus adopted in the framework implementation.	F1	numeric cell 3 of 4 in exact result row	3	following Table 5: Comparison of Macro-F1 scores using different Frames; exact row/configuration for EMMM DistilRoBERTa utterance detector; Review 26 successor re-audit binds this account to the recorded source state, exact row, and numeric column without inheriting the predecessor metric.	0.9141	2508.18715:e9575f317c297db9	extracted_primary_pdf_text	papers/2508.18715.pdf	9c93921ed76c4fe1144f564e88bc216631342cf9db58d78f4dbee23f70bca851	b2c19df92cca2a48682c10253201b4235c899a9c5c24b5da2994fba5f57a1fae	wrong_column	11	587	following Table 5: Comparison of Macro-F1 scores using different Frames	PLM DA Utterance bers of token and DA features per utterance, selected based	4ad5060fe67dcff8d2eaac61ee74e9e2591960307ca8216e582e8e10771be69a	11	590	following Table 5: Comparison of Macro-F1 scores using different Frames	distilroberta-base 0.6440 (0.0035) 0.9141 (0.0000) ond, and is thus adopted in the framework implementation.	0.6440	The derived alternate numeric result cell in the same source row is not the declared account metric column.
2508.18715	2508.18715:faithshap-1	2508.18715:faithshap-1@ededb09e78941de0	table_configuration_join	locator=table1;identity_line=242	0.9733	2508.18715:01295370e06121fc	source_owned_state_join	table_row	EMMM Faith-SHAP 1-act/1-token	Frames Explanation	11	592	following Table 5: Comparison of Macro-F1 scores using different Frames	Frames Explanation 1DA + 1token 3DA + 3token	11	598	preceding Table 5: Comparison of Macro-F1 scores using different Frames | following Table 6: Macro-F1 scores for different explanation methods	PLM for turn-level DA-based and utterance-based detection. Faith-SHAP 0.9890 (0.0012) 0.9963 (0.0012)	F1	numeric cell 1 of 4 in exact result row	1	preceding Table 5: Comparison of Macro-F1 scores using different Frames | following Table 6: Macro-F1 scores for different explanation methods; exact row/configuration for EMMM Faith-SHAP 1-act/1-token; Review 26 successor re-audit binds this account to the recorded source state, exact row, and numeric column without inheriting the predecessor metric.	0.9890	2508.18715:b61cb7c5c7e44a02	extracted_primary_pdf_text	papers/2508.18715.pdf	9c93921ed76c4fe1144f564e88bc216631342cf9db58d78f4dbee23f70bca851	f57851a1cb3b0ec6d3f9b1398037620acf6894030f84f4612a33891ea6475644	wrong_column	11	597	preceding Table 5: Comparison of Macro-F1 scores using different Frames | following Table 6: Macro-F1 scores for different explanation methods	Table 5: Comparison of Macro-F1 scores using different Frames	b2f2437e97312c028e4a0470b1f5362414cc6a01f6052a7b05d435b3cda97c55	11	598	preceding Table 5: Comparison of Macro-F1 scores using different Frames | following Table 6: Macro-F1 scores for different explanation methods	PLM for turn-level DA-based and utterance-based detection. Faith-SHAP 0.9890 (0.0012) 0.9963 (0.0012)	0.9963	The derived alternate numeric result cell in the same source row is not the declared account metric column.
2508.18715	2508.18715:faithshap-3	2508.18715:faithshap-3@3aa6bf32a6c0f0e1	table_configuration_join	locator=table1;identity_line=242	0.9733	2508.18715:01295370e06121fc	source_owned_state_join	table_row	EMMM Faith-SHAP 3-act/3-token	Frames Explanation	11	592	following Table 5: Comparison of Macro-F1 scores using different Frames	Frames Explanation 1DA + 1token 3DA + 3token	11	598	preceding Table 5: Comparison of Macro-F1 scores using different Frames | following Table 6: Macro-F1 scores for different explanation methods	PLM for turn-level DA-based and utterance-based detection. Faith-SHAP 0.9890 (0.0012) 0.9963 (0.0012)	F1	numeric cell 3 of 4 in exact result row	3	preceding Table 5: Comparison of Macro-F1 scores using different Frames | following Table 6: Macro-F1 scores for different explanation methods; exact row/configuration for EMMM Faith-SHAP 3-act/3-token; Review 26 successor re-audit binds this account to the recorded source state, exact row, and numeric column without inheriting the predecessor metric.	0.9963	2508.18715:b61cb7c5c7e44a02	extracted_primary_pdf_text	papers/2508.18715.pdf	9c93921ed76c4fe1144f564e88bc216631342cf9db58d78f4dbee23f70bca851	f57851a1cb3b0ec6d3f9b1398037620acf6894030f84f4612a33891ea6475644	wrong_column	11	597	preceding Table 5: Comparison of Macro-F1 scores using different Frames | following Table 6: Macro-F1 scores for different explanation methods	Table 5: Comparison of Macro-F1 scores using different Frames	b2f2437e97312c028e4a0470b1f5362414cc6a01f6052a7b05d435b3cda97c55	11	598	preceding Table 5: Comparison of Macro-F1 scores using different Frames | following Table 6: Macro-F1 scores for different explanation methods	PLM for turn-level DA-based and utterance-based detection. Faith-SHAP 0.9890 (0.0012) 0.9963 (0.0012)	0.9890	The derived alternate numeric result cell in the same source row is not the declared account metric column.
2508.18715	2508.18715:ig-1	2508.18715:ig-1@1da61b879e6e33d0	table_configuration_join	locator=table1;identity_line=242	0.9733	2508.18715:01295370e06121fc	source_owned_state_join	table_row	EMMM Integrated Gradients 1-act/1-token	Frames Explanation	11	592	following Table 5: Comparison of Macro-F1 scores using different Frames	Frames Explanation 1DA + 1token 3DA + 3token	11	600	preceding Table 5: Comparison of Macro-F1 scores using different Frames | following Table 6: Macro-F1 scores for different explanation methods	mance per task is bolded, and the second-best is underlined. Integrated gradient 0.9854 (0.0017) 0.9976 (0.0000)	F1	numeric cell 1 of 4 in exact result row	1	preceding Table 5: Comparison of Macro-F1 scores using different Frames | following Table 6: Macro-F1 scores for different explanation methods; exact row/configuration for EMMM Integrated Gradients 1-act/1-token; Review 26 successor re-audit binds this account to the recorded source state, exact row, and numeric column without inheriting the predecessor metric.	0.9854	2508.18715:ad2a5050a6c050f0	extracted_primary_pdf_text	papers/2508.18715.pdf	9c93921ed76c4fe1144f564e88bc216631342cf9db58d78f4dbee23f70bca851	40b055a880d7a0dd1e4d6d06b01ba44d7ee12c1a78906450b40083e7b09bd662	wrong_column	11	597	preceding Table 5: Comparison of Macro-F1 scores using different Frames | following Table 6: Macro-F1 scores for different explanation methods	Table 5: Comparison of Macro-F1 scores using different Frames	b2f2437e97312c028e4a0470b1f5362414cc6a01f6052a7b05d435b3cda97c55	11	600	preceding Table 5: Comparison of Macro-F1 scores using different Frames | following Table 6: Macro-F1 scores for different explanation methods	mance per task is bolded, and the second-best is underlined. Integrated gradient 0.9854 (0.0017) 0.9976 (0.0000)	0.9976	The derived alternate numeric result cell in the same source row is not the declared account metric column.
2508.18715	2508.18715:ig-3	2508.18715:ig-3@6c49b29740d5c687	table_configuration_join	locator=table1;identity_line=242	0.9733	2508.18715:01295370e06121fc	source_owned_state_join	table_row	EMMM Integrated Gradients 3-act/3-token	Frames Explanation	11	592	following Table 5: Comparison of Macro-F1 scores using different Frames	Frames Explanation 1DA + 1token 3DA + 3token	11	600	preceding Table 5: Comparison of Macro-F1 scores using different Frames | following Table 6: Macro-F1 scores for different explanation methods	mance per task is bolded, and the second-best is underlined. Integrated gradient 0.9854 (0.0017) 0.9976 (0.0000)	F1	numeric cell 3 of 4 in exact result row	3	preceding Table 5: Comparison of Macro-F1 scores using different Frames | following Table 6: Macro-F1 scores for different explanation methods; exact row/configuration for EMMM Integrated Gradients 3-act/3-token; Review 26 successor re-audit binds this account to the recorded source state, exact row, and numeric column without inheriting the predecessor metric.	0.9976	2508.18715:ad2a5050a6c050f0	extracted_primary_pdf_text	papers/2508.18715.pdf	9c93921ed76c4fe1144f564e88bc216631342cf9db58d78f4dbee23f70bca851	40b055a880d7a0dd1e4d6d06b01ba44d7ee12c1a78906450b40083e7b09bd662	wrong_column	11	597	preceding Table 5: Comparison of Macro-F1 scores using different Frames | following Table 6: Macro-F1 scores for different explanation methods	Table 5: Comparison of Macro-F1 scores using different Frames	b2f2437e97312c028e4a0470b1f5362414cc6a01f6052a7b05d435b3cda97c55	11	600	preceding Table 5: Comparison of Macro-F1 scores using different Frames | following Table 6: Macro-F1 scores for different explanation methods	mance per task is bolded, and the second-best is underlined. Integrated gradient 0.9854 (0.0017) 0.9976 (0.0000)	0.9854	The derived alternate numeric result cell in the same source row is not the declared account metric column.
2508.18715	2508.18715:roberta	2508.18715:roberta@c014941414cad4f3	table_configuration_join	locator=table1;identity_line=259	0.9015	2508.18715:77cb9c39a37d1a59	source_owned_state_join	table_row	EMMM RoBERTa utterance detector	roberta	11	587	following Table 5: Comparison of Macro-F1 scores using different Frames	PLM DA Utterance bers of token and DA features per utterance, selected based	11	595	following Table 5: Comparison of Macro-F1 scores using different Frames	roberta-base 0.5635 (0.1125) 0.9802 (0.0000) STII 0.8871 (0.0045) 0.9334 (0.0135)	F1	numeric cell 3 of 8 in exact result row	3	following Table 5: Comparison of Macro-F1 scores using different Frames; exact row/configuration for EMMM RoBERTa utterance detector; Review 26 successor re-audit binds this account to the recorded source state, exact row, and numeric column without inheriting the predecessor metric.	0.9802	2508.18715:074ecc71b7a841b8	extracted_primary_pdf_text	papers/2508.18715.pdf	9c93921ed76c4fe1144f564e88bc216631342cf9db58d78f4dbee23f70bca851	58c7428e54133e31eff51bb56487e4f3ac29bd07a10065823239449eca1c023a	wrong_column	11	587	following Table 5: Comparison of Macro-F1 scores using different Frames	PLM DA Utterance bers of token and DA features per utterance, selected based	4ad5060fe67dcff8d2eaac61ee74e9e2591960307ca8216e582e8e10771be69a	11	595	following Table 5: Comparison of Macro-F1 scores using different Frames	roberta-base 0.5635 (0.1125) 0.9802 (0.0000) STII 0.8871 (0.0045) 0.9334 (0.0135)	0.5635	The derived alternate numeric result cell in the same source row is not the declared account metric column.
2508.18715	2508.18715:stii-1	2508.18715:stii-1@99ed06e275981ee6	table_configuration_join	locator=table1;identity_line=242	0.9733	2508.18715:01295370e06121fc	source_owned_state_join	table_row	EMMM STII 1-act/1-token	Frames Explanation	11	592	following Table 5: Comparison of Macro-F1 scores using different Frames	Frames Explanation 1DA + 1token 3DA + 3token	11	599	preceding Table 5: Comparison of Macro-F1 scores using different Frames | following Table 6: Macro-F1 scores for different explanation methods	Standard deviations reported in brackets. The best perfor- STII 0.9933 (0.0044) 0.9963 (0.0012)	F1	numeric cell 1 of 4 in exact result row	1	preceding Table 5: Comparison of Macro-F1 scores using different Frames | following Table 6: Macro-F1 scores for different explanation methods; exact row/configuration for EMMM STII 1-act/1-token; Review 26 successor re-audit binds this account to the recorded source state, exact row, and numeric column without inheriting the predecessor metric.	0.9933	2508.18715:e351100b54c91398	extracted_primary_pdf_text	papers/2508.18715.pdf	9c93921ed76c4fe1144f564e88bc216631342cf9db58d78f4dbee23f70bca851	40687339b57ad2a149c3183cc782be44175ad1d9b203d7a7595e3778161cf0c0	wrong_column	11	597	preceding Table 5: Comparison of Macro-F1 scores using different Frames | following Table 6: Macro-F1 scores for different explanation methods	Table 5: Comparison of Macro-F1 scores using different Frames	b2f2437e97312c028e4a0470b1f5362414cc6a01f6052a7b05d435b3cda97c55	11	599	preceding Table 5: Comparison of Macro-F1 scores using different Frames | following Table 6: Macro-F1 scores for different explanation methods	Standard deviations reported in brackets. The best perfor- STII 0.9933 (0.0044) 0.9963 (0.0012)	0.9963	The derived alternate numeric result cell in the same source row is not the declared account metric column.
2508.18715	2508.18715:stii-3	2508.18715:stii-3@466ced5b2c2a29d0	table_configuration_join	locator=table1;identity_line=242	0.9733	2508.18715:01295370e06121fc	source_owned_state_join	table_row	EMMM STII 3-act/3-token	Frames Explanation	11	592	following Table 5: Comparison of Macro-F1 scores using different Frames	Frames Explanation 1DA + 1token 3DA + 3token	11	599	preceding Table 5: Comparison of Macro-F1 scores using different Frames | following Table 6: Macro-F1 scores for different explanation methods	Standard deviations reported in brackets. The best perfor- STII 0.9933 (0.0044) 0.9963 (0.0012)	F1	numeric cell 3 of 4 in exact result row	3	preceding Table 5: Comparison of Macro-F1 scores using different Frames | following Table 6: Macro-F1 scores for different explanation methods; exact row/configuration for EMMM STII 3-act/3-token; Review 26 successor re-audit binds this account to the recorded source state, exact row, and numeric column without inheriting the predecessor metric.	0.9963	2508.18715:e351100b54c91398	extracted_primary_pdf_text	papers/2508.18715.pdf	9c93921ed76c4fe1144f564e88bc216631342cf9db58d78f4dbee23f70bca851	40687339b57ad2a149c3183cc782be44175ad1d9b203d7a7595e3778161cf0c0	wrong_column	11	597	preceding Table 5: Comparison of Macro-F1 scores using different Frames | following Table 6: Macro-F1 scores for different explanation methods	Table 5: Comparison of Macro-F1 scores using different Frames	b2f2437e97312c028e4a0470b1f5362414cc6a01f6052a7b05d435b3cda97c55	11	599	preceding Table 5: Comparison of Macro-F1 scores using different Frames | following Table 6: Macro-F1 scores for different explanation methods	Standard deviations reported in brackets. The best perfor- STII 0.9933 (0.0044) 0.9963 (0.0012)	0.9933	The derived alternate numeric result cell in the same source row is not the declared account metric column.
2509.00623	2509.00623:candace	2509.00623:candace@8ea58a14689b0e8a	same_window	page=4;identity_line=170;metric_line=170	99.75	2509.00623:8aa49df8b407909c	source_owned_row_join	table_row	M-DAIGT Candace	candace	4	170	following Table 1: Test set performance, RoBERTa base model with Fast tokenizer outperforming all models	Candace (System 3) 99.75% 99.75% 99.60% 99.90% 99.95%† 99.95% 100.00% 99.90%	4	170	following Table 1: Test set performance, RoBERTa base model with Fast tokenizer outperforming all models	Candace (System 3) 99.75% 99.75% 99.60% 99.90% 99.95%† 99.95% 100.00% 99.90%	accuracy	numeric cell 2 of 9 in exact result row	2	following Table 1: Test set performance, RoBERTa base model with Fast tokenizer outperforming all models; exact row/configuration for M-DAIGT Candace; Review 26 successor re-audit binds this account to the recorded source state, exact row, and numeric column without inheriting the predecessor metric.	99.75	2509.00623:8aa49df8b407909c	extracted_primary_pdf_text	papers/2509.00623.pdf	a28569fdc45aaa12ebde20058b0fa1ae43ebc2bd3b22867598b9162618cd4d21	716162132645b25ed23ed3a4b1793be60d2282ce20a50e58e2e21d2aedf2d3f8	wrong_column	4	167	following Table 1: Test set performance, RoBERTa base model with Fast tokenizer outperforming all models	System Acc. F1 Prec. Rec. Acc. F1 Prec. Rec.	5b125f68c4b51b13e1096e793010ccbc115cbfe7f547d6a2566f7e668f5aa93e	4	170	following Table 1: Test set performance, RoBERTa base model with Fast tokenizer outperforming all models	Candace (System 3) 99.75% 99.75% 99.60% 99.90% 99.95%† 99.95% 100.00% 99.90%	3	The derived alternate numeric result cell in the same source row is not the declared account metric column.
2509.00623	2509.00623:roberta-base	2509.00623:roberta-base@47c15bbeb0f8226b	same_window	page=4;identity_line=168;metric_line=168	99.99	2509.00623:7a61bf4d59f2ee24	source_owned_row_join	table_row	M-DAIGT RoBERTa-base	robertabase	4	168	following Table 1: Test set performance, RoBERTa base model with Fast tokenizer outperforming all models	RoBERTa-base (System 1) 99.99% 99.99% 99.80% 100.0% 100.00% 100.00% 100.00% 100.00%	4	168	following Table 1: Test set performance, RoBERTa base model with Fast tokenizer outperforming all models	RoBERTa-base (System 1) 99.99% 99.99% 99.80% 100.0% 100.00% 100.00% 100.00% 100.00%	accuracy	numeric cell 2 of 9 in exact result row	2	following Table 1: Test set performance, RoBERTa base model with Fast tokenizer outperforming all models; exact row/configuration for M-DAIGT RoBERTa-base; Review 26 successor re-audit binds this account to the recorded source state, exact row, and numeric column without inheriting the predecessor metric.	99.99	2509.00623:7a61bf4d59f2ee24	extracted_primary_pdf_text	papers/2509.00623.pdf	a28569fdc45aaa12ebde20058b0fa1ae43ebc2bd3b22867598b9162618cd4d21	6384167d6e9ef72606b7d3013b7f5f7d7a9fe11dd5c9c40909a05fa8897eeff5	wrong_column	4	167	following Table 1: Test set performance, RoBERTa base model with Fast tokenizer outperforming all models	System Acc. F1 Prec. Rec. Acc. F1 Prec. Rec.	5b125f68c4b51b13e1096e793010ccbc115cbfe7f547d6a2566f7e668f5aa93e	4	168	following Table 1: Test set performance, RoBERTa base model with Fast tokenizer outperforming all models	RoBERTa-base (System 1) 99.99% 99.99% 99.80% 100.0% 100.00% 100.00% 100.00% 100.00%	99.80	The derived alternate numeric result cell in the same source row is not the declared account metric column.
2509.00623	2509.00623:tfidf-svm	2509.00623:tfidf-svm@be17b1547ad8d497	same_window	page=4;identity_line=169;metric_line=169	97.90	2509.00623:79339793e3b24eb5	source_owned_row_join	table_row	M-DAIGT TF-IDF+LinearSVC	TF-IDF + SVM (System	4	169	following Table 1: Test set performance, RoBERTa base model with Fast tokenizer outperforming all models	TF-IDF + SVM (System 2) 97.90% 97.91% 97.52% 98.30% 99.85% 99.85% 100.0% 99.70%	4	169	following Table 1: Test set performance, RoBERTa base model with Fast tokenizer outperforming all models	TF-IDF + SVM (System 2) 97.90% 97.91% 97.52% 98.30% 99.85% 99.85% 100.0% 99.70%	accuracy	numeric cell 2 of 9 in exact result row	2	following Table 1: Test set performance, RoBERTa base model with Fast tokenizer outperforming all models; exact row/configuration for M-DAIGT TF-IDF+LinearSVC; Review 26 successor re-audit binds this account to the recorded source state, exact row, and numeric column without inheriting the predecessor metric.	97.90	2509.00623:79339793e3b24eb5	extracted_primary_pdf_text	papers/2509.00623.pdf	a28569fdc45aaa12ebde20058b0fa1ae43ebc2bd3b22867598b9162618cd4d21	ae85369019bd7e475b943a825404c3178df4e5b57223c8c8b792e68e23bac49f	wrong_column	4	167	following Table 1: Test set performance, RoBERTa base model with Fast tokenizer outperforming all models	System Acc. F1 Prec. Rec. Acc. F1 Prec. Rec.	5b125f68c4b51b13e1096e793010ccbc115cbfe7f547d6a2566f7e668f5aa93e	4	169	following Table 1: Test set performance, RoBERTa base model with Fast tokenizer outperforming all models	TF-IDF + SVM (System 2) 97.90% 97.91% 97.52% 98.30% 99.85% 99.85% 100.0% 99.70%	2	The derived alternate numeric result cell in the same source row is not the declared account metric column.
2509.00731	2509.00731:deepseek-r16	2509.00731:deepseek-r16@d09796da43a8258f	same_window	page=6;identity_line=350;metric_line=351	0.9008	2509.00731:03eeb17afaf8c6ee	source_owned_state_join	table_row	DeepSeek-R1-Distill-Qwen-7B LoRA rank 16	R4 R8 R1	6	342	preceding Table 2: Qwen2.5-7B and DeepSeek-R1-7B Classification Reports on test set | following Figure 4: DeepSeek error-length distributions for r = 4, 8, 16.	R4 R8 R16	6	353	preceding Table 2: Qwen2.5-7B and DeepSeek-R1-7B Classification Reports on test set | following Figure 4: DeepSeek error-length distributions for r = 4, 8, 16.	Accuracy 0.9079 0.9079 0.9079 0.8898 0.8898 0.8898 0.9293 0.9293 0.9293	accuracy	numeric cell 7 of 9 in exact result row	7	preceding Table 2: Qwen2.5-7B and DeepSeek-R1-7B Classification Reports on test set | following Figure 4: DeepSeek error-length distributions for r = 4, 8, 16.; exact row/configuration for DeepSeek-R1-Distill-Qwen-7B LoRA rank 16; Review 26 successor re-audit binds this account to the recorded source state, exact row, and numeric column without inheriting the predecessor metric.	0.9293	2509.00731:39906de1afa2c817	extracted_primary_pdf_text	papers/2509.00731.pdf	90b18f87f6d75d03a4106a04ebe238ab54fb3d46c14106f82b49714fab6af40f	0d4095e22c22d103ec4ef55702cea6bfc203ffb059dfde7f1beca40a6d6fad79	wrong_column	6	353	preceding Table 2: Qwen2.5-7B and DeepSeek-R1-7B Classification Reports on test set | following Figure 4: DeepSeek error-length distributions for r = 4, 8, 16.	Accuracy 0.9079 0.9079 0.9079 0.8898 0.8898 0.8898 0.9293 0.9293 0.9293	c431f15f439a0f882cdc44b3c691eea59b5bdb9c73ff0efae12921fdc9b88872	6	353	preceding Table 2: Qwen2.5-7B and DeepSeek-R1-7B Classification Reports on test set | following Figure 4: DeepSeek error-length distributions for r = 4, 8, 16.	Accuracy 0.9079 0.9079 0.9079 0.8898 0.8898 0.8898 0.9293 0.9293 0.9293	0.8898	The derived alternate numeric result cell in the same source row is not the declared account metric column.
2509.00731	2509.00731:deepseek-r4	2509.00731:deepseek-r4@aba89d6ca7a232bb	same_window	page=6;identity_line=350;metric_line=351	0.9008	2509.00731:03eeb17afaf8c6ee	source_owned_state_join	table_row	DeepSeek-R1-Distill-Qwen-7B LoRA rank 4	R4 R8 R1	6	342	preceding Table 2: Qwen2.5-7B and DeepSeek-R1-7B Classification Reports on test set | following Figure 4: DeepSeek error-length distributions for r = 4, 8, 16.	R4 R8 R16	6	353	preceding Table 2: Qwen2.5-7B and DeepSeek-R1-7B Classification Reports on test set | following Figure 4: DeepSeek error-length distributions for r = 4, 8, 16.	Accuracy 0.9079 0.9079 0.9079 0.8898 0.8898 0.8898 0.9293 0.9293 0.9293	accuracy	numeric cell 1 of 9 in exact result row	1	preceding Table 2: Qwen2.5-7B and DeepSeek-R1-7B Classification Reports on test set | following Figure 4: DeepSeek error-length distributions for r = 4, 8, 16.; exact row/configuration for DeepSeek-R1-Distill-Qwen-7B LoRA rank 4; Review 26 successor re-audit binds this account to the recorded source state, exact row, and numeric column without inheriting the predecessor metric.	0.9079	2509.00731:39906de1afa2c817	extracted_primary_pdf_text	papers/2509.00731.pdf	90b18f87f6d75d03a4106a04ebe238ab54fb3d46c14106f82b49714fab6af40f	0d4095e22c22d103ec4ef55702cea6bfc203ffb059dfde7f1beca40a6d6fad79	wrong_column	6	353	preceding Table 2: Qwen2.5-7B and DeepSeek-R1-7B Classification Reports on test set | following Figure 4: DeepSeek error-length distributions for r = 4, 8, 16.	Accuracy 0.9079 0.9079 0.9079 0.8898 0.8898 0.8898 0.9293 0.9293 0.9293	c431f15f439a0f882cdc44b3c691eea59b5bdb9c73ff0efae12921fdc9b88872	6	353	preceding Table 2: Qwen2.5-7B and DeepSeek-R1-7B Classification Reports on test set | following Figure 4: DeepSeek error-length distributions for r = 4, 8, 16.	Accuracy 0.9079 0.9079 0.9079 0.8898 0.8898 0.8898 0.9293 0.9293 0.9293	0.8898	The derived alternate numeric result cell in the same source row is not the declared account metric column.
2509.00731	2509.00731:deepseek-r8	2509.00731:deepseek-r8@498ee65f17906e34	same_window	page=6;identity_line=350;metric_line=351	0.9008	2509.00731:03eeb17afaf8c6ee	source_owned_state_join	table_row	DeepSeek-R1-Distill-Qwen-7B LoRA rank 8	R4 R8 R1	6	342	preceding Table 2: Qwen2.5-7B and DeepSeek-R1-7B Classification Reports on test set | following Figure 4: DeepSeek error-length distributions for r = 4, 8, 16.	R4 R8 R16	6	351	preceding Table 2: Qwen2.5-7B and DeepSeek-R1-7B Classification Reports on test set | following Figure 4: DeepSeek error-length distributions for r = 4, 8, 16.	AI 0.8458 0.9978 0.9155 0.8195 0.9998 0.9008 0.8772 0.9984 0.9339	accuracy	numeric cell 6 of 9 in exact result row	6	preceding Table 2: Qwen2.5-7B and DeepSeek-R1-7B Classification Reports on test set | following Figure 4: DeepSeek error-length distributions for r = 4, 8, 16.; exact row/configuration for DeepSeek-R1-Distill-Qwen-7B LoRA rank 8; Review 26 successor re-audit binds this account to the recorded source state, exact row, and numeric column without inheriting the predecessor metric.	0.9008	2509.00731:03eeb17afaf8c6ee	extracted_primary_pdf_text	papers/2509.00731.pdf	90b18f87f6d75d03a4106a04ebe238ab54fb3d46c14106f82b49714fab6af40f	27a528fe327ffd041d1f506d039b13acdd75c5406030dbbaa2430a2600dcecee	wrong_column	6	347	preceding Table 2: Qwen2.5-7B and DeepSeek-R1-7B Classification Reports on test set | following Figure 4: DeepSeek error-length distributions for r = 4, 8, 16.	Accuracy 0.9431 0.9431 0.9431 0.9376 0.9376 0.9376 0.9594 0.9594 0.9594	49a83e12871073a486defb4f1d2632676762fcb0744654b1c96173db84164420	6	351	preceding Table 2: Qwen2.5-7B and DeepSeek-R1-7B Classification Reports on test set | following Figure 4: DeepSeek error-length distributions for r = 4, 8, 16.	AI 0.8458 0.9978 0.9155 0.8195 0.9998 0.9008 0.8772 0.9984 0.9339	0.9998	The derived alternate numeric result cell in the same source row is not the declared account metric column.
2509.00731	2509.00731:fasttext	2509.00731:fasttext@0526bd7f8aadd0d6	same_window	page=5;identity_line=280;metric_line=280	92.36	2509.00731:02df691728fb51bd	source_owned_row_join	table_row	FastText classifier	fasttext	5	280	preceding Figure 2: Decoder based model architecture comprises standard components, token embedding with positional encoding, masked | following Table 2 explains the class-wise precision, recall, F1-score and	ing the AI class. FastText, surprisingly, holds 92.36% accuracy, instruction fine-tuning might better capture the inherent logic	5	280	preceding Figure 2: Decoder based model architecture comprises standard components, token embedding with positional encoding, masked | following Table 2 explains the class-wise precision, recall, F1-score and	ing the AI class. FastText, surprisingly, holds 92.36% accuracy, instruction fine-tuning might better capture the inherent logic	accuracy	numeric cell 1 of 1 in exact result row	1	preceding Figure 2: Decoder based model architecture comprises standard components, token embedding with positional encoding, masked | following Table 2 explains the class-wise precision, recall, F1-score and; exact row/configuration for FastText classifier; Review 26 successor re-audit binds this account to the recorded source state, exact row, and numeric column without inheriting the predecessor metric.	92.36	2509.00731:02df691728fb51bd	extracted_primary_pdf_text	papers/2509.00731.pdf	90b18f87f6d75d03a4106a04ebe238ab54fb3d46c14106f82b49714fab6af40f	bff2a6b950f34ce66bf06087d7882137ec6db9c41f7e488c362ca3c0984e26fa	wrong_row	5	280	preceding Figure 2: Decoder based model architecture comprises standard components, token embedding with positional encoding, masked | following Table 2 explains the class-wise precision, recall, F1-score and	ing the AI class. FastText, surprisingly, holds 92.36% accuracy, instruction fine-tuning might better capture the inherent logic	bff2a6b950f34ce66bf06087d7882137ec6db9c41f7e488c362ca3c0984e26fa	5	279	preceding Figure 2: Decoder based model architecture comprises standard components, token embedding with positional encoding, masked | following Table 2 explains the class-wise precision, recall, F1-score and	deficit for human texts (0.8036), implying a bias towards predict- detection performance. We hypothesize that models without	0.8036	The nearest distinct numeric source row is not the declared account row or training state.
2509.00731	2509.00731:qwen-r16	2509.00731:qwen-r16@db3b647d8121cea7	same_window	page=5;identity_line=286;metric_line=286	95.94	2509.00731:7668390a045e4931	source_owned_state_join	table_row	Qwen2.5-7B LoRA rank 16	R4 R8 R1	6	342	preceding Table 2: Qwen2.5-7B and DeepSeek-R1-7B Classification Reports on test set | following Figure 4: DeepSeek error-length distributions for r = 4, 8, 16.	R4 R8 R16	6	347	preceding Table 2: Qwen2.5-7B and DeepSeek-R1-7B Classification Reports on test set | following Figure 4: DeepSeek error-length distributions for r = 4, 8, 16.	Accuracy 0.9431 0.9431 0.9431 0.9376 0.9376 0.9376 0.9594 0.9594 0.9594	accuracy	numeric cell 7 of 9 in exact result row	7	preceding Table 2: Qwen2.5-7B and DeepSeek-R1-7B Classification Reports on test set | following Figure 4: DeepSeek error-length distributions for r = 4, 8, 16.; exact row/configuration for Qwen2.5-7B LoRA rank 16; Review 26 successor re-audit binds this account to the recorded source state, exact row, and numeric column without inheriting the predecessor metric.	0.9594	2509.00731:ec7c8b5bda8ed5a7	extracted_primary_pdf_text	papers/2509.00731.pdf	90b18f87f6d75d03a4106a04ebe238ab54fb3d46c14106f82b49714fab6af40f	8c3fbb1625541bfc2f41fab070a8861e554df2c50c444aec754e58cb1aa4bb69	wrong_column	6	347	preceding Table 2: Qwen2.5-7B and DeepSeek-R1-7B Classification Reports on test set | following Figure 4: DeepSeek error-length distributions for r = 4, 8, 16.	Accuracy 0.9431 0.9431 0.9431 0.9376 0.9376 0.9376 0.9594 0.9594 0.9594	49a83e12871073a486defb4f1d2632676762fcb0744654b1c96173db84164420	6	347	preceding Table 2: Qwen2.5-7B and DeepSeek-R1-7B Classification Reports on test set | following Figure 4: DeepSeek error-length distributions for r = 4, 8, 16.	Accuracy 0.9431 0.9431 0.9431 0.9376 0.9376 0.9376 0.9594 0.9594 0.9594	0.9376	The derived alternate numeric result cell in the same source row is not the declared account metric column.
2509.00731	2509.00731:qwen-r4	2509.00731:qwen-r4@bfda28727370eff4	same_window	page=5;identity_line=285;metric_line=286	95.94	2509.00731:7668390a045e4931	source_owned_state_join	table_row	Qwen2.5-7B LoRA rank 4	R4 R8 R1	6	342	preceding Table 2: Qwen2.5-7B and DeepSeek-R1-7B Classification Reports on test set | following Figure 4: DeepSeek error-length distributions for r = 4, 8, 16.	R4 R8 R16	6	347	preceding Table 2: Qwen2.5-7B and DeepSeek-R1-7B Classification Reports on test set | following Figure 4: DeepSeek error-length distributions for r = 4, 8, 16.	Accuracy 0.9431 0.9431 0.9431 0.9376 0.9376 0.9376 0.9594 0.9594 0.9594	accuracy	numeric cell 1 of 9 in exact result row	1	preceding Table 2: Qwen2.5-7B and DeepSeek-R1-7B Classification Reports on test set | following Figure 4: DeepSeek error-length distributions for r = 4, 8, 16.; exact row/configuration for Qwen2.5-7B LoRA rank 4; Review 26 successor re-audit binds this account to the recorded source state, exact row, and numeric column without inheriting the predecessor metric.	0.9431	2509.00731:ec7c8b5bda8ed5a7	extracted_primary_pdf_text	papers/2509.00731.pdf	90b18f87f6d75d03a4106a04ebe238ab54fb3d46c14106f82b49714fab6af40f	8c3fbb1625541bfc2f41fab070a8861e554df2c50c444aec754e58cb1aa4bb69	wrong_column	6	347	preceding Table 2: Qwen2.5-7B and DeepSeek-R1-7B Classification Reports on test set | following Figure 4: DeepSeek error-length distributions for r = 4, 8, 16.	Accuracy 0.9431 0.9431 0.9431 0.9376 0.9376 0.9376 0.9594 0.9594 0.9594	49a83e12871073a486defb4f1d2632676762fcb0744654b1c96173db84164420	6	347	preceding Table 2: Qwen2.5-7B and DeepSeek-R1-7B Classification Reports on test set | following Figure 4: DeepSeek error-length distributions for r = 4, 8, 16.	Accuracy 0.9431 0.9431 0.9431 0.9376 0.9376 0.9376 0.9594 0.9594 0.9594	0.9376	The derived alternate numeric result cell in the same source row is not the declared account metric column.
2509.00731	2509.00731:qwen-r8	2509.00731:qwen-r8@d2d4ade0b4793ad2	same_window	page=5;identity_line=285;metric_line=286	95.94	2509.00731:7668390a045e4931	source_owned_state_join	table_row	Qwen2.5-7B LoRA rank 8	R4 R8 R1	6	342	preceding Table 2: Qwen2.5-7B and DeepSeek-R1-7B Classification Reports on test set | following Figure 4: DeepSeek error-length distributions for r = 4, 8, 16.	R4 R8 R16	6	347	preceding Table 2: Qwen2.5-7B and DeepSeek-R1-7B Classification Reports on test set | following Figure 4: DeepSeek error-length distributions for r = 4, 8, 16.	Accuracy 0.9431 0.9431 0.9431 0.9376 0.9376 0.9376 0.9594 0.9594 0.9594	accuracy	numeric cell 4 of 9 in exact result row	4	preceding Table 2: Qwen2.5-7B and DeepSeek-R1-7B Classification Reports on test set | following Figure 4: DeepSeek error-length distributions for r = 4, 8, 16.; exact row/configuration for Qwen2.5-7B LoRA rank 8; Review 26 successor re-audit binds this account to the recorded source state, exact row, and numeric column without inheriting the predecessor metric.	0.9376	2509.00731:ec7c8b5bda8ed5a7	extracted_primary_pdf_text	papers/2509.00731.pdf	90b18f87f6d75d03a4106a04ebe238ab54fb3d46c14106f82b49714fab6af40f	8c3fbb1625541bfc2f41fab070a8861e554df2c50c444aec754e58cb1aa4bb69	wrong_column	6	347	preceding Table 2: Qwen2.5-7B and DeepSeek-R1-7B Classification Reports on test set | following Figure 4: DeepSeek error-length distributions for r = 4, 8, 16.	Accuracy 0.9431 0.9431 0.9431 0.9376 0.9376 0.9376 0.9594 0.9594 0.9594	49a83e12871073a486defb4f1d2632676762fcb0744654b1c96173db84164420	6	347	preceding Table 2: Qwen2.5-7B and DeepSeek-R1-7B Classification Reports on test set | following Figure 4: DeepSeek error-length distributions for r = 4, 8, 16.	Accuracy 0.9431 0.9431 0.9431 0.9376 0.9376 0.9376 0.9594 0.9594 0.9594	0.9431	The derived alternate numeric result cell in the same source row is not the declared account metric column.
2509.00731	2509.00731:roberta	2509.00731:roberta@1a1b0eb8b2cd7aca	same_window	page=5;identity_line=286;metric_line=286	95.94	2509.00731:7668390a045e4931	source_owned_state_join	table_row	RoBERTa encoder	roberta	6	327	preceding Table 1: Performance evaluation on the NLPCC–2025 Task 1 corpus. Precision (P), Recall (R), and F1 are reported per class; Acc. | following Table 2: Qwen2.5-7B and DeepSeek-R1-7B Classification Reports on test set	RoBERTa Train 0.9872 0.9989 0.9930 0.9996 0.9957 0.9976 0.9965	6	328	preceding Table 1: Performance evaluation on the NLPCC–2025 Task 1 corpus. Precision (P), Recall (R), and F1 are reported per class; Acc. | following Table 2: Qwen2.5-7B and DeepSeek-R1-7B Classification Reports on test set	Dev 0.9425 0.9236 0.9330 0.9512 0.9635 0.9573 0.9479	accuracy	numeric cell 7 of 7 in exact result row	7	preceding Table 1: Performance evaluation on the NLPCC–2025 Task 1 corpus. Precision (P), Recall (R), and F1 are reported per class; Acc. | following Table 2: Qwen2.5-7B and DeepSeek-R1-7B Classification Reports on test set; exact row/configuration for RoBERTa encoder; Review 26 successor re-audit binds this account to the recorded source state, exact row, and numeric column without inheriting the predecessor metric.	0.9479	2509.00731:9c4d3259a5302cb0	extracted_primary_pdf_text	papers/2509.00731.pdf	90b18f87f6d75d03a4106a04ebe238ab54fb3d46c14106f82b49714fab6af40f	0b858dcc82ffd3d5686138d9633c60dd1b529c1180337c71d7d868f96b00e710	wrong_column	6	323	preceding Table 1: Performance evaluation on the NLPCC–2025 Task 1 corpus. Precision (P), Recall (R), and F1 are reported per class; Acc. | following Table 2: Qwen2.5-7B and DeepSeek-R1-7B Classification Reports on test set	denotes overall accuracy.	a2f005db8b6daa4c6cfcc5dc1c2d085b0890477892734c8ffdfed82793533ef3	6	328	preceding Table 1: Performance evaluation on the NLPCC–2025 Task 1 corpus. Precision (P), Recall (R), and F1 are reported per class; Acc. | following Table 2: Qwen2.5-7B and DeepSeek-R1-7B Classification Reports on test set	Dev 0.9425 0.9236 0.9330 0.9512 0.9635 0.9573 0.9479	0.9573	The derived alternate numeric result cell in the same source row is not the declared account metric column.
2509.02499	2509.02499:lr-fastdetectgpt	2509.02499:lr-fastdetectgpt@a2f94eabaf86fc18	same_window	page=6;identity_line=284;metric_line=284	0.9458	2509.02499:4354bf46e0630b75	source_owned_state_join	table_row	MoSEs-lr + FastDetectGPT	Fast-DetectGPT MoSEs-lr	6	288	following Table 1: The detection results of comparison methods and MoSEs on main datasets with three score models.	Fast-DetectGPT	6	289	following Table 1: The detection results of comparison methods and MoSEs on main datasets with three score models.	MoSEs-lr 0.960 0.9592 0.890 0.8889 0.985 0.9849 0.895 0.8955 0.9325 0.9321	threshold metric or explicit strong claim	numeric cell 1 of 10 in exact result row	1	following Table 1: The detection results of comparison methods and MoSEs on main datasets with three score models.; exact row/configuration for MoSEs-lr + FastDetectGPT; Review 26 successor re-audit binds this account to the recorded source state, exact row, and numeric column without inheriting the predecessor metric.	0.960	2509.02499:bdc89664c2870278	extracted_primary_pdf_text	papers/2509.02499.pdf	3823a3139c4da7f3bf101b3c4a4c27499f5ba6b07cf75406f7a814e9f4dd594b	8b6a85e0ad1bcd5c972dd58105662164ebb5106863cb38d446b31b1b37eee7a4	wrong_column	6	280	following Table 1: The detection results of comparison methods and MoSEs on main datasets with three score models.	Accuracy F1 score Accuracy F1 score Accuracy F1 score Accuracy F1 score Accuracy F1 score	4c8e485cf922950a556a8b0d54bc6c84e865cdac38e4228cfb257f8c0fb14937	6	289	following Table 1: The detection results of comparison methods and MoSEs on main datasets with three score models.	MoSEs-lr 0.960 0.9592 0.890 0.8889 0.985 0.9849 0.895 0.8955 0.9325 0.9321	0.9592	The derived alternate numeric result cell in the same source row is not the declared account metric column.
2509.02499	2509.02499:lr-lastde	2509.02499:lr-lastde@5068f40dc84bf45e	same_window	page=6;identity_line=284;metric_line=284	0.9458	2509.02499:4354bf46e0630b75	source_owned_state_join	table_row	MoSEs-lr + Lastde	Lastde MoSEs-lr	6	293	following Table 1: The detection results of comparison methods and MoSEs on main datasets with three score models.	Lastde	6	294	following Table 1: The detection results of comparison methods and MoSEs on main datasets with three score models.	MoSEs-lr 0.980 0.9800 0.890 0.8889 0.990 0.9900 0.880 0.8812 0.9350 0.9350	threshold metric or explicit strong claim	numeric cell 1 of 10 in exact result row	1	following Table 1: The detection results of comparison methods and MoSEs on main datasets with three score models.; exact row/configuration for MoSEs-lr + Lastde; Review 26 successor re-audit binds this account to the recorded source state, exact row, and numeric column without inheriting the predecessor metric.	0.980	2509.02499:21bc8076dd4af2f5	extracted_primary_pdf_text	papers/2509.02499.pdf	3823a3139c4da7f3bf101b3c4a4c27499f5ba6b07cf75406f7a814e9f4dd594b	75f89d20c8e178fdb27d29d083cfd6eece5db374e9f171f60566fd8de3b41d66	wrong_column	6	280	following Table 1: The detection results of comparison methods and MoSEs on main datasets with three score models.	Accuracy F1 score Accuracy F1 score Accuracy F1 score Accuracy F1 score Accuracy F1 score	4c8e485cf922950a556a8b0d54bc6c84e865cdac38e4228cfb257f8c0fb14937	6	294	following Table 1: The detection results of comparison methods and MoSEs on main datasets with three score models.	MoSEs-lr 0.980 0.9800 0.890 0.8889 0.990 0.9900 0.880 0.8812 0.9350 0.9350	0.890	The derived alternate numeric result cell in the same source row is not the declared account metric column.
2509.02499	2509.02499:lr-roberta	2509.02499:lr-roberta@73afd1a37567c42d	same_window	page=6;identity_line=284;metric_line=284	0.9458	2509.02499:4354bf46e0630b75	source_owned_state_join	table_row	MoSEs-lr + RoBERTa	RoBERTa MoSEs-lr	6	283	following Table 1: The detection results of comparison methods and MoSEs on main datasets with three score models.	RoBERTa	6	284	following Table 1: The detection results of comparison methods and MoSEs on main datasets with three score models.	MoSEs-lr 0.930 0.9278 0.780 0.7864 0.945 0.9458 0.810 0.8155 0.8663 0.8689	threshold metric or explicit strong claim	numeric cell 1 of 10 in exact result row	1	following Table 1: The detection results of comparison methods and MoSEs on main datasets with three score models.; exact row/configuration for MoSEs-lr + RoBERTa; Review 26 successor re-audit binds this account to the recorded source state, exact row, and numeric column without inheriting the predecessor metric.	0.930	2509.02499:4354bf46e0630b75	extracted_primary_pdf_text	papers/2509.02499.pdf	3823a3139c4da7f3bf101b3c4a4c27499f5ba6b07cf75406f7a814e9f4dd594b	a0b539627be54a61af3b578dc3ae0b4876d652667df4d4d601d0dd485ceff4bf	wrong_column	6	280	following Table 1: The detection results of comparison methods and MoSEs on main datasets with three score models.	Accuracy F1 score Accuracy F1 score Accuracy F1 score Accuracy F1 score Accuracy F1 score	4c8e485cf922950a556a8b0d54bc6c84e865cdac38e4228cfb257f8c0fb14937	6	284	following Table 1: The detection results of comparison methods and MoSEs on main datasets with three score models.	MoSEs-lr 0.930 0.9278 0.780 0.7864 0.945 0.9458 0.810 0.8155 0.8663 0.8689	0.9278	The derived alternate numeric result cell in the same source row is not the declared account metric column.
2509.02499	2509.02499:xg-fastdetectgpt	2509.02499:xg-fastdetectgpt@1d14e113a6a4dc49	same_window	page=6;identity_line=285;metric_line=285	0.970	2509.02499:ea1503275af7280b	source_owned_state_join	table_row	MoSEs-xg + FastDetectGPT	Fast-DetectGPT MoSEs-xg	6	288	following Table 1: The detection results of comparison methods and MoSEs on main datasets with three score models.	Fast-DetectGPT	6	290	following Table 1: The detection results of comparison methods and MoSEs on main datasets with three score models.	MoSEs-xg 0.970 0.9694 0.910 0.9091 0.985 0.9848 0.900 0.8958 0.9413 0.9398	threshold metric or explicit strong claim	numeric cell 1 of 10 in exact result row	1	following Table 1: The detection results of comparison methods and MoSEs on main datasets with three score models.; exact row/configuration for MoSEs-xg + FastDetectGPT; Review 26 successor re-audit binds this account to the recorded source state, exact row, and numeric column without inheriting the predecessor metric.	0.970	2509.02499:b0ca79733e6ed38c	extracted_primary_pdf_text	papers/2509.02499.pdf	3823a3139c4da7f3bf101b3c4a4c27499f5ba6b07cf75406f7a814e9f4dd594b	389d8b8775794175c1e612d02c76c3a850b95ac260b9eef0baf706bdbd6049ae	wrong_column	6	280	following Table 1: The detection results of comparison methods and MoSEs on main datasets with three score models.	Accuracy F1 score Accuracy F1 score Accuracy F1 score Accuracy F1 score Accuracy F1 score	4c8e485cf922950a556a8b0d54bc6c84e865cdac38e4228cfb257f8c0fb14937	6	290	following Table 1: The detection results of comparison methods and MoSEs on main datasets with three score models.	MoSEs-xg 0.970 0.9694 0.910 0.9091 0.985 0.9848 0.900 0.8958 0.9413 0.9398	0.9694	The derived alternate numeric result cell in the same source row is not the declared account metric column.
2509.02499	2509.02499:xg-lastde	2509.02499:xg-lastde@d849378949ea9183	same_window	page=6;identity_line=285;metric_line=285	0.970	2509.02499:ea1503275af7280b	source_owned_state_join	table_row	MoSEs-xg + Lastde	Lastde MoSEs-xg	6	293	following Table 1: The detection results of comparison methods and MoSEs on main datasets with three score models.	Lastde	6	295	following Table 1: The detection results of comparison methods and MoSEs on main datasets with three score models.	MoSEs-xg 0.985 0.9849 0.900 0.8990 1.000 1.0000 0.905 0.8995 0.9475 0.9459	threshold metric or explicit strong claim	numeric cell 1 of 10 in exact result row	1	following Table 1: The detection results of comparison methods and MoSEs on main datasets with three score models.; exact row/configuration for MoSEs-xg + Lastde; Review 26 successor re-audit binds this account to the recorded source state, exact row, and numeric column without inheriting the predecessor metric.	0.985	2509.02499:be52a876c4ce3a71	extracted_primary_pdf_text	papers/2509.02499.pdf	3823a3139c4da7f3bf101b3c4a4c27499f5ba6b07cf75406f7a814e9f4dd594b	f4c0a60afacc26200a1c0aeb57cfe5b36531df4bbe069c66e99012bce65dee7a	wrong_column	6	280	following Table 1: The detection results of comparison methods and MoSEs on main datasets with three score models.	Accuracy F1 score Accuracy F1 score Accuracy F1 score Accuracy F1 score Accuracy F1 score	4c8e485cf922950a556a8b0d54bc6c84e865cdac38e4228cfb257f8c0fb14937	6	295	following Table 1: The detection results of comparison methods and MoSEs on main datasets with three score models.	MoSEs-xg 0.985 0.9849 0.900 0.8990 1.000 1.0000 0.905 0.8995 0.9475 0.9459	0.9849	The derived alternate numeric result cell in the same source row is not the declared account metric column.
2509.02499	2509.02499:xg-roberta	2509.02499:xg-roberta@4db8fe45731f7166	same_window	page=6;identity_line=285;metric_line=285	0.970	2509.02499:ea1503275af7280b	source_owned_state_join	table_row	MoSEs-xg + RoBERTa	RoBERTa MoSEs-xg	6	283	following Table 1: The detection results of comparison methods and MoSEs on main datasets with three score models.	RoBERTa	6	285	following Table 1: The detection results of comparison methods and MoSEs on main datasets with three score models.	MoSEs-xg 0.885 0.8796 0.800 0.8020 0.970 0.9700 0.885 0.8821 0.8850 0.8834	threshold metric or explicit strong claim	numeric cell 5 of 10 in exact result row	5	following Table 1: The detection results of comparison methods and MoSEs on main datasets with three score models.; exact row/configuration for MoSEs-xg + RoBERTa; Review 26 successor re-audit binds this account to the recorded source state, exact row, and numeric column without inheriting the predecessor metric.	0.970	2509.02499:ea1503275af7280b	extracted_primary_pdf_text	papers/2509.02499.pdf	3823a3139c4da7f3bf101b3c4a4c27499f5ba6b07cf75406f7a814e9f4dd594b	3d1d7a065cf94aff62f9a062e17b05631472e143d7dd8aceba124e006166ff93	wrong_column	6	280	following Table 1: The detection results of comparison methods and MoSEs on main datasets with three score models.	Accuracy F1 score Accuracy F1 score Accuracy F1 score Accuracy F1 score Accuracy F1 score	4c8e485cf922950a556a8b0d54bc6c84e865cdac38e4228cfb257f8c0fb14937	6	285	following Table 1: The detection results of comparison methods and MoSEs on main datasets with three score models.	MoSEs-xg 0.885 0.8796 0.800 0.8020 0.970 0.9700 0.885 0.8821 0.8850 0.8834	0.8020	The derived alternate numeric result cell in the same source row is not the declared account metric column.
2509.14268	2509.14268:gpt-j-6b	2509.14268:gpt-j-6b@e950ad13165636d0	same_window	page=8;identity_line=541;metric_line=542	0.9370	2509.14268:66c96d4ca3513ee5	source_owned_row_join	table_row	DetectAnyLLM GPT-J-6B scoring model	GPT-J-6B [51]	8	541	preceding Table 3: Results of detection on the previous test sets. ♠ indi- Table 5: Ablation study on the impact of scoring model. All | following Table 6: Ablated result of 𝜎. “norm.” means “normalization”.	Methods XSum [35] Writing [13] PubMed [28] GPT-J-6B [51] 0.8367 0.7557 0.5155 0.4722	8	541	preceding Table 3: Results of detection on the previous test sets. ♠ indi- Table 5: Ablation study on the impact of scoring model. All | following Table 6: Ablated result of 𝜎. “norm.” means “normalization”.	Methods XSum [35] Writing [13] PubMed [28] GPT-J-6B [51] 0.8367 0.7557 0.5155 0.4722	AUROC	Table 5 AUROC	6	Table 5 GPT-J-6B scoring-model row; AUROC 0.8367 belongs to this fitted state and not the neighboring RoBERTa-Large row.; Review 26 successor re-audit binds this account to the recorded source state, exact row, and numeric column without inheriting the predecessor metric.	0.8367		extracted_primary_pdf_text	papers/canonical_detectanyllm_2509.14268.pdf	e0aca024865ddf50127483a79e59e914247ba6ae426fcd50e4c7e4af36b763a9	db04bbdd8f85bedfda6b17e1e676fda62491710449e3a94e0f7a3be2a128b0fc	wrong_column	8	538	preceding Table 3: Results of detection on the previous test sets. ♠ indi- Table 5: Ablation study on the impact of scoring model. All | following Table 6: Ablated result of 𝜎. “norm.” means “normalization”.	Method Base Model AUROC Accuracy MCC TPR@5%	daa86933cb723a6b5fb37336804ea8d6b6e2c87084614dc497cf6feeead2c05d	8	541	preceding Table 3: Results of detection on the previous test sets. ♠ indi- Table 5: Ablation study on the impact of scoring model. All | following Table 6: Ablated result of 𝜎. “norm.” means “normalization”.	Methods XSum [35] Writing [13] PubMed [28] GPT-J-6B [51] 0.8367 0.7557 0.5155 0.4722	0.7557	The derived alternate numeric result cell in the same source row is not the declared account metric column.
2509.14268	2509.14268:gpt-neo-2.7b	2509.14268:gpt-neo-2.7b@2c8e5f1c2aba8068	same_window	page=8;identity_line=540;metric_line=542	0.9370	2509.14268:66c96d4ca3513ee5	source_owned_row_join	table_row	DetectAnyLLM GPT-Neo-2.7B scoring model	GPT-Neo-2.7B [8]	8	540	preceding Table 3: Results of detection on the previous test sets. ♠ indi- Table 5: Ablation study on the impact of scoring model. All | following Table 6: Ablated result of 𝜎. “norm.” means “normalization”.	SPO [9] GPT-Neo-2.7B [8] 0.7694 0.6920 0.3936 0.2868	8	540	preceding Table 3: Results of detection on the previous test sets. ♠ indi- Table 5: Ablation study on the impact of scoring model. All | following Table 6: Ablated result of 𝜎. “norm.” means “normalization”.	SPO [9] GPT-Neo-2.7B [8] 0.7694 0.6920 0.3936 0.2868	AUROC	Table 5 AUROC	4	Table 5 GPT-Neo-2.7B scoring-model row; AUROC 0.7694 belongs to this fitted state and not the neighboring Entropy row.; Review 26 successor re-audit binds this account to the recorded source state, exact row, and numeric column without inheriting the predecessor metric.	0.7694		extracted_primary_pdf_text	papers/canonical_detectanyllm_2509.14268.pdf	e0aca024865ddf50127483a79e59e914247ba6ae426fcd50e4c7e4af36b763a9	1182cc1f52a156f46c9f725c1ef3149ae63f60f2fac6391afad57158fedcf72a	wrong_column	8	538	preceding Table 3: Results of detection on the previous test sets. ♠ indi- Table 5: Ablation study on the impact of scoring model. All | following Table 6: Ablated result of 𝜎. “norm.” means “normalization”.	Method Base Model AUROC Accuracy MCC TPR@5%	daa86933cb723a6b5fb37336804ea8d6b6e2c87084614dc497cf6feeead2c05d	8	540	preceding Table 3: Results of detection on the previous test sets. ♠ indi- Table 5: Ablation study on the impact of scoring model. All | following Table 6: Ablated result of 𝜎. “norm.” means “normalization”.	SPO [9] GPT-Neo-2.7B [8] 0.7694 0.6920 0.3936 0.2868	0.6920	The derived alternate numeric result cell in the same source row is not the declared account metric column.
2509.14268	2509.14268:qwen2-0.5b	2509.14268:qwen2-0.5b@8e48882b4296d668	same_window	page=8;identity_line=543;metric_line=545	0.9158	2509.14268:ca96747d7a9ccb44	source_owned_row_join	table_row	DetectAnyLLM Qwen2-0.5B scoring model	Qwen2-0.5B [56]	8	539	preceding Table 3: Results of detection on the previous test sets. ♠ indi- Table 5: Ablation study on the impact of scoring model. All | following Table 6: Ablated result of 𝜎. “norm.” means “normalization”.	ImBD [9] Test Dataset (GPT-4o polished) Qwen2-0.5B [56] 0.8570 0.7816 0.5632 0.4508	8	539	preceding Table 3: Results of detection on the previous test sets. ♠ indi- Table 5: Ablation study on the impact of scoring model. All | following Table 6: Ablated result of 𝜎. “norm.” means “normalization”.	ImBD [9] Test Dataset (GPT-4o polished) Qwen2-0.5B [56] 0.8570 0.7816 0.5632 0.4508	AUROC	Table 5 AUROC	5	Table 5 Qwen2-0.5B scoring-model row; AUROC 0.8570 belongs to this fitted state and not the neighboring Likelihood row.; Review 26 successor re-audit binds this account to the recorded source state, exact row, and numeric column without inheriting the predecessor metric.	0.8570		extracted_primary_pdf_text	papers/canonical_detectanyllm_2509.14268.pdf	e0aca024865ddf50127483a79e59e914247ba6ae426fcd50e4c7e4af36b763a9	069ad016c2ce07b5d5a2654f77700fdd3b14a9acb177f11da14e232ca0325239	wrong_column	8	538	preceding Table 3: Results of detection on the previous test sets. ♠ indi- Table 5: Ablation study on the impact of scoring model. All | following Table 6: Ablated result of 𝜎. “norm.” means “normalization”.	Method Base Model AUROC Accuracy MCC TPR@5%	daa86933cb723a6b5fb37336804ea8d6b6e2c87084614dc497cf6feeead2c05d	8	539	preceding Table 3: Results of detection on the previous test sets. ♠ indi- Table 5: Ablation study on the impact of scoring model. All | following Table 6: Ablated result of 𝜎. “norm.” means “normalization”.	ImBD [9] Test Dataset (GPT-4o polished) Qwen2-0.5B [56] 0.8570 0.7816 0.5632 0.4508	0.7816	The derived alternate numeric result cell in the same source row is not the declared account metric column.
2509.15550	2509.15550:dna-default	2509.15550:dna-default@610a9390d97d73c8	same_window	page=7;identity_line=430;metric_line=430	98.30	2509.15550:e9312287f1dddbb4	source_owned_row_join	table_row	DNA-DetectLLM default repair	DNA-DetectLLM	7	430	preceding Table 1: AUROC (%) of detectors on human-written vs. AI-generated text across datasets and LLMs. | following Table 2: Detection performance (AUROC and F1 score) on public benchmark datasets.	DNA-DetectLLM 99.31 96.65 98.45 98.86 99.72 98.51 95.00 99.88 98.35 98.30	7	430	preceding Table 1: AUROC (%) of detectors on human-written vs. AI-generated text across datasets and LLMs. | following Table 2: Detection performance (AUROC and F1 score) on public benchmark datasets.	DNA-DetectLLM 99.31 96.65 98.45 98.86 99.72 98.51 95.00 99.88 98.35 98.30	AUROC	numeric cell 10 of 10 in exact result row	10	preceding Table 1: AUROC (%) of detectors on human-written vs. AI-generated text across datasets and LLMs. | following Table 2: Detection performance (AUROC and F1 score) on public benchmark datasets.; exact row/configuration for DNA-DetectLLM default repair; Review 26 successor re-audit binds this account to the recorded source state, exact row, and numeric column without inheriting the predecessor metric.	98.30	2509.15550:e9312287f1dddbb4	extracted_primary_pdf_text	papers/2509.15550.pdf	6c94904b760784875db8a105ba36ea76fdc32a73e6cc749aba6fa2043668016c	93e8ab15fa101037cc2fe92161497feab6b9d6b55bf43c1a41fffcb8313b6cf9	wrong_column	7	414	preceding Table 1: AUROC (%) of detectors on human-written vs. AI-generated text across datasets and LLMs. | following Table 2: Detection performance (AUROC and F1 score) on public benchmark datasets.	Table 1: AUROC (%) of detectors on human-written vs. AI-generated text across datasets and LLMs.	6d0d2f2a8b126e41fceee975c147a63a257f0c44d34411127828e75c0ffe40b6	7	430	preceding Table 1: AUROC (%) of detectors on human-written vs. AI-generated text across datasets and LLMs. | following Table 2: Detection performance (AUROC and F1 score) on public benchmark datasets.	DNA-DetectLLM 99.31 96.65 98.45 98.86 99.72 98.51 95.00 99.88 98.35 98.30	98.35	The derived alternate numeric result cell in the same source row is not the declared account metric column.
2509.15550	2509.15550:dna-high-low	2509.15550:dna-high-low@e5c7969b45d60265	same_window	page=7;identity_line=433;metric_line=433	98.16	2509.15550:733b760175eec2ef	source_owned_state_join	table_row	DNA-DetectLLM high-to-low repair	DNA-DetectLLM with Other Repair Orders High-to-low	7	431	preceding Table 1: AUROC (%) of detectors on human-written vs. AI-generated text across datasets and LLMs. | following Table 2: Detection performance (AUROC and F1 score) on public benchmark datasets.	DNA-DetectLLM with Other Repair Orders	7	433	preceding Table 1: AUROC (%) of detectors on human-written vs. AI-generated text across datasets and LLMs. | following Table 2: Detection performance (AUROC and F1 score) on public benchmark datasets.	High-to-low 99.14 97.22 98.40 98.63 99.81 98.37 94.67 99.77 97.44 98.16	AUROC	numeric cell 10 of 10 in exact result row	10	preceding Table 1: AUROC (%) of detectors on human-written vs. AI-generated text across datasets and LLMs. | following Table 2: Detection performance (AUROC and F1 score) on public benchmark datasets.; exact row/configuration for DNA-DetectLLM high-to-low repair; Review 26 successor re-audit binds this account to the recorded source state, exact row, and numeric column without inheriting the predecessor metric.	98.16	2509.15550:733b760175eec2ef	extracted_primary_pdf_text	papers/2509.15550.pdf	6c94904b760784875db8a105ba36ea76fdc32a73e6cc749aba6fa2043668016c	bc190dae8dd31852e07adafba67b0bd1efa58cbf52fb2912b41a7b5c775864e2	wrong_column	7	414	preceding Table 1: AUROC (%) of detectors on human-written vs. AI-generated text across datasets and LLMs. | following Table 2: Detection performance (AUROC and F1 score) on public benchmark datasets.	Table 1: AUROC (%) of detectors on human-written vs. AI-generated text across datasets and LLMs.	6d0d2f2a8b126e41fceee975c147a63a257f0c44d34411127828e75c0ffe40b6	7	433	preceding Table 1: AUROC (%) of detectors on human-written vs. AI-generated text across datasets and LLMs. | following Table 2: Detection performance (AUROC and F1 score) on public benchmark datasets.	High-to-low 99.14 97.22 98.40 98.63 99.81 98.37 94.67 99.77 97.44 98.16	97.44	The derived alternate numeric result cell in the same source row is not the declared account metric column.
2509.15550	2509.15550:dna-low-high	2509.15550:dna-low-high@e0e1a6e02a625ab7	same_window	page=7;identity_line=432;metric_line=432	97.43	2509.15550:378f6e22b2d5567a	source_owned_state_join	table_row	DNA-DetectLLM low-to-high repair	DNA-DetectLLM with Other Repair Orders Low-to-high	7	431	preceding Table 1: AUROC (%) of detectors on human-written vs. AI-generated text across datasets and LLMs. | following Table 2: Detection performance (AUROC and F1 score) on public benchmark datasets.	DNA-DetectLLM with Other Repair Orders	7	432	preceding Table 1: AUROC (%) of detectors on human-written vs. AI-generated text across datasets and LLMs. | following Table 2: Detection performance (AUROC and F1 score) on public benchmark datasets.	Low-to-high 98.94 94.98 97.31 98.29 99.41 97.77 92.48 99.75 97.91 97.43	AUROC	numeric cell 10 of 10 in exact result row	10	preceding Table 1: AUROC (%) of detectors on human-written vs. AI-generated text across datasets and LLMs. | following Table 2: Detection performance (AUROC and F1 score) on public benchmark datasets.; exact row/configuration for DNA-DetectLLM low-to-high repair; Review 26 successor re-audit binds this account to the recorded source state, exact row, and numeric column without inheriting the predecessor metric.	97.43	2509.15550:378f6e22b2d5567a	extracted_primary_pdf_text	papers/2509.15550.pdf	6c94904b760784875db8a105ba36ea76fdc32a73e6cc749aba6fa2043668016c	6f61def2fd99896a27e6f3fe7fb22d726b43d876c2ec179f0ec3188692c18928	wrong_column	7	414	preceding Table 1: AUROC (%) of detectors on human-written vs. AI-generated text across datasets and LLMs. | following Table 2: Detection performance (AUROC and F1 score) on public benchmark datasets.	Table 1: AUROC (%) of detectors on human-written vs. AI-generated text across datasets and LLMs.	6d0d2f2a8b126e41fceee975c147a63a257f0c44d34411127828e75c0ffe40b6	7	432	preceding Table 1: AUROC (%) of detectors on human-written vs. AI-generated text across datasets and LLMs. | following Table 2: Detection performance (AUROC and F1 score) on public benchmark datasets.	Low-to-high 98.94 94.98 97.31 98.29 99.41 97.77 92.48 99.75 97.91 97.43	97.91	The derived alternate numeric result cell in the same source row is not the declared account metric column.
2509.15550	2509.15550:dna-sequential	2509.15550:dna-sequential@0942c57309a36dbb	same_window	page=7;identity_line=434;metric_line=434	98.23	2509.15550:5ce9591ca31caf59	source_owned_state_join	table_row	DNA-DetectLLM sequential repair	DNA-DetectLLM with Other Repair Orders Sequential Repair	7	431	preceding Table 1: AUROC (%) of detectors on human-written vs. AI-generated text across datasets and LLMs. | following Table 2: Detection performance (AUROC and F1 score) on public benchmark datasets.	DNA-DetectLLM with Other Repair Orders	7	434	preceding Table 1: AUROC (%) of detectors on human-written vs. AI-generated text across datasets and LLMs. | following Table 2: Detection performance (AUROC and F1 score) on public benchmark datasets.	Sequential Repair 98.90 97.82 98.37 96.80 99.77 98.55 95.78 99.91 98.21 98.23	AUROC	numeric cell 10 of 10 in exact result row	10	preceding Table 1: AUROC (%) of detectors on human-written vs. AI-generated text across datasets and LLMs. | following Table 2: Detection performance (AUROC and F1 score) on public benchmark datasets.; exact row/configuration for DNA-DetectLLM sequential repair; Review 26 successor re-audit binds this account to the recorded source state, exact row, and numeric column without inheriting the predecessor metric.	98.23	2509.15550:5ce9591ca31caf59	extracted_primary_pdf_text	papers/2509.15550.pdf	6c94904b760784875db8a105ba36ea76fdc32a73e6cc749aba6fa2043668016c	f83f3374bbd8fc56612ee025e5554ad83ef23b4488723227725ae89b88fdf83f	wrong_column	7	414	preceding Table 1: AUROC (%) of detectors on human-written vs. AI-generated text across datasets and LLMs. | following Table 2: Detection performance (AUROC and F1 score) on public benchmark datasets.	Table 1: AUROC (%) of detectors on human-written vs. AI-generated text across datasets and LLMs.	6d0d2f2a8b126e41fceee975c147a63a257f0c44d34411127828e75c0ffe40b6	7	434	preceding Table 1: AUROC (%) of detectors on human-written vs. AI-generated text across datasets and LLMs. | following Table 2: Detection performance (AUROC and F1 score) on public benchmark datasets.	Sequential Repair 98.90 97.82 98.37 96.80 99.77 98.55 95.78 99.91 98.21 98.23	98.21	The derived alternate numeric result cell in the same source row is not the declared account metric column.
2509.18880	2509.18880:falcon7b	2509.18880:falcon7b@df0b7143b8f15058	table_configuration_join	locator=table1;identity_line=767	1.00	2509.18880:1779b0b91f011fea	source_owned_row_join	table_row	DivEye Falcon-7B	Falcon-7B	26	1775	preceding Table 6: Performance of different detectors across backbone models. | following Figure 10 illustrates the relative feature importance of DivEye when integrated into boosted ensembles with	Falcon-7B 0.90 0.73 0.89 0.70 0.80 0.72	26	1775	preceding Table 6: Performance of different detectors across backbone models. | following Figure 10 illustrates the relative feature importance of DivEye when integrated into boosted ensembles with	Falcon-7B 0.90 0.73 0.89 0.70 0.80 0.72	AUROC	Table 6 DivEye AUROC	2	Table 6 Falcon-7B backbone row; the first detector-result column is DivEye AUROC 0.90, with no GPT-2 row inheritance.; Review 26 successor re-audit binds this account to the recorded source state, exact row, and numeric column without inheriting the predecessor metric.	0.90	2509.18880:17d477b94dbbcc7a	extracted_primary_pdf_text	papers/2509.18880.pdf	4a54b2718e558e763d78098afd0f24baca2e2e3e0d6e544931c41aae6469b45b	24d3dcce4605ec376f548ab31ca68b2c1da7baa7cf13071441e2818f45507e7a	wrong_column	26	1772	preceding Table 6: Performance of different detectors across backbone models. | following Figure 10 illustrates the relative feature importance of DivEye when integrated into boosted ensembles with	Backbone Model DivEye Binoculars BiScope LogRank DetectLLM FastDetectGPT	9e488941da993c9fbdd6452b06e7d0b8f463bbc906337ec3790f9128fbf2f835	26	1775	preceding Table 6: Performance of different detectors across backbone models. | following Figure 10 illustrates the relative feature importance of DivEye when integrated into boosted ensembles with	Falcon-7B 0.90 0.73 0.89 0.70 0.80 0.72	0.73	The derived alternate numeric result cell in the same source row is not the declared account metric column.
2509.18880	2509.18880:llama31-8b	2509.18880:llama31-8b@62682956221e16c3	table_configuration_join	locator=table1;identity_line=769	1.00	2509.18880:1779b0b91f011fea	source_owned_row_join	table_row	DivEye Llama-3.1-8B	Llama-3.1-8B	26	1777	preceding Table 6: Performance of different detectors across backbone models. | following Figure 10 illustrates the relative feature importance of DivEye when integrated into boosted ensembles with	Llama-3.1-8B 0.91 0.77 0.90 0.72 0.81 0.73	26	1777	preceding Table 6: Performance of different detectors across backbone models. | following Figure 10 illustrates the relative feature importance of DivEye when integrated into boosted ensembles with	Llama-3.1-8B 0.91 0.77 0.90 0.72 0.81 0.73	AUROC	Table 6 DivEye AUROC	3	Table 6 Llama-3.1-8B backbone row; the first detector-result column is DivEye AUROC 0.91, with no GPT-2 row inheritance.; Review 26 successor re-audit binds this account to the recorded source state, exact row, and numeric column without inheriting the predecessor metric.	0.91	2509.18880:bfbdcfdef3ff2614	extracted_primary_pdf_text	papers/2509.18880.pdf	4a54b2718e558e763d78098afd0f24baca2e2e3e0d6e544931c41aae6469b45b	5a10e27d37f161e689c523b4e721bd4380cd2b7b1c7fd4142ebd82e385f0a16a	wrong_column	26	1772	preceding Table 6: Performance of different detectors across backbone models. | following Figure 10 illustrates the relative feature importance of DivEye when integrated into boosted ensembles with	Backbone Model DivEye Binoculars BiScope LogRank DetectLLM FastDetectGPT	9e488941da993c9fbdd6452b06e7d0b8f463bbc906337ec3790f9128fbf2f835	26	1777	preceding Table 6: Performance of different detectors across backbone models. | following Figure 10 illustrates the relative feature importance of DivEye when integrated into boosted ensembles with	Llama-3.1-8B 0.91 0.77 0.90 0.72 0.81 0.73	0.77	The derived alternate numeric result cell in the same source row is not the declared account metric column.
2509.18880	2509.18880:mistral7b	2509.18880:mistral7b@e2334f4933fe5df9	table_configuration_join	locator=table1;identity_line=819	1.00	2509.18880:1779b0b91f011fea	source_owned_row_join	table_row	DivEye Mistral-7B-v0.3	Mistral-7B-v0.3	26	1778	preceding Table 6: Performance of different detectors across backbone models. | following Figure 10 illustrates the relative feature importance of DivEye when integrated into boosted ensembles with	Mistral-7B-v0.3 0.90 0.76 0.90 0.71 0.80 0.72	26	1778	preceding Table 6: Performance of different detectors across backbone models. | following Figure 10 illustrates the relative feature importance of DivEye when integrated into boosted ensembles with	Mistral-7B-v0.3 0.90 0.76 0.90 0.71 0.80 0.72	AUROC	Table 6 DivEye AUROC	3	Table 6 Mistral-7B-v0.3 backbone row; the first detector-result column is DivEye AUROC 0.90, with no GPT-2 row inheritance.; Review 26 successor re-audit binds this account to the recorded source state, exact row, and numeric column without inheriting the predecessor metric.	0.90	2509.18880:71f382442188a129	extracted_primary_pdf_text	papers/2509.18880.pdf	4a54b2718e558e763d78098afd0f24baca2e2e3e0d6e544931c41aae6469b45b	b8c4b809a1cc70f5b84ac4595948d7b4d3cde9572457703892cd305af0c27091	wrong_column	26	1772	preceding Table 6: Performance of different detectors across backbone models. | following Figure 10 illustrates the relative feature importance of DivEye when integrated into boosted ensembles with	Backbone Model DivEye Binoculars BiScope LogRank DetectLLM FastDetectGPT	9e488941da993c9fbdd6452b06e7d0b8f463bbc906337ec3790f9128fbf2f835	26	1778	preceding Table 6: Performance of different detectors across backbone models. | following Figure 10 illustrates the relative feature importance of DivEye when integrated into boosted ensembles with	Mistral-7B-v0.3 0.90 0.76 0.90 0.71 0.80 0.72	0.76	The derived alternate numeric result cell in the same source row is not the declared account metric column.
2509.22147	2509.22147:tfidf-lda	2509.22147:tfidf-lda@7d6c0544ea3ebe73	table_configuration_join	locator=table3;identity_line=512	96.65	2509.22147:e0f38244ef850806	source_owned_state_join	table_row	TF-IDF LDA	tfidflda	12	513	preceding Table 3: Performance of various models across feature representa-	TF-IDF	12	520	preceding Table 3: Performance of various models across feature representa-	LDA 98.33 98.03 97.73 98.04 98.03	accuracy	numeric cell 2 of 5 in exact result row	2	preceding Table 3: Performance of various models across feature representa-; exact row/configuration for TF-IDF LDA; Review 26 successor re-audit binds this account to the recorded source state, exact row, and numeric column without inheriting the predecessor metric.	98.03	2509.22147:2fbebc3663602e07	extracted_primary_pdf_text	papers/2509.22147.pdf	965b4afcab0c58e93cb213cbbfb7a127f9189ad11c3c7ef4a0b2735983c876a6	06970c5102af9c9c51a053b01634fe778ec8b9625c1d4ee638180b1e954f5229	wrong_column	12	491	preceding Table 3: Performance of various models across feature representa-	Recall F1 Recall F1	7629a64e7ccad608448af8e89c247f30fb3edcde52fa4a6d6d8315d6ac922fe3	12	520	preceding Table 3: Performance of various models across feature representa-	LDA 98.33 98.03 97.73 98.04 98.03	98.33	The derived alternate numeric result cell in the same source row is not the declared account metric column.
2509.22147	2509.22147:tfidf-lr	2509.22147:tfidf-lr@5e5b143a8597e405	table_configuration_join	locator=table3;identity_line=512	96.65	2509.22147:e0f38244ef850806	source_owned_state_join	table_row	TF-IDF LR	tfidflr	12	513	preceding Table 3: Performance of various models across feature representa-	TF-IDF	12	512	preceding Table 3: Performance of various models across feature representa-	LR 98.21 97.94 97.68 97.95 97.95	accuracy	numeric cell 4 of 5 in exact result row	4	preceding Table 3: Performance of various models across feature representa-; exact row/configuration for TF-IDF LR; Review 26 successor re-audit binds this account to the recorded source state, exact row, and numeric column without inheriting the predecessor metric.	97.95	2509.22147:e0f38244ef850806	extracted_primary_pdf_text	papers/2509.22147.pdf	965b4afcab0c58e93cb213cbbfb7a127f9189ad11c3c7ef4a0b2735983c876a6	6bac0218e97fd48bd8d41201f72b45fae922734dd46c4ec16caa54234c706757	wrong_column	12	491	preceding Table 3: Performance of various models across feature representa-	Recall F1 Recall F1	7629a64e7ccad608448af8e89c247f30fb3edcde52fa4a6d6d8315d6ac922fe3	12	512	preceding Table 3: Performance of various models across feature representa-	LR 98.21 97.94 97.68 97.95 97.95	97.68	The derived alternate numeric result cell in the same source row is not the declared account metric column.
2509.22147	2509.22147:tfidf-rf	2509.22147:tfidf-rf@ac8d4161b5f4ee43	table_configuration_join	locator=table3;identity_line=512	96.65	2509.22147:e0f38244ef850806	source_owned_state_join	table_row	TF-IDF RF	tfidfrf	12	513	preceding Table 3: Performance of various models across feature representa-	TF-IDF	12	518	preceding Table 3: Performance of various models across feature representa-	RF 98.21 97.90 97.61 97.91 97.91	accuracy	numeric cell 4 of 5 in exact result row	4	preceding Table 3: Performance of various models across feature representa-; exact row/configuration for TF-IDF RF; Review 26 successor re-audit binds this account to the recorded source state, exact row, and numeric column without inheriting the predecessor metric.	97.91	2509.22147:f28836596f42babe	extracted_primary_pdf_text	papers/2509.22147.pdf	965b4afcab0c58e93cb213cbbfb7a127f9189ad11c3c7ef4a0b2735983c876a6	d226bdad032edacbce91ce14745f0b1648db714407f4622e5773564757babe45	wrong_column	12	491	preceding Table 3: Performance of various models across feature representa-	Recall F1 Recall F1	7629a64e7ccad608448af8e89c247f30fb3edcde52fa4a6d6d8315d6ac922fe3	12	518	preceding Table 3: Performance of various models across feature representa-	RF 98.21 97.90 97.61 97.91 97.91	97.61	The derived alternate numeric result cell in the same source row is not the declared account metric column.
2509.22147	2509.22147:tfidf-svm	2509.22147:tfidf-svm@c682abff752c0563	table_configuration_join	locator=table3;identity_line=512	96.65	2509.22147:e0f38244ef850806	source_owned_state_join	table_row	TF-IDF SVM	tfidfsvm	12	513	preceding Table 3: Performance of various models across feature representa-	TF-IDF	12	521	preceding Table 3: Performance of various models across feature representa-	SVM 98.33 98.17 98.03 98.19 98.18	accuracy	numeric cell 5 of 5 in exact result row	5	preceding Table 3: Performance of various models across feature representa-; exact row/configuration for TF-IDF SVM; Review 26 successor re-audit binds this account to the recorded source state, exact row, and numeric column without inheriting the predecessor metric.	98.18	2509.22147:f6afb3a9daad7825	extracted_primary_pdf_text	papers/2509.22147.pdf	965b4afcab0c58e93cb213cbbfb7a127f9189ad11c3c7ef4a0b2735983c876a6	9672247c2ae13a3ad54dc2e70e008609f0c08e03271e66e3becc9df23c6a1ab3	wrong_column	12	491	preceding Table 3: Performance of various models across feature representa-	Recall F1 Recall F1	7629a64e7ccad608448af8e89c247f30fb3edcde52fa4a6d6d8315d6ac922fe3	12	521	preceding Table 3: Performance of various models across feature representa-	SVM 98.33 98.17 98.03 98.19 98.18	98.19	The derived alternate numeric result cell in the same source row is not the declared account metric column.
2509.22147	2509.22147:tfidf-xgb	2509.22147:tfidf-xgb@a6d9c720c698ab3d	table_configuration_join	locator=table3;identity_line=512	96.65	2509.22147:e0f38244ef850806	source_owned_state_join	table_row	TF-IDF XGB	tfidfxgb	12	513	preceding Table 3: Performance of various models across feature representa-	TF-IDF	12	519	preceding Table 3: Performance of various models across feature representa-	XGB 98.64 98.33 98.03 98.34 98.33	accuracy	numeric cell 2 of 5 in exact result row	2	preceding Table 3: Performance of various models across feature representa-; exact row/configuration for TF-IDF XGB; Review 26 successor re-audit binds this account to the recorded source state, exact row, and numeric column without inheriting the predecessor metric.	98.33	2509.22147:f0df5ff958ba8794	extracted_primary_pdf_text	papers/2509.22147.pdf	965b4afcab0c58e93cb213cbbfb7a127f9189ad11c3c7ef4a0b2735983c876a6	b73d46e36c229a8f67201c09e52c6f29db5fdb361e0bd440ab78577ecd398a2d	wrong_column	12	491	preceding Table 3: Performance of various models across feature representa-	Recall F1 Recall F1	7629a64e7ccad608448af8e89c247f30fb3edcde52fa4a6d6d8315d6ac922fe3	12	519	preceding Table 3: Performance of various models across feature representa-	XGB 98.64 98.33 98.03 98.34 98.33	98.64	The derived alternate numeric result cell in the same source row is not the declared account metric column.
2509.22147	2509.22147:word2vec-lda	2509.22147:word2vec-lda@b2ef64125686d168	table_configuration_join	locator=table3;identity_line=638	94.16	2509.22147:b305de364e02b19f	source_owned_state_join	table_row	Word2Vec LDA	word2veclda	12	503	preceding Table 3: Performance of various models across feature representa-	Word2Vec	12	510	preceding Table 3: Performance of various models across feature representa-	LDA 96.65 96.08 95.52 96.08 96.08	accuracy	numeric cell 2 of 5 in exact result row	2	preceding Table 3: Performance of various models across feature representa-; exact row/configuration for Word2Vec LDA; Review 26 successor re-audit binds this account to the recorded source state, exact row, and numeric column without inheriting the predecessor metric.	96.08	2509.22147:365f31ccb194bce4	extracted_primary_pdf_text	papers/2509.22147.pdf	965b4afcab0c58e93cb213cbbfb7a127f9189ad11c3c7ef4a0b2735983c876a6	1489b1f9c638503c053f284e2bc8802995cb724575865f550d64af8dcb681150	wrong_column	12	491	preceding Table 3: Performance of various models across feature representa-	Recall F1 Recall F1	7629a64e7ccad608448af8e89c247f30fb3edcde52fa4a6d6d8315d6ac922fe3	12	510	preceding Table 3: Performance of various models across feature representa-	LDA 96.65 96.08 95.52 96.08 96.08	96.65	The derived alternate numeric result cell in the same source row is not the declared account metric column.
2509.22147	2509.22147:word2vec-lr	2509.22147:word2vec-lr@7bfcd29942c4e648	table_configuration_join	locator=table3;identity_line=502	96.15	2509.22147:3c2f33d9c723538a	source_owned_state_join	table_row	Word2Vec LR	word2veclr	12	503	preceding Table 3: Performance of various models across feature representa-	Word2Vec	12	502	preceding Table 3: Performance of various models across feature representa-	LR 96.15 96.56 97.04 96.63 96.60	accuracy	numeric cell 5 of 5 in exact result row	5	preceding Table 3: Performance of various models across feature representa-; exact row/configuration for Word2Vec LR; Review 26 successor re-audit binds this account to the recorded source state, exact row, and numeric column without inheriting the predecessor metric.	96.60	2509.22147:3c2f33d9c723538a	extracted_primary_pdf_text	papers/2509.22147.pdf	965b4afcab0c58e93cb213cbbfb7a127f9189ad11c3c7ef4a0b2735983c876a6	e69c26c55e568d41d7bb85c40980715b460ae72095890391b103e9a5dd38f31b	wrong_column	12	491	preceding Table 3: Performance of various models across feature representa-	Recall F1 Recall F1	7629a64e7ccad608448af8e89c247f30fb3edcde52fa4a6d6d8315d6ac922fe3	12	502	preceding Table 3: Performance of various models across feature representa-	LR 96.15 96.56 97.04 96.63 96.60	96.63	The derived alternate numeric result cell in the same source row is not the declared account metric column.
2509.22147	2509.22147:word2vec-rf	2509.22147:word2vec-rf@f50c1980705c3e77	table_configuration_join	locator=table3;identity_line=636	94.16	2509.22147:b305de364e02b19f	source_owned_state_join	table_row	Word2Vec RF	word2vecrf	12	503	preceding Table 3: Performance of various models across feature representa-	Word2Vec	12	508	preceding Table 3: Performance of various models across feature representa-	RF 96.45 96.10 95.57 96.12 96.11	accuracy	numeric cell 5 of 5 in exact result row	5	preceding Table 3: Performance of various models across feature representa-; exact row/configuration for Word2Vec RF; Review 26 successor re-audit binds this account to the recorded source state, exact row, and numeric column without inheriting the predecessor metric.	96.11	2509.22147:e8c396946a035eb5	extracted_primary_pdf_text	papers/2509.22147.pdf	965b4afcab0c58e93cb213cbbfb7a127f9189ad11c3c7ef4a0b2735983c876a6	5247a963bdd91dd25cbf2d81a4732376b6ec5bf53f9388e5db42256344ba326b	wrong_column	12	491	preceding Table 3: Performance of various models across feature representa-	Recall F1 Recall F1	7629a64e7ccad608448af8e89c247f30fb3edcde52fa4a6d6d8315d6ac922fe3	12	508	preceding Table 3: Performance of various models across feature representa-	RF 96.45 96.10 95.57 96.12 96.11	96.12	The derived alternate numeric result cell in the same source row is not the declared account metric column.
2509.22147	2509.22147:word2vec-svm	2509.22147:word2vec-svm@c53843c0acc473d5	table_configuration_join	locator=table3;identity_line=502	96.15	2509.22147:3c2f33d9c723538a	source_owned_state_join	table_row	Word2Vec SVM	word2vecsvm	12	503	preceding Table 3: Performance of various models across feature representa-	Word2Vec	12	511	preceding Table 3: Performance of various models across feature representa-	SVM 96.02 96.52 97.09 96.60 96.56	accuracy	numeric cell 5 of 5 in exact result row	5	preceding Table 3: Performance of various models across feature representa-; exact row/configuration for Word2Vec SVM; Review 26 successor re-audit binds this account to the recorded source state, exact row, and numeric column without inheriting the predecessor metric.	96.56	2509.22147:e8039980b04afa66	extracted_primary_pdf_text	papers/2509.22147.pdf	965b4afcab0c58e93cb213cbbfb7a127f9189ad11c3c7ef4a0b2735983c876a6	7f93441f3929590249d89ce65627a885ed9f099e8375a380b15ea843e7c2be32	wrong_column	12	491	preceding Table 3: Performance of various models across feature representa-	Recall F1 Recall F1	7629a64e7ccad608448af8e89c247f30fb3edcde52fa4a6d6d8315d6ac922fe3	12	511	preceding Table 3: Performance of various models across feature representa-	SVM 96.02 96.52 97.09 96.60 96.56	96.60	The derived alternate numeric result cell in the same source row is not the declared account metric column.
2509.22147	2509.22147:word2vec-xgb	2509.22147:word2vec-xgb@bf193b14911632fa	table_configuration_join	locator=table3;identity_line=637	94.16	2509.22147:b305de364e02b19f	source_owned_state_join	table_row	Word2Vec XGB	word2vecxgb	12	503	preceding Table 3: Performance of various models across feature representa-	Word2Vec	12	509	preceding Table 3: Performance of various models across feature representa-	XGB 97.66 97.64 97.66 97.67 97.66	accuracy	numeric cell 1 of 5 in exact result row	1	preceding Table 3: Performance of various models across feature representa-; exact row/configuration for Word2Vec XGB; Review 26 successor re-audit binds this account to the recorded source state, exact row, and numeric column without inheriting the predecessor metric.	97.66	2509.22147:df73abd2317ab67c	extracted_primary_pdf_text	papers/2509.22147.pdf	965b4afcab0c58e93cb213cbbfb7a127f9189ad11c3c7ef4a0b2735983c876a6	568adb0901ce5f2736e5e0ff4d3c6382646456cd6a7ac94b85aa118fa7e68e2f	wrong_column	12	491	preceding Table 3: Performance of various models across feature representa-	Recall F1 Recall F1	7629a64e7ccad608448af8e89c247f30fb3edcde52fa4a6d6d8315d6ac922fe3	12	509	preceding Table 3: Performance of various models across feature representa-	XGB 97.66 97.64 97.66 97.67 97.66	97.64	The derived alternate numeric result cell in the same source row is not the declared account metric column.
2509.25154	2509.25154:jdetector-lgbm	2509.25154:jdetector-lgbm@362181604cde052d	same_window	page=7;identity_line=404;metric_line=404	100.0	2509.25154:31db3c6e8f88fe3c	source_owned_row_join	table_row	J-Detector LGBM	LGBM	7	404	preceding Table 1 | Main experimental results on JD-Bench. We report F1 and AUROC scores, with the best	LGBM 99.6 100.0 68.1 73.3 98.7 99.9 85.4 93.3 88.0 91.6	7	404	preceding Table 1 | Main experimental results on JD-Bench. We report F1 and AUROC scores, with the best	LGBM 99.6 100.0 68.1 73.3 98.7 99.9 85.4 93.3 88.0 91.6	F1	numeric cell 1 of 10 in exact result row	1	preceding Table 1 | Main experimental results on JD-Bench. We report F1 and AUROC scores, with the best; exact row/configuration for J-Detector LGBM; Review 26 successor re-audit binds this account to the recorded source state, exact row, and numeric column without inheriting the predecessor metric.	99.6	2509.25154:31db3c6e8f88fe3c	extracted_primary_pdf_text	papers/2509.25154.pdf	572789095d37babbde8dd3750fe8314afec89749708718164a0916304d8346f4	0d7aa854b4d71291d2387876a697d73b7b476667314f35f237fb6f812208f292	wrong_column	7	392	preceding Table 1 | Main experimental results on JD-Bench. We report F1 and AUROC scores, with the best	F1 AUROC F1 AUROC F1 AUROC F1 AUROC F1 AUROC	4068fd05c03a8f5172fc8ee54ded4d7941239680bfe2eb7666e4caa0c49a0f44	7	404	preceding Table 1 | Main experimental results on JD-Bench. We report F1 and AUROC scores, with the best	LGBM 99.6 100.0 68.1 73.3 98.7 99.9 85.4 93.3 88.0 91.6	100.0	The derived alternate numeric result cell in the same source row is not the declared account metric column.
2509.25154	2509.25154:jdetector-no-linguistic	2509.25154:jdetector-no-linguistic@476923043a737e78	table_configuration_join	locator=table1;identity_line=431	99.6	2509.25154:636b8861e45ccbda	source_owned_figure_join	prose_or_figure_claim	J-Detector without linguistic features	w/o Linguistic Feature	8	432	following Figure 5 | LLM-as-a-judge bias quantification on Helpsteer2 and NeurIPS.	shows that both LLM-enhanced Ours w/o Linguistic Feature	8	449	following Figure 5 | LLM-as-a-judge bias quantification on Helpsteer2 and NeurIPS.	features lowers F1 by 5.3%,	F1 decrease	Figure 4 group-size-16 prose annotation	1	Figure 4 legend names w/o Linguistic Feature and the adjacent prose reports its exact 5.3-point F1 decrease at group size 16; the decrease is not an absolute F1 score.; Review 26 successor re-audit binds this account to the recorded source state, exact row, and numeric column without inheriting the predecessor metric.	5.3		extracted_primary_pdf_text	papers/2509.25154.pdf	572789095d37babbde8dd3750fe8314afec89749708718164a0916304d8346f4	0cab22a1a4b4aa9932a3e104f88813ea5b80065457df2f262a1205869c0cd884	wrong_training_state	8	439	following Figure 5 | LLM-as-a-judge bias quantification on Helpsteer2 and NeurIPS.	F1 (%)	016d8e0fa698c6b17a6b50c5f502febb8bc2e04bb3a9580cd1179ee6f53a4072	8	433	following Figure 5 | LLM-as-a-judge bias quantification on Helpsteer2 and NeurIPS.	95 w/o LLM-enhanced Feature w/o both -2.7%	-2.7	The 2.7-point decrease belongs to the separate state without LLM-enhanced features, not this feature ablation.
2509.25154	2509.25154:jdetector-no-llm	2509.25154:jdetector-no-llm@22b60f5486d7b063	same_window	page=7;identity_line=402;metric_line=404	100.0	2509.25154:31db3c6e8f88fe3c	source_owned_figure_join	prose_or_figure_claim	J-Detector without LLM-enhanced features	w/o LLM-enhanced Feature	8	433	following Figure 5 | LLM-as-a-judge bias quantification on Helpsteer2 and NeurIPS.	95 w/o LLM-enhanced Feature w/o both -2.7%	8	433	following Figure 5 | LLM-as-a-judge bias quantification on Helpsteer2 and NeurIPS.	95 w/o LLM-enhanced Feature w/o both -2.7%	F1 decrease	Figure 4 group-size-16 annotation	2	Figure 4 explicitly annotates the w/o LLM-enhanced Feature bar at group size 16 with a 2.7-point F1 decrease; 95 is an axis tick, not its result.; Review 26 successor re-audit binds this account to the recorded source state, exact row, and numeric column without inheriting the predecessor metric.	-2.7		extracted_primary_pdf_text	papers/2509.25154.pdf	572789095d37babbde8dd3750fe8314afec89749708718164a0916304d8346f4	1b5e86c558605a510a185876138c655252849a5fd814e55d7de40b55fc660224	wrong_training_state	8	439	following Figure 5 | LLM-as-a-judge bias quantification on Helpsteer2 and NeurIPS.	F1 (%)	016d8e0fa698c6b17a6b50c5f502febb8bc2e04bb3a9580cd1179ee6f53a4072	8	449	following Figure 5 | LLM-as-a-judge bias quantification on Helpsteer2 and NeurIPS.	features lowers F1 by 5.3%,	5.3	The 5.3-point decrease belongs to the separate state without linguistic features, not this feature ablation.
2509.25154	2509.25154:jdetector-rf	2509.25154:jdetector-rf@e6f515231c2427d3	table_configuration_join	locator=table1;identity_line=413	99.6	2509.25154:636b8861e45ccbda	source_owned_row_join	table_row	J-Detector Random Forest	RandomForest	7	405	preceding Table 1 | Main experimental results on JD-Bench. We report F1 and AUROC scores, with the best	RandomForest 99.5 100.0 74.0 77.0 97.0 99.7 82.6 90.6 88.3 91.8	7	405	preceding Table 1 | Main experimental results on JD-Bench. We report F1 and AUROC scores, with the best	RandomForest 99.5 100.0 74.0 77.0 97.0 99.7 82.6 90.6 88.3 91.8	F1	numeric cell 1 of 10 in exact result row	1	preceding Table 1 | Main experimental results on JD-Bench. We report F1 and AUROC scores, with the best; exact row/configuration for J-Detector Random Forest; Review 26 successor re-audit binds this account to the recorded source state, exact row, and numeric column without inheriting the predecessor metric.	99.5	2509.25154:4d98dc49b587668f	extracted_primary_pdf_text	papers/2509.25154.pdf	572789095d37babbde8dd3750fe8314afec89749708718164a0916304d8346f4	329067986e9ad49d5c63b2ccb93e037860df54618d4e2f6067440ea7a4ddb91b	wrong_column	7	392	preceding Table 1 | Main experimental results on JD-Bench. We report F1 and AUROC scores, with the best	F1 AUROC F1 AUROC F1 AUROC F1 AUROC F1 AUROC	4068fd05c03a8f5172fc8ee54ded4d7941239680bfe2eb7666e4caa0c49a0f44	7	405	preceding Table 1 | Main experimental results on JD-Bench. We report F1 and AUROC scores, with the best	RandomForest 99.5 100.0 74.0 77.0 97.0 99.7 82.6 90.6 88.3 91.8	100.0	The derived alternate numeric result cell in the same source row is not the declared account metric column.
2510.00890	2510.00890:no-calibration	2510.00890:no-calibration@4958eb421e08cde5	same_window	page=6;identity_line=441;metric_line=441	92.63	2510.00890:f42a81b3b75e3636	source_owned_row_join	table_row	Sci-SpanDet without calibration	Fast-DetectGPT	6	439	preceding Table 1: Overall detection performance on the academic text dataset Table 2: Module-level ablation results on the academic text dataset | following Table 1 reports the experimental results of different detection from Sci-SpanDet. The results are summarized in Table 2.	Fast-DetectGPT 71.85 87.12 — 0.10 0.25 w/o Calibration 80.16 92.62 74.03 0.12 0.27	6	439	preceding Table 1: Overall detection performance on the academic text dataset Table 2: Module-level ablation results on the academic text dataset | following Table 1 reports the experimental results of different detection from Sci-SpanDet. The results are summarized in Table 2.	Fast-DetectGPT 71.85 87.12 — 0.10 0.25 w/o Calibration 80.16 92.62 74.03 0.12 0.27	AUROC	numeric cell 6 of 9 in exact result row	6	preceding Table 1: Overall detection performance on the academic text dataset Table 2: Module-level ablation results on the academic text dataset | following Table 1 reports the experimental results of different detection from Sci-SpanDet. The results are summarized in Table 2.; exact row/configuration for Sci-SpanDet without calibration; Review 26 successor re-audit binds this account to the recorded source state, exact row, and numeric column without inheriting the predecessor metric.	92.62	2510.00890:9d7db5a5cecc61f0	extracted_primary_pdf_text	papers/2510.00890.pdf	407af5ef9dc67a0dd52bbc7d533b0c87d72c47dfcbde10841c7983f6cf6dc951	c3b14ab5d06be20ac1ea5bd76ef4737c275f30c07878e7fc4baee6dceedca0ce	wrong_column	6	434	preceding Table 1: Overall detection performance on the academic text dataset Table 2: Module-level ablation results on the academic text dataset | following Table 1 reports the experimental results of different detection from Sci-SpanDet. The results are summarized in Table 2.	Method F1 (AI) AUROC Span-F1 ECE Brier Model Variant F1 (AI) AUROC Span-F1 ECE Brier	f902496dcea5ac5de2a582dafa91d51595edef235f67d25be926267d2b6845d5	6	439	preceding Table 1: Overall detection performance on the academic text dataset Table 2: Module-level ablation results on the academic text dataset | following Table 1 reports the experimental results of different detection from Sci-SpanDet. The results are summarized in Table 2.	Fast-DetectGPT 71.85 87.12 — 0.10 0.25 w/o Calibration 80.16 92.62 74.03 0.12 0.27	80.16	The derived alternate numeric result cell in the same source row is not the declared account metric column.
2510.00890	2510.00890:no-graphenc	2510.00890:no-graphenc@067811fe3a66554c	same_window	page=6;identity_line=441;metric_line=441	92.63	2510.00890:f42a81b3b75e3636	source_owned_row_join	table_row	Sci-SpanDet without graph encoder	GLTR	6	436	preceding Table 1: Overall detection performance on the academic text dataset Table 2: Module-level ablation results on the academic text dataset | following Table 1 reports the experimental results of different detection from Sci-SpanDet. The results are summarized in Table 2.	GLTR 61.03 76.85 — 0.16 0.29 w/o GraphEnc 79.01 91.37 71.19 0.08 0.24	6	436	preceding Table 1: Overall detection performance on the academic text dataset Table 2: Module-level ablation results on the academic text dataset | following Table 1 reports the experimental results of different detection from Sci-SpanDet. The results are summarized in Table 2.	GLTR 61.03 76.85 — 0.16 0.29 w/o GraphEnc 79.01 91.37 71.19 0.08 0.24	AUROC	numeric cell 6 of 9 in exact result row	6	preceding Table 1: Overall detection performance on the academic text dataset Table 2: Module-level ablation results on the academic text dataset | following Table 1 reports the experimental results of different detection from Sci-SpanDet. The results are summarized in Table 2.; exact row/configuration for Sci-SpanDet without graph encoder; Review 26 successor re-audit binds this account to the recorded source state, exact row, and numeric column without inheriting the predecessor metric.	91.37	2510.00890:9dae72ebb82be877	extracted_primary_pdf_text	papers/2510.00890.pdf	407af5ef9dc67a0dd52bbc7d533b0c87d72c47dfcbde10841c7983f6cf6dc951	49114882f9ba8a69fda77e2b10c1fdf38777dc27125d2086677db6f5889f0528	wrong_column	6	434	preceding Table 1: Overall detection performance on the academic text dataset Table 2: Module-level ablation results on the academic text dataset | following Table 1 reports the experimental results of different detection from Sci-SpanDet. The results are summarized in Table 2.	Method F1 (AI) AUROC Span-F1 ECE Brier Model Variant F1 (AI) AUROC Span-F1 ECE Brier	f902496dcea5ac5de2a582dafa91d51595edef235f67d25be926267d2b6845d5	6	436	preceding Table 1: Overall detection performance on the academic text dataset Table 2: Module-level ablation results on the academic text dataset | following Table 1 reports the experimental results of different detection from Sci-SpanDet. The results are summarized in Table 2.	GLTR 61.03 76.85 — 0.16 0.29 w/o GraphEnc 79.01 91.37 71.19 0.08 0.24	79.01	The derived alternate numeric result cell in the same source row is not the declared account metric column.
2510.00890	2510.00890:no-mc	2510.00890:no-mc@57d712e6e8b0e24a	same_window	page=6;identity_line=441;metric_line=441	92.63	2510.00890:f42a81b3b75e3636	source_owned_row_join	table_row	Sci-SpanDet without metric contrast	DetectLLM-LRR	6	437	preceding Table 1: Overall detection performance on the academic text dataset Table 2: Module-level ablation results on the academic text dataset | following Table 1 reports the experimental results of different detection from Sci-SpanDet. The results are summarized in Table 2.	DetectLLM-LRR 66.52 82.68 — 0.13 0.27 w/o MC 79.12 91.54 70.82 0.07 0.23	6	437	preceding Table 1: Overall detection performance on the academic text dataset Table 2: Module-level ablation results on the academic text dataset | following Table 1 reports the experimental results of different detection from Sci-SpanDet. The results are summarized in Table 2.	DetectLLM-LRR 66.52 82.68 — 0.13 0.27 w/o MC 79.12 91.54 70.82 0.07 0.23	AUROC	numeric cell 6 of 9 in exact result row	6	preceding Table 1: Overall detection performance on the academic text dataset Table 2: Module-level ablation results on the academic text dataset | following Table 1 reports the experimental results of different detection from Sci-SpanDet. The results are summarized in Table 2.; exact row/configuration for Sci-SpanDet without metric contrast; Review 26 successor re-audit binds this account to the recorded source state, exact row, and numeric column without inheriting the predecessor metric.	91.54	2510.00890:0d02f79492536575	extracted_primary_pdf_text	papers/2510.00890.pdf	407af5ef9dc67a0dd52bbc7d533b0c87d72c47dfcbde10841c7983f6cf6dc951	0139e356f1aa67c7fa6744d1f1f83be0f432f5f562c41fde7e5f25293bc31ab2	wrong_column	6	434	preceding Table 1: Overall detection performance on the academic text dataset Table 2: Module-level ablation results on the academic text dataset | following Table 1 reports the experimental results of different detection from Sci-SpanDet. The results are summarized in Table 2.	Method F1 (AI) AUROC Span-F1 ECE Brier Model Variant F1 (AI) AUROC Span-F1 ECE Brier	f902496dcea5ac5de2a582dafa91d51595edef235f67d25be926267d2b6845d5	6	437	preceding Table 1: Overall detection performance on the academic text dataset Table 2: Module-level ablation results on the academic text dataset | following Table 1 reports the experimental results of different detection from Sci-SpanDet. The results are summarized in Table 2.	DetectLLM-LRR 66.52 82.68 — 0.13 0.27 w/o MC 79.12 91.54 70.82 0.07 0.23	79.12	The derived alternate numeric result cell in the same source row is not the declared account metric column.
2510.00890	2510.00890:no-pc	2510.00890:no-pc@a7362822f9a5467b	same_window	page=6;identity_line=441;metric_line=441	92.63	2510.00890:f42a81b3b75e3636	source_owned_row_join	table_row	Sci-SpanDet without probability correction	SeqXGPT	6	440	preceding Table 1: Overall detection performance on the academic text dataset Table 2: Module-level ablation results on the academic text dataset | following Table 1 reports the experimental results of different detection from Sci-SpanDet. The results are summarized in Table 2.	SeqXGPT 73.42 88.74 66.25 0.09 0.24 w/o PC 79.48 92.10 71.14 0.10 0.26	6	440	preceding Table 1: Overall detection performance on the academic text dataset Table 2: Module-level ablation results on the academic text dataset | following Table 1 reports the experimental results of different detection from Sci-SpanDet. The results are summarized in Table 2.	SeqXGPT 73.42 88.74 66.25 0.09 0.24 w/o PC 79.48 92.10 71.14 0.10 0.26	AUROC	numeric cell 7 of 10 in exact result row	7	preceding Table 1: Overall detection performance on the academic text dataset Table 2: Module-level ablation results on the academic text dataset | following Table 1 reports the experimental results of different detection from Sci-SpanDet. The results are summarized in Table 2.; exact row/configuration for Sci-SpanDet without probability correction; Review 26 successor re-audit binds this account to the recorded source state, exact row, and numeric column without inheriting the predecessor metric.	92.10	2510.00890:5715494e250b5bf8	extracted_primary_pdf_text	papers/2510.00890.pdf	407af5ef9dc67a0dd52bbc7d533b0c87d72c47dfcbde10841c7983f6cf6dc951	5b452823cfed902a6476b0a41b277c7b49544be91e06407ad33f28a362f57292	wrong_column	6	434	preceding Table 1: Overall detection performance on the academic text dataset Table 2: Module-level ablation results on the academic text dataset | following Table 1 reports the experimental results of different detection from Sci-SpanDet. The results are summarized in Table 2.	Method F1 (AI) AUROC Span-F1 ECE Brier Model Variant F1 (AI) AUROC Span-F1 ECE Brier	f902496dcea5ac5de2a582dafa91d51595edef235f67d25be926267d2b6845d5	6	440	preceding Table 1: Overall detection performance on the academic text dataset Table 2: Module-level ablation results on the academic text dataset | following Table 1 reports the experimental results of different detection from Sci-SpanDet. The results are summarized in Table 2.	SeqXGPT 73.42 88.74 66.25 0.09 0.24 w/o PC 79.48 92.10 71.14 0.10 0.26	79.48	The derived alternate numeric result cell in the same source row is not the declared account metric column.
2510.00890	2510.00890:no-sd	2510.00890:no-sd@12678a2f3be4faa2	same_window	page=6;identity_line=441;metric_line=441	92.63	2510.00890:f42a81b3b75e3636	source_owned_row_join	table_row	Sci-SpanDet without semantic discrepancy	Roberta	6	435	preceding Table 1: Overall detection performance on the academic text dataset Table 2: Module-level ablation results on the academic text dataset | following Table 1 reports the experimental results of different detection from Sci-SpanDet. The results are summarized in Table 2.	Roberta 55.46 72.30 — 0.19 0.31 w/o SD 77.92 90.08 70.21 0.08 0.25	6	435	preceding Table 1: Overall detection performance on the academic text dataset Table 2: Module-level ablation results on the academic text dataset | following Table 1 reports the experimental results of different detection from Sci-SpanDet. The results are summarized in Table 2.	Roberta 55.46 72.30 — 0.19 0.31 w/o SD 77.92 90.08 70.21 0.08 0.25	AUROC	numeric cell 6 of 9 in exact result row	6	preceding Table 1: Overall detection performance on the academic text dataset Table 2: Module-level ablation results on the academic text dataset | following Table 1 reports the experimental results of different detection from Sci-SpanDet. The results are summarized in Table 2.; exact row/configuration for Sci-SpanDet without semantic discrepancy; Review 26 successor re-audit binds this account to the recorded source state, exact row, and numeric column without inheriting the predecessor metric.	90.08	2510.00890:9e86cb02f96a4d0f	extracted_primary_pdf_text	papers/2510.00890.pdf	407af5ef9dc67a0dd52bbc7d533b0c87d72c47dfcbde10841c7983f6cf6dc951	5554f58508879f458b67ea70742b5eb1127e6918ab8fdcfc85b22444f2850e23	wrong_column	6	434	preceding Table 1: Overall detection performance on the academic text dataset Table 2: Module-level ablation results on the academic text dataset | following Table 1 reports the experimental results of different detection from Sci-SpanDet. The results are summarized in Table 2.	Method F1 (AI) AUROC Span-F1 ECE Brier Model Variant F1 (AI) AUROC Span-F1 ECE Brier	f902496dcea5ac5de2a582dafa91d51595edef235f67d25be926267d2b6845d5	6	435	preceding Table 1: Overall detection performance on the academic text dataset Table 2: Module-level ablation results on the academic text dataset | following Table 1 reports the experimental results of different detection from Sci-SpanDet. The results are summarized in Table 2.	Roberta 55.46 72.30 — 0.19 0.31 w/o SD 77.92 90.08 70.21 0.08 0.25	77.92	The derived alternate numeric result cell in the same source row is not the declared account metric column.
2510.00890	2510.00890:no-sl	2510.00890:no-sl@94a4bf8629d130a6	same_window	page=6;identity_line=441;metric_line=441	92.63	2510.00890:f42a81b3b75e3636	source_owned_row_join	table_row	Sci-SpanDet without structural learning	DetectGPT	6	438	preceding Table 1: Overall detection performance on the academic text dataset Table 2: Module-level ablation results on the academic text dataset | following Table 1 reports the experimental results of different detection from Sci-SpanDet. The results are summarized in Table 2.	DetectGPT 70.14 85.76 — 0.11 0.26 w/o SL 79.03 92.01 — 0.06 0.22	6	438	preceding Table 1: Overall detection performance on the academic text dataset Table 2: Module-level ablation results on the academic text dataset | following Table 1 reports the experimental results of different detection from Sci-SpanDet. The results are summarized in Table 2.	DetectGPT 70.14 85.76 — 0.11 0.26 w/o SL 79.03 92.01 — 0.06 0.22	AUROC	numeric cell 6 of 8 in exact result row	6	preceding Table 1: Overall detection performance on the academic text dataset Table 2: Module-level ablation results on the academic text dataset | following Table 1 reports the experimental results of different detection from Sci-SpanDet. The results are summarized in Table 2.; exact row/configuration for Sci-SpanDet without structural learning; Review 26 successor re-audit binds this account to the recorded source state, exact row, and numeric column without inheriting the predecessor metric.	92.01	2510.00890:e945ceac02bb966c	extracted_primary_pdf_text	papers/2510.00890.pdf	407af5ef9dc67a0dd52bbc7d533b0c87d72c47dfcbde10841c7983f6cf6dc951	b4e69bf6dad579f52f9c0a06e89a80261e454ddcbe53987752689e7cabb0467e	wrong_column	6	434	preceding Table 1: Overall detection performance on the academic text dataset Table 2: Module-level ablation results on the academic text dataset | following Table 1 reports the experimental results of different detection from Sci-SpanDet. The results are summarized in Table 2.	Method F1 (AI) AUROC Span-F1 ECE Brier Model Variant F1 (AI) AUROC Span-F1 ECE Brier	f902496dcea5ac5de2a582dafa91d51595edef235f67d25be926267d2b6845d5	6	438	preceding Table 1: Overall detection performance on the academic text dataset Table 2: Module-level ablation results on the academic text dataset | following Table 1 reports the experimental results of different detection from Sci-SpanDet. The results are summarized in Table 2.	DetectGPT 70.14 85.76 — 0.11 0.26 w/o SL 79.03 92.01 — 0.06 0.22	79.03	The derived alternate numeric result cell in the same source row is not the declared account metric column.
2510.02319	2510.02319:adv-modernbert	2510.02319:adv-modernbert@f9ab31cd6ccebc9a	table_configuration_join	locator=tableiv;identity_line=306	0.905	2510.02319:940ae5e5205fbadf	source_owned_state_join	table_row	Adversarially trained ModernBERT	adversariallytrainedmodernbert	6	317	preceding TABLE VI: Character-level adversarial attack performance for | following TABLE V: Class-wise performance using traditional binary All Mix 0.723 0.679 0.533 0.940	Adversarially Trained ModernBERT Detector	6	318	preceding TABLE VI: Character-level adversarial attack performance for | following TABLE V: Class-wise performance using traditional binary All Mix 0.723 0.679 0.533 0.940	Char Swap 0.956 0.872 0.735 0.988	AUC	numeric cell 4 of 4 in exact result row	4	preceding TABLE VI: Character-level adversarial attack performance for | following TABLE V: Class-wise performance using traditional binary All Mix 0.723 0.679 0.533 0.940; exact row/configuration for Adversarially trained ModernBERT; Review 26 successor re-audit binds this account to the recorded source state, exact row, and numeric column without inheriting the predecessor metric.	0.988	2510.02319:4edd58b00da703ea	extracted_primary_pdf_text	papers/2510.02319.pdf	897af365d1bbc5aec46c359efd983d65317170fb7490c7c435c3a7d078fdad43	0f6021a6afff1cb4e52015b718018b1f54b3221e4cc9024efe104e85db3c657b	wrong_column	6	307	preceding TABLE VI: Character-level adversarial attack performance for | following TABLE V: Class-wise performance using traditional binary All Mix 0.723 0.679 0.533 0.940	TPR@FPR TPR@FPR TPR@FPR AUC Attack Adv TPR@FPR TPR@FPR TPR@FPR AUC	d05726fdcae90192012e8afd1eaa6e6ab81f341427aa1482fd58168b2ded079a	6	318	preceding TABLE VI: Character-level adversarial attack performance for | following TABLE V: Class-wise performance using traditional binary All Mix 0.723 0.679 0.533 0.940	Char Swap 0.956 0.872 0.735 0.988	0.735	The derived alternate numeric result cell in the same source row is not the declared account metric column.
2510.12476	2510.12476:detective-m4	2510.12476:detective-m4@3f4e569ba2d757a8	table_configuration_join	locator=table6;identity_line=935	1.0	2510.12476:9d2403b5fa46ec9a	source_owned_state_join	table_row	DeTeCtive	detective	23	1337	following Table 14: Results of training-based detectors on the English subset of M4.	DeTeCtive	23	1338	following Table 14: Results of training-based detectors on the English subset of M4.	ChatGPT 89.73 99.83 80.51 39.62 56.75 73.29	threshold metric or explicit strong claim	numeric cell 2 of 6 in exact result row	2	following Table 14: Results of training-based detectors on the English subset of M4.; exact row/configuration for DeTeCtive; Review 26 successor re-audit binds this account to the recorded source state, exact row, and numeric column without inheriting the predecessor metric.	99.83	2510.12476:925b381ccfa3057c	extracted_primary_pdf_text	papers/2510.12476.pdf	ea2226db878e55102bc685e44fcea877a443883adf34dea713d7783b0f456d36	353679d9a32072388c1d845c3db0cf8d9b79094ddf80432b3cdc9abb9eb5d3f8	wrong_column	23	1337	following Table 14: Results of training-based detectors on the English subset of M4.	DeTeCtive	7b7964970b90f70571615012c7e5787feda916171aa206e2c42d2e85ac46043a	23	1338	following Table 14: Results of training-based detectors on the English subset of M4.	ChatGPT 89.73 99.83 80.51 39.62 56.75 73.29	89.73	The derived alternate numeric result cell in the same source row is not the declared account metric column.
2510.20610	2510.20610:xlm-roberta	2510.20610:xlm-roberta@569feb51768d45e0	same_window	page=3;identity_line=184;metric_line=185	100	2510.20610:fedd4a67db1bf08a	source_owned_state_join	table_row	BUSTED XLM-RoBERTa submission	xlmroberta	3	151	preceding Figure 1: Statistics of the AraGenEval training dataset. The classes are well-balanced, but human-written texts are | following Table 1: Official results on the AraGenEval test set. XLM-RoBERTa achieved the best performance across all	Model F1-Score Accuracy Precision Recall Specificity Balanced Acc.	3	152	preceding Figure 1: Statistics of the AraGenEval training dataset. The classes are well-balanced, but human-written texts are | following Table 1: Official results on the AraGenEval test set. XLM-RoBERTa achieved the best performance across all	XLM-RoBERTa 0.7701 0.760 0.7390 0.804 0.716 0.760	F1	numeric cell 1 of 6 in exact result row	1	preceding Figure 1: Statistics of the AraGenEval training dataset. The classes are well-balanced, but human-written texts are | following Table 1: Official results on the AraGenEval test set. XLM-RoBERTa achieved the best performance across all; exact row/configuration for BUSTED XLM-RoBERTa submission; Review 26 successor re-audit binds this account to the recorded source state, exact row, and numeric column without inheriting the predecessor metric.	0.7701		extracted_primary_pdf_text	papers/2510.20610.pdf	16fefa5fc7c5da935c6e2be9290086a5fe14f14e959e432c691e838c3f8a834d	8d352f91ff7ccf3386ada897ac88aa6aff38362259f63b625afeb685dd3e1d6b	wrong_column	3	151	preceding Figure 1: Statistics of the AraGenEval training dataset. The classes are well-balanced, but human-written texts are | following Table 1: Official results on the AraGenEval test set. XLM-RoBERTa achieved the best performance across all	Model F1-Score Accuracy Precision Recall Specificity Balanced Acc.	77369dcf27525635da22d5b28d63f68a641183fc15df5782b4016987cf97fa82	3	152	preceding Figure 1: Statistics of the AraGenEval training dataset. The classes are well-balanced, but human-written texts are | following Table 1: Official results on the AraGenEval test set. XLM-RoBERTa achieved the best performance across all	XLM-RoBERTa 0.7701 0.760 0.7390 0.804 0.716 0.760	0.760	The derived alternate numeric result cell in the same source row is not the declared account metric column.
2511.17402	2511.17402:pucp-xgb	2511.17402:pucp-xgb@f48a00d972f6d280	same_window	page=5;identity_line=308;metric_line=308	97.69	2511.17402:dfe90389c49b94c0	source_owned_row_join	table_row	PUCP-Metrix XGBoost classifier	XGB	5	307	preceding Table 2: Number of linguistic metrics per category for each tool. | following Table 3: Results on 2-label ARA/Complexity Classifica- vides more balanced class performance. While	XGB 98.38 99.08 98.73 97.22 95.18 96.19 97.46	5	307	preceding Table 2: Number of linguistic metrics per category for each tool. | following Table 3: Results on 2-label ARA/Complexity Classifica- vides more balanced class performance. While	XGB 98.38 99.08 98.73 97.22 95.18 96.19 97.46	recall	numeric cell 7 of 7 in exact result row	7	preceding Table 2: Number of linguistic metrics per category for each tool. | following Table 3: Results on 2-label ARA/Complexity Classifica- vides more balanced class performance. While; exact row/configuration for PUCP-Metrix XGBoost classifier; Review 26 successor re-audit binds this account to the recorded source state, exact row, and numeric column without inheriting the predecessor metric.	97.46	2511.17402:a6a7d1fdc6b40a11	extracted_primary_pdf_text	papers/2511.17402.pdf	808978e00ee3d96d305cc3ac1f947f441b808bcfd1e1076d33714ea33575c869	cb9e4ce046537e908da50804bd475d489aafcb5e42364a6d0025e2139374975f	wrong_column	5	302	preceding Table 2: Number of linguistic metrics per category for each tool. | following Table 3: Results on 2-label ARA/Complexity Classifica- vides more balanced class performance. While	XGB 98.05 99.20 98.62 97.57 94.19 95.85 97.24 Azter. For human texts, F1 increases from 42–51	2ad6420287b1514b038ebf2a59dc2948c60ba4db8b57c63eedb44b5159c2b1b7	5	307	preceding Table 2: Number of linguistic metrics per category for each tool. | following Table 3: Results on 2-label ARA/Complexity Classifica- vides more balanced class performance. While	XGB 98.38 99.08 98.73 97.22 95.18 96.19 97.46	96.19	The derived alternate numeric result cell in the same source row is not the declared account metric column.
2511.17402	2511.17402:roberta-bne	2511.17402:roberta-bne@02504be3774e9dfe	same_window	page=5;identity_line=310;metric_line=310	99.24	2511.17402:c3a3bc0193c2f6d2	source_owned_row_join	table_row	RoBERTa-BNE machine-text classifier	robertabne	5	310	preceding Table 2: Number of linguistic metrics per category for each tool. | following Table 3: Results on 2-label ARA/Complexity Classifica- vides more balanced class performance. While	RoBERTa-BNE 99.04 99.24 99.14 97.76 97.16 97.46 98.30	5	310	preceding Table 2: Number of linguistic metrics per category for each tool. | following Table 3: Results on 2-label ARA/Complexity Classifica- vides more balanced class performance. While	RoBERTa-BNE 99.04 99.24 99.14 97.76 97.16 97.46 98.30	recall	numeric cell 1 of 7 in exact result row	1	preceding Table 2: Number of linguistic metrics per category for each tool. | following Table 3: Results on 2-label ARA/Complexity Classifica- vides more balanced class performance. While; exact row/configuration for RoBERTa-BNE machine-text classifier; Review 26 successor re-audit binds this account to the recorded source state, exact row, and numeric column without inheriting the predecessor metric.	99.04	2511.17402:c3a3bc0193c2f6d2	extracted_primary_pdf_text	papers/2511.17402.pdf	808978e00ee3d96d305cc3ac1f947f441b808bcfd1e1076d33714ea33575c869	893a8346b178ae504d81f00824c20c5e899c668fd649b79c38ab34fcbbbef9b6	wrong_column	5	309	preceding Table 2: Number of linguistic metrics per category for each tool. | following Table 3: Results on 2-label ARA/Complexity Classifica- vides more balanced class performance. While	RF 97.45 99.20 98.32 97.52 92.34 94.86 96.59 most, achieving the highest overall F1.	56aafe96f23fe1df5447698de1aa73b8821203f918710024f8ad5d98bb556bee	5	310	preceding Table 2: Number of linguistic metrics per category for each tool. | following Table 3: Results on 2-label ARA/Complexity Classifica- vides more balanced class performance. While	RoBERTa-BNE 99.04 99.24 99.14 97.76 97.16 97.46 98.30	99.24	The derived alternate numeric result cell in the same source row is not the declared account metric column.
2511.21744	2511.21744:cnn	2511.21744:cnn@3035c0878d5b7a22	same_window	page=16;identity_line=791;metric_line=791	97	2511.21744:953d717edd80a516	source_owned_state_join	prose_ordered_pair	NEULIF CNN	cnn	1	20	caption continuation	for classification by a compact Convolutional Neural Network (CNN) or Random Forest (RF).	1	23	caption continuation	recall, with ROC-AUC scores of 99.5% and 95%, respectively. The CNN (∼ 25 MB) and Random Forest	ROC-AUC	first ROC-AUC in the CNN/RF respectively pair	1	Abstract lines 20-23; CNN is first in the ordered method and metric pairs; Review 26 successor re-audit binds this account to the recorded source state, exact row, and numeric column without inheriting the predecessor metric.	99.5		extracted_primary_pdf_text	papers/2511.21744.pdf	b628cec703b59859439e00b232609ef66023fd0ea59cbb4d641df01288fbf088	5b0e44a881f42eddc2afa225c031a19c6ae5f9c5323673f4800c432f629870e9	wrong_training_state	1	23	caption continuation	recall, with ROC-AUC scores of 99.5% and 95%, respectively. The CNN (∼ 25 MB) and Random Forest	b508498461b4b8bf038557972125dd0e16f16d74fa4490bcf34acfec7a365793	1	23	caption continuation	recall, with ROC-AUC scores of 99.5% and 95%, respectively. The CNN (∼ 25 MB) and Random Forest	95	A result from the paired but different training state or method cannot certify this account.
2511.21744	2511.21744:random-forest	2511.21744:random-forest@0ef42a42ed952848	same_window	page=16;identity_line=794;metric_line=794	95	2511.21744:76c8ac2a3d4db753	source_owned_state_join	prose_ordered_pair	NEULIF Random Forest	randomforest	1	20	caption continuation	for classification by a compact Convolutional Neural Network (CNN) or Random Forest (RF).	1	23	caption continuation	recall, with ROC-AUC scores of 99.5% and 95%, respectively. The CNN (∼ 25 MB) and Random Forest	ROC-AUC	second ROC-AUC in the CNN/RF respectively pair	2	Abstract lines 20-23; Random Forest is second in the ordered method and metric pairs; Review 26 successor re-audit binds this account to the recorded source state, exact row, and numeric column without inheriting the predecessor metric.	95		extracted_primary_pdf_text	papers/2511.21744.pdf	b628cec703b59859439e00b232609ef66023fd0ea59cbb4d641df01288fbf088	5b0e44a881f42eddc2afa225c031a19c6ae5f9c5323673f4800c432f629870e9	wrong_training_state	1	23	caption continuation	recall, with ROC-AUC scores of 99.5% and 95%, respectively. The CNN (∼ 25 MB) and Random Forest	b508498461b4b8bf038557972125dd0e16f16d74fa4490bcf34acfec7a365793	1	23	caption continuation	recall, with ROC-AUC scores of 99.5% and 95%, respectively. The CNN (∼ 25 MB) and Random Forest	99.5	A result from the paired but different training state or method cannot certify this account.
2511.21744	2511.21744:styloai-education	2511.21744:styloai-education@8f0db3eb64ad88ed	table_configuration_join	locator=table3;identity_line=779	98	2511.21744:dac93e28705bfc58	source_owned_state_join	prose_or_figure_claim	StyloAI Education-dataset result	StyloAI [	15	780	preceding Table 3: Performance comparison of AI-text detection methods	StyloAI [17]* 81% Traditional ML Random Forest	16	799	caption continuation	and 98% accuracy on a quite small Education dataset (less than 200 samples for all including	threshold metric or explicit strong claim	numeric cell 1 of 2 in exact result row	1	caption continuation; exact row/configuration for StyloAI Education-dataset result; Review 26 successor re-audit binds this account to the recorded source state, exact row, and numeric column without inheriting the predecessor metric.	98		extracted_primary_pdf_text	papers/2511.21744.pdf	b628cec703b59859439e00b232609ef66023fd0ea59cbb4d641df01288fbf088	078296451d7b69e0d5917677cf171b5c036139a2a3975a170fe4534d1d4046d6	wrong_training_state	16	799	caption continuation	and 98% accuracy on a quite small Education dataset (less than 200 samples for all including	0722b62d134ec810a50b382fc0d6a27d15668cba02c1ce52d5337d1019ca33ea	15	780	preceding Table 3: Performance comparison of AI-text detection methods	StyloAI [17]* 81% Traditional ML Random Forest	81	The 81 percent result is StyloAI on AuTextification, not its separate small Education-dataset state.
2512.09292	2512.09292:desklib	2512.09292:desklib@951baa5e2e878bab	same_window	page=4;identity_line=217;metric_line=217	0.968	2512.09292:7339a068a56d6622	source_owned_row_join	table_row	Desklib AI text detector	desklib	4	217	following Table 2: Benchmark model performance for the investi-	for a specific task (Desklib (Desklib, 2025) and Desklib 0.976 0.960 0.968 0.994	4	217	following Table 2: Benchmark model performance for the investi-	for a specific task (Desklib (Desklib, 2025) and Desklib 0.976 0.960 0.968 0.994	F1	numeric cell 4 of 5 in exact result row	4	following Table 2: Benchmark model performance for the investi-; exact row/configuration for Desklib AI text detector; Review 26 successor re-audit binds this account to the recorded source state, exact row, and numeric column without inheriting the predecessor metric.	0.968	2512.09292:7339a068a56d6622	extracted_primary_pdf_text	papers/2512.09292.pdf	4eb61dac25f1c01660e20f083b103e89f7069f38a9349a3d76c260fcb23112de	620d52e73fc5d1ca06a9d92c143c915c16135dce11e775861ddaccd1f39c97e1	wrong_column	4	200	following Table 2: Benchmark model performance for the investi-	4.2 Trained Models Model Prec. Rec. F1 AUROC	c5d6f47c49f54d2bc59f3348263632c2d38a68074d5373c51faf2b06d9cd71aa	4	217	following Table 2: Benchmark model performance for the investi-	for a specific task (Desklib (Desklib, 2025) and Desklib 0.976 0.960 0.968 0.994	0.960	The derived alternate numeric result cell in the same source row is not the declared account metric column.
2601.04641	2601.04641:binoculars	2601.04641:binoculars@7528b88add98d771	table_configuration_join	locator=precedingfigure1overviewofdpmgtdthepipelinetransformsunprotectedinputcontainingsensitiveentitiesintofollowingtable1experimentalresultsformgtwereportf1scoresacrossfivellmsandthreedomainsstem;identity_line=469	0.920	2601.04641:65ba374d44da9a94	source_owned_state_join	table_row	DP-MGTD Binoculars	binoculars	7	470	following Table 1: Experimental results for MGT. We report F1 scores across five LLMs and three domains: STEM	Binoculars	7	471	following Table 1: Experimental results for MGT. We report F1 scores across five LLMs and three domains: STEM	0.897 0.912 0.894 0.881 0.875 0.908 0.794 0.825 0.846 0.790 0.838 0.842 0.935 0.902 0.921	threshold metric or explicit strong claim	numeric cell 13 of 15 in exact result row	13	following Table 1: Experimental results for MGT. We report F1 scores across five LLMs and three domains: STEM; exact row/configuration for DP-MGTD Binoculars; Review 26 successor re-audit binds this account to the recorded source state, exact row, and numeric column without inheriting the predecessor metric.	0.935		extracted_primary_pdf_text	papers/2601.04641v1.pdf	b9c85ea0fdb8ef78100c750840d6f32a937a1fa645b1b72ea0715a0b995d5036	c8998f76e529c4152f7b0706ebd21a2388e19631af2dec00b94965e6b9304cf1	wrong_column	7	470	following Table 1: Experimental results for MGT. We report F1 scores across five LLMs and three domains: STEM	Binoculars	7b6ecc38b2472e9a189723e1d24382bcfb6de28a5a74869882fb3f124dbaf4bf	7	471	following Table 1: Experimental results for MGT. We report F1 scores across five LLMs and three domains: STEM	0.897 0.912 0.894 0.881 0.875 0.908 0.794 0.825 0.846 0.790 0.838 0.842 0.935 0.902 0.921	0.842	The derived alternate numeric result cell in the same source row is not the declared account metric column.
2601.04641	2601.04641:entropy	2601.04641:entropy@ddb09d52f02f8abe	table_configuration_join	locator=precedingtable1experimentalresultsformgtwereportf1scoresacrossfivellmsandthreedomainsstemfollowingtable2impactoftheperturbationdimensiondondetectionperformancef1scoreacrossdifferentdomains;identity_line=540	0.980	2601.04641:a4510ba87fd0db59	source_owned_state_join	table_row	DP-MGTD Entropy	entropy	7	463	following Table 1: Experimental results for MGT. We report F1 scores across five LLMs and three domains: STEM	ENTROPY	7	464	following Table 1: Experimental results for MGT. We report F1 scores across five LLMs and three domains: STEM	0.810 0.833 0.833 0.781 0.832 0.851 0.762 0.825 0.832 0.773 0.826 0.829 0.805 0.826 0.840	threshold metric or explicit strong claim	numeric cell 6 of 15 in exact result row	6	following Table 1: Experimental results for MGT. We report F1 scores across five LLMs and three domains: STEM; exact row/configuration for DP-MGTD Entropy; Review 26 successor re-audit binds this account to the recorded source state, exact row, and numeric column without inheriting the predecessor metric.	0.851		extracted_primary_pdf_text	papers/2601.04641v1.pdf	b9c85ea0fdb8ef78100c750840d6f32a937a1fa645b1b72ea0715a0b995d5036	5ff4270a05c96256a75ef35de0b898cd10e3040f35ad852ecf5fd8fbd817d5e9	wrong_column	7	463	following Table 1: Experimental results for MGT. We report F1 scores across five LLMs and three domains: STEM	ENTROPY	92a86c8563571807d4b7610ef022cc8fb6e468a52bc7f7f0cf705d64db661fb6	7	464	following Table 1: Experimental results for MGT. We report F1 scores across five LLMs and three domains: STEM	0.810 0.833 0.833 0.781 0.832 0.851 0.762 0.825 0.832 0.773 0.826 0.829 0.805 0.826 0.840	0.832	The derived alternate numeric result cell in the same source row is not the declared account metric column.
2601.04641	2601.04641:likelihood	2601.04641:likelihood@cc47dc4f5d1f7d2b	table_configuration_join	locator=precedingtable1experimentalresultsformgtwereportf1scoresacrossfivellmsandthreedomainsstemfollowingtable2impactoftheperturbationdimensiondondetectionperformancef1scoreacrossdifferentdomains;identity_line=552	0.980	2601.04641:302c4e30f2b0c38b	source_owned_state_join	table_row	DP-MGTD Likelihood	LL	7	442	following Table 1: Experimental results for MGT. We report F1 scores across five LLMs and three domains: STEM	LL	7	443	following Table 1: Experimental results for MGT. We report F1 scores across five LLMs and three domains: STEM	0.809 0.880 0.879 0.768 0.842 0.853 0.795 0.803 0.842 0.743 0.830 0.861 0.801 0.877 0.886	threshold metric or explicit strong claim	numeric cell 15 of 15 in exact result row	15	following Table 1: Experimental results for MGT. We report F1 scores across five LLMs and three domains: STEM; exact row/configuration for DP-MGTD Likelihood; Review 26 successor re-audit binds this account to the recorded source state, exact row, and numeric column without inheriting the predecessor metric.	0.886		extracted_primary_pdf_text	papers/2601.04641v1.pdf	b9c85ea0fdb8ef78100c750840d6f32a937a1fa645b1b72ea0715a0b995d5036	b162493e28644ab26c0f29d0f30b9aebde61aa4a5e28462813ac1657b1bdef95	wrong_column	7	442	following Table 1: Experimental results for MGT. We report F1 scores across five LLMs and three domains: STEM	LL	97cc252894654d521fdaa06ca7762f8e5634e13ad3843c0422c38b6c972afe71	7	443	following Table 1: Experimental results for MGT. We report F1 scores across five LLMs and three domains: STEM	0.809 0.880 0.879 0.768 0.842 0.853 0.795 0.803 0.842 0.743 0.830 0.861 0.801 0.877 0.886	0.877	The derived alternate numeric result cell in the same source row is not the declared account metric column.
2601.04641	2601.04641:logrank	2601.04641:logrank@ad7376d576669db5	table_configuration_join	locator=precedingtable1experimentalresultsformgtwereportf1scoresacrossfivellmsandthreedomainsstemfollowingtable2impactoftheperturbationdimensiondondetectionperformancef1scoreacrossdifferentdomains;identity_line=541	0.980	2601.04641:a4510ba87fd0db59	source_owned_row_join	table_row	DP-MGTD Log-Rank	logrank	8	540	following Table 2: Impact of the perturbation dimension d on detection performance (F1 score) across different domains.	Log-Rank 0.742 0.781 0.792 0.744 0.786 0.799 0.750 0.796 0.804 0.743 0.783 0.787	8	540	following Table 2: Impact of the perturbation dimension d on detection performance (F1 score) across different domains.	Log-Rank 0.742 0.781 0.792 0.744 0.786 0.799 0.750 0.796 0.804 0.743 0.783 0.787	threshold metric or explicit strong claim	numeric cell 9 of 12 in exact result row	9	following Table 2: Impact of the perturbation dimension d on detection performance (F1 score) across different domains.; exact row/configuration for DP-MGTD Log-Rank; Review 26 successor re-audit binds this account to the recorded source state, exact row, and numeric column without inheriting the predecessor metric.	0.804		extracted_primary_pdf_text	papers/2601.04641v1.pdf	b9c85ea0fdb8ef78100c750840d6f32a937a1fa645b1b72ea0715a0b995d5036	067a8d27921e7f6d0a6057687bccf88e89eab373579c6555fa3430f06d10b401	wrong_column	8	540	following Table 2: Impact of the perturbation dimension d on detection performance (F1 score) across different domains.	Log-Rank 0.742 0.781 0.792 0.744 0.786 0.799 0.750 0.796 0.804 0.743 0.783 0.787	067a8d27921e7f6d0a6057687bccf88e89eab373579c6555fa3430f06d10b401	8	540	following Table 2: Impact of the perturbation dimension d on detection performance (F1 score) across different domains.	Log-Rank 0.742 0.781 0.792 0.744 0.786 0.799 0.750 0.796 0.804 0.743 0.783 0.787	0.796	The derived alternate numeric result cell in the same source row is not the declared account metric column.
2601.04641	2601.04641:rank	2601.04641:rank@c905a88a59eba002	table_configuration_join	locator=precedingtable1experimentalresultsformgtwereportf1scoresacrossfivellmsandthreedomainsstemfollowingtable2impactoftheperturbationdimensiondondetectionperformancef1scoreacrossdifferentdomains;identity_line=541	0.980	2601.04641:a4510ba87fd0db59	source_owned_state_join	table_row	DP-MGTD Rank	rank	7	449	following Table 1: Experimental results for MGT. We report F1 scores across five LLMs and three domains: STEM	Rank	7	450	following Table 1: Experimental results for MGT. We report F1 scores across five LLMs and three domains: STEM	0.797 0.825 0.818 0.778 0.806 0.795 0.768 0.811 0.805 0.772 0.829 0.817 0.809 0.840 0.830	threshold metric or explicit strong claim	numeric cell 14 of 15 in exact result row	14	following Table 1: Experimental results for MGT. We report F1 scores across five LLMs and three domains: STEM; exact row/configuration for DP-MGTD Rank; Review 26 successor re-audit binds this account to the recorded source state, exact row, and numeric column without inheriting the predecessor metric.	0.840		extracted_primary_pdf_text	papers/2601.04641v1.pdf	b9c85ea0fdb8ef78100c750840d6f32a937a1fa645b1b72ea0715a0b995d5036	f41798e4b9b9748679ea851140de16fbec2fe4b81b7c6dc916e966fdd7b10bc8	wrong_column	7	449	following Table 1: Experimental results for MGT. We report F1 scores across five LLMs and three domains: STEM	Rank	a4130d7d2c3a137f362d28ba21eedd525b7e42e7551c3e62817b048c9a0bd425	7	450	following Table 1: Experimental results for MGT. We report F1 scores across five LLMs and three domains: STEM	0.797 0.825 0.818 0.778 0.806 0.795 0.768 0.811 0.805 0.772 0.829 0.817 0.809 0.840 0.830	0.809	The derived alternate numeric result cell in the same source row is not the declared account metric column.
2601.04641	2601.04641:rank-gltr	2601.04641:rank-gltr@e150bdbba45dc68d	table_configuration_join	locator=precedingtable1experimentalresultsformgtwereportf1scoresacrossfivellmsandthreedomainsstemfollowingtable2impactoftheperturbationdimensiondondetectionperformancef1scoreacrossdifferentdomains;identity_line=539	0.980	2601.04641:a4510ba87fd0db59	source_owned_state_join	table_row	DP-MGTD Rank-GLTR	rankgltr	7	456	following Table 1: Experimental results for MGT. We report F1 scores across five LLMs and three domains: STEM	Rank_GLTR	7	457	following Table 1: Experimental results for MGT. We report F1 scores across five LLMs and three domains: STEM	0.830 0.898 0.882 0.772 0.847 0.844 0.783 0.798 0.809 0.742 0.849 0.849 0.822 0.866 0.884	threshold metric or explicit strong claim	numeric cell 2 of 15 in exact result row	2	following Table 1: Experimental results for MGT. We report F1 scores across five LLMs and three domains: STEM; exact row/configuration for DP-MGTD Rank-GLTR; Review 26 successor re-audit binds this account to the recorded source state, exact row, and numeric column without inheriting the predecessor metric.	0.898		extracted_primary_pdf_text	papers/2601.04641v1.pdf	b9c85ea0fdb8ef78100c750840d6f32a937a1fa645b1b72ea0715a0b995d5036	3be38d511a7bf508266c87df983de69f5a1825b3319eb165d386a25a7f0eeb1f	wrong_column	7	456	following Table 1: Experimental results for MGT. We report F1 scores across five LLMs and three domains: STEM	Rank_GLTR	13fc33f4924829271b0d78ca3f935e2e332f63eeb3786d76df9e998d0173faee	7	457	following Table 1: Experimental results for MGT. We report F1 scores across five LLMs and three domains: STEM	0.830 0.898 0.882 0.772 0.847 0.844 0.783 0.798 0.809 0.742 0.849 0.849 0.822 0.866 0.884	0.830	The derived alternate numeric result cell in the same source row is not the declared account metric column.
2601.20006	2601.20006:external-deberta	2601.20006:external-deberta@b9d5bd094324bf27	table_configuration_join	locator=table8;identity_line=678	0.962	2601.20006:800981dbf47d77bf	source_owned_state_join	table_row	External DeBERTa detector	Eval Dataset Acc. Bal. Acc. Prec. Recall F1 AUC master-testset	20	676	following Table 8: Metrics of the external model on the master-testset dataset	Eval Dataset Acc. Bal. Acc. Prec. Recall F1 AUC	20	677	following Table 8: Metrics of the external model on the master-testset dataset	master-testset 0.880 0.872 0.840 0.962 0.897 0.974	accuracy	numeric cell 6 of 6 in exact result row	6	following Table 8: Metrics of the external model on the master-testset dataset; exact row/configuration for External DeBERTa detector; Review 26 successor re-audit binds this account to the recorded source state, exact row, and numeric column without inheriting the predecessor metric.	0.974	2601.20006:800981dbf47d77bf	extracted_primary_pdf_text	papers/2601.20006.pdf	a5a4f02f1b6581b47014bbb7c4349d50bb7b609850b34b6590115fbd54377cbc	c5b23a2d6227af099ca560def1cc3551aa740fd32073b127377ff5f5536f9621	wrong_column	20	676	following Table 8: Metrics of the external model on the master-testset dataset	Eval Dataset Acc. Bal. Acc. Prec. Recall F1 AUC	1f535d7f8f120b4b43fe540254c05c31f47d4241ccde253f53e1989f02ac0ed6	20	677	following Table 8: Metrics of the external model on the master-testset dataset	master-testset 0.880 0.872 0.840 0.962 0.897 0.974	0.897	The derived alternate numeric result cell in the same source row is not the declared account metric column.
2601.20006	2601.20006:family-llama31-8b	2601.20006:family-llama31-8b@fd0354944fd34f87	same_window	page=24;identity_line=840;metric_line=840	0.913	2601.20006:13125479e046f741	source_owned_row_join	table_row	Per-family Llama-3.1-8B	llama318b	24	840	preceding Table 13 presents metrics of the best model in each family fine-tuned for | following Table 13: Performance metrics of the best model in each family fine-tuned for the detection	Llama-3.1-8B 0.318 0.910 0.910 0.910 0.913 0.911	24	840	preceding Table 13 presents metrics of the best model in each family fine-tuned for | following Table 13: Performance metrics of the best model in each family fine-tuned for the detection	Llama-3.1-8B 0.318 0.910 0.910 0.910 0.913 0.911	accuracy	numeric cell 4 of 8 in exact result row	4	preceding Table 13 presents metrics of the best model in each family fine-tuned for | following Table 13: Performance metrics of the best model in each family fine-tuned for the detection; exact row/configuration for Per-family Llama-3.1-8B; Review 26 successor re-audit binds this account to the recorded source state, exact row, and numeric column without inheriting the predecessor metric.	0.910	2601.20006:13125479e046f741	extracted_primary_pdf_text	papers/2601.20006.pdf	a5a4f02f1b6581b47014bbb7c4349d50bb7b609850b34b6590115fbd54377cbc	901e68b014aef37582c44fcae4cc05192c50cb4289dab12900d599e07075ba44	wrong_column	24	839	preceding Table 13 presents metrics of the best model in each family fine-tuned for | following Table 13: Performance metrics of the best model in each family fine-tuned for the detection	Model Loss Acc. B. Acc. Prec. Recall F1	80652bfc8193a35b9692bc3f64d49b96231c2aa14ae5b42da279785427c7fe11	24	840	preceding Table 13 presents metrics of the best model in each family fine-tuned for | following Table 13: Performance metrics of the best model in each family fine-tuned for the detection	Llama-3.1-8B 0.318 0.910 0.910 0.910 0.913 0.911	0.318	The derived alternate numeric result cell in the same source row is not the declared account metric column.
2601.20006	2601.20006:gpt41nano-falcon3-3b	2601.20006:gpt41nano-falcon3-3b@919c958161422fdd	same_window	page=21;identity_line=747;metric_line=747	0.918	2601.20006:11605ed2f26366f3	source_owned_row_join	table_row	GPT-4.1-nano validation Falcon3-3B	falcon33b	21	747	preceding Table 10 presents metrics for all fine-tuned models on the validation split | following Table 10: Performance metrics of all models fine-tuned for proprietary model detection on	Falcon3-3B 0.286 0.918 0.918 0.917 0.917 0.917	21	747	preceding Table 10 presents metrics for all fine-tuned models on the validation split | following Table 10: Performance metrics of all models fine-tuned for proprietary model detection on	Falcon3-3B 0.286 0.918 0.918 0.917 0.917 0.917	accuracy	numeric cell 3 of 7 in exact result row	3	preceding Table 10 presents metrics for all fine-tuned models on the validation split | following Table 10: Performance metrics of all models fine-tuned for proprietary model detection on; exact row/configuration for GPT-4.1-nano validation Falcon3-3B; Review 26 successor re-audit binds this account to the recorded source state, exact row, and numeric column without inheriting the predecessor metric.	0.918	2601.20006:11605ed2f26366f3	extracted_primary_pdf_text	papers/2601.20006.pdf	a5a4f02f1b6581b47014bbb7c4349d50bb7b609850b34b6590115fbd54377cbc	536e410c0b5b621a0e9b9e2b3e318144643797a4b14088f1c824a0cd18009e8c	wrong_column	21	732	preceding Table 10 presents metrics for all fine-tuned models on the validation split | following Table 10: Performance metrics of all models fine-tuned for proprietary model detection on	Model Loss Acc. B. Acc. Prec. Recall F1	80652bfc8193a35b9692bc3f64d49b96231c2aa14ae5b42da279785427c7fe11	21	747	preceding Table 10 presents metrics for all fine-tuned models on the validation split | following Table 10: Performance metrics of all models fine-tuned for proprietary model detection on	Falcon3-3B 0.286 0.918 0.918 0.917 0.917 0.917	0.286	The derived alternate numeric result cell in the same source row is not the declared account metric column.
2601.20006	2601.20006:gpt41nano-falcon3-7b	2601.20006:gpt41nano-falcon3-7b@9662f354f8f6f974	same_window	page=21;identity_line=748;metric_line=748	0.913	2601.20006:4fc0cc00b72979b9	source_owned_row_join	table_row	GPT-4.1-nano validation Falcon3-7B	falcon37b	21	748	preceding Table 10 presents metrics for all fine-tuned models on the validation split | following Table 10: Performance metrics of all models fine-tuned for proprietary model detection on	Falcon3-7B 0.291 0.913 0.913 0.910 0.913 0.912	21	748	preceding Table 10 presents metrics for all fine-tuned models on the validation split | following Table 10: Performance metrics of all models fine-tuned for proprietary model detection on	Falcon3-7B 0.291 0.913 0.913 0.910 0.913 0.912	accuracy	numeric cell 3 of 7 in exact result row	3	preceding Table 10 presents metrics for all fine-tuned models on the validation split | following Table 10: Performance metrics of all models fine-tuned for proprietary model detection on; exact row/configuration for GPT-4.1-nano validation Falcon3-7B; Review 26 successor re-audit binds this account to the recorded source state, exact row, and numeric column without inheriting the predecessor metric.	0.913	2601.20006:4fc0cc00b72979b9	extracted_primary_pdf_text	papers/2601.20006.pdf	a5a4f02f1b6581b47014bbb7c4349d50bb7b609850b34b6590115fbd54377cbc	ee6358396318b35f6f389de05964fe12aa12d99f418ca617755db094ede402ea	wrong_column	21	732	preceding Table 10 presents metrics for all fine-tuned models on the validation split | following Table 10: Performance metrics of all models fine-tuned for proprietary model detection on	Model Loss Acc. B. Acc. Prec. Recall F1	80652bfc8193a35b9692bc3f64d49b96231c2aa14ae5b42da279785427c7fe11	21	748	preceding Table 10 presents metrics for all fine-tuned models on the validation split | following Table 10: Performance metrics of all models fine-tuned for proprietary model detection on	Falcon3-7B 0.291 0.913 0.913 0.910 0.913 0.912	0.291	The derived alternate numeric result cell in the same source row is not the declared account metric column.
2601.20006	2601.20006:gpt41nano-llama31-8b	2601.20006:gpt41nano-llama31-8b@df6bde73e3bc4b98	same_window	page=21;identity_line=733;metric_line=733	0.946	2601.20006:1a370a6466ca07e0	source_owned_row_join	table_row	GPT-4.1-nano validation Llama-3.1-8B	llama318b	21	733	preceding Table 10 presents metrics for all fine-tuned models on the validation split | following Table 10: Performance metrics of all models fine-tuned for proprietary model detection on	Llama-3.1-8B 0.229 0.937 0.937 0.930 0.946 0.938	21	733	preceding Table 10 presents metrics for all fine-tuned models on the validation split | following Table 10: Performance metrics of all models fine-tuned for proprietary model detection on	Llama-3.1-8B 0.229 0.937 0.937 0.930 0.946 0.938	accuracy	numeric cell 4 of 8 in exact result row	4	preceding Table 10 presents metrics for all fine-tuned models on the validation split | following Table 10: Performance metrics of all models fine-tuned for proprietary model detection on; exact row/configuration for GPT-4.1-nano validation Llama-3.1-8B; Review 26 successor re-audit binds this account to the recorded source state, exact row, and numeric column without inheriting the predecessor metric.	0.937	2601.20006:1a370a6466ca07e0	extracted_primary_pdf_text	papers/2601.20006.pdf	a5a4f02f1b6581b47014bbb7c4349d50bb7b609850b34b6590115fbd54377cbc	5688597b5e201853a557a5a4ee94af7fa94d5d0b65e5687401a1d7d41b356de5	wrong_column	21	732	preceding Table 10 presents metrics for all fine-tuned models on the validation split | following Table 10: Performance metrics of all models fine-tuned for proprietary model detection on	Model Loss Acc. B. Acc. Prec. Recall F1	80652bfc8193a35b9692bc3f64d49b96231c2aa14ae5b42da279785427c7fe11	21	733	preceding Table 10 presents metrics for all fine-tuned models on the validation split | following Table 10: Performance metrics of all models fine-tuned for proprietary model detection on	Llama-3.1-8B 0.229 0.937 0.937 0.930 0.946 0.938	0.229	The derived alternate numeric result cell in the same source row is not the declared account metric column.
2601.20006	2601.20006:gpt41nano-llama32-3b	2601.20006:gpt41nano-llama32-3b@e947d33ec6711559	same_window	page=21;identity_line=734;metric_line=734	0.932	2601.20006:2f04f8bf1c76bddc	source_owned_row_join	table_row	GPT-4.1-nano validation Llama-3.2-3B	llama323b	21	734	preceding Table 10 presents metrics for all fine-tuned models on the validation split | following Table 10: Performance metrics of all models fine-tuned for proprietary model detection on	Llama-3.2-3B 0.264 0.931 0.931 0.932 0.930 0.931	21	734	preceding Table 10 presents metrics for all fine-tuned models on the validation split | following Table 10: Performance metrics of all models fine-tuned for proprietary model detection on	Llama-3.2-3B 0.264 0.931 0.931 0.932 0.930 0.931	accuracy	numeric cell 4 of 8 in exact result row	4	preceding Table 10 presents metrics for all fine-tuned models on the validation split | following Table 10: Performance metrics of all models fine-tuned for proprietary model detection on; exact row/configuration for GPT-4.1-nano validation Llama-3.2-3B; Review 26 successor re-audit binds this account to the recorded source state, exact row, and numeric column without inheriting the predecessor metric.	0.931	2601.20006:2f04f8bf1c76bddc	extracted_primary_pdf_text	papers/2601.20006.pdf	a5a4f02f1b6581b47014bbb7c4349d50bb7b609850b34b6590115fbd54377cbc	d0a489f7e9dae23e952da437c41a41aa32aa46741206b9bbcfafb48e41a70a6c	wrong_column	21	732	preceding Table 10 presents metrics for all fine-tuned models on the validation split | following Table 10: Performance metrics of all models fine-tuned for proprietary model detection on	Model Loss Acc. B. Acc. Prec. Recall F1	80652bfc8193a35b9692bc3f64d49b96231c2aa14ae5b42da279785427c7fe11	21	734	preceding Table 10 presents metrics for all fine-tuned models on the validation split | following Table 10: Performance metrics of all models fine-tuned for proprietary model detection on	Llama-3.2-3B 0.264 0.931 0.931 0.932 0.930 0.931	0.264	The derived alternate numeric result cell in the same source row is not the declared account metric column.
2601.20006	2601.20006:gpt41nano-ministral8b	2601.20006:gpt41nano-ministral8b@5b4c8de99283add4	same_window	page=21;identity_line=741;metric_line=741	0.946	2601.20006:5c21fc34d20922c9	source_owned_row_join	table_row	GPT-4.1-nano validation Ministral-8B-2410	ministral8b2410	21	741	preceding Table 10 presents metrics for all fine-tuned models on the validation split | following Table 10: Performance metrics of all models fine-tuned for proprietary model detection on	Ministral-8B-2410 0.227 0.936 0.936 0.928 0.946 0.937	21	741	preceding Table 10 presents metrics for all fine-tuned models on the validation split | following Table 10: Performance metrics of all models fine-tuned for proprietary model detection on	Ministral-8B-2410 0.227 0.936 0.936 0.928 0.946 0.937	accuracy	numeric cell 4 of 8 in exact result row	4	preceding Table 10 presents metrics for all fine-tuned models on the validation split | following Table 10: Performance metrics of all models fine-tuned for proprietary model detection on; exact row/configuration for GPT-4.1-nano validation Ministral-8B-2410; Review 26 successor re-audit binds this account to the recorded source state, exact row, and numeric column without inheriting the predecessor metric.	0.936	2601.20006:5c21fc34d20922c9	extracted_primary_pdf_text	papers/2601.20006.pdf	a5a4f02f1b6581b47014bbb7c4349d50bb7b609850b34b6590115fbd54377cbc	20a8fed82bb66be126883b8f3225b330f6b59117fde76fca3d4fab7c23d207c9	wrong_column	21	732	preceding Table 10 presents metrics for all fine-tuned models on the validation split | following Table 10: Performance metrics of all models fine-tuned for proprietary model detection on	Model Loss Acc. B. Acc. Prec. Recall F1	80652bfc8193a35b9692bc3f64d49b96231c2aa14ae5b42da279785427c7fe11	21	741	preceding Table 10 presents metrics for all fine-tuned models on the validation split | following Table 10: Performance metrics of all models fine-tuned for proprietary model detection on	Ministral-8B-2410 0.227 0.936 0.936 0.928 0.946 0.937	0.227	The derived alternate numeric result cell in the same source row is not the declared account metric column.
2601.20006	2601.20006:gpt41nano-mistral-nemo	2601.20006:gpt41nano-mistral-nemo@b748c32adb024fef	same_window	page=21;identity_line=742;metric_line=742	0.945	2601.20006:1b48996ea18e2ce4	source_owned_row_join	table_row	GPT-4.1-nano validation Mistral-Nemo-2407	mistralnemo2407	21	742	preceding Table 10 presents metrics for all fine-tuned models on the validation split | following Table 10: Performance metrics of all models fine-tuned for proprietary model detection on	Mistral-Nemo-2407 0.222 0.940 0.940 0.936 0.945 0.940	21	742	preceding Table 10 presents metrics for all fine-tuned models on the validation split | following Table 10: Performance metrics of all models fine-tuned for proprietary model detection on	Mistral-Nemo-2407 0.222 0.940 0.940 0.936 0.945 0.940	accuracy	numeric cell 3 of 7 in exact result row	3	preceding Table 10 presents metrics for all fine-tuned models on the validation split | following Table 10: Performance metrics of all models fine-tuned for proprietary model detection on; exact row/configuration for GPT-4.1-nano validation Mistral-Nemo-2407; Review 26 successor re-audit binds this account to the recorded source state, exact row, and numeric column without inheriting the predecessor metric.	0.940	2601.20006:1b48996ea18e2ce4	extracted_primary_pdf_text	papers/2601.20006.pdf	a5a4f02f1b6581b47014bbb7c4349d50bb7b609850b34b6590115fbd54377cbc	69820979bd7e5c3c48b3a75a4cabe6859910af00ec40717c032223b6f4dd559b	wrong_column	21	732	preceding Table 10 presents metrics for all fine-tuned models on the validation split | following Table 10: Performance metrics of all models fine-tuned for proprietary model detection on	Model Loss Acc. B. Acc. Prec. Recall F1	80652bfc8193a35b9692bc3f64d49b96231c2aa14ae5b42da279785427c7fe11	21	742	preceding Table 10 presents metrics for all fine-tuned models on the validation split | following Table 10: Performance metrics of all models fine-tuned for proprietary model detection on	Mistral-Nemo-2407 0.222 0.940 0.940 0.936 0.945 0.940	0.222	The derived alternate numeric result cell in the same source row is not the declared account metric column.
2601.20006	2601.20006:gpt41nano-phi3-medium	2601.20006:gpt41nano-phi3-medium@96e6f2522d1b1c0b	same_window	page=21;identity_line=737;metric_line=737	0.950	2601.20006:3b323245e80fe0ea	source_owned_row_join	table_row	GPT-4.1-nano validation Phi-3-medium	phi3medium	21	737	preceding Table 10 presents metrics for all fine-tuned models on the validation split | following Table 10: Performance metrics of all models fine-tuned for proprietary model detection on	Phi-3-medium 0.218 0.938 0.938 0.928 0.950 0.939	21	737	preceding Table 10 presents metrics for all fine-tuned models on the validation split | following Table 10: Performance metrics of all models fine-tuned for proprietary model detection on	Phi-3-medium 0.218 0.938 0.938 0.928 0.950 0.939	accuracy	numeric cell 3 of 7 in exact result row	3	preceding Table 10 presents metrics for all fine-tuned models on the validation split | following Table 10: Performance metrics of all models fine-tuned for proprietary model detection on; exact row/configuration for GPT-4.1-nano validation Phi-3-medium; Review 26 successor re-audit binds this account to the recorded source state, exact row, and numeric column without inheriting the predecessor metric.	0.938	2601.20006:3b323245e80fe0ea	extracted_primary_pdf_text	papers/2601.20006.pdf	a5a4f02f1b6581b47014bbb7c4349d50bb7b609850b34b6590115fbd54377cbc	996ab145d94d8493eec8b09b9c03ec7c35671fb9a2e85920bf852a7c97799621	wrong_column	21	732	preceding Table 10 presents metrics for all fine-tuned models on the validation split | following Table 10: Performance metrics of all models fine-tuned for proprietary model detection on	Model Loss Acc. B. Acc. Prec. Recall F1	80652bfc8193a35b9692bc3f64d49b96231c2aa14ae5b42da279785427c7fe11	21	737	preceding Table 10 presents metrics for all fine-tuned models on the validation split | following Table 10: Performance metrics of all models fine-tuned for proprietary model detection on	Phi-3-medium 0.218 0.938 0.938 0.928 0.950 0.939	0.218	The derived alternate numeric result cell in the same source row is not the declared account metric column.
2601.20006	2601.20006:gpt41nano-phi3-mini	2601.20006:gpt41nano-phi3-mini@5ba35435885cb8cc	same_window	page=21;identity_line=735;metric_line=735	0.939	2601.20006:fab5fe7e00561c95	source_owned_row_join	table_row	GPT-4.1-nano validation Phi-3-mini	phi3mini	21	735	preceding Table 10 presents metrics for all fine-tuned models on the validation split | following Table 10: Performance metrics of all models fine-tuned for proprietary model detection on	Phi-3-mini 0.248 0.929 0.929 0.922 0.939 0.930	21	735	preceding Table 10 presents metrics for all fine-tuned models on the validation split | following Table 10: Performance metrics of all models fine-tuned for proprietary model detection on	Phi-3-mini 0.248 0.929 0.929 0.922 0.939 0.930	accuracy	numeric cell 3 of 7 in exact result row	3	preceding Table 10 presents metrics for all fine-tuned models on the validation split | following Table 10: Performance metrics of all models fine-tuned for proprietary model detection on; exact row/configuration for GPT-4.1-nano validation Phi-3-mini; Review 26 successor re-audit binds this account to the recorded source state, exact row, and numeric column without inheriting the predecessor metric.	0.929	2601.20006:fab5fe7e00561c95	extracted_primary_pdf_text	papers/2601.20006.pdf	a5a4f02f1b6581b47014bbb7c4349d50bb7b609850b34b6590115fbd54377cbc	2f1ca22cb8fed8b5b6edd1d309375d5c49cbff1bc2c4320ab49f46670922cfa9	wrong_column	21	732	preceding Table 10 presents metrics for all fine-tuned models on the validation split | following Table 10: Performance metrics of all models fine-tuned for proprietary model detection on	Model Loss Acc. B. Acc. Prec. Recall F1	80652bfc8193a35b9692bc3f64d49b96231c2aa14ae5b42da279785427c7fe11	21	735	preceding Table 10 presents metrics for all fine-tuned models on the validation split | following Table 10: Performance metrics of all models fine-tuned for proprietary model detection on	Phi-3-mini 0.248 0.929 0.929 0.922 0.939 0.930	0.248	The derived alternate numeric result cell in the same source row is not the declared account metric column.
2601.20006	2601.20006:gpt41nano-phi3-small	2601.20006:gpt41nano-phi3-small@0245799d5e3190de	same_window	page=21;identity_line=736;metric_line=736	0.953	2601.20006:3e7ca79320c53b69	source_owned_row_join	table_row	GPT-4.1-nano validation Phi-3-small	phi3small	21	736	preceding Table 10 presents metrics for all fine-tuned models on the validation split | following Table 10: Performance metrics of all models fine-tuned for proprietary model detection on	Phi-3-small 0.217 0.939 0.939 0.927 0.953 0.940	21	736	preceding Table 10 presents metrics for all fine-tuned models on the validation split | following Table 10: Performance metrics of all models fine-tuned for proprietary model detection on	Phi-3-small 0.217 0.939 0.939 0.927 0.953 0.940	accuracy	numeric cell 3 of 7 in exact result row	3	preceding Table 10 presents metrics for all fine-tuned models on the validation split | following Table 10: Performance metrics of all models fine-tuned for proprietary model detection on; exact row/configuration for GPT-4.1-nano validation Phi-3-small; Review 26 successor re-audit binds this account to the recorded source state, exact row, and numeric column without inheriting the predecessor metric.	0.939	2601.20006:3e7ca79320c53b69	extracted_primary_pdf_text	papers/2601.20006.pdf	a5a4f02f1b6581b47014bbb7c4349d50bb7b609850b34b6590115fbd54377cbc	7a26b647f1b47f6f422265419dd292c5a4e1df6caaa9f1588729089b73d7ed6d	wrong_column	21	732	preceding Table 10 presents metrics for all fine-tuned models on the validation split | following Table 10: Performance metrics of all models fine-tuned for proprietary model detection on	Model Loss Acc. B. Acc. Prec. Recall F1	80652bfc8193a35b9692bc3f64d49b96231c2aa14ae5b42da279785427c7fe11	21	736	preceding Table 10 presents metrics for all fine-tuned models on the validation split | following Table 10: Performance metrics of all models fine-tuned for proprietary model detection on	Phi-3-small 0.217 0.939 0.939 0.927 0.953 0.940	0.217	The derived alternate numeric result cell in the same source row is not the declared account metric column.
2601.20006	2601.20006:gpt41nano-phi35-mini	2601.20006:gpt41nano-phi35-mini@acae69b8e25aeae5	same_window	page=21;identity_line=738;metric_line=738	0.926	2601.20006:3d58362594cc1b8f	source_owned_row_join	table_row	GPT-4.1-nano validation Phi-3.5-mini	phi35mini	21	738	preceding Table 10 presents metrics for all fine-tuned models on the validation split | following Table 10: Performance metrics of all models fine-tuned for proprietary model detection on	Phi-3.5-mini 0.268 0.924 0.924 0.923 0.926 0.925	21	738	preceding Table 10 presents metrics for all fine-tuned models on the validation split | following Table 10: Performance metrics of all models fine-tuned for proprietary model detection on	Phi-3.5-mini 0.268 0.924 0.924 0.923 0.926 0.925	accuracy	numeric cell 3 of 7 in exact result row	3	preceding Table 10 presents metrics for all fine-tuned models on the validation split | following Table 10: Performance metrics of all models fine-tuned for proprietary model detection on; exact row/configuration for GPT-4.1-nano validation Phi-3.5-mini; Review 26 successor re-audit binds this account to the recorded source state, exact row, and numeric column without inheriting the predecessor metric.	0.924	2601.20006:3d58362594cc1b8f	extracted_primary_pdf_text	papers/2601.20006.pdf	a5a4f02f1b6581b47014bbb7c4349d50bb7b609850b34b6590115fbd54377cbc	c3dbc20aea670270070473407aab4f3facc55a2762a7d78feba89099467a5acd	wrong_column	21	732	preceding Table 10 presents metrics for all fine-tuned models on the validation split | following Table 10: Performance metrics of all models fine-tuned for proprietary model detection on	Model Loss Acc. B. Acc. Prec. Recall F1	80652bfc8193a35b9692bc3f64d49b96231c2aa14ae5b42da279785427c7fe11	21	738	preceding Table 10 presents metrics for all fine-tuned models on the validation split | following Table 10: Performance metrics of all models fine-tuned for proprietary model detection on	Phi-3.5-mini 0.268 0.924 0.924 0.923 0.926 0.925	0.268	The derived alternate numeric result cell in the same source row is not the declared account metric column.
2601.20006	2601.20006:gpt41nano-phi4	2601.20006:gpt41nano-phi4@15cfdc6e401c6e72	same_window	page=21;identity_line=740;metric_line=740	0.956	2601.20006:857deaedc0c75c86	source_owned_row_join	table_row	GPT-4.1-nano validation Phi-4	phi4	21	740	preceding Table 10 presents metrics for all fine-tuned models on the validation split | following Table 10: Performance metrics of all models fine-tuned for proprietary model detection on	Phi-4 0.199 0.947 0.947 0.939 0.956 0.947	21	740	preceding Table 10 presents metrics for all fine-tuned models on the validation split | following Table 10: Performance metrics of all models fine-tuned for proprietary model detection on	Phi-4 0.199 0.947 0.947 0.939 0.956 0.947	accuracy	numeric cell 3 of 7 in exact result row	3	preceding Table 10 presents metrics for all fine-tuned models on the validation split | following Table 10: Performance metrics of all models fine-tuned for proprietary model detection on; exact row/configuration for GPT-4.1-nano validation Phi-4; Review 26 successor re-audit binds this account to the recorded source state, exact row, and numeric column without inheriting the predecessor metric.	0.947	2601.20006:857deaedc0c75c86	extracted_primary_pdf_text	papers/2601.20006.pdf	a5a4f02f1b6581b47014bbb7c4349d50bb7b609850b34b6590115fbd54377cbc	8af597d24f764d7dc093442f04c0c6ef790390cf1c777ad89beee54f4768b69c	wrong_column	21	732	preceding Table 10 presents metrics for all fine-tuned models on the validation split | following Table 10: Performance metrics of all models fine-tuned for proprietary model detection on	Model Loss Acc. B. Acc. Prec. Recall F1	80652bfc8193a35b9692bc3f64d49b96231c2aa14ae5b42da279785427c7fe11	21	740	preceding Table 10 presents metrics for all fine-tuned models on the validation split | following Table 10: Performance metrics of all models fine-tuned for proprietary model detection on	Phi-4 0.199 0.947 0.947 0.939 0.956 0.947	0.199	The derived alternate numeric result cell in the same source row is not the declared account metric column.
2601.20006	2601.20006:gpt41nano-phi4-mini	2601.20006:gpt41nano-phi4-mini@3d694cdbe1e86664	same_window	page=21;identity_line=739;metric_line=739	0.939	2601.20006:9334df33d1aa480d	source_owned_row_join	table_row	GPT-4.1-nano validation Phi-4-mini	phi4mini	21	739	preceding Table 10 presents metrics for all fine-tuned models on the validation split | following Table 10: Performance metrics of all models fine-tuned for proprietary model detection on	Phi-4-mini 0.251 0.923 0.923 0.909 0.939 0.924	21	739	preceding Table 10 presents metrics for all fine-tuned models on the validation split | following Table 10: Performance metrics of all models fine-tuned for proprietary model detection on	Phi-4-mini 0.251 0.923 0.923 0.909 0.939 0.924	accuracy	numeric cell 3 of 7 in exact result row	3	preceding Table 10 presents metrics for all fine-tuned models on the validation split | following Table 10: Performance metrics of all models fine-tuned for proprietary model detection on; exact row/configuration for GPT-4.1-nano validation Phi-4-mini; Review 26 successor re-audit binds this account to the recorded source state, exact row, and numeric column without inheriting the predecessor metric.	0.923	2601.20006:9334df33d1aa480d	extracted_primary_pdf_text	papers/2601.20006.pdf	a5a4f02f1b6581b47014bbb7c4349d50bb7b609850b34b6590115fbd54377cbc	5d6b75895458afdba6c71b8cc7003aaddb540857e93f50c4c512c1e6328cc10c	wrong_column	21	732	preceding Table 10 presents metrics for all fine-tuned models on the validation split | following Table 10: Performance metrics of all models fine-tuned for proprietary model detection on	Model Loss Acc. B. Acc. Prec. Recall F1	80652bfc8193a35b9692bc3f64d49b96231c2aa14ae5b42da279785427c7fe11	21	739	preceding Table 10 presents metrics for all fine-tuned models on the validation split | following Table 10: Performance metrics of all models fine-tuned for proprietary model detection on	Phi-4-mini 0.251 0.923 0.923 0.909 0.939 0.924	0.251	The derived alternate numeric result cell in the same source row is not the declared account metric column.
2601.20006	2601.20006:gpt41nano-qwen2-7b	2601.20006:gpt41nano-qwen2-7b@74cb9983baf5f15e	same_window	page=21;identity_line=743;metric_line=743	0.929	2601.20006:74cf25f667a9c96e	source_owned_row_join	table_row	GPT-4.1-nano validation Qwen2-7B	qwen27b	21	743	preceding Table 10 presents metrics for all fine-tuned models on the validation split | following Table 10: Performance metrics of all models fine-tuned for proprietary model detection on	Qwen2-7B 0.257 0.929 0.929 0.929 0.929 0.929	21	743	preceding Table 10 presents metrics for all fine-tuned models on the validation split | following Table 10: Performance metrics of all models fine-tuned for proprietary model detection on	Qwen2-7B 0.257 0.929 0.929 0.929 0.929 0.929	accuracy	numeric cell 3 of 7 in exact result row	3	preceding Table 10 presents metrics for all fine-tuned models on the validation split | following Table 10: Performance metrics of all models fine-tuned for proprietary model detection on; exact row/configuration for GPT-4.1-nano validation Qwen2-7B; Review 26 successor re-audit binds this account to the recorded source state, exact row, and numeric column without inheriting the predecessor metric.	0.929	2601.20006:74cf25f667a9c96e	extracted_primary_pdf_text	papers/2601.20006.pdf	a5a4f02f1b6581b47014bbb7c4349d50bb7b609850b34b6590115fbd54377cbc	83dbbf484da12a6b9e574a80d8ea083ffca66a9e86256d976b970985fdbb55d7	wrong_column	21	732	preceding Table 10 presents metrics for all fine-tuned models on the validation split | following Table 10: Performance metrics of all models fine-tuned for proprietary model detection on	Model Loss Acc. B. Acc. Prec. Recall F1	80652bfc8193a35b9692bc3f64d49b96231c2aa14ae5b42da279785427c7fe11	21	743	preceding Table 10 presents metrics for all fine-tuned models on the validation split | following Table 10: Performance metrics of all models fine-tuned for proprietary model detection on	Qwen2-7B 0.257 0.929 0.929 0.929 0.929 0.929	0.257	The derived alternate numeric result cell in the same source row is not the declared account metric column.
2601.20006	2601.20006:gpt41nano-qwen25-14b	2601.20006:gpt41nano-qwen25-14b@c6b5ecfe7d17e4e8	same_window	page=21;identity_line=746;metric_line=746	0.939	2601.20006:f3c8dc81ef8770a2	source_owned_row_join	table_row	GPT-4.1-nano validation Qwen2.5-14B	qwen2514b	21	746	preceding Table 10 presents metrics for all fine-tuned models on the validation split | following Table 10: Performance metrics of all models fine-tuned for proprietary model detection on	Qwen2.5-14B 0.227 0.935 0.935 0.930 0.939 0.935	21	746	preceding Table 10 presents metrics for all fine-tuned models on the validation split | following Table 10: Performance metrics of all models fine-tuned for proprietary model detection on	Qwen2.5-14B 0.227 0.935 0.935 0.930 0.939 0.935	accuracy	numeric cell 4 of 8 in exact result row	4	preceding Table 10 presents metrics for all fine-tuned models on the validation split | following Table 10: Performance metrics of all models fine-tuned for proprietary model detection on; exact row/configuration for GPT-4.1-nano validation Qwen2.5-14B; Review 26 successor re-audit binds this account to the recorded source state, exact row, and numeric column without inheriting the predecessor metric.	0.935	2601.20006:f3c8dc81ef8770a2	extracted_primary_pdf_text	papers/2601.20006.pdf	a5a4f02f1b6581b47014bbb7c4349d50bb7b609850b34b6590115fbd54377cbc	b1fddf29de3fb2037a32b4aabbd542504b06847e6f6f82bb56fdb7d9bffdd74b	wrong_column	21	732	preceding Table 10 presents metrics for all fine-tuned models on the validation split | following Table 10: Performance metrics of all models fine-tuned for proprietary model detection on	Model Loss Acc. B. Acc. Prec. Recall F1	80652bfc8193a35b9692bc3f64d49b96231c2aa14ae5b42da279785427c7fe11	21	746	preceding Table 10 presents metrics for all fine-tuned models on the validation split | following Table 10: Performance metrics of all models fine-tuned for proprietary model detection on	Qwen2.5-14B 0.227 0.935 0.935 0.930 0.939 0.935	0.227	The derived alternate numeric result cell in the same source row is not the declared account metric column.
2601.20006	2601.20006:gpt41nano-qwen25-3b	2601.20006:gpt41nano-qwen25-3b@c5440fa6080e206b	same_window	page=21;identity_line=744;metric_line=744	0.924	2601.20006:504baeb3d6904e29	source_owned_row_join	table_row	GPT-4.1-nano validation Qwen2.5-3B	qwen253b	21	744	preceding Table 10 presents metrics for all fine-tuned models on the validation split | following Table 10: Performance metrics of all models fine-tuned for proprietary model detection on	Qwen2.5-3B 0.280 0.922 0.922 0.920 0.924 0.922	21	744	preceding Table 10 presents metrics for all fine-tuned models on the validation split | following Table 10: Performance metrics of all models fine-tuned for proprietary model detection on	Qwen2.5-3B 0.280 0.922 0.922 0.920 0.924 0.922	accuracy	numeric cell 4 of 8 in exact result row	4	preceding Table 10 presents metrics for all fine-tuned models on the validation split | following Table 10: Performance metrics of all models fine-tuned for proprietary model detection on; exact row/configuration for GPT-4.1-nano validation Qwen2.5-3B; Review 26 successor re-audit binds this account to the recorded source state, exact row, and numeric column without inheriting the predecessor metric.	0.922	2601.20006:504baeb3d6904e29	extracted_primary_pdf_text	papers/2601.20006.pdf	a5a4f02f1b6581b47014bbb7c4349d50bb7b609850b34b6590115fbd54377cbc	576e58d34ab6f283c4e41d021a2412d0bf5ea9f3896e14d529b2c75e49b48dd7	wrong_column	21	732	preceding Table 10 presents metrics for all fine-tuned models on the validation split | following Table 10: Performance metrics of all models fine-tuned for proprietary model detection on	Model Loss Acc. B. Acc. Prec. Recall F1	80652bfc8193a35b9692bc3f64d49b96231c2aa14ae5b42da279785427c7fe11	21	744	preceding Table 10 presents metrics for all fine-tuned models on the validation split | following Table 10: Performance metrics of all models fine-tuned for proprietary model detection on	Qwen2.5-3B 0.280 0.922 0.922 0.920 0.924 0.922	0.280	The derived alternate numeric result cell in the same source row is not the declared account metric column.
2601.20006	2601.20006:gpt41nano-qwen25-7b	2601.20006:gpt41nano-qwen25-7b@b77b7b34b8760384	same_window	page=21;identity_line=745;metric_line=745	0.940	2601.20006:92049afbb91665d2	source_owned_row_join	table_row	GPT-4.1-nano validation Qwen2.5-7B	qwen257b	21	745	preceding Table 10 presents metrics for all fine-tuned models on the validation split | following Table 10: Performance metrics of all models fine-tuned for proprietary model detection on	Qwen2.5-7B 0.246 0.929 0.929 0.918 0.940 0.929	21	745	preceding Table 10 presents metrics for all fine-tuned models on the validation split | following Table 10: Performance metrics of all models fine-tuned for proprietary model detection on	Qwen2.5-7B 0.246 0.929 0.929 0.918 0.940 0.929	accuracy	numeric cell 4 of 8 in exact result row	4	preceding Table 10 presents metrics for all fine-tuned models on the validation split | following Table 10: Performance metrics of all models fine-tuned for proprietary model detection on; exact row/configuration for GPT-4.1-nano validation Qwen2.5-7B; Review 26 successor re-audit binds this account to the recorded source state, exact row, and numeric column without inheriting the predecessor metric.	0.929	2601.20006:92049afbb91665d2	extracted_primary_pdf_text	papers/2601.20006.pdf	a5a4f02f1b6581b47014bbb7c4349d50bb7b609850b34b6590115fbd54377cbc	e2a7c6bca91977737f3fc04a78814ba9740b6e83f155b7f8524e17173790957b	wrong_column	21	732	preceding Table 10 presents metrics for all fine-tuned models on the validation split | following Table 10: Performance metrics of all models fine-tuned for proprietary model detection on	Model Loss Acc. B. Acc. Prec. Recall F1	80652bfc8193a35b9692bc3f64d49b96231c2aa14ae5b42da279785427c7fe11	21	745	preceding Table 10 presents metrics for all fine-tuned models on the validation split | following Table 10: Performance metrics of all models fine-tuned for proprietary model detection on	Qwen2.5-7B 0.246 0.929 0.929 0.918 0.940 0.929	0.246	The derived alternate numeric result cell in the same source row is not the declared account metric column.
2601.20006	2601.20006:master-falcon3-3b	2601.20006:master-falcon3-3b@e6a82eb66dd84526	same_window	page=20;identity_line=706;metric_line=706	0.995	2601.20006:ea4293585fa2284b	source_owned_row_join	table_row	Master-test Falcon3-3B	falcon33b	20	706	preceding Table 8: Metrics of the external model on the master-testset dataset | following Table 9: Performance metrics of all fine-tuned models on the master-testset dataset	Falcon3-3B 0.051 0.993 0.993 0.995 0.991 0.993	20	706	preceding Table 8: Metrics of the external model on the master-testset dataset | following Table 9: Performance metrics of all fine-tuned models on the master-testset dataset	Falcon3-3B 0.051 0.993 0.993 0.995 0.991 0.993	accuracy	numeric cell 3 of 7 in exact result row	3	preceding Table 8: Metrics of the external model on the master-testset dataset | following Table 9: Performance metrics of all fine-tuned models on the master-testset dataset; exact row/configuration for Master-test Falcon3-3B; Review 26 successor re-audit binds this account to the recorded source state, exact row, and numeric column without inheriting the predecessor metric.	0.993	2601.20006:ea4293585fa2284b	extracted_primary_pdf_text	papers/2601.20006.pdf	a5a4f02f1b6581b47014bbb7c4349d50bb7b609850b34b6590115fbd54377cbc	42248d90f409324e89fd5eb28e34c84dc255f9a8d99ebb0c85bec9d6ba8c70e7	wrong_column	20	691	preceding Table 8: Metrics of the external model on the master-testset dataset | following Table 9: Performance metrics of all fine-tuned models on the master-testset dataset	Model Loss Acc. B. Acc. Prec. Recall F1	80652bfc8193a35b9692bc3f64d49b96231c2aa14ae5b42da279785427c7fe11	20	706	preceding Table 8: Metrics of the external model on the master-testset dataset | following Table 9: Performance metrics of all fine-tuned models on the master-testset dataset	Falcon3-3B 0.051 0.993 0.993 0.995 0.991 0.993	0.051	The derived alternate numeric result cell in the same source row is not the declared account metric column.
2601.20006	2601.20006:master-falcon3-7b	2601.20006:master-falcon3-7b@4fb422ce45d10710	same_window	page=20;identity_line=707;metric_line=707	0.996	2601.20006:7d3fe369609a66a9	source_owned_row_join	table_row	Master-test Falcon3-7B	falcon37b	20	707	preceding Table 8: Metrics of the external model on the master-testset dataset | following Table 9: Performance metrics of all fine-tuned models on the master-testset dataset	Falcon3-7B 0.050 0.994 0.994 0.996 0.991 0.994	20	707	preceding Table 8: Metrics of the external model on the master-testset dataset | following Table 9: Performance metrics of all fine-tuned models on the master-testset dataset	Falcon3-7B 0.050 0.994 0.994 0.996 0.991 0.994	accuracy	numeric cell 3 of 7 in exact result row	3	preceding Table 8: Metrics of the external model on the master-testset dataset | following Table 9: Performance metrics of all fine-tuned models on the master-testset dataset; exact row/configuration for Master-test Falcon3-7B; Review 26 successor re-audit binds this account to the recorded source state, exact row, and numeric column without inheriting the predecessor metric.	0.994	2601.20006:7d3fe369609a66a9	extracted_primary_pdf_text	papers/2601.20006.pdf	a5a4f02f1b6581b47014bbb7c4349d50bb7b609850b34b6590115fbd54377cbc	1e3cac046469d36efd0aeeb56e772e7cefea32fbf08d83b94604a8576764485f	wrong_column	20	691	preceding Table 8: Metrics of the external model on the master-testset dataset | following Table 9: Performance metrics of all fine-tuned models on the master-testset dataset	Model Loss Acc. B. Acc. Prec. Recall F1	80652bfc8193a35b9692bc3f64d49b96231c2aa14ae5b42da279785427c7fe11	20	707	preceding Table 8: Metrics of the external model on the master-testset dataset | following Table 9: Performance metrics of all fine-tuned models on the master-testset dataset	Falcon3-7B 0.050 0.994 0.994 0.996 0.991 0.994	0.050	The derived alternate numeric result cell in the same source row is not the declared account metric column.
2601.20006	2601.20006:master-llama31-8b	2601.20006:master-llama31-8b@e1c3ec3b4be401cf	same_window	page=20;identity_line=692;metric_line=692	0.996	2601.20006:ee6a138f4c47cea1	source_owned_row_join	table_row	Master-test Llama-3.1-8B	llama318b	20	692	preceding Table 8: Metrics of the external model on the master-testset dataset | following Table 9: Performance metrics of all fine-tuned models on the master-testset dataset	Llama-3.1-8B 0.044 0.995 0.995 0.996 0.993 0.995	20	692	preceding Table 8: Metrics of the external model on the master-testset dataset | following Table 9: Performance metrics of all fine-tuned models on the master-testset dataset	Llama-3.1-8B 0.044 0.995 0.995 0.996 0.993 0.995	accuracy	numeric cell 4 of 8 in exact result row	4	preceding Table 8: Metrics of the external model on the master-testset dataset | following Table 9: Performance metrics of all fine-tuned models on the master-testset dataset; exact row/configuration for Master-test Llama-3.1-8B; Review 26 successor re-audit binds this account to the recorded source state, exact row, and numeric column without inheriting the predecessor metric.	0.995	2601.20006:ee6a138f4c47cea1	extracted_primary_pdf_text	papers/2601.20006.pdf	a5a4f02f1b6581b47014bbb7c4349d50bb7b609850b34b6590115fbd54377cbc	8d8ad2a8d4ee850c4616f85fbe98f7b128110814c26d0f2865987ff9881fb658	wrong_column	20	691	preceding Table 8: Metrics of the external model on the master-testset dataset | following Table 9: Performance metrics of all fine-tuned models on the master-testset dataset	Model Loss Acc. B. Acc. Prec. Recall F1	80652bfc8193a35b9692bc3f64d49b96231c2aa14ae5b42da279785427c7fe11	20	692	preceding Table 8: Metrics of the external model on the master-testset dataset | following Table 9: Performance metrics of all fine-tuned models on the master-testset dataset	Llama-3.1-8B 0.044 0.995 0.995 0.996 0.993 0.995	0.044	The derived alternate numeric result cell in the same source row is not the declared account metric column.
2601.20006	2601.20006:master-llama32-3b	2601.20006:master-llama32-3b@e55d82c12f146f76	same_window	page=20;identity_line=693;metric_line=693	0.995	2601.20006:07655f3b6e4dfc2c	source_owned_row_join	table_row	Master-test Llama-3.2-3B	llama323b	20	693	preceding Table 8: Metrics of the external model on the master-testset dataset | following Table 9: Performance metrics of all fine-tuned models on the master-testset dataset	Llama-3.2-3B 0.051 0.994 0.994 0.995 0.992 0.994	20	693	preceding Table 8: Metrics of the external model on the master-testset dataset | following Table 9: Performance metrics of all fine-tuned models on the master-testset dataset	Llama-3.2-3B 0.051 0.994 0.994 0.995 0.992 0.994	accuracy	numeric cell 4 of 8 in exact result row	4	preceding Table 8: Metrics of the external model on the master-testset dataset | following Table 9: Performance metrics of all fine-tuned models on the master-testset dataset; exact row/configuration for Master-test Llama-3.2-3B; Review 26 successor re-audit binds this account to the recorded source state, exact row, and numeric column without inheriting the predecessor metric.	0.994	2601.20006:07655f3b6e4dfc2c	extracted_primary_pdf_text	papers/2601.20006.pdf	a5a4f02f1b6581b47014bbb7c4349d50bb7b609850b34b6590115fbd54377cbc	74f3cee14eff977034804637811388f67f5fd8b2fd2eaa8858a035d5cbd690e5	wrong_column	20	691	preceding Table 8: Metrics of the external model on the master-testset dataset | following Table 9: Performance metrics of all fine-tuned models on the master-testset dataset	Model Loss Acc. B. Acc. Prec. Recall F1	80652bfc8193a35b9692bc3f64d49b96231c2aa14ae5b42da279785427c7fe11	20	693	preceding Table 8: Metrics of the external model on the master-testset dataset | following Table 9: Performance metrics of all fine-tuned models on the master-testset dataset	Llama-3.2-3B 0.051 0.994 0.994 0.995 0.992 0.994	0.051	The derived alternate numeric result cell in the same source row is not the declared account metric column.
2601.20006	2601.20006:master-ministral8b	2601.20006:master-ministral8b@46b569974facbe08	same_window	page=20;identity_line=700;metric_line=700	0.996	2601.20006:c845a0a7a503cf28	source_owned_row_join	table_row	Master-test Ministral-8B-2410	ministral8b2410	20	700	preceding Table 8: Metrics of the external model on the master-testset dataset | following Table 9: Performance metrics of all fine-tuned models on the master-testset dataset	Ministral-8B-2410 0.048 0.994 0.994 0.996 0.992 0.994	20	700	preceding Table 8: Metrics of the external model on the master-testset dataset | following Table 9: Performance metrics of all fine-tuned models on the master-testset dataset	Ministral-8B-2410 0.048 0.994 0.994 0.996 0.992 0.994	accuracy	numeric cell 4 of 8 in exact result row	4	preceding Table 8: Metrics of the external model on the master-testset dataset | following Table 9: Performance metrics of all fine-tuned models on the master-testset dataset; exact row/configuration for Master-test Ministral-8B-2410; Review 26 successor re-audit binds this account to the recorded source state, exact row, and numeric column without inheriting the predecessor metric.	0.994	2601.20006:c845a0a7a503cf28	extracted_primary_pdf_text	papers/2601.20006.pdf	a5a4f02f1b6581b47014bbb7c4349d50bb7b609850b34b6590115fbd54377cbc	1871a8a012dfe1b344479300e2f8cf904af76dedf20773c7ad0972f7a093fadd	wrong_column	20	691	preceding Table 8: Metrics of the external model on the master-testset dataset | following Table 9: Performance metrics of all fine-tuned models on the master-testset dataset	Model Loss Acc. B. Acc. Prec. Recall F1	80652bfc8193a35b9692bc3f64d49b96231c2aa14ae5b42da279785427c7fe11	20	700	preceding Table 8: Metrics of the external model on the master-testset dataset | following Table 9: Performance metrics of all fine-tuned models on the master-testset dataset	Ministral-8B-2410 0.048 0.994 0.994 0.996 0.992 0.994	0.048	The derived alternate numeric result cell in the same source row is not the declared account metric column.
2601.20006	2601.20006:master-mistral-nemo	2601.20006:master-mistral-nemo@a1e87d12e98c6c5e	same_window	page=20;identity_line=701;metric_line=701	0.997	2601.20006:4aa47762c7071426	source_owned_row_join	table_row	Master-test Mistral-Nemo-2407	mistralnemo2407	20	701	preceding Table 8: Metrics of the external model on the master-testset dataset | following Table 9: Performance metrics of all fine-tuned models on the master-testset dataset	Mistral-Nemo-2407 0.054 0.994 0.994 0.997 0.990 0.993	20	701	preceding Table 8: Metrics of the external model on the master-testset dataset | following Table 9: Performance metrics of all fine-tuned models on the master-testset dataset	Mistral-Nemo-2407 0.054 0.994 0.994 0.997 0.990 0.993	accuracy	numeric cell 3 of 7 in exact result row	3	preceding Table 8: Metrics of the external model on the master-testset dataset | following Table 9: Performance metrics of all fine-tuned models on the master-testset dataset; exact row/configuration for Master-test Mistral-Nemo-2407; Review 26 successor re-audit binds this account to the recorded source state, exact row, and numeric column without inheriting the predecessor metric.	0.994	2601.20006:4aa47762c7071426	extracted_primary_pdf_text	papers/2601.20006.pdf	a5a4f02f1b6581b47014bbb7c4349d50bb7b609850b34b6590115fbd54377cbc	edffd39101d1dfe1ade480b82e84621cc9282bcb3831f7447c11f71d2b735baf	wrong_column	20	691	preceding Table 8: Metrics of the external model on the master-testset dataset | following Table 9: Performance metrics of all fine-tuned models on the master-testset dataset	Model Loss Acc. B. Acc. Prec. Recall F1	80652bfc8193a35b9692bc3f64d49b96231c2aa14ae5b42da279785427c7fe11	20	701	preceding Table 8: Metrics of the external model on the master-testset dataset | following Table 9: Performance metrics of all fine-tuned models on the master-testset dataset	Mistral-Nemo-2407 0.054 0.994 0.994 0.997 0.990 0.993	0.054	The derived alternate numeric result cell in the same source row is not the declared account metric column.
2601.20006	2601.20006:master-phi3-medium	2601.20006:master-phi3-medium@7cb99b3b0a61645e	same_window	page=20;identity_line=696;metric_line=696	0.998	2601.20006:47b39d29f2c57edd	source_owned_row_join	table_row	Master-test Phi-3-medium	phi3medium	20	696	preceding Table 8: Metrics of the external model on the master-testset dataset | following Table 9: Performance metrics of all fine-tuned models on the master-testset dataset	Phi-3-medium 0.048 0.995 0.995 0.998 0.992 0.995	20	696	preceding Table 8: Metrics of the external model on the master-testset dataset | following Table 9: Performance metrics of all fine-tuned models on the master-testset dataset	Phi-3-medium 0.048 0.995 0.995 0.998 0.992 0.995	accuracy	numeric cell 3 of 7 in exact result row	3	preceding Table 8: Metrics of the external model on the master-testset dataset | following Table 9: Performance metrics of all fine-tuned models on the master-testset dataset; exact row/configuration for Master-test Phi-3-medium; Review 26 successor re-audit binds this account to the recorded source state, exact row, and numeric column without inheriting the predecessor metric.	0.995	2601.20006:47b39d29f2c57edd	extracted_primary_pdf_text	papers/2601.20006.pdf	a5a4f02f1b6581b47014bbb7c4349d50bb7b609850b34b6590115fbd54377cbc	05b1b5edb107f9c2ccf32bd93d20c93598337dc2254e085c17fdf4e9141fc091	wrong_column	20	691	preceding Table 8: Metrics of the external model on the master-testset dataset | following Table 9: Performance metrics of all fine-tuned models on the master-testset dataset	Model Loss Acc. B. Acc. Prec. Recall F1	80652bfc8193a35b9692bc3f64d49b96231c2aa14ae5b42da279785427c7fe11	20	696	preceding Table 8: Metrics of the external model on the master-testset dataset | following Table 9: Performance metrics of all fine-tuned models on the master-testset dataset	Phi-3-medium 0.048 0.995 0.995 0.998 0.992 0.995	0.048	The derived alternate numeric result cell in the same source row is not the declared account metric column.
2601.20006	2601.20006:master-phi3-mini	2601.20006:master-phi3-mini@9aa193659b90d0b0	same_window	page=20;identity_line=694;metric_line=694	0.997	2601.20006:fca05ae3f68553f4	source_owned_row_join	table_row	Master-test Phi-3-mini	phi3mini	20	694	preceding Table 8: Metrics of the external model on the master-testset dataset | following Table 9: Performance metrics of all fine-tuned models on the master-testset dataset	Phi-3-mini 0.044 0.993 0.993 0.997 0.990 0.993	20	694	preceding Table 8: Metrics of the external model on the master-testset dataset | following Table 9: Performance metrics of all fine-tuned models on the master-testset dataset	Phi-3-mini 0.044 0.993 0.993 0.997 0.990 0.993	accuracy	numeric cell 3 of 7 in exact result row	3	preceding Table 8: Metrics of the external model on the master-testset dataset | following Table 9: Performance metrics of all fine-tuned models on the master-testset dataset; exact row/configuration for Master-test Phi-3-mini; Review 26 successor re-audit binds this account to the recorded source state, exact row, and numeric column without inheriting the predecessor metric.	0.993	2601.20006:fca05ae3f68553f4	extracted_primary_pdf_text	papers/2601.20006.pdf	a5a4f02f1b6581b47014bbb7c4349d50bb7b609850b34b6590115fbd54377cbc	bf6e4c5a21c8e7042c0727b22e489e33897d53d62f75bb0e9f37367cf3dc1a22	wrong_column	20	691	preceding Table 8: Metrics of the external model on the master-testset dataset | following Table 9: Performance metrics of all fine-tuned models on the master-testset dataset	Model Loss Acc. B. Acc. Prec. Recall F1	80652bfc8193a35b9692bc3f64d49b96231c2aa14ae5b42da279785427c7fe11	20	694	preceding Table 8: Metrics of the external model on the master-testset dataset | following Table 9: Performance metrics of all fine-tuned models on the master-testset dataset	Phi-3-mini 0.044 0.993 0.993 0.997 0.990 0.993	0.044	The derived alternate numeric result cell in the same source row is not the declared account metric column.
2601.20006	2601.20006:master-phi3-small	2601.20006:master-phi3-small@dc1d3588d26c1fd8	same_window	page=20;identity_line=695;metric_line=695	0.997	2601.20006:eb5770f9d991d48a	source_owned_row_join	table_row	Master-test Phi-3-small	phi3small	20	695	preceding Table 8: Metrics of the external model on the master-testset dataset | following Table 9: Performance metrics of all fine-tuned models on the master-testset dataset	Phi-3-small 0.056 0.995 0.995 0.997 0.993 0.995	20	695	preceding Table 8: Metrics of the external model on the master-testset dataset | following Table 9: Performance metrics of all fine-tuned models on the master-testset dataset	Phi-3-small 0.056 0.995 0.995 0.997 0.993 0.995	accuracy	numeric cell 3 of 7 in exact result row	3	preceding Table 8: Metrics of the external model on the master-testset dataset | following Table 9: Performance metrics of all fine-tuned models on the master-testset dataset; exact row/configuration for Master-test Phi-3-small; Review 26 successor re-audit binds this account to the recorded source state, exact row, and numeric column without inheriting the predecessor metric.	0.995	2601.20006:eb5770f9d991d48a	extracted_primary_pdf_text	papers/2601.20006.pdf	a5a4f02f1b6581b47014bbb7c4349d50bb7b609850b34b6590115fbd54377cbc	1ed4200e76c07cb6adc20174963080bd4a55af62886e2387b3cb730da5bd1e47	wrong_column	20	691	preceding Table 8: Metrics of the external model on the master-testset dataset | following Table 9: Performance metrics of all fine-tuned models on the master-testset dataset	Model Loss Acc. B. Acc. Prec. Recall F1	80652bfc8193a35b9692bc3f64d49b96231c2aa14ae5b42da279785427c7fe11	20	695	preceding Table 8: Metrics of the external model on the master-testset dataset | following Table 9: Performance metrics of all fine-tuned models on the master-testset dataset	Phi-3-small 0.056 0.995 0.995 0.997 0.993 0.995	0.056	The derived alternate numeric result cell in the same source row is not the declared account metric column.
2601.20006	2601.20006:master-phi35-mini	2601.20006:master-phi35-mini@b3dca275e973140e	same_window	page=20;identity_line=697;metric_line=697	0.996	2601.20006:ad5c4c43dcfc9989	source_owned_row_join	table_row	Master-test Phi-3.5-mini	phi35mini	20	697	preceding Table 8: Metrics of the external model on the master-testset dataset | following Table 9: Performance metrics of all fine-tuned models on the master-testset dataset	Phi-3.5-mini 0.046 0.993 0.993 0.996 0.990 0.993	20	697	preceding Table 8: Metrics of the external model on the master-testset dataset | following Table 9: Performance metrics of all fine-tuned models on the master-testset dataset	Phi-3.5-mini 0.046 0.993 0.993 0.996 0.990 0.993	accuracy	numeric cell 3 of 7 in exact result row	3	preceding Table 8: Metrics of the external model on the master-testset dataset | following Table 9: Performance metrics of all fine-tuned models on the master-testset dataset; exact row/configuration for Master-test Phi-3.5-mini; Review 26 successor re-audit binds this account to the recorded source state, exact row, and numeric column without inheriting the predecessor metric.	0.993	2601.20006:ad5c4c43dcfc9989	extracted_primary_pdf_text	papers/2601.20006.pdf	a5a4f02f1b6581b47014bbb7c4349d50bb7b609850b34b6590115fbd54377cbc	e9b30116c1c3a81e96ae1f3eea9ae5255c8ced95309596a3a32d4da6171e1905	wrong_column	20	691	preceding Table 8: Metrics of the external model on the master-testset dataset | following Table 9: Performance metrics of all fine-tuned models on the master-testset dataset	Model Loss Acc. B. Acc. Prec. Recall F1	80652bfc8193a35b9692bc3f64d49b96231c2aa14ae5b42da279785427c7fe11	20	697	preceding Table 8: Metrics of the external model on the master-testset dataset | following Table 9: Performance metrics of all fine-tuned models on the master-testset dataset	Phi-3.5-mini 0.046 0.993 0.993 0.996 0.990 0.993	0.046	The derived alternate numeric result cell in the same source row is not the declared account metric column.
2601.20006	2601.20006:master-phi4	2601.20006:master-phi4@2083e6346b4dbac8	same_window	page=20;identity_line=699;metric_line=699	0.998	2601.20006:c0db4bb15f5744fb	source_owned_row_join	table_row	Master-test Phi-4	phi4	20	699	preceding Table 8: Metrics of the external model on the master-testset dataset | following Table 9: Performance metrics of all fine-tuned models on the master-testset dataset	Phi-4 0.046 0.996 0.996 0.998 0.993 0.996	20	699	preceding Table 8: Metrics of the external model on the master-testset dataset | following Table 9: Performance metrics of all fine-tuned models on the master-testset dataset	Phi-4 0.046 0.996 0.996 0.998 0.993 0.996	accuracy	numeric cell 3 of 7 in exact result row	3	preceding Table 8: Metrics of the external model on the master-testset dataset | following Table 9: Performance metrics of all fine-tuned models on the master-testset dataset; exact row/configuration for Master-test Phi-4; Review 26 successor re-audit binds this account to the recorded source state, exact row, and numeric column without inheriting the predecessor metric.	0.996	2601.20006:c0db4bb15f5744fb	extracted_primary_pdf_text	papers/2601.20006.pdf	a5a4f02f1b6581b47014bbb7c4349d50bb7b609850b34b6590115fbd54377cbc	6fdf8f485051952ca345c3e71808b37166c487d22591e43a6377d45de3eb8426	wrong_column	20	691	preceding Table 8: Metrics of the external model on the master-testset dataset | following Table 9: Performance metrics of all fine-tuned models on the master-testset dataset	Model Loss Acc. B. Acc. Prec. Recall F1	80652bfc8193a35b9692bc3f64d49b96231c2aa14ae5b42da279785427c7fe11	20	699	preceding Table 8: Metrics of the external model on the master-testset dataset | following Table 9: Performance metrics of all fine-tuned models on the master-testset dataset	Phi-4 0.046 0.996 0.996 0.998 0.993 0.996	0.046	The derived alternate numeric result cell in the same source row is not the declared account metric column.
2601.20006	2601.20006:master-phi4-mini	2601.20006:master-phi4-mini@7f57d7433a7ba768	same_window	page=20;identity_line=698;metric_line=698	0.997	2601.20006:a29be61c98af42c7	source_owned_row_join	table_row	Master-test Phi-4-mini	phi4mini	20	698	preceding Table 8: Metrics of the external model on the master-testset dataset | following Table 9: Performance metrics of all fine-tuned models on the master-testset dataset	Phi-4-mini 0.045 0.994 0.994 0.997 0.990 0.993	20	698	preceding Table 8: Metrics of the external model on the master-testset dataset | following Table 9: Performance metrics of all fine-tuned models on the master-testset dataset	Phi-4-mini 0.045 0.994 0.994 0.997 0.990 0.993	accuracy	numeric cell 3 of 7 in exact result row	3	preceding Table 8: Metrics of the external model on the master-testset dataset | following Table 9: Performance metrics of all fine-tuned models on the master-testset dataset; exact row/configuration for Master-test Phi-4-mini; Review 26 successor re-audit binds this account to the recorded source state, exact row, and numeric column without inheriting the predecessor metric.	0.994	2601.20006:a29be61c98af42c7	extracted_primary_pdf_text	papers/2601.20006.pdf	a5a4f02f1b6581b47014bbb7c4349d50bb7b609850b34b6590115fbd54377cbc	cb6d669547f61b7632faa953f8e46f376d8b1d2a815eeb5e1b6a7ddec5d1599a	wrong_column	20	691	preceding Table 8: Metrics of the external model on the master-testset dataset | following Table 9: Performance metrics of all fine-tuned models on the master-testset dataset	Model Loss Acc. B. Acc. Prec. Recall F1	80652bfc8193a35b9692bc3f64d49b96231c2aa14ae5b42da279785427c7fe11	20	698	preceding Table 8: Metrics of the external model on the master-testset dataset | following Table 9: Performance metrics of all fine-tuned models on the master-testset dataset	Phi-4-mini 0.045 0.994 0.994 0.997 0.990 0.993	0.045	The derived alternate numeric result cell in the same source row is not the declared account metric column.
2601.20006	2601.20006:master-qwen2-7b	2601.20006:master-qwen2-7b@6d6435b6aabd272b	same_window	page=20;identity_line=702;metric_line=702	0.997	2601.20006:561be69a28441113	source_owned_row_join	table_row	Master-test Qwen2-7B	qwen27b	20	702	preceding Table 8: Metrics of the external model on the master-testset dataset | following Table 9: Performance metrics of all fine-tuned models on the master-testset dataset	Qwen2-7B 0.048 0.994 0.994 0.997 0.991 0.994	20	702	preceding Table 8: Metrics of the external model on the master-testset dataset | following Table 9: Performance metrics of all fine-tuned models on the master-testset dataset	Qwen2-7B 0.048 0.994 0.994 0.997 0.991 0.994	accuracy	numeric cell 3 of 7 in exact result row	3	preceding Table 8: Metrics of the external model on the master-testset dataset | following Table 9: Performance metrics of all fine-tuned models on the master-testset dataset; exact row/configuration for Master-test Qwen2-7B; Review 26 successor re-audit binds this account to the recorded source state, exact row, and numeric column without inheriting the predecessor metric.	0.994	2601.20006:561be69a28441113	extracted_primary_pdf_text	papers/2601.20006.pdf	a5a4f02f1b6581b47014bbb7c4349d50bb7b609850b34b6590115fbd54377cbc	ae49c74d4b476c1971d7495e16b2f79ae0806f44ca8ae317ef3907ac3d78024b	wrong_column	20	691	preceding Table 8: Metrics of the external model on the master-testset dataset | following Table 9: Performance metrics of all fine-tuned models on the master-testset dataset	Model Loss Acc. B. Acc. Prec. Recall F1	80652bfc8193a35b9692bc3f64d49b96231c2aa14ae5b42da279785427c7fe11	20	702	preceding Table 8: Metrics of the external model on the master-testset dataset | following Table 9: Performance metrics of all fine-tuned models on the master-testset dataset	Qwen2-7B 0.048 0.994 0.994 0.997 0.991 0.994	0.048	The derived alternate numeric result cell in the same source row is not the declared account metric column.
2601.20006	2601.20006:master-qwen25-14b	2601.20006:master-qwen25-14b@022839778b4701af	same_window	page=20;identity_line=705;metric_line=705	0.996	2601.20006:e147e0c370fce8f0	source_owned_row_join	table_row	Master-test Qwen2.5-14B	qwen2514b	20	705	preceding Table 8: Metrics of the external model on the master-testset dataset | following Table 9: Performance metrics of all fine-tuned models on the master-testset dataset	Qwen2.5-14B 0.051 0.993 0.993 0.996 0.990 0.993	20	705	preceding Table 8: Metrics of the external model on the master-testset dataset | following Table 9: Performance metrics of all fine-tuned models on the master-testset dataset	Qwen2.5-14B 0.051 0.993 0.993 0.996 0.990 0.993	accuracy	numeric cell 4 of 8 in exact result row	4	preceding Table 8: Metrics of the external model on the master-testset dataset | following Table 9: Performance metrics of all fine-tuned models on the master-testset dataset; exact row/configuration for Master-test Qwen2.5-14B; Review 26 successor re-audit binds this account to the recorded source state, exact row, and numeric column without inheriting the predecessor metric.	0.993	2601.20006:e147e0c370fce8f0	extracted_primary_pdf_text	papers/2601.20006.pdf	a5a4f02f1b6581b47014bbb7c4349d50bb7b609850b34b6590115fbd54377cbc	9358d96e763d13d74b5861c86217bb7f678d12f367d06c43f96a678bd579192d	wrong_column	20	691	preceding Table 8: Metrics of the external model on the master-testset dataset | following Table 9: Performance metrics of all fine-tuned models on the master-testset dataset	Model Loss Acc. B. Acc. Prec. Recall F1	80652bfc8193a35b9692bc3f64d49b96231c2aa14ae5b42da279785427c7fe11	20	705	preceding Table 8: Metrics of the external model on the master-testset dataset | following Table 9: Performance metrics of all fine-tuned models on the master-testset dataset	Qwen2.5-14B 0.051 0.993 0.993 0.996 0.990 0.993	0.051	The derived alternate numeric result cell in the same source row is not the declared account metric column.
2601.20006	2601.20006:master-qwen25-3b	2601.20006:master-qwen25-3b@58f5ac0a99205a8d	same_window	page=20;identity_line=703;metric_line=703	0.996	2601.20006:54a235c482ae7cc6	source_owned_row_join	table_row	Master-test Qwen2.5-3B	qwen253b	20	703	preceding Table 8: Metrics of the external model on the master-testset dataset | following Table 9: Performance metrics of all fine-tuned models on the master-testset dataset	Qwen2.5-3B 0.052 0.993 0.993 0.996 0.991 0.993	20	703	preceding Table 8: Metrics of the external model on the master-testset dataset | following Table 9: Performance metrics of all fine-tuned models on the master-testset dataset	Qwen2.5-3B 0.052 0.993 0.993 0.996 0.991 0.993	accuracy	numeric cell 4 of 8 in exact result row	4	preceding Table 8: Metrics of the external model on the master-testset dataset | following Table 9: Performance metrics of all fine-tuned models on the master-testset dataset; exact row/configuration for Master-test Qwen2.5-3B; Review 26 successor re-audit binds this account to the recorded source state, exact row, and numeric column without inheriting the predecessor metric.	0.993	2601.20006:54a235c482ae7cc6	extracted_primary_pdf_text	papers/2601.20006.pdf	a5a4f02f1b6581b47014bbb7c4349d50bb7b609850b34b6590115fbd54377cbc	88d7e121563c51342d088735f3fb528d27e177d317e8f3a9f0fbf74bd3d3bd6e	wrong_column	20	691	preceding Table 8: Metrics of the external model on the master-testset dataset | following Table 9: Performance metrics of all fine-tuned models on the master-testset dataset	Model Loss Acc. B. Acc. Prec. Recall F1	80652bfc8193a35b9692bc3f64d49b96231c2aa14ae5b42da279785427c7fe11	20	703	preceding Table 8: Metrics of the external model on the master-testset dataset | following Table 9: Performance metrics of all fine-tuned models on the master-testset dataset	Qwen2.5-3B 0.052 0.993 0.993 0.996 0.991 0.993	0.052	The derived alternate numeric result cell in the same source row is not the declared account metric column.
2601.20006	2601.20006:master-qwen25-7b	2601.20006:master-qwen25-7b@5cffcb2a7c95ae08	same_window	page=20;identity_line=704;metric_line=704	0.996	2601.20006:7c8da0a3df5ed3ae	source_owned_row_join	table_row	Master-test Qwen2.5-7B	qwen257b	20	704	preceding Table 8: Metrics of the external model on the master-testset dataset | following Table 9: Performance metrics of all fine-tuned models on the master-testset dataset	Qwen2.5-7B 0.051 0.993 0.993 0.996 0.991 0.993	20	704	preceding Table 8: Metrics of the external model on the master-testset dataset | following Table 9: Performance metrics of all fine-tuned models on the master-testset dataset	Qwen2.5-7B 0.051 0.993 0.993 0.996 0.991 0.993	accuracy	numeric cell 4 of 8 in exact result row	4	preceding Table 8: Metrics of the external model on the master-testset dataset | following Table 9: Performance metrics of all fine-tuned models on the master-testset dataset; exact row/configuration for Master-test Qwen2.5-7B; Review 26 successor re-audit binds this account to the recorded source state, exact row, and numeric column without inheriting the predecessor metric.	0.993	2601.20006:7c8da0a3df5ed3ae	extracted_primary_pdf_text	papers/2601.20006.pdf	a5a4f02f1b6581b47014bbb7c4349d50bb7b609850b34b6590115fbd54377cbc	3e497b2962081c10ef30259188519195ad5ec00725e197679ef4883a4e412dfb	wrong_column	20	691	preceding Table 8: Metrics of the external model on the master-testset dataset | following Table 9: Performance metrics of all fine-tuned models on the master-testset dataset	Model Loss Acc. B. Acc. Prec. Recall F1	80652bfc8193a35b9692bc3f64d49b96231c2aa14ae5b42da279785427c7fe11	20	704	preceding Table 8: Metrics of the external model on the master-testset dataset | following Table 9: Performance metrics of all fine-tuned models on the master-testset dataset	Qwen2.5-7B 0.051 0.993 0.993 0.996 0.991 0.993	0.051	The derived alternate numeric result cell in the same source row is not the declared account metric column.
2601.20006	2601.20006:self-mistral-nemo	2601.20006:self-mistral-nemo@fa5313ed8a7448cd	same_window	page=22;identity_line=778;metric_line=778	0.925	2601.20006:7fe221cbf0dce1a1	source_owned_row_join	table_row	Per-LLM Mistral-Nemo-2407	mistralnemo2407	22	778	preceding Table 11 presents metrics for all models fine-tuned for the detection of | following Table 11: Performance metrics of all models fine-tuned for the detection of texts generated	Mistral-Nemo-2407 0.273 0.923 0.923 0.920 0.925 0.922	22	778	preceding Table 11 presents metrics for all models fine-tuned for the detection of | following Table 11: Performance metrics of all models fine-tuned for the detection of texts generated	Mistral-Nemo-2407 0.273 0.923 0.923 0.920 0.925 0.922	accuracy	numeric cell 3 of 7 in exact result row	3	preceding Table 11 presents metrics for all models fine-tuned for the detection of | following Table 11: Performance metrics of all models fine-tuned for the detection of texts generated; exact row/configuration for Per-LLM Mistral-Nemo-2407; Review 26 successor re-audit binds this account to the recorded source state, exact row, and numeric column without inheriting the predecessor metric.	0.923	2601.20006:7fe221cbf0dce1a1	extracted_primary_pdf_text	papers/2601.20006.pdf	a5a4f02f1b6581b47014bbb7c4349d50bb7b609850b34b6590115fbd54377cbc	93ed28fbe242f780d38fc9b673dcfeb612df9242402ac0ac167ee1ab2290a838	wrong_column	22	766	preceding Table 11 presents metrics for all models fine-tuned for the detection of | following Table 11: Performance metrics of all models fine-tuned for the detection of texts generated	Model Loss Acc. B. Acc. Prec. Recall F1	80652bfc8193a35b9692bc3f64d49b96231c2aa14ae5b42da279785427c7fe11	22	778	preceding Table 11 presents metrics for all models fine-tuned for the detection of | following Table 11: Performance metrics of all models fine-tuned for the detection of texts generated	Mistral-Nemo-2407 0.273 0.923 0.923 0.920 0.925 0.922	0.273	The derived alternate numeric result cell in the same source row is not the declared account metric column.
2601.20006	2601.20006:self-phi35-mini	2601.20006:self-phi35-mini@0cd4cf3e79705c09	same_window	page=22;identity_line=774;metric_line=774	0.916	2601.20006:2c7710727a03bbd3	source_owned_row_join	table_row	Per-LLM Phi-3.5-mini	phi35mini	22	774	preceding Table 11 presents metrics for all models fine-tuned for the detection of | following Table 11: Performance metrics of all models fine-tuned for the detection of texts generated	Phi-3.5-mini 0.277 0.908 0.908 0.906 0.916 0.911	22	774	preceding Table 11 presents metrics for all models fine-tuned for the detection of | following Table 11: Performance metrics of all models fine-tuned for the detection of texts generated	Phi-3.5-mini 0.277 0.908 0.908 0.906 0.916 0.911	accuracy	numeric cell 3 of 7 in exact result row	3	preceding Table 11 presents metrics for all models fine-tuned for the detection of | following Table 11: Performance metrics of all models fine-tuned for the detection of texts generated; exact row/configuration for Per-LLM Phi-3.5-mini; Review 26 successor re-audit binds this account to the recorded source state, exact row, and numeric column without inheriting the predecessor metric.	0.908	2601.20006:2c7710727a03bbd3	extracted_primary_pdf_text	papers/2601.20006.pdf	a5a4f02f1b6581b47014bbb7c4349d50bb7b609850b34b6590115fbd54377cbc	8d31aeea92bb2392416fd49671d31df674ee575cc50a08fa68d45b0fb8a48530	wrong_column	22	766	preceding Table 11 presents metrics for all models fine-tuned for the detection of | following Table 11: Performance metrics of all models fine-tuned for the detection of texts generated	Model Loss Acc. B. Acc. Prec. Recall F1	80652bfc8193a35b9692bc3f64d49b96231c2aa14ae5b42da279785427c7fe11	22	774	preceding Table 11 presents metrics for all models fine-tuned for the detection of | following Table 11: Performance metrics of all models fine-tuned for the detection of texts generated	Phi-3.5-mini 0.277 0.908 0.908 0.906 0.916 0.911	0.277	The derived alternate numeric result cell in the same source row is not the declared account metric column.
2602.01240	2602.01240:entropy	2602.01240:entropy@bde6b0858628fa89	table_configuration_join	locator=table2;identity_line=586	94.17	2602.01240:a3b2c84765c46573	source_owned_row_join	table_row	DetectRouter-Entropy	entropy	15	1060	preceding Table 6. Routing enhancement on EvoBench. Per-family AUROC is reported in percentage for each detection method with and without | following Table 7. Routing enhancement on MAGE. Per-family AUROC is reported in percentage for each detection method with and without	Entropy+Ours 94.78 80.20 92.75 92.24 92.36 92.59 83.01 89.70	15	1060	preceding Table 6. Routing enhancement on EvoBench. Per-family AUROC is reported in percentage for each detection method with and without | following Table 7. Routing enhancement on MAGE. Per-family AUROC is reported in percentage for each detection method with and without	Entropy+Ours 94.78 80.20 92.75 92.24 92.36 92.59 83.01 89.70	AUROC	numeric cell 1 of 8 in exact result row	1	preceding Table 6. Routing enhancement on EvoBench. Per-family AUROC is reported in percentage for each detection method with and without | following Table 7. Routing enhancement on MAGE. Per-family AUROC is reported in percentage for each detection method with and without; exact row/configuration for DetectRouter-Entropy; Review 26 successor re-audit binds this account to the recorded source state, exact row, and numeric column without inheriting the predecessor metric.	94.78	2602.01240:a02c23d3167db8e1	extracted_primary_pdf_text	papers/2602.01240.pdf	0c269d6a3f8de8e3450e7418511bd69ab93b911cc7e3012e80ffb2c66b313150	11c738f991e3dd25bb09a31dc172c22e417041540c25c70b28588740cf294ded	wrong_column	15	1051	preceding Table 6. Routing enhancement on EvoBench. Per-family AUROC is reported in percentage for each detection method with and without | following Table 7. Routing enhancement on MAGE. Per-family AUROC is reported in percentage for each detection method with and without	Table 6. Routing enhancement on EvoBench. Per-family AUROC is reported in percentage for each detection method with and without	5157098fea88ee04f2839298ac99fe0cdc1d4568a5e8767e560d9d31f1ab62a0	15	1060	preceding Table 6. Routing enhancement on EvoBench. Per-family AUROC is reported in percentage for each detection method with and without | following Table 7. Routing enhancement on MAGE. Per-family AUROC is reported in percentage for each detection method with and without	Entropy+Ours 94.78 80.20 92.75 92.24 92.36 92.59 83.01 89.70	80.20	The derived alternate numeric result cell in the same source row is not the declared account metric column.
2602.01240	2602.01240:llr	2602.01240:llr@b039ac42228a6ffc	same_window	page=7;identity_line=588;metric_line=589	94.17	2602.01240:a3b2c84765c46573	source_owned_row_join	table_row	DetectRouter-LLR	llr	15	1092	preceding Table 7. Routing enhancement on MAGE. Per-family AUROC is reported in percentage for each detection method with and without | following Figure 8 visualizes the performance degradation when moving from white-box to cross-model detection settings. For	LLR+Ours 89.40 90.17 72.46 59.63 81.28 61.35 59.98 46.77 70.13	15	1092	preceding Table 7. Routing enhancement on MAGE. Per-family AUROC is reported in percentage for each detection method with and without | following Figure 8 visualizes the performance degradation when moving from white-box to cross-model detection settings. For	LLR+Ours 89.40 90.17 72.46 59.63 81.28 61.35 59.98 46.77 70.13	AUROC	numeric cell 2 of 9 in exact result row	2	preceding Table 7. Routing enhancement on MAGE. Per-family AUROC is reported in percentage for each detection method with and without | following Figure 8 visualizes the performance degradation when moving from white-box to cross-model detection settings. For; exact row/configuration for DetectRouter-LLR; Review 26 successor re-audit binds this account to the recorded source state, exact row, and numeric column without inheriting the predecessor metric.	90.17	2602.01240:b2e76213d7a9926c	extracted_primary_pdf_text	papers/2602.01240.pdf	0c269d6a3f8de8e3450e7418511bd69ab93b911cc7e3012e80ffb2c66b313150	4412f8ec05311522c85e80d230bcac43e1c046d3056077f30ac4058eca600935	wrong_column	15	1074	preceding Table 7. Routing enhancement on MAGE. Per-family AUROC is reported in percentage for each detection method with and without | following Figure 8 visualizes the performance degradation when moving from white-box to cross-model detection settings. For	Table 7. Routing enhancement on MAGE. Per-family AUROC is reported in percentage for each detection method with and without	48d828aa172da209586afce2a316adfcb2153b8cd762af9ae30de19773671537	15	1092	preceding Table 7. Routing enhancement on MAGE. Per-family AUROC is reported in percentage for each detection method with and without | following Figure 8 visualizes the performance degradation when moving from white-box to cross-model detection settings. For	LLR+Ours 89.40 90.17 72.46 59.63 81.28 61.35 59.98 46.77 70.13	89.40	The derived alternate numeric result cell in the same source row is not the declared account metric column.
2602.01240	2602.01240:rank	2602.01240:rank@a4e7146a7c93f66b	same_window	page=7;identity_line=587;metric_line=589	94.17	2602.01240:a3b2c84765c46573	source_owned_row_join	table_row	DetectRouter-Rank	rank	15	1063	preceding Table 6. Routing enhancement on EvoBench. Per-family AUROC is reported in percentage for each detection method with and without | following Table 7. Routing enhancement on MAGE. Per-family AUROC is reported in percentage for each detection method with and without	Rank+Ours 78.13 69.24 75.01 76.35 74.34 75.06 65.48 73.37	15	1063	preceding Table 6. Routing enhancement on EvoBench. Per-family AUROC is reported in percentage for each detection method with and without | following Table 7. Routing enhancement on MAGE. Per-family AUROC is reported in percentage for each detection method with and without	Rank+Ours 78.13 69.24 75.01 76.35 74.34 75.06 65.48 73.37	AUROC	numeric cell 1 of 8 in exact result row	1	preceding Table 6. Routing enhancement on EvoBench. Per-family AUROC is reported in percentage for each detection method with and without | following Table 7. Routing enhancement on MAGE. Per-family AUROC is reported in percentage for each detection method with and without; exact row/configuration for DetectRouter-Rank; Review 26 successor re-audit binds this account to the recorded source state, exact row, and numeric column without inheriting the predecessor metric.	78.13		extracted_primary_pdf_text	papers/2602.01240.pdf	0c269d6a3f8de8e3450e7418511bd69ab93b911cc7e3012e80ffb2c66b313150	beea1d3f996ccdcde84ee4cfcdf69f7ac814213618e1e18ee9387fd155adc7bf	wrong_column	15	1051	preceding Table 6. Routing enhancement on EvoBench. Per-family AUROC is reported in percentage for each detection method with and without | following Table 7. Routing enhancement on MAGE. Per-family AUROC is reported in percentage for each detection method with and without	Table 6. Routing enhancement on EvoBench. Per-family AUROC is reported in percentage for each detection method with and without	5157098fea88ee04f2839298ac99fe0cdc1d4568a5e8767e560d9d31f1ab62a0	15	1063	preceding Table 6. Routing enhancement on EvoBench. Per-family AUROC is reported in percentage for each detection method with and without | following Table 7. Routing enhancement on MAGE. Per-family AUROC is reported in percentage for each detection method with and without	Rank+Ours 78.13 69.24 75.01 76.35 74.34 75.06 65.48 73.37	69.24	The derived alternate numeric result cell in the same source row is not the declared account metric column.
2602.08031	2602.08031:detectgpt	2602.08031:detectgpt@b85dce7c9d508a7d	same_window	page=30;identity_line=2264;metric_line=2264	0.90	2602.08031:4d797fe5cb03ad69	source_owned_row_join	table_row	DetectGPT baseline	AUROC DetectGPT	33	2474	preceding Table 16: Performance on TruthfulQA dataset. The detection models are trained on text generated	AUROC DetectGPT 75.73±1.30 86.86±0.70 92.84±0.66 72.25±1.87 92.84±1.08 86.70±0.65 84.54	33	2474	preceding Table 16: Performance on TruthfulQA dataset. The detection models are trained on text generated	AUROC DetectGPT 75.73±1.30 86.86±0.70 92.84±0.66 72.25±1.87 92.84±1.08 86.70±0.65 84.54	AUROC	Table 16 third generator column AUROC	5	Appendix Table 16 DetectGPT baseline row; the third generator mean AUROC is 92.84 and the adjacent 0.66 is its uncertainty, not a result.; Review 26 successor re-audit binds this account to the recorded source state, exact row, and numeric column without inheriting the predecessor metric.	92.84	2602.08031:b176ee48ab687691	extracted_primary_pdf_text	papers/2602.08031.pdf	8867634321d23dce2026d19876bf6b322a7860ade4f26c0447c43b47f4f228b7	5ae491d49cb3ea4b45f73be2fa6f530c96e77941a57de78dc8fb0ed3d00c313c	wrong_column	33	2454	preceding Table 16: Performance on TruthfulQA dataset. The detection models are trained on text generated	Metric Method GPT4 ChatGPT-turbo ChatGLM Dolly ChatGPT StableLM Avg.	0ff4766185320fd4fb222b0972d9a469e55cab30717bebd96ec85c73e3e92da8	33	2474	preceding Table 16: Performance on TruthfulQA dataset. The detection models are trained on text generated	AUROC DetectGPT 75.73±1.30 86.86±0.70 92.84±0.66 72.25±1.87 92.84±1.08 86.70±0.65 84.54	86.86	The derived alternate numeric result cell in the same source row is not the declared account metric column.
2602.11871	2602.11871:binoculars-llama	2602.11871:binoculars-llama@41feb9db693ae729	same_window	page=9;identity_line=495;metric_line=495	0.931	2602.11871:15e22ffdf421e20b	source_owned_row_join	table_row	Binoculars with Llama pair	Llama	9	494	preceding Table 1: Performance comparison across different machine-generated text black box detection meth-	Llama-3.1-8B 0.825 0.325 0.849 0.365 0.942 0.410	9	494	preceding Table 1: Performance comparison across different machine-generated text black box detection meth-	Llama-3.1-8B 0.825 0.325 0.849 0.365 0.942 0.410	AUROC	numeric cell 7 of 8 in exact result row	7	preceding Table 1: Performance comparison across different machine-generated text black box detection meth-; exact row/configuration for Binoculars with Llama pair; Review 26 successor re-audit binds this account to the recorded source state, exact row, and numeric column without inheriting the predecessor metric.	0.942	2602.11871:cc4ade50a013bbe9	extracted_primary_pdf_text	papers/2602.11871.pdf	d54d25ebf9af859c44c0f9b9ce2105c778e2be610418c57cbc47d3877a970d02	3e3950c0294b7a1a6943d7f197ce3c23258249328eaaee4e6bb82cd70fd1797e	wrong_column	9	479	preceding Table 1: Performance comparison across different machine-generated text black box detection meth-	Table 1: Performance comparison across different machine-generated text black box detection meth-	c0b4e5fb7718e43599e226d0971b6b6fa54b3d5ee1fd821890fb14bff066d924	9	494	preceding Table 1: Performance comparison across different machine-generated text black box detection meth-	Llama-3.1-8B 0.825 0.325 0.849 0.365 0.942 0.410	0.365	The derived alternate numeric result cell in the same source row is not the declared account metric column.
2602.11871	2602.11871:binoculars-qwen	2602.11871:binoculars-qwen@40bef178d4d51127	same_window	page=9;identity_line=495;metric_line=495	0.931	2602.11871:15e22ffdf421e20b	source_owned_row_join	table_row	Binoculars with Qwen pair	Qwen3	9	496	preceding Table 1: Performance comparison across different machine-generated text black box detection meth-	Qwen3-8B 0.857 0.416 0.752 0.467 0.949 0.492	9	496	preceding Table 1: Performance comparison across different machine-generated text black box detection meth-	Qwen3-8B 0.857 0.416 0.752 0.467 0.949 0.492	AUROC	numeric cell 6 of 7 in exact result row	6	preceding Table 1: Performance comparison across different machine-generated text black box detection meth-; exact row/configuration for Binoculars with Qwen pair; Review 26 successor re-audit binds this account to the recorded source state, exact row, and numeric column without inheriting the predecessor metric.	0.949	2602.11871:24e52320dbb8a77a	extracted_primary_pdf_text	papers/2602.11871.pdf	d54d25ebf9af859c44c0f9b9ce2105c778e2be610418c57cbc47d3877a970d02	c2e8cc8020e462f6e69231032002c4daeafac8b2b48fea2bf014e29f86385ea6	wrong_column	9	479	preceding Table 1: Performance comparison across different machine-generated text black box detection meth-	Table 1: Performance comparison across different machine-generated text black box detection meth-	c0b4e5fb7718e43599e226d0971b6b6fa54b3d5ee1fd821890fb14bff066d924	9	496	preceding Table 1: Performance comparison across different machine-generated text black box detection meth-	Qwen3-8B 0.857 0.416 0.752 0.467 0.949 0.492	0.467	The derived alternate numeric result cell in the same source row is not the declared account metric column.
2602.11871	2602.11871:fdgpt-llama	2602.11871:fdgpt-llama@72cc4f154f0c69a2	same_window	page=9;identity_line=489;metric_line=489	0.906	2602.11871:123b28ed2ff39632	source_owned_row_join	table_row	FastDetectGPT with Llama scorer	Llama	9	488	preceding Table 1: Performance comparison across different machine-generated text black box detection meth-	Llama-3.1-8B 0.702 0.200 0.739 0.208 0.915 0.289	9	488	preceding Table 1: Performance comparison across different machine-generated text black box detection meth-	Llama-3.1-8B 0.702 0.200 0.739 0.208 0.915 0.289	AUROC	numeric cell 7 of 8 in exact result row	7	preceding Table 1: Performance comparison across different machine-generated text black box detection meth-; exact row/configuration for FastDetectGPT with Llama scorer; Review 26 successor re-audit binds this account to the recorded source state, exact row, and numeric column without inheriting the predecessor metric.	0.915	2602.11871:71d8504eb2ede60f	extracted_primary_pdf_text	papers/2602.11871.pdf	d54d25ebf9af859c44c0f9b9ce2105c778e2be610418c57cbc47d3877a970d02	5bf271ac662cdd018cd4fb9bb61152949711db47b2f9ce5115130826c85daa5d	wrong_column	9	479	preceding Table 1: Performance comparison across different machine-generated text black box detection meth-	Table 1: Performance comparison across different machine-generated text black box detection meth-	c0b4e5fb7718e43599e226d0971b6b6fa54b3d5ee1fd821890fb14bff066d924	9	488	preceding Table 1: Performance comparison across different machine-generated text black box detection meth-	Llama-3.1-8B 0.702 0.200 0.739 0.208 0.915 0.289	0.208	The derived alternate numeric result cell in the same source row is not the declared account metric column.
2602.11871	2602.11871:fdgpt-mistral	2602.11871:fdgpt-mistral@7b8cbbd19ff720cc	same_window	page=9;identity_line=489;metric_line=489	0.906	2602.11871:123b28ed2ff39632	source_owned_row_join	table_row	FastDetectGPT with Mistral scorer	fastdetectgpt	9	489	preceding Table 1: Performance comparison across different machine-generated text black box detection meth-	FAST-D ETECT GPT Mistral-7B-v0.3 0.770 0.276 0.819 0.299 0.906 0.339	9	489	preceding Table 1: Performance comparison across different machine-generated text black box detection meth-	FAST-D ETECT GPT Mistral-7B-v0.3 0.770 0.276 0.819 0.299 0.906 0.339	AUROC	numeric cell 7 of 8 in exact result row	7	preceding Table 1: Performance comparison across different machine-generated text black box detection meth-; exact row/configuration for FastDetectGPT with Mistral scorer; Review 26 successor re-audit binds this account to the recorded source state, exact row, and numeric column without inheriting the predecessor metric.	0.906	2602.11871:123b28ed2ff39632	extracted_primary_pdf_text	papers/2602.11871.pdf	d54d25ebf9af859c44c0f9b9ce2105c778e2be610418c57cbc47d3877a970d02	cb4501ddfd81ce5185dc73e0feeeac6bb0b4763a97ccccdf6c5dcfe8c40af5b1	wrong_column	9	479	preceding Table 1: Performance comparison across different machine-generated text black box detection meth-	Table 1: Performance comparison across different machine-generated text black box detection meth-	c0b4e5fb7718e43599e226d0971b6b6fa54b3d5ee1fd821890fb14bff066d924	9	489	preceding Table 1: Performance comparison across different machine-generated text black box detection meth-	FAST-D ETECT GPT Mistral-7B-v0.3 0.770 0.276 0.819 0.299 0.906 0.339	0.299	The derived alternate numeric result cell in the same source row is not the declared account metric column.
2602.11871	2602.11871:fdgpt-qwen	2602.11871:fdgpt-qwen@c39b376ff56a215a	same_window	page=9;identity_line=489;metric_line=489	0.906	2602.11871:123b28ed2ff39632	source_owned_row_join	table_row	FastDetectGPT with Qwen scorer	Qwen3	9	490	preceding Table 1: Performance comparison across different machine-generated text black box detection meth-	Qwen3-8B 0.765 0.289 0.612 0.320 0.923 0.377	9	490	preceding Table 1: Performance comparison across different machine-generated text black box detection meth-	Qwen3-8B 0.765 0.289 0.612 0.320 0.923 0.377	AUROC	numeric cell 6 of 7 in exact result row	6	preceding Table 1: Performance comparison across different machine-generated text black box detection meth-; exact row/configuration for FastDetectGPT with Qwen scorer; Review 26 successor re-audit binds this account to the recorded source state, exact row, and numeric column without inheriting the predecessor metric.	0.923	2602.11871:9775fc61d635443e	extracted_primary_pdf_text	papers/2602.11871.pdf	d54d25ebf9af859c44c0f9b9ce2105c778e2be610418c57cbc47d3877a970d02	33f32df4e19a51d5729ccd2fce3e9eb202c735bbad4385f078f3cdacccc32f54	wrong_column	9	479	preceding Table 1: Performance comparison across different machine-generated text black box detection meth-	Table 1: Performance comparison across different machine-generated text black box detection meth-	c0b4e5fb7718e43599e226d0971b6b6fa54b3d5ee1fd821890fb14bff066d924	9	490	preceding Table 1: Performance comparison across different machine-generated text black box detection meth-	Qwen3-8B 0.765 0.289 0.612 0.320 0.923 0.377	0.320	The derived alternate numeric result cell in the same source row is not the declared account metric column.
2602.15514	2602.15514:dependencyai	2602.15514:dependencyai@62fc0a239b778a8a	same_window	page=4;identity_line=183;metric_line=184	98.27	2602.15514:0680197d1d525436	source_owned_state_join	table_row	DependencyAI	dependencyai	4	183	preceding Figure 3 shows the top five most influential de- | following Table 2: Multilingual evaluation of detectors trained and	DependencyAI	4	184	preceding Figure 3 shows the top five most influential de- | following Table 2: Multilingual evaluation of detectors trained and	German 98.27 97.57 97.92 97.93	accuracy	numeric cell 1 of 4 in exact result row	1	preceding Figure 3 shows the top five most influential de- | following Table 2: Multilingual evaluation of detectors trained and; exact row/configuration for DependencyAI; Review 26 successor re-audit binds this account to the recorded source state, exact row, and numeric column without inheriting the predecessor metric.	98.27	2602.15514:0680197d1d525436	extracted_primary_pdf_text	papers/2602.15514.pdf	b99baf05a1fd3aef4dbbf523763849006a5eae42b1c002cb28e57ba6fd5aea04	342afc95e69e25ab1517e6cd70f76d1b814dc74f52ad8dad1b8d0532deaf3c31	wrong_column	4	172	following Figure 3 shows the top five most influential de-	Detector Test Prec Recall F1 Acc 6 Feature Importance	af9e38f83d83febed6b68b4404eb28cefe5adbd0f4e97fd240a945ea0bd509fa	4	184	preceding Figure 3 shows the top five most influential de- | following Table 2: Multilingual evaluation of detectors trained and	German 98.27 97.57 97.92 97.93	97.57	The derived alternate numeric result cell in the same source row is not the declared account metric column.
2602.15514	2602.15514:xlmr	2602.15514:xlmr@6b870d04119f3460	same_window	page=4;identity_line=176;metric_line=177	99.57	2602.15514:c7545ed571605dc0	source_owned_state_join	table_row	XLM-RoBERTa baseline	xlmr	4	176	preceding Figure 3 shows the top five most influential de- | following Table 2: Multilingual evaluation of detectors trained and	XLM-R	4	177	preceding Figure 3 shows the top five most influential de- | following Table 2: Multilingual evaluation of detectors trained and	German 78.85 99.57 88.01 86.43 pendency relations for AI-generated text detec-	accuracy	numeric cell 2 of 4 in exact result row	2	preceding Figure 3 shows the top five most influential de- | following Table 2: Multilingual evaluation of detectors trained and; exact row/configuration for XLM-RoBERTa baseline; Review 26 successor re-audit binds this account to the recorded source state, exact row, and numeric column without inheriting the predecessor metric.	99.57	2602.15514:c7545ed571605dc0	extracted_primary_pdf_text	papers/2602.15514.pdf	b99baf05a1fd3aef4dbbf523763849006a5eae42b1c002cb28e57ba6fd5aea04	bc697868224dba632f88000d5b0a3e6202955e068393e35ca1705d862e39425c	wrong_column	4	172	following Figure 3 shows the top five most influential de-	Detector Test Prec Recall F1 Acc 6 Feature Importance	af9e38f83d83febed6b68b4404eb28cefe5adbd0f4e97fd240a945ea0bd509fa	4	177	preceding Figure 3 shows the top five most influential de- | following Table 2: Multilingual evaluation of detectors trained and	German 78.85 99.57 88.01 86.43 pendency relations for AI-generated text detec-	78.85	The derived alternate numeric result cell in the same source row is not the declared account metric column.
2603.05617	2603.05617:curvature	2603.05617:curvature@14751cff342e5aca	same_window	page=5;identity_line=269;metric_line=269	0.9417	2603.05617:52c848547d694629	source_owned_row_join	table_row	NOTAI curvature classifier	curvature	5	269	following Table 1: Performance comparison of individual compo-	Curvature only 0.8943 0.9417 0.8408 0.8884	5	269	following Table 1: Performance comparison of individual compo-	Curvature only 0.8943 0.9417 0.8408 0.8884	precision	numeric cell 2 of 4 in exact result row	2	following Table 1: Performance comparison of individual compo-; exact row/configuration for NOTAI curvature classifier; Review 26 successor re-audit binds this account to the recorded source state, exact row, and numeric column without inheriting the predecessor metric.	0.9417	2603.05617:52c848547d694629	extracted_primary_pdf_text	papers/2603.05617.pdf	e1f97fef025b788c7f3b8582b1b457d121a7f0abd82713c4846d8a2ee598c58b	1c1a8ac20f97549a5d5934b617ad53171a4a0626b72c5abdba80444f277dec10	wrong_column	5	266	following Table 1: Performance comparison of individual compo-	Approach Accuracy Precision Recall F1	f7547dae02342865ea79419a6a3a572dcf8662a3289ae78e8aef226fe83f84ce	5	269	following Table 1: Performance comparison of individual compo-	Curvature only 0.8943 0.9417 0.8408 0.8884	0.8943	The derived alternate numeric result cell in the same source row is not the declared account metric column.
2603.05617	2603.05617:stylometric	2603.05617:stylometric@48321ba9e1d3828f	same_window	page=5;identity_line=267;metric_line=269	0.9417	2603.05617:52c848547d694629	source_owned_row_join	table_row	NOTAI stylometric classifier	stylometric	5	267	following Table 1: Performance comparison of individual compo-	Stylometric only 0.8720 0.8776 0.8646 0.8711	5	267	following Table 1: Performance comparison of individual compo-	Stylometric only 0.8720 0.8776 0.8646 0.8711	precision	numeric cell 2 of 4 in exact result row	2	following Table 1: Performance comparison of individual compo-; exact row/configuration for NOTAI stylometric classifier; Review 26 successor re-audit binds this account to the recorded source state, exact row, and numeric column without inheriting the predecessor metric.	0.8776		extracted_primary_pdf_text	papers/2603.05617.pdf	e1f97fef025b788c7f3b8582b1b457d121a7f0abd82713c4846d8a2ee598c58b	f0367431fe4f4843d57260ac131da16707959f474b3bbc00468c7184b8142b00	wrong_column	5	266	following Table 1: Performance comparison of individual compo-	Approach Accuracy Precision Recall F1	f7547dae02342865ea79419a6a3a572dcf8662a3289ae78e8aef226fe83f84ce	5	267	following Table 1: Performance comparison of individual compo-	Stylometric only 0.8720 0.8776 0.8646 0.8711	0.8720	The derived alternate numeric result cell in the same source row is not the declared account metric column.
2603.18750	2603.18750:cnn1d-artmh	2603.18750:cnn1d-artmh@213e984522e209f3	same_window	page=5;identity_line=286;metric_line=286	98.3	2603.18750:28727033c8e5b4f3	source_owned_row_join	table_row	CNN1D	cnn1d	5	286	preceding Table 6: Results on the ART&MH thematic dataset. | following Table 4. The MobileNet-style CNN and the Transformer-	CNN 1D 98.3 96.8 100.0	5	286	preceding Table 6: Results on the ART&MH thematic dataset. | following Table 4. The MobileNet-style CNN and the Transformer-	CNN 1D 98.3 96.8 100.0	accuracy	numeric cell 2 of 4 in exact result row	2	preceding Table 6: Results on the ART&MH thematic dataset. | following Table 4. The MobileNet-style CNN and the Transformer-; exact row/configuration for CNN1D; Review 26 successor re-audit binds this account to the recorded source state, exact row, and numeric column without inheriting the predecessor metric.	98.3	2603.18750:28727033c8e5b4f3	extracted_primary_pdf_text	papers/2603.18750.pdf	8a8535edd2bba85c913c8dd38f27790657d5ee2b05884aa08167a9f650cd3bef	fdaa5447876cf3a030943996ba016f6db0b969fef6f9233945f88c31bad05187	wrong_column	5	285	preceding Table 6: Results on the ART&MH thematic dataset. | following Table 4. The MobileNet-style CNN and the Transformer-	Detector Accuracy(%) Human(%) GenAI(%)	76df1fdc75850afb60846d691b60582799d5cae7b8d1c82f8f81d78b949fd9a1	5	286	preceding Table 6: Results on the ART&MH thematic dataset. | following Table 4. The MobileNet-style CNN and the Transformer-	CNN 1D 98.3 96.8 100.0	96.8	The derived alternate numeric result cell in the same source row is not the declared account metric column.
2603.18750	2603.18750:isgen-artmh	2603.18750:isgen-artmh@eeb216021542c2db	same_window	page=5;identity_line=294;metric_line=294	93.3	2603.18750:8f7f33e565dc9650	source_owned_row_join	table_row	IsGen	isgen	5	294	preceding Table 6: Results on the ART&MH thematic dataset. | following Table 4. The MobileNet-style CNN and the Transformer-	conservative behavior, characterized by very high accuracy IsGen 93.3 100.0 86.7	5	294	preceding Table 6: Results on the ART&MH thematic dataset. | following Table 4. The MobileNet-style CNN and the Transformer-	conservative behavior, characterized by very high accuracy IsGen 93.3 100.0 86.7	accuracy	numeric cell 1 of 3 in exact result row	1	preceding Table 6: Results on the ART&MH thematic dataset. | following Table 4. The MobileNet-style CNN and the Transformer-; exact row/configuration for IsGen; Review 26 successor re-audit binds this account to the recorded source state, exact row, and numeric column without inheriting the predecessor metric.	93.3	2603.18750:8f7f33e565dc9650	extracted_primary_pdf_text	papers/2603.18750.pdf	8a8535edd2bba85c913c8dd38f27790657d5ee2b05884aa08167a9f650cd3bef	661e21e9c1dd1ee5f522241718dde944e66642ceeb6929b758cb5adf9e05e4ad	wrong_column	5	294	preceding Table 6: Results on the ART&MH thematic dataset. | following Table 4. The MobileNet-style CNN and the Transformer-	conservative behavior, characterized by very high accuracy IsGen 93.3 100.0 86.7	661e21e9c1dd1ee5f522241718dde944e66642ceeb6929b758cb5adf9e05e4ad	5	294	preceding Table 6: Results on the ART&MH thematic dataset. | following Table 4. The MobileNet-style CNN and the Transformer-	conservative behavior, characterized by very high accuracy IsGen 93.3 100.0 86.7	100.0	The derived alternate numeric result cell in the same source row is not the declared account metric column.
2603.18750	2603.18750:originality-artmh	2603.18750:originality-artmh@325fbd02fe454888	same_window	page=4;identity_line=256;metric_line=256	100.0	2603.18750:87de58d901f50348	source_owned_row_join	table_row	Originality.ai	Originality	4	256	preceding Table 3: Results on the dtEN dataset. | following Table 3 summarizes the results obtained by the imple- QuillBot 65.0 100.0 34.4	Originality 80.0 100.0 62.5	4	256	preceding Table 3: Results on the dtEN dataset. | following Table 3 summarizes the results obtained by the imple- QuillBot 65.0 100.0 34.4	Originality 80.0 100.0 62.5	accuracy	numeric cell 2 of 3 in exact result row	2	preceding Table 3: Results on the dtEN dataset. | following Table 3 summarizes the results obtained by the imple- QuillBot 65.0 100.0 34.4; exact row/configuration for Originality.ai; Review 26 successor re-audit binds this account to the recorded source state, exact row, and numeric column without inheriting the predecessor metric.	100.0	2603.18750:87de58d901f50348	extracted_primary_pdf_text	papers/2603.18750.pdf	8a8535edd2bba85c913c8dd38f27790657d5ee2b05884aa08167a9f650cd3bef	e3ac651fd9d19edd05954c05cb3c29092fc140f3f6bfff504c60a2b40831fc6f	wrong_column	4	248	preceding Table 3: Results on the dtEN dataset. | following Table 3 summarizes the results obtained by the imple- QuillBot 65.0 100.0 34.4	Detector Accuracy(%) Human(%) GenAI(%)	76df1fdc75850afb60846d691b60582799d5cae7b8d1c82f8f81d78b949fd9a1	4	256	preceding Table 3: Results on the dtEN dataset. | following Table 3 summarizes the results obtained by the imple- QuillBot 65.0 100.0 34.4	Originality 80.0 100.0 62.5	80.0	The derived alternate numeric result cell in the same source row is not the declared account metric column.
2603.18750	2603.18750:quillbot-artmh	2603.18750:quillbot-artmh@d2db55671c160e75	same_window	page=4;identity_line=259;metric_line=259	100.0	2603.18750:07473cbe6a0225a0	source_owned_row_join	table_row	QuillBot	quillbot	4	259	preceding Table 3 summarizes the results obtained by the imple- QuillBot 65.0 100.0 34.4	Table 3 summarizes the results obtained by the imple- QuillBot 65.0 100.0 34.4	4	259	preceding Table 3 summarizes the results obtained by the imple- QuillBot 65.0 100.0 34.4	Table 3 summarizes the results obtained by the imple- QuillBot 65.0 100.0 34.4	accuracy	numeric cell 3 of 4 in exact result row	3	preceding Table 3 summarizes the results obtained by the imple- QuillBot 65.0 100.0 34.4; exact row/configuration for QuillBot; Review 26 successor re-audit binds this account to the recorded source state, exact row, and numeric column without inheriting the predecessor metric.	100.0	2603.18750:07473cbe6a0225a0	extracted_primary_pdf_text	papers/2603.18750.pdf	8a8535edd2bba85c913c8dd38f27790657d5ee2b05884aa08167a9f650cd3bef	7a596207264989dd6473abd4896d480ef9681c1624da6487fff7428b117d2e5f	wrong_column	4	259	preceding Table 3 summarizes the results obtained by the imple- QuillBot 65.0 100.0 34.4	Table 3 summarizes the results obtained by the imple- QuillBot 65.0 100.0 34.4	7a596207264989dd6473abd4896d480ef9681c1624da6487fff7428b117d2e5f	4	259	preceding Table 3 summarizes the results obtained by the imple- QuillBot 65.0 100.0 34.4	Table 3 summarizes the results obtained by the imple- QuillBot 65.0 100.0 34.4	65.0	The derived alternate numeric result cell in the same source row is not the declared account metric column.
2603.23146	2603.23146:ensemble-coling	2603.23146:ensemble-coling@4b691208d634ccce	same_window	page=14;identity_line=678;metric_line=680	90.98	2603.23146:c2f28725a806b409	source_owned_state_join	table_row	Ens-COL	enscol	14	678	preceding Table 10: Ensemble performance on the Ghostbuster dataset (F1-score). Ens-PAN and Ens-COL denote ensemble	Subset Best-PAN Best-COL Ens-PAN Ens-COL	14	680	preceding Table 10: Ensemble performance on the Ghostbuster dataset (F1-score). Ens-PAN and Ens-COL denote ensemble	Reuters 55.80 85.59 96.88 90.98	F1	numeric cell 4 of 4 in exact result row	4	preceding Table 10: Ensemble performance on the Ghostbuster dataset (F1-score). Ens-PAN and Ens-COL denote ensemble; exact row/configuration for Ens-COL; Review 26 successor re-audit binds this account to the recorded source state, exact row, and numeric column without inheriting the predecessor metric.	90.98	2603.23146:c2f28725a806b409	extracted_primary_pdf_text	papers/2603.23146.pdf	a21546c33ce213e41f218001af8111dc7ee0d72edf0135fa092819146925a2f1	1da321ebba47138e72d9153c6f7f84dd53baa9148e268cde858703f62d32e4c9	wrong_column	14	675	preceding Table 10: Ensemble performance on the Ghostbuster dataset (F1-score). Ens-PAN and Ens-COL denote ensemble	Table 10: Ensemble performance on the Ghostbuster dataset (F1-score). Ens-PAN and Ens-COL denote ensemble	a7ad1f579e84af4c3d5a8bbadf12522184b21ad9bad57476c3f3ebb607877948	14	680	preceding Table 10: Ensemble performance on the Ghostbuster dataset (F1-score). Ens-PAN and Ens-COL denote ensemble	Reuters 55.80 85.59 96.88 90.98	96.88	The derived alternate numeric result cell in the same source row is not the declared account metric column.
2603.23146	2603.23146:ensemble-pan	2603.23146:ensemble-pan@38868023eb4b07b5	same_window	page=14;identity_line=678;metric_line=680	96.88	2603.23146:c2f28725a806b409	source_owned_state_join	table_row	Ens-PAN	enspan	14	678	preceding Table 10: Ensemble performance on the Ghostbuster dataset (F1-score). Ens-PAN and Ens-COL denote ensemble	Subset Best-PAN Best-COL Ens-PAN Ens-COL	14	680	preceding Table 10: Ensemble performance on the Ghostbuster dataset (F1-score). Ens-PAN and Ens-COL denote ensemble	Reuters 55.80 85.59 96.88 90.98	F1	numeric cell 3 of 4 in exact result row	3	preceding Table 10: Ensemble performance on the Ghostbuster dataset (F1-score). Ens-PAN and Ens-COL denote ensemble; exact row/configuration for Ens-PAN; Review 26 successor re-audit binds this account to the recorded source state, exact row, and numeric column without inheriting the predecessor metric.	96.88	2603.23146:c2f28725a806b409	extracted_primary_pdf_text	papers/2603.23146.pdf	a21546c33ce213e41f218001af8111dc7ee0d72edf0135fa092819146925a2f1	1da321ebba47138e72d9153c6f7f84dd53baa9148e268cde858703f62d32e4c9	wrong_column	14	675	preceding Table 10: Ensemble performance on the Ghostbuster dataset (F1-score). Ens-PAN and Ens-COL denote ensemble	Table 10: Ensemble performance on the Ghostbuster dataset (F1-score). Ens-PAN and Ens-COL denote ensemble	a7ad1f579e84af4c3d5a8bbadf12522184b21ad9bad57476c3f3ebb607877948	14	680	preceding Table 10: Ensemble performance on the Ghostbuster dataset (F1-score). Ens-PAN and Ens-COL denote ensemble	Reuters 55.80 85.59 96.88 90.98	85.59	The derived alternate numeric result cell in the same source row is not the declared account metric column.
2603.24981	2603.24981:exons-falcon	2603.24981:exons-falcon@33e274d53a8ed36e	same_window	page=6;identity_line=384;metric_line=384	94.98	2603.24981:008d7bbd0e04c4a4	source_owned_state_join	table_row	Exons-Detect Falcon model pair	'HWHFW5/	7	455	preceding Figure 3: Detection performance (AUROC curves) against various attacks.	'HWHFW5/0XOWL//0 'HWHFW5/0XOWL'RPDLQ Setting ↓ M4 Multi-L Multi-D RealDet Avg.	7	460	preceding Figure 3: Detection performance (AUROC curves) against various attacks.	Exons-Detect 92.43 90.67 90.46 94.98 92.14	AUROC	numeric cell 1 of 5 in exact result row	1	preceding Figure 3: Detection performance (AUROC curves) against various attacks.; exact row/configuration for Exons-Detect Falcon model pair; Review 26 successor re-audit binds this account to the recorded source state, exact row, and numeric column without inheriting the predecessor metric.	92.43		extracted_primary_pdf_text	papers/2603.24981.pdf	6bf26791850c6817024898cba4a2e1252564f7850d54dee06f0b687e76cb0715	63d32964b15ba55be948022ad7ad2a66b41abc4c46873b718ad65acfffa3f381	wrong_column	7	453	preceding Figure 3: Detection performance (AUROC curves) against various attacks.	Figure 3: Detection performance (AUROC curves) against various attacks.	43f93bd13ef51233e5bd50f45768c193351415a3e484f91817495695532bacc4	7	460	preceding Figure 3: Detection performance (AUROC curves) against various attacks.	Exons-Detect 92.43 90.67 90.46 94.98 92.14	90.67	The derived alternate numeric result cell in the same source row is not the declared account metric column.
2603.24981	2603.24981:exons-llama32	2603.24981:exons-llama32@d52e7ca1eb56e349	same_window	page=6;identity_line=384;metric_line=384	94.98	2603.24981:008d7bbd0e04c4a4	source_owned_state_join	table_row	Exons-Detect Llama-3.2 model pair	%LQRFXODUV %LQRFXODUV Model Family ↓ LLaMA	7	472	preceding Figure 3: Detection performance (AUROC curves) against various attacks.	%LQRFXODUV %LQRFXODUV Model Family ↓	9	485	following Figure 4: Detection performance on different length.	LLaMA-3.2-1B 90.50 92.87 90.82 92.58 91.69	AUROC	numeric cell 3 of 7 in exact result row	3	following Figure 4: Detection performance on different length.; exact row/configuration for Exons-Detect Llama-3.2 model pair; Review 26 successor re-audit binds this account to the recorded source state, exact row, and numeric column without inheriting the predecessor metric.	90.50	2603.24981:c0e19cde9d71f5ad	extracted_primary_pdf_text	papers/2603.24981.pdf	6bf26791850c6817024898cba4a2e1252564f7850d54dee06f0b687e76cb0715	502f9455805c7290aa3f78471496c6b1185c097b5a9e7ab02df3947f9f23b140	wrong_column	7	472	preceding Figure 3: Detection performance (AUROC curves) against various attacks.	%LQRFXODUV %LQRFXODUV Model Family ↓	daf2871179fcff2434219e3a87ffb296192223ecbf8efcad6dfc604eff7856bf	9	485	following Figure 4: Detection performance on different length.	LLaMA-3.2-1B 90.50 92.87 90.82 92.58 91.69	92.87	The derived alternate numeric result cell in the same source row is not the declared account metric column.
2603.24981	2603.24981:exons-llama7b	2603.24981:exons-llama7b@bfbb11d10942eaf7	same_window	page=6;identity_line=384;metric_line=384	94.98	2603.24981:008d7bbd0e04c4a4	source_owned_state_join	table_row	Exons-Detect Llama-7B model pair	%LQRFXODUV %LQRFXODUV Model Family ↓ ([RQV'HWHFW ([RQV'HWHFW LLaMA	7	472	preceding Figure 3: Detection performance (AUROC curves) against various attacks.	%LQRFXODUV %LQRFXODUV Model Family ↓	7	477	preceding Figure 3: Detection performance (AUROC curves) against various attacks.	([RQV'HWHFW ([RQV'HWHFW LLaMA-7B 88.64 92.34 90.31 94.47 91.44	AUROC	numeric cell 3 of 6 in exact result row	3	preceding Figure 3: Detection performance (AUROC curves) against various attacks.; exact row/configuration for Exons-Detect Llama-7B model pair; Review 26 successor re-audit binds this account to the recorded source state, exact row, and numeric column without inheriting the predecessor metric.	92.34		extracted_primary_pdf_text	papers/2603.24981.pdf	6bf26791850c6817024898cba4a2e1252564f7850d54dee06f0b687e76cb0715	6a01ccb3c1c4069a61a9e21c47c7bda450c1db982ea68c000c416322faedfa58	wrong_column	7	453	preceding Figure 3: Detection performance (AUROC curves) against various attacks.	Figure 3: Detection performance (AUROC curves) against various attacks.	43f93bd13ef51233e5bd50f45768c193351415a3e484f91817495695532bacc4	7	477	preceding Figure 3: Detection performance (AUROC curves) against various attacks.	([RQV'HWHFW ([RQV'HWHFW LLaMA-7B 88.64 92.34 90.31 94.47 91.44	88.64	The derived alternate numeric result cell in the same source row is not the declared account metric column.
2603.24981	2603.24981:exons-mistral	2603.24981:exons-mistral@c93bd699559d1fc9	same_window	page=6;identity_line=384;metric_line=384	94.98	2603.24981:008d7bbd0e04c4a4	source_owned_state_join	table_row	Exons-Detect Mistral model pair	%LQRFXODUV %LQRFXODUV Model Family ↓ Mistral-v0.	7	472	preceding Figure 3: Detection performance (AUROC curves) against various attacks.	%LQRFXODUV %LQRFXODUV Model Family ↓	7	479	preceding Figure 3: Detection performance (AUROC curves) against various attacks.	Mistral-v0.1-7B 90.41 91.42 85.77 93.00 90.15	AUROC	numeric cell 3 of 7 in exact result row	3	preceding Figure 3: Detection performance (AUROC curves) against various attacks.; exact row/configuration for Exons-Detect Mistral model pair; Review 26 successor re-audit binds this account to the recorded source state, exact row, and numeric column without inheriting the predecessor metric.	90.41		extracted_primary_pdf_text	papers/2603.24981.pdf	6bf26791850c6817024898cba4a2e1252564f7850d54dee06f0b687e76cb0715	ffce0614868d2e8ddce4effb7a452c8e06c0688a2ba2eef22434e949744c4a57	wrong_column	7	453	preceding Figure 3: Detection performance (AUROC curves) against various attacks.	Figure 3: Detection performance (AUROC curves) against various attacks.	43f93bd13ef51233e5bd50f45768c193351415a3e484f91817495695532bacc4	7	479	preceding Figure 3: Detection performance (AUROC curves) against various attacks.	Mistral-v0.1-7B 90.41 91.42 85.77 93.00 90.15	91.42	The derived alternate numeric result cell in the same source row is not the declared account metric column.
2603.24981	2603.24981:exons-no-g	2603.24981:exons-no-g@c104f2c861c3fa6c	same_window	page=6;identity_line=384;metric_line=384	94.98	2603.24981:008d7bbd0e04c4a4	source_owned_row_join	table_row	Exons-Detect without exonic-token amplification	w/o g(·)	7	469	preceding Figure 3: Detection performance (AUROC curves) against various attacks.	w/o g(·) 91.92 89.63 88.66 94.64 91.21	7	469	preceding Figure 3: Detection performance (AUROC curves) against various attacks.	w/o g(·) 91.92 89.63 88.66 94.64 91.21	AUROC	numeric cell 1 of 5 in exact result row	1	preceding Figure 3: Detection performance (AUROC curves) against various attacks.; exact row/configuration for Exons-Detect without exonic-token amplification; Review 26 successor re-audit binds this account to the recorded source state, exact row, and numeric column without inheriting the predecessor metric.	91.92		extracted_primary_pdf_text	papers/2603.24981.pdf	6bf26791850c6817024898cba4a2e1252564f7850d54dee06f0b687e76cb0715	7b33bca54f343487329be7e2387d499b329240124f5add04a2e8b8ed78fb8722	wrong_column	7	453	preceding Figure 3: Detection performance (AUROC curves) against various attacks.	Figure 3: Detection performance (AUROC curves) against various attacks.	43f93bd13ef51233e5bd50f45768c193351415a3e484f91817495695532bacc4	7	469	preceding Figure 3: Detection performance (AUROC curves) against various attacks.	w/o g(·) 91.92 89.63 88.66 94.64 91.21	89.63	The derived alternate numeric result cell in the same source row is not the declared account metric column.
2603.24981	2603.24981:exons-no-repair	2603.24981:exons-no-repair@7500e6d28ba9862e	same_window	page=6;identity_line=384;metric_line=384	94.98	2603.24981:008d7bbd0e04c4a4	source_owned_state_join	table_row	Exons-Detect without log-perplexity repair	w/o log PPLW M (ŝ)	7	462	preceding Figure 3: Detection performance (AUROC curves) against various attacks.	w/o log PPLW	7	463	preceding Figure 3: Detection performance (AUROC curves) against various attacks.	M (ŝ) 91.28 85.32 80.46 93.97 87.76	AUROC	numeric cell 1 of 5 in exact result row	1	preceding Figure 3: Detection performance (AUROC curves) against various attacks.; exact row/configuration for Exons-Detect without log-perplexity repair; Review 26 successor re-audit binds this account to the recorded source state, exact row, and numeric column without inheriting the predecessor metric.	91.28		extracted_primary_pdf_text	papers/2603.24981.pdf	6bf26791850c6817024898cba4a2e1252564f7850d54dee06f0b687e76cb0715	a100b7f36d09643500b2c06ff14641e868d45d65c625ada5b0960895e52f3f57	wrong_column	7	453	preceding Figure 3: Detection performance (AUROC curves) against various attacks.	Figure 3: Detection performance (AUROC curves) against various attacks.	43f93bd13ef51233e5bd50f45768c193351415a3e484f91817495695532bacc4	7	463	preceding Figure 3: Detection performance (AUROC curves) against various attacks.	M (ŝ) 91.28 85.32 80.46 93.97 87.76	85.32	The derived alternate numeric result cell in the same source row is not the declared account metric column.
2603.24981	2603.24981:irm	2603.24981:irm@6a3ab9adb6aa3276	same_window	page=6;identity_line=382;metric_line=382	91.51	2603.24981:1743f373eca35d0f	source_owned_row_join	table_row	IRM	irm	6	382	following Table 1: Detection performance (AUROC and F1 score) on public benchmark datasets.	IRM 71.85 70.75 83.02 76.46 91.51 84.05 77.70 76.62 81.02 76.97	6	382	following Table 1: Detection performance (AUROC and F1 score) on public benchmark datasets.	IRM 71.85 70.75 83.02 76.46 91.51 84.05 77.70 76.62 81.02 76.97	AUROC	numeric cell 5 of 10 in exact result row	5	following Table 1: Detection performance (AUROC and F1 score) on public benchmark datasets.; exact row/configuration for IRM; Review 26 successor re-audit binds this account to the recorded source state, exact row, and numeric column without inheriting the predecessor metric.	91.51	2603.24981:1743f373eca35d0f	extracted_primary_pdf_text	papers/2603.24981.pdf	6bf26791850c6817024898cba4a2e1252564f7850d54dee06f0b687e76cb0715	b326580041bb671e122ea70d03b3ec4f7ee040254b4ce3448aa9d44369bab1a1	wrong_column	6	369	following Table 1: Detection performance (AUROC and F1 score) on public benchmark datasets.	AUROC F1 AUROC F1 AUROC F1 AUROC F1 AUROC F1	b70d596725e4ac1a42f8c52955159b1d7af369634bd6683418eaa3683287e32a	6	382	following Table 1: Detection performance (AUROC and F1 score) on public benchmark datasets.	IRM 71.85 70.75 83.02 76.46 91.51 84.05 77.70 76.62 81.02 76.97	76.46	The derived alternate numeric result cell in the same source row is not the declared account metric column.
2603.27949	2603.27949:binoculars-qwen	2603.27949:binoculars-qwen@fb2ddfb8e474a251	same_window	page=9;identity_line=470;metric_line=470	0.9890	2603.27949:02fd7946e231696a	source_owned_row_join	table_row	Binoculars	binocularsqwen	9	470	preceding Table 3. Main results on test set.	Binoculars(Qwen2.5-7B-Instruct/Qwen2.5-7B) 0.8317 0.9890 0.4828 0.3777 0.3444 0.8360 0.8880 0.9350 0.9800	9	470	preceding Table 3. Main results on test set.	Binoculars(Qwen2.5-7B-Instruct/Qwen2.5-7B) 0.8317 0.9890 0.4828 0.3777 0.3444 0.8360 0.8880 0.9350 0.9800	F1	numeric cell 6 of 13 in exact result row	6	preceding Table 3. Main results on test set.; exact row/configuration for Binoculars; Review 26 successor re-audit binds this account to the recorded source state, exact row, and numeric column without inheriting the predecessor metric.	0.9890	2603.27949:02fd7946e231696a	extracted_primary_pdf_text	papers/2603.27949.pdf	3a5b92deb04c1763fba81cbc45786a56ce6bd50d68e7eafb306e1c8a2f8773ff	2fe6fd1e312d1b5a568f26d2863541f05c9f161f35ff21ea933ed311c595f65e	wrong_column	9	457	preceding Table 3. Main results on test set.	Table 3. Main results on test set.	81c36de917db5f83d6b1fac0ec26f34683c5ce41e4f2e78e14b93c164343d561	9	470	preceding Table 3. Main results on test set.	Binoculars(Qwen2.5-7B-Instruct/Qwen2.5-7B) 0.8317 0.9890 0.4828 0.3777 0.3444 0.8360 0.8880 0.9350 0.9800	0.8317	The derived alternate numeric result cell in the same source row is not the declared account metric column.
2603.27949	2603.27949:fastdetectgpt-analytical-qwen	2603.27949:fastdetectgpt-analytical-qwen@a624cd1311337bd1	same_window	page=9;identity_line=468;metric_line=468	0.9775	2603.27949:da567a10d4839619	source_owned_row_join	table_row	FastDetectGPT-analytical	fastdetectgptanalyticalqwen	9	468	preceding Table 3. Main results on test set.	Fast-DetectGPT-analytical(Qwen2.5-7B-Instruct) 0.8146 0.9775 0.4442 0.3808 0.3367 0.8036 0.8680 0.9160 0.9600	9	468	preceding Table 3. Main results on test set.	Fast-DetectGPT-analytical(Qwen2.5-7B-Instruct) 0.8146 0.9775 0.4442 0.3808 0.3367 0.8036 0.8680 0.9160 0.9600	F1	numeric cell 4 of 11 in exact result row	4	preceding Table 3. Main results on test set.; exact row/configuration for FastDetectGPT-analytical; Review 26 successor re-audit binds this account to the recorded source state, exact row, and numeric column without inheriting the predecessor metric.	0.9775	2603.27949:da567a10d4839619	extracted_primary_pdf_text	papers/2603.27949.pdf	3a5b92deb04c1763fba81cbc45786a56ce6bd50d68e7eafb306e1c8a2f8773ff	87082ce12333cb1e23a1bb7535726bf191ea7705dcf4afb5830b065ee08f6fcd	wrong_column	9	457	preceding Table 3. Main results on test set.	Table 3. Main results on test set.	81c36de917db5f83d6b1fac0ec26f34683c5ce41e4f2e78e14b93c164343d561	9	468	preceding Table 3. Main results on test set.	Fast-DetectGPT-analytical(Qwen2.5-7B-Instruct) 0.8146 0.9775 0.4442 0.3808 0.3367 0.8036 0.8680 0.9160 0.9600	0.8146	The derived alternate numeric result cell in the same source row is not the declared account metric column.
2603.27949	2603.27949:fastdetectgpt-qwen	2603.27949:fastdetectgpt-qwen@c395db1c6d829061	same_window	page=9;identity_line=467;metric_line=467	0.9387	2603.27949:09e476e16935201e	source_owned_row_join	table_row	FastDetectGPT	fastdetectgptqwen	9	467	preceding Table 3. Main results on test set.	Fast-DetectGPT(Qwen2.5-7B/Qwen2.5-7B-Instruct) 0.8298 0.9387 0.6400 0.7139 0.4355 0.8289 0.8419 0.8748 0.9230	9	467	preceding Table 3. Main results on test set.	Fast-DetectGPT(Qwen2.5-7B/Qwen2.5-7B-Instruct) 0.8298 0.9387 0.6400 0.7139 0.4355 0.8289 0.8419 0.8748 0.9230	F1	numeric cell 6 of 13 in exact result row	6	preceding Table 3. Main results on test set.; exact row/configuration for FastDetectGPT; Review 26 successor re-audit binds this account to the recorded source state, exact row, and numeric column without inheriting the predecessor metric.	0.9387	2603.27949:09e476e16935201e	extracted_primary_pdf_text	papers/2603.27949.pdf	3a5b92deb04c1763fba81cbc45786a56ce6bd50d68e7eafb306e1c8a2f8773ff	8b050cc4b7eff61f38ad40b1e10cdd54544918f339f51d888cb481de2e564624	wrong_column	9	457	preceding Table 3. Main results on test set.	Table 3. Main results on test set.	81c36de917db5f83d6b1fac0ec26f34683c5ce41e4f2e78e14b93c164343d561	9	467	preceding Table 3. Main results on test set.	Fast-DetectGPT(Qwen2.5-7B/Qwen2.5-7B-Instruct) 0.8298 0.9387 0.6400 0.7139 0.4355 0.8289 0.8419 0.8748 0.9230	0.8298	The derived alternate numeric result cell in the same source row is not the declared account metric column.
2603.27949	2603.27949:glm-lora	2603.27949:glm-lora@9d4c9260102b4267	same_window	page=9;identity_line=474;metric_line=474	0.9895	2603.27949:2da25adc8e513fba	source_owned_row_join	table_row	GLM-4-9B-Chat LoRA	glm49bchatlora	9	474	preceding Table 3. Main results on test set.	GLM-4-9B-Chat-LoRA 0.8907 0.9895 0.7984 0.9529 0.9920 0.3400 0.6127 0.9428 0.9970	9	474	preceding Table 3. Main results on test set.	GLM-4-9B-Chat-LoRA 0.8907 0.9895 0.7984 0.9529 0.9920 0.3400 0.6127 0.9428 0.9970	threshold metric or explicit strong claim	numeric cell 4 of 11 in exact result row	4	preceding Table 3. Main results on test set.; exact row/configuration for GLM-4-9B-Chat LoRA; Review 26 successor re-audit binds this account to the recorded source state, exact row, and numeric column without inheriting the predecessor metric.	0.9895	2603.27949:2da25adc8e513fba	extracted_primary_pdf_text	papers/2603.27949.pdf	3a5b92deb04c1763fba81cbc45786a56ce6bd50d68e7eafb306e1c8a2f8773ff	2a5b238a16d26966237fcb4fab3dec28313cff074b2d661a2bfcdd7ac2cdbbc0	wrong_column	9	457	preceding Table 3. Main results on test set.	Table 3. Main results on test set.	81c36de917db5f83d6b1fac0ec26f34683c5ce41e4f2e78e14b93c164343d561	9	474	preceding Table 3. Main results on test set.	GLM-4-9B-Chat-LoRA 0.8907 0.9895 0.7984 0.9529 0.9920 0.3400 0.6127 0.9428 0.9970	0.8907	The derived alternate numeric result cell in the same source row is not the declared account metric column.
2603.27949	2603.27949:qwen-lora	2603.27949:qwen-lora@ffe1a9f6fca5403c	same_window	page=9;identity_line=475;metric_line=475	0.9409	2603.27949:2d69b04f6d89bd5f	source_owned_row_join	table_row	Qwen2.5-7B-Instruct LoRA	qwen257binstructlora	9	475	preceding Table 3. Main results on test set.	Qwen2.5-7B-Instruct-LoRA 0.9409 1.0000 0.9970 0.9589 0.9990 0.4544 0.8444 0.9890 1.0000	9	475	preceding Table 3. Main results on test set.	Qwen2.5-7B-Instruct-LoRA 0.9409 1.0000 0.9970 0.9589 0.9990 0.4544 0.8444 0.9890 1.0000	F1	numeric cell 3 of 11 in exact result row	3	preceding Table 3. Main results on test set.; exact row/configuration for Qwen2.5-7B-Instruct LoRA; Review 26 successor re-audit binds this account to the recorded source state, exact row, and numeric column without inheriting the predecessor metric.	0.9409	2603.27949:2d69b04f6d89bd5f	extracted_primary_pdf_text	papers/2603.27949.pdf	3a5b92deb04c1763fba81cbc45786a56ce6bd50d68e7eafb306e1c8a2f8773ff	9da40f0b5f2eacdf39a70b1ce71e9a50d66a30f0c9b8a792026a5d3d1f83fb3d	wrong_column	9	457	preceding Table 3. Main results on test set.	Table 3. Main results on test set.	81c36de917db5f83d6b1fac0ec26f34683c5ce41e4f2e78e14b93c164343d561	9	475	preceding Table 3. Main results on test set.	Qwen2.5-7B-Instruct-LoRA 0.9409 1.0000 0.9970 0.9589 0.9990 0.4544 0.8444 0.9890 1.0000	1.0000	The derived alternate numeric result cell in the same source row is not the declared account metric column.
2603.27949	2603.27949:qwen-lora-extreme-short	2603.27949:qwen-lora-extreme-short@23ee71ee044182a0	same_window	page=9;identity_line=476;metric_line=476	0.9057	2603.27949:31618be60b8fb6d5	source_owned_row_join	table_row	Qwen2.5-7B-Instruct LoRA	qwen257binstructlora	9	476	preceding Table 3. Main results on test set.	Qwen2.5-7B-Instruct-LoRA(Extreme Short Text) 0.9057 0.9431 0.6562 0.7641 0.8827 0.9227 0.9479 0.9850 0.9910	9	476	preceding Table 3. Main results on test set.	Qwen2.5-7B-Instruct-LoRA(Extreme Short Text) 0.9057 0.9431 0.6562 0.7641 0.8827 0.9227 0.9479 0.9850 0.9910	F1	numeric cell 3 of 11 in exact result row	3	preceding Table 3. Main results on test set.; exact row/configuration for Qwen2.5-7B-Instruct LoRA; Review 26 successor re-audit binds this account to the recorded source state, exact row, and numeric column without inheriting the predecessor metric.	0.9057	2603.27949:31618be60b8fb6d5	extracted_primary_pdf_text	papers/2603.27949.pdf	3a5b92deb04c1763fba81cbc45786a56ce6bd50d68e7eafb306e1c8a2f8773ff	2178f80641d04c2f8371127e2411cec489f287f1fadc77f16259a04de05e973f	wrong_column	9	457	preceding Table 3. Main results on test set.	Table 3. Main results on test set.	81c36de917db5f83d6b1fac0ec26f34683c5ce41e4f2e78e14b93c164343d561	9	476	preceding Table 3. Main results on test set.	Qwen2.5-7B-Instruct-LoRA(Extreme Short Text) 0.9057 0.9431 0.6562 0.7641 0.8827 0.9227 0.9479 0.9850 0.9910	0.9431	The derived alternate numeric result cell in the same source row is not the declared account metric column.
2603.27949	2603.27949:qwen-lora-short	2603.27949:qwen-lora-short@e4dcdad285f8a1f8	same_window	page=9;identity_line=477;metric_line=477	0.9572	2603.27949:73ef28adfb1dc95b	source_owned_row_join	table_row	Qwen2.5-7B-Instruct LoRA	qwen257binstructlora	9	477	preceding Table 3. Main results on test set.	Qwen2.5-7B-Instruct-LoRA(Short Text) 0.9572 0.9605 0.9064 0.9359 0.9610 0.9470 0.9700 0.9790 0.9870	9	477	preceding Table 3. Main results on test set.	Qwen2.5-7B-Instruct-LoRA(Short Text) 0.9572 0.9605 0.9064 0.9359 0.9610 0.9470 0.9700 0.9790 0.9870	F1	numeric cell 3 of 11 in exact result row	3	preceding Table 3. Main results on test set.; exact row/configuration for Qwen2.5-7B-Instruct LoRA; Review 26 successor re-audit binds this account to the recorded source state, exact row, and numeric column without inheriting the predecessor metric.	0.9572	2603.27949:73ef28adfb1dc95b	extracted_primary_pdf_text	papers/2603.27949.pdf	3a5b92deb04c1763fba81cbc45786a56ce6bd50d68e7eafb306e1c8a2f8773ff	2b7b1cfd1bbe782ed3facff87e7ccb015cbe29e300fe3ec587c473b781c5a9e6	wrong_column	9	457	preceding Table 3. Main results on test set.	Table 3. Main results on test set.	81c36de917db5f83d6b1fac0ec26f34683c5ce41e4f2e78e14b93c164343d561	9	477	preceding Table 3. Main results on test set.	Qwen2.5-7B-Instruct-LoRA(Short Text) 0.9572 0.9605 0.9064 0.9359 0.9610 0.9470 0.9700 0.9790 0.9870	0.9605	The derived alternate numeric result cell in the same source row is not the declared account metric column.
2604.04932	2604.04932:roberta-dann	2604.04932:roberta-dann@7da8a21e92daa40d	same_window	page=8;identity_line=616;metric_line=616	96.88	2604.04932:23c30814766e7b3f	source_owned_row_join	table_row	RoBERTa-DANN	robertadann	8	616	following Table 2: Quantitative comparison of detection methods under the 4-class setting. For RACE, we report the results	RoBERTaDANN (Abassy et al., 2024) 96.17 96.88 75.03 48.89 71.78 73.14	8	616	following Table 2: Quantitative comparison of detection methods under the 4-class setting. For RACE, we report the results	RoBERTaDANN (Abassy et al., 2024) 96.17 96.88 75.03 48.89 71.78 73.14	AUROC	numeric cell 2 of 7 in exact result row	2	following Table 2: Quantitative comparison of detection methods under the 4-class setting. For RACE, we report the results; exact row/configuration for RoBERTa-DANN; Review 26 successor re-audit binds this account to the recorded source state, exact row, and numeric column without inheriting the predecessor metric.	96.17	2604.04932:23c30814766e7b3f	extracted_primary_pdf_text	papers/2604.04932.pdf	b294d3044c1ed8d56f6583d3a3d8ac948a6b86f56df0701bf0305e919f4c20d0	dfd36f1dd9382e7884143a7f90412221577e26635daf8dbfff39e854cd96f13e	wrong_column	8	613	following Table 2: Quantitative comparison of detection methods under the 4-class setting. For RACE, we report the results	Method AUROC	998e2362dd00133c5ee3b8cf7e776b68fe62471b0c96c727115f27a65275af64	8	616	following Table 2: Quantitative comparison of detection methods under the 4-class setting. For RACE, we report the results	RoBERTaDANN (Abassy et al., 2024) 96.17 96.88 75.03 48.89 71.78 73.14	96.88	The derived alternate numeric result cell in the same source row is not the declared account metric column.
2604.04932	2604.04932:seqxgpt	2604.04932:seqxgpt@3ab82aa21a6181fb	same_window	page=8;identity_line=618;metric_line=618	98.38	2604.04932:42140c0fe153e1d9	source_owned_row_join	table_row	SeqXGPT	seqxgpt	8	618	following Table 2: Quantitative comparison of detection methods under the 4-class setting. For RACE, we report the results	SeqXGPT (Wang et al., 2023) 89.87 98.38 15.23 14.32 31.68 39.90	8	618	following Table 2: Quantitative comparison of detection methods under the 4-class setting. For RACE, we report the results	SeqXGPT (Wang et al., 2023) 89.87 98.38 15.23 14.32 31.68 39.90	AUROC	numeric cell 3 of 7 in exact result row	3	following Table 2: Quantitative comparison of detection methods under the 4-class setting. For RACE, we report the results; exact row/configuration for SeqXGPT; Review 26 successor re-audit binds this account to the recorded source state, exact row, and numeric column without inheriting the predecessor metric.	98.38	2604.04932:42140c0fe153e1d9	extracted_primary_pdf_text	papers/2604.04932.pdf	b294d3044c1ed8d56f6583d3a3d8ac948a6b86f56df0701bf0305e919f4c20d0	6ae6d1403c306ca3adec429223d04072c3b48f1f59f7185ae7289d8303db45f4	wrong_column	8	613	following Table 2: Quantitative comparison of detection methods under the 4-class setting. For RACE, we report the results	Method AUROC	998e2362dd00133c5ee3b8cf7e776b68fe62471b0c96c727115f27a65275af64	8	618	following Table 2: Quantitative comparison of detection methods under the 4-class setting. For RACE, we report the results	SeqXGPT (Wang et al., 2023) 89.87 98.38 15.23 14.32 31.68 39.90	89.87	The derived alternate numeric result cell in the same source row is not the declared account metric column.
2604.11796	2604.11796:lrr	2604.11796:lrr@624209a639dff293	same_window	page=20;identity_line=1196;metric_line=1196	0.9943	2604.11796:6571a76283e61386	source_owned_row_join	table_row	LRR	lrr	20	1196	preceding Table 11: Full AUROC detection performance across five domains and nine LLM generators in C-ReD.	LRR 0.3939 0.8393 0.9526 0.9943 0.9870 0.9416 0.6559 0.9251 0.9359 0.8473	20	1196	preceding Table 11: Full AUROC detection performance across five domains and nine LLM generators in C-ReD.	LRR 0.3939 0.8393 0.9526 0.9943 0.9870 0.9416 0.6559 0.9251 0.9359 0.8473	AUROC	numeric cell 4 of 10 in exact result row	4	preceding Table 11: Full AUROC detection performance across five domains and nine LLM generators in C-ReD.; exact row/configuration for LRR; Review 26 successor re-audit binds this account to the recorded source state, exact row, and numeric column without inheriting the predecessor metric.	0.9943	2604.11796:6571a76283e61386	extracted_primary_pdf_text	papers/2604.11796.pdf	622838ceff4c6bae4d1c7b2ad7a0a7d3d34d551da30be8a904869100f57022fc	2f7652de264145e5d2774c26ddccd9e284a5e6395381d8dce4451f8817627afb	wrong_column	20	1171	preceding Table 11: Full AUROC detection performance across five domains and nine LLM generators in C-ReD.	Table 11: Full AUROC detection performance across five domains and nine LLM generators in C-ReD.	269840f72e7ae372e07444506af575a073dd061853d69481ced0dfa2d73ef175	20	1196	preceding Table 11: Full AUROC detection performance across five domains and nine LLM generators in C-ReD.	LRR 0.3939 0.8393 0.9526 0.9943 0.9870 0.9416 0.6559 0.9251 0.9359 0.8473	0.9526	The derived alternate numeric result cell in the same source row is not the declared account metric column.
2604.16607	2604.16607:fdg-falcon-7b	2604.16607:fdg-falcon-7b@947445a7aef004a9	same_window	page=5;identity_line=584;metric_line=584	1.00	2604.16607:8e515bbe1408d63f	source_owned_row_join	table_row	FastDetectGPT	fdgfalcon7b	5	584	preceding Figure 2: F1 and AUROC scores for cross-trained models. Bold models are those trained on the in-domain | following Table 2: Lowest and highest reported AUROC scores for the best performing variant of each model across	FDG (falcon-7b) 0.59 h3c+ si 1.00 mage-ood 0.80	5	584	preceding Figure 2: F1 and AUROC scores for cross-trained models. Bold models are those trained on the in-domain | following Table 2: Lowest and highest reported AUROC scores for the best performing variant of each model across	FDG (falcon-7b) 0.59 h3c+ si 1.00 mage-ood 0.80	AUROC	numeric cell 3 of 4 in exact result row	3	preceding Figure 2: F1 and AUROC scores for cross-trained models. Bold models are those trained on the in-domain | following Table 2: Lowest and highest reported AUROC scores for the best performing variant of each model across; exact row/configuration for FastDetectGPT; Review 26 successor re-audit binds this account to the recorded source state, exact row, and numeric column without inheriting the predecessor metric.	1.00	2604.16607:8e515bbe1408d63f	extracted_primary_pdf_text	papers/2604.16607.pdf	f08e5234c64ac7fe9e3f2c962e70bdeb9e28eb54c8bc1ea98f7df7edfb08e011	d9ea7662715a6825b7ef2b35635e1ef45622fee7bae968bc44af8b883b2fea28	wrong_column	5	577	preceding Figure 2: F1 and AUROC scores for cross-trained models. Bold models are those trained on the in-domain | following Table 2: Lowest and highest reported AUROC scores for the best performing variant of each model across	Figure 2: F1 and AUROC scores for cross-trained models. Bold models are those trained on the in-domain	1f13af70ad65ab76e51893bb048347a60492fd10a0154c5788a96e95e6ce0810	5	584	preceding Figure 2: F1 and AUROC scores for cross-trained models. Bold models are those trained on the in-domain | following Table 2: Lowest and highest reported AUROC scores for the best performing variant of each model across	FDG (falcon-7b) 0.59 h3c+ si 1.00 mage-ood 0.80	0.59	The derived alternate numeric result cell in the same source row is not the declared account metric column.
2604.16923	2604.16923:lapd-falcon	2604.16923:lapd-falcon@53529ce19cb7a01c	table_configuration_join	locator=table1;identity_line=501	1.0	2604.16923:5088e44ec07c12eb	source_owned_state_join	table_row	LAPD Falcon model pair	the robustness across varying text lengths, we truncate the Model Pairs XSum WritingPrompts Arxiv input texts to target word counts. Specifically, we conduct Falcon	8	514	preceding Table 6. Ablation results (AUROC %) of LAPD with different | following Figure 4 visualizes the performance curves of five represen- Llama2-7B Pair 99.42 99.54 99.61	the robustness across varying text lengths, we truncate the Model Pairs XSum WritingPrompts Arxiv	8	515	preceding Table 6. Ablation results (AUROC %) of LAPD with different | following Figure 4 visualizes the performance curves of five represen- Llama2-7B Pair 99.42 99.54 99.61	input texts to target word counts. Specifically, we conduct Falcon-7B Pair 87.35 93.37 86.29	AUROC	numeric cell 3 of 4 in exact result row	3	preceding Table 6. Ablation results (AUROC %) of LAPD with different | following Figure 4 visualizes the performance curves of five represen- Llama2-7B Pair 99.42 99.54 99.61; exact row/configuration for LAPD Falcon model pair; Review 26 successor re-audit binds this account to the recorded source state, exact row, and numeric column without inheriting the predecessor metric.	93.37	2604.16923:e9a9594bda3abb85	extracted_primary_pdf_text	papers/2604.16923.pdf	ce612c9dafbeb0115667031c8da9b1c17610e83188c19927e1e26052f751588f	d4fbf2a1f0797c0893ec58eed737ce5cf1caf0c16fa40c7d25bb288f5b027ddb	wrong_column	8	510	preceding Table 6. Ablation results (AUROC %) of LAPD with different | following Figure 4 visualizes the performance curves of five represen- Llama2-7B Pair 99.42 99.54 99.61	4.3.4. ROBUSTNESS ON D IFFERENT T EXT L ENGTHS Table 6. Ablation results (AUROC %) of LAPD with different	aef417de8bd73d78797ef3a4fbfd0106c22e2c8fa6daf77aa88829680a3667c4	8	515	preceding Table 6. Ablation results (AUROC %) of LAPD with different | following Figure 4 visualizes the performance curves of five represen- Llama2-7B Pair 99.42 99.54 99.61	input texts to target word counts. Specifically, we conduct Falcon-7B Pair 87.35 93.37 86.29	87.35	The derived alternate numeric result cell in the same source row is not the declared account metric column.
2604.16923	2604.16923:lapd-gptj	2604.16923:lapd-gptj@25110ccc459e3c38	same_window	page=6;identity_line=368;metric_line=369	91.21	2604.16923:d506dad39850affa	source_owned_state_join	table_row	LAPD GPT-J model pair	the robustness across varying text lengths, we truncate the Model Pairs XSum WritingPrompts Arxiv experiments on the XSum dataset with AI text generated by GPT-J	8	514	preceding Table 6. Ablation results (AUROC %) of LAPD with different | following Figure 4 visualizes the performance curves of five represen- Llama2-7B Pair 99.42 99.54 99.61	the robustness across varying text lengths, we truncate the Model Pairs XSum WritingPrompts Arxiv	8	516	preceding Table 6. Ablation results (AUROC %) of LAPD with different | following Figure 4 visualizes the performance curves of five represen- Llama2-7B Pair 99.42 99.54 99.61	experiments on the XSum dataset with AI text generated by GPT-J-6B Pair 94.62 91.56 92.75	AUROC	numeric cell 2 of 4 in exact result row	2	preceding Table 6. Ablation results (AUROC %) of LAPD with different | following Figure 4 visualizes the performance curves of five represen- Llama2-7B Pair 99.42 99.54 99.61; exact row/configuration for LAPD GPT-J model pair; Review 26 successor re-audit binds this account to the recorded source state, exact row, and numeric column without inheriting the predecessor metric.	94.62	2604.16923:0994f1da8339b667	extracted_primary_pdf_text	papers/2604.16923.pdf	ce612c9dafbeb0115667031c8da9b1c17610e83188c19927e1e26052f751588f	1b67362e0e46774907747d1b845d762fca9a141058d59293f88c8285e211db1d	wrong_column	8	510	preceding Table 6. Ablation results (AUROC %) of LAPD with different | following Figure 4 visualizes the performance curves of five represen- Llama2-7B Pair 99.42 99.54 99.61	4.3.4. ROBUSTNESS ON D IFFERENT T EXT L ENGTHS Table 6. Ablation results (AUROC %) of LAPD with different	aef417de8bd73d78797ef3a4fbfd0106c22e2c8fa6daf77aa88829680a3667c4	8	516	preceding Table 6. Ablation results (AUROC %) of LAPD with different | following Figure 4 visualizes the performance curves of five represen- Llama2-7B Pair 99.42 99.54 99.61	experiments on the XSum dataset with AI text generated by GPT-J-6B Pair 94.62 91.56 92.75	91.56	The derived alternate numeric result cell in the same source row is not the declared account metric column.
2604.16923	2604.16923:lapd-llama2	2604.16923:lapd-llama2@8ed40e0122819d75	table_configuration_join	locator=table1;identity_line=395	1.0	2604.16923:5088e44ec07c12eb	source_owned_row_join	table_row	LAPD Llama-2 model pair	Llama2-7B Pair	8	518	preceding Figure 4 visualizes the performance curves of five represen- Llama2-7B Pair 99.42 99.54 99.61	Figure 4 visualizes the performance curves of five represen- Llama2-7B Pair 99.42 99.54 99.61	8	518	preceding Figure 4 visualizes the performance curves of five represen- Llama2-7B Pair 99.42 99.54 99.61	Figure 4 visualizes the performance curves of five represen- Llama2-7B Pair 99.42 99.54 99.61	AUROC	Table 6 XSum AUROC	3	Table 6 Llama2-7B Pair row; XSum AUROC 99.42 is the exact account-owned result, not the numeral in the model name.; Review 26 successor re-audit binds this account to the recorded source state, exact row, and numeric column without inheriting the predecessor metric.	99.42	2604.16923:bc7b1f737c917b20	extracted_primary_pdf_text	papers/2604.16923.pdf	ce612c9dafbeb0115667031c8da9b1c17610e83188c19927e1e26052f751588f	fbac66bc09b53e97834c7c54c062538122cec91f20744078077a50fe811946ad	wrong_column	8	514	preceding Table 6. Ablation results (AUROC %) of LAPD with different | following Figure 4 visualizes the performance curves of five represen- Llama2-7B Pair 99.42 99.54 99.61	the robustness across varying text lengths, we truncate the Model Pairs XSum WritingPrompts Arxiv	a40183c98217c59422969357a74e80ed3ed58ba2e5aab10debcf04ad99f407d9	8	518	preceding Figure 4 visualizes the performance curves of five represen- Llama2-7B Pair 99.42 99.54 99.61	Figure 4 visualizes the performance curves of five represen- Llama2-7B Pair 99.42 99.54 99.61	99.54	The derived alternate numeric result cell in the same source row is not the declared account metric column.
2604.16923	2604.16923:lapd-llama31	2604.16923:lapd-llama31@2ebeec7a32a57440	table_configuration_join	locator=table1;identity_line=501	1.0	2604.16923:5088e44ec07c12eb	source_owned_state_join	table_row	LAPD Llama-3.1 model pair	the robustness across varying text lengths, we truncate the Model Pairs XSum WritingPrompts Arxiv GPT	8	514	preceding Table 6. Ablation results (AUROC %) of LAPD with different | following Figure 4 visualizes the performance curves of five represen- Llama2-7B Pair 99.42 99.54 99.61	the robustness across varying text lengths, we truncate the Model Pairs XSum WritingPrompts Arxiv	8	517	preceding Table 6. Ablation results (AUROC %) of LAPD with different | following Figure 4 visualizes the performance curves of five represen- Llama2-7B Pair 99.42 99.54 99.61	GPT-4-Turbo, varying the text length from 20 to 200 words. Llama3.1-8B Pair 97.09 94.26 98.78	AUROC	numeric cell 6 of 8 in exact result row	6	preceding Table 6. Ablation results (AUROC %) of LAPD with different | following Figure 4 visualizes the performance curves of five represen- Llama2-7B Pair 99.42 99.54 99.61; exact row/configuration for LAPD Llama-3.1 model pair; Review 26 successor re-audit binds this account to the recorded source state, exact row, and numeric column without inheriting the predecessor metric.	97.09	2604.16923:cb34bdd92b6d023e	extracted_primary_pdf_text	papers/2604.16923.pdf	ce612c9dafbeb0115667031c8da9b1c17610e83188c19927e1e26052f751588f	64518e74c0a6e900d55937d63ddc4213a0fc69d435d73deb773db37fd4a58813	wrong_column	8	510	preceding Table 6. Ablation results (AUROC %) of LAPD with different | following Figure 4 visualizes the performance curves of five represen- Llama2-7B Pair 99.42 99.54 99.61	4.3.4. ROBUSTNESS ON D IFFERENT T EXT L ENGTHS Table 6. Ablation results (AUROC %) of LAPD with different	aef417de8bd73d78797ef3a4fbfd0106c22e2c8fa6daf77aa88829680a3667c4	8	517	preceding Table 6. Ablation results (AUROC %) of LAPD with different | following Figure 4 visualizes the performance curves of five represen- Llama2-7B Pair 99.42 99.54 99.61	GPT-4-Turbo, varying the text length from 20 to 200 words. Llama3.1-8B Pair 97.09 94.26 98.78	94.26	The derived alternate numeric result cell in the same source row is not the declared account metric column.
2604.16923	2604.16923:rai	2604.16923:rai@513d346701a29e50	same_window	page=6;identity_line=359;metric_line=359	96.19	2604.16923:82d76dd56eceef96	source_owned_row_join	table_row	RAI preference-discrepancy score	rai	6	359	preceding Table 1. Detection performance (AUROC %) on four comprehensive benchmarks. The best results are highlighted in bold. Methods | following Table 2. Robustness across source LLMs and domains (AUROC %). Source LLMs are abbreviated as: GPT-4 (GPT-4 Turbo), Gemini-2.0	RAI 70.46 93.13 96.19 81.28 86.92 85.60	6	359	preceding Table 1. Detection performance (AUROC %) on four comprehensive benchmarks. The best results are highlighted in bold. Methods | following Table 2. Robustness across source LLMs and domains (AUROC %). Source LLMs are abbreviated as: GPT-4 (GPT-4 Turbo), Gemini-2.0	RAI 70.46 93.13 96.19 81.28 86.92 85.60	AUROC	numeric cell 2 of 6 in exact result row	2	preceding Table 1. Detection performance (AUROC %) on four comprehensive benchmarks. The best results are highlighted in bold. Methods | following Table 2. Robustness across source LLMs and domains (AUROC %). Source LLMs are abbreviated as: GPT-4 (GPT-4 Turbo), Gemini-2.0; exact row/configuration for RAI preference-discrepancy score; Review 26 successor re-audit binds this account to the recorded source state, exact row, and numeric column without inheriting the predecessor metric.	93.13	2604.16923:82d76dd56eceef96	extracted_primary_pdf_text	papers/2604.16923.pdf	ce612c9dafbeb0115667031c8da9b1c17610e83188c19927e1e26052f751588f	19e5f8cd7a869e4ede1e293350382fc3ca0e26db0c034a3fbdd9fb6c86b5a4be	wrong_column	6	345	preceding Table 1. Detection performance (AUROC %) on four comprehensive benchmarks. The best results are highlighted in bold. Methods | following Table 2. Robustness across source LLMs and domains (AUROC %). Source LLMs are abbreviated as: GPT-4 (GPT-4 Turbo), Gemini-2.0	Table 1. Detection performance (AUROC %) on four comprehensive benchmarks. The best results are highlighted in bold. Methods	c1d06e573cba7ef423c28e47eb6f691f94b5a5a1750b26bddb359c7da9ca8375	6	359	preceding Table 1. Detection performance (AUROC %) on four comprehensive benchmarks. The best results are highlighted in bold. Methods | following Table 2. Robustness across source LLMs and domains (AUROC %). Source LLMs are abbreviated as: GPT-4 (GPT-4 Turbo), Gemini-2.0	RAI 70.46 93.13 96.19 81.28 86.92 85.60	70.46	The derived alternate numeric result cell in the same source row is not the declared account metric column.
2604.16923	2604.16923:s-score	2604.16923:s-score@f905ea33291ef53f	table_configuration_join	locator=table1;identity_line=395	1.0	2604.16923:5088e44ec07c12eb	source_owned_row_join	table_row	Alignment-imprint S score	Text Length (Words) S	8	496	preceding Table 5. Ablation results (AUROC %) of different components | following Figure 4. Detection performance (AUROC %) across varying text	Text Length (Words) S 96.40 95.84 98.04	8	496	preceding Table 5. Ablation results (AUROC %) of different components | following Figure 4. Detection performance (AUROC %) across varying text	Text Length (Words) S 96.40 95.84 98.04	AUROC	numeric cell 1 of 3 in exact result row	1	preceding Table 5. Ablation results (AUROC %) of different components | following Figure 4. Detection performance (AUROC %) across varying text; exact row/configuration for Alignment-imprint S score; Review 26 successor re-audit binds this account to the recorded source state, exact row, and numeric column without inheriting the predecessor metric.	96.40	2604.16923:e092645a15a5d7c0	extracted_primary_pdf_text	papers/2604.16923.pdf	ce612c9dafbeb0115667031c8da9b1c17610e83188c19927e1e26052f751588f	cb6dad24978eb4b1b3c5d27c340dc6fcfd8a18cfa92881ab8fc6da3fed6df917	wrong_column	8	481	preceding Table 5. Ablation results (AUROC %) of different components | following Figure 4. Detection performance (AUROC %) across varying text	AUROC	c9fe795e5056359b6ce601fb3c3483010962428057009bfc3a43b20bb7b5bc2e	8	496	preceding Table 5. Ablation results (AUROC %) of different components | following Figure 4. Detection performance (AUROC %) across varying text	Text Length (Words) S 96.40 95.84 98.04	95.84	The derived alternate numeric result cell in the same source row is not the declared account metric column.
2604.21223	2604.21223:llama32-pair	2604.21223:llama32-pair@42e425af52067207	same_window	page=23;identity_line=1305;metric_line=1307	98.56	2604.21223:85680cca4a8cceaf	source_owned_state_join	table_row	IRM Llama-3.2 model pair	Llama	23	1305	preceding Table 8: The performance of various detection methods in the multi-domain task. The best results are	Llama-3.2-1B family (Llama-3.2-1B-Instruct+Llama-3.2-1B)	23	1307	preceding Table 8: The performance of various detection methods in the multi-domain task. The best results are	IRM 98.56 95.02 98.45 95.15 97.84 93.19 97.03 91.65 97.97 93.75	AUROC	numeric cell 1 of 10 in exact result row	1	preceding Table 8: The performance of various detection methods in the multi-domain task. The best results are; exact row/configuration for IRM Llama-3.2 model pair; Review 26 successor re-audit binds this account to the recorded source state, exact row, and numeric column without inheriting the predecessor metric.	98.56	2604.21223:85680cca4a8cceaf	extracted_primary_pdf_text	papers/2604.21223.pdf	2790cd2f24e8eb3c0e24e014d081e2959719c3aad05e844dbafe1016cfc69d2f	9884b259910d330fca139b90b9884a221bbb2b83fad26da9e0174ac9112c83b3	wrong_column	23	1286	preceding Table 8: The performance of various detection methods in the multi-domain task. The best results are	Metrics → AUROC F1 AUROC F1 AUROC F1 AUROC F1 AUROC F1	f29c941dced2c053077b79b41d22bee2ebb7694b26c2169d2389ae5e574d3b40	23	1307	preceding Table 8: The performance of various detection methods in the multi-domain task. The best results are	IRM 98.56 95.02 98.45 95.15 97.84 93.19 97.03 91.65 97.97 93.75	95.02	The derived alternate numeric result cell in the same source row is not the declared account metric column.
2604.21223	2604.21223:qwen25-pair	2604.21223:qwen25-pair@4d31f041006d851a	table_configuration_join	locator=table8;identity_line=1272	97.17	2604.21223:1fbefc5d001ecdc4	source_owned_state_join	table_row	IRM Qwen2-0.5B model pair	Qwen2-0.5B	8	477	preceding Table 5: The performance of IRM with different model versions and sizes.	Table 5: The performance of IRM with different model versions and sizes.	8	481	preceding Table 5: The performance of IRM with different model versions and sizes.	Qwen2-0.5B 90.14 83.57 89.43 82.54 90.47 83.55 82.48 81.59 83.34 74.17 70.67 86.11 78.27 82.79	AUROC	Table 5 Multi-Domain AUROC	2	Table 5 identifies the IRM model-family ablation; the Qwen2-0.5B row reports Multi-Domain AUROC 90.14. The stable account slug predates the corrected model label.; Review 26 successor re-audit binds this account to the recorded source state, exact row, and numeric column without inheriting the predecessor metric.	90.14	2604.21223:dd2dc4f7e1545b7d	extracted_primary_pdf_text	papers/2604.21223.pdf	2790cd2f24e8eb3c0e24e014d081e2959719c3aad05e844dbafe1016cfc69d2f	286f5cc65c655e8ac39112c459141f690e48bdda0aba360ecfc36f1d1649ad0c	wrong_training_state	8	480	preceding Table 5: The performance of IRM with different model versions and sizes.	Model Family ↓ AUROC F1 AUROC F1 AUROC F1 F1 F1 F1 F1 F1 AUROC F1	93960a9cb943ac2855b24978bdfb4cf5cbbd2f875228976afb728e0af3331687	8	483	preceding Table 5: The performance of IRM with different model versions and sizes.	Qwen2.5-0.5B 79.44 76.28 77.84 74.02 78.48 73.55 74.75 73.35 73.03 66.80 62.30 74.18 68.10 73.24	79.44	The Qwen2.5-0.5B row is a different model pair and cannot supply the public Qwen2-0.5B result.
2604.21300	2604.21300:contrastive-pretraining	2604.21300:contrastive-pretraining@97bb5e78723b31c4	same_window	page=7;identity_line=448;metric_line=449	93.5	2604.21300:9819b29c4a457f15	source_owned_row_join	table_row	Contrastive pretraining baseline	contrastivepretraining	7	428	preceding Table 2: Results on HRS corpus for Document-level Authorship Attribution. | following Table 3: Results on M4 for both Single-target and Multi-target AI-generated Text Detection.	Contrastive Pre-training (Our) 55.6 88.7 98.9 65.4 85.9 92 65.1 93.5 98.9 55.3 82.5 93.8 65.2 90.1 96.7	7	428	preceding Table 2: Results on HRS corpus for Document-level Authorship Attribution. | following Table 3: Results on M4 for both Single-target and Multi-target AI-generated Text Detection.	Contrastive Pre-training (Our) 55.6 88.7 98.9 65.4 85.9 92 65.1 93.5 98.9 55.3 82.5 93.8 65.2 90.1 96.7	pAUC	numeric cell 3 of 15 in exact result row	3	preceding Table 2: Results on HRS corpus for Document-level Authorship Attribution. | following Table 3: Results on M4 for both Single-target and Multi-target AI-generated Text Detection.; exact row/configuration for Contrastive pretraining baseline; Review 26 successor re-audit binds this account to the recorded source state, exact row, and numeric column without inheriting the predecessor metric.	98.9	2604.21300:f9a20ee97566cca5	extracted_primary_pdf_text	papers/2604.21300.pdf	ee1fba9d0ef3291778ac6413ba69dbe59a6b4dd16cb8e5a7b7c1c1fa866dc398	4f653d9f93c6a3583a41b914c03071e98ed5abfcf75e0c367afe9a20b7cfe696	wrong_column	7	421	preceding Table 2: Results on HRS corpus for Document-level Authorship Attribution. | following Table 3: Results on M4 for both Single-target and Multi-target AI-generated Text Detection.	Table 2: Results on HRS corpus for Document-level Authorship Attribution.	fb92b7c76989b916624cecafb905a771fcc7039605c5739fe5431ea4335fce9e	7	428	preceding Table 2: Results on HRS corpus for Document-level Authorship Attribution. | following Table 3: Results on M4 for both Single-target and Multi-target AI-generated Text Detection.	Contrastive Pre-training (Our) 55.6 88.7 98.9 65.4 85.9 92 65.1 93.5 98.9 55.3 82.5 93.8 65.2 90.1 96.7	88.7	The derived alternate numeric result cell in the same source row is not the declared account metric column.
2604.21300	2604.21300:eavae	2604.21300:eavae@41a66af8ad7d3780	same_window	page=7;identity_line=448;metric_line=449	93.5	2604.21300:9819b29c4a457f15	source_owned_row_join	table_row	EAVAE	eavae	7	429	preceding Table 2: Results on HRS corpus for Document-level Authorship Attribution. | following Table 3: Results on M4 for both Single-target and Multi-target AI-generated Text Detection.	EAVAE (Our) 62.5 85.4 95.1 66.1 93.1 99 68.4 97.6 99.9 56.4 91.3 98.6 65.7 93.5 98.5	7	429	preceding Table 2: Results on HRS corpus for Document-level Authorship Attribution. | following Table 3: Results on M4 for both Single-target and Multi-target AI-generated Text Detection.	EAVAE (Our) 62.5 85.4 95.1 66.1 93.1 99 68.4 97.6 99.9 56.4 91.3 98.6 65.7 93.5 98.5	pAUC	numeric cell 6 of 15 in exact result row	6	preceding Table 2: Results on HRS corpus for Document-level Authorship Attribution. | following Table 3: Results on M4 for both Single-target and Multi-target AI-generated Text Detection.; exact row/configuration for EAVAE; Review 26 successor re-audit binds this account to the recorded source state, exact row, and numeric column without inheriting the predecessor metric.	99	2604.21300:7851a9e5f61e8c97	extracted_primary_pdf_text	papers/2604.21300.pdf	ee1fba9d0ef3291778ac6413ba69dbe59a6b4dd16cb8e5a7b7c1c1fa866dc398	b27c8dcb289ddae7fd19bbbcb2916bce8dcf621d5a0fcb4f2409069fb7dd71db	wrong_column	7	421	preceding Table 2: Results on HRS corpus for Document-level Authorship Attribution. | following Table 3: Results on M4 for both Single-target and Multi-target AI-generated Text Detection.	Table 2: Results on HRS corpus for Document-level Authorship Attribution.	fb92b7c76989b916624cecafb905a771fcc7039605c5739fe5431ea4335fce9e	7	429	preceding Table 2: Results on HRS corpus for Document-level Authorship Attribution. | following Table 3: Results on M4 for both Single-target and Multi-target AI-generated Text Detection.	EAVAE (Our) 62.5 85.4 95.1 66.1 93.1 99 68.4 97.6 99.9 56.4 91.3 98.6 65.7 93.5 98.5	93.1	The derived alternate numeric result cell in the same source row is not the declared account metric column.
2604.21300	2604.21300:luar	2604.21300:luar@5fda6e21f60cb492	table_configuration_join	locator=table3;identity_line=426	98.4	2604.21300:2c5158e561ef9c37	source_owned_row_join	table_row	LUAR	luar	7	426	preceding Table 2: Results on HRS corpus for Document-level Authorship Attribution. | following Table 3: Results on M4 for both Single-target and Multi-target AI-generated Text Detection.	LUAR (Rivera-Soto et al., 2021) 61.5 89.4 98.4 61.1 91.6 97.8 57 86.1 96.4 52.1 70.5 86.7 63.2 87.5 95.9	7	426	preceding Table 2: Results on HRS corpus for Document-level Authorship Attribution. | following Table 3: Results on M4 for both Single-target and Multi-target AI-generated Text Detection.	LUAR (Rivera-Soto et al., 2021) 61.5 89.4 98.4 61.1 91.6 97.8 57 86.1 96.4 52.1 70.5 86.7 63.2 87.5 95.9	pAUC	numeric cell 4 of 16 in exact result row	4	preceding Table 2: Results on HRS corpus for Document-level Authorship Attribution. | following Table 3: Results on M4 for both Single-target and Multi-target AI-generated Text Detection.; exact row/configuration for LUAR; Review 26 successor re-audit binds this account to the recorded source state, exact row, and numeric column without inheriting the predecessor metric.	98.4	2604.21300:2c5158e561ef9c37	extracted_primary_pdf_text	papers/2604.21300.pdf	ee1fba9d0ef3291778ac6413ba69dbe59a6b4dd16cb8e5a7b7c1c1fa866dc398	b58e1db87ff636971425bf9a495954c2e7d4a58563d339fa7dcaee869be0fcc8	wrong_column	7	421	preceding Table 2: Results on HRS corpus for Document-level Authorship Attribution. | following Table 3: Results on M4 for both Single-target and Multi-target AI-generated Text Detection.	Table 2: Results on HRS corpus for Document-level Authorship Attribution.	fb92b7c76989b916624cecafb905a771fcc7039605c5739fe5431ea4335fce9e	7	426	preceding Table 2: Results on HRS corpus for Document-level Authorship Attribution. | following Table 3: Results on M4 for both Single-target and Multi-target AI-generated Text Detection.	LUAR (Rivera-Soto et al., 2021) 61.5 89.4 98.4 61.1 91.6 97.8 57 86.1 96.4 52.1 70.5 86.7 63.2 87.5 95.9	89.4	The derived alternate numeric result cell in the same source row is not the declared account metric column.
2604.21365	2604.21365:codegemma-task-b	2604.21365:codegemma-task-b@9f8d6275860af274	same_window	page=4;identity_line=220;metric_line=220	1.0	2604.21365:135255f80f2b8d72	source_owned_state_join	table_row	CodeGemma-7B Task B submission	Detector Macro F1 MacroF1 WeightedF1 codegemma	4	219	following Table 2: The performance of the various system alterna- 0.2	Detector Macro F1 MacroF1 WeightedF1	4	220	following Table 2: The performance of the various system alterna- 0.2	codegemma-7b 0.39553 1.0	threshold metric or explicit strong claim	numeric cell 2 of 3 in exact result row	2	following Table 2: The performance of the various system alterna- 0.2; exact row/configuration for CodeGemma-7B Task B submission; Review 26 successor re-audit binds this account to the recorded source state, exact row, and numeric column without inheriting the predecessor metric.	0.39553	2604.21365:135255f80f2b8d72	extracted_primary_pdf_text	papers/2604.21365.pdf	a6d6c6cab1090ae48eb5f49534d2eedc045e3e0184d5c6e9c8bd935a9c45be9d	528b98867f913d69bcf462ddb398b24f3d4ae3f70640a7e4a48b7f4833b66bb2	wrong_training_state	4	219	following Table 2: The performance of the various system alterna- 0.2	Detector Macro F1 MacroF1 WeightedF1	6694b506fa95483e587687ad96685bc5c14066ea0304ba389d4d06e3d7ee172d	4	221	following Table 2: The performance of the various system alterna- 0.2	codegemma-2b 0.36475	0.36475	The 0.36475 row belongs to the separate CodeGemma-2B state, not the submitted CodeGemma-7B state.
2604.21365	2604.21365:gemma3-task-a	2604.21365:gemma3-task-a@d0d2d03faa6d21b7	table_configuration_join	locator=precedingfigure2perlanguageperformanceofmcdoksystemfollowingfigure3perfamilyperformanceofmcdoksystemin;identity_line=191	1.0	2604.21365:2c824aa3b2923f7f	source_owned_state_join	table_row	Gemma-3-27B Task A submission	Detector Macro F1 gemma	3	197	preceding Figure 2: Per-language performance of mcdok system | following Figure 3: Per-family performance of mcdok system in	Detector Macro F1	3	198	preceding Figure 2: Per-language performance of mcdok system | following Figure 3: Per-family performance of mcdok system in	gemma-3-27b-pt_th1 0.69753	threshold metric or explicit strong claim	numeric cell 3 of 3 in exact result row	3	preceding Figure 2: Per-language performance of mcdok system | following Figure 3: Per-family performance of mcdok system in; exact row/configuration for Gemma-3-27B Task A submission; Review 26 successor re-audit binds this account to the recorded source state, exact row, and numeric column without inheriting the predecessor metric.	0.69753		extracted_primary_pdf_text	papers/2604.21365.pdf	a6d6c6cab1090ae48eb5f49534d2eedc045e3e0184d5c6e9c8bd935a9c45be9d	229af23b12c119ca471085343c2c5b2233f470981d665a8c58d0d2189ec63e2e	wrong_method_state	3	197	preceding Figure 2: Per-language performance of mcdok system | following Figure 3: Per-family performance of mcdok system in	Detector Macro F1	fbec2b6e0f282147e209742ba1e1f49ece7639d526921da397afa22620b4b849	3	199	preceding Figure 3: Per-family performance of mcdok system in | following Table 1: The performance of the various system alterna- ferences between Weighted and Macro F1 scores	codegemma-1.1-7b-it_th1 0.64625 Figure 3: Per-family performance of mcdok system in	0.64625	The 0.64625 row belongs to CodeGemma-1.1-7B, not the Task-A Gemma-3 submission.
2604.21365	2604.21365:qwen-coder-task-c	2604.21365:qwen-coder-task-c@a22e94326e5e0940	same_window	page=3;identity_line=169;metric_line=171	1.0	2604.21365:2c824aa3b2923f7f	source_owned_state_join	table_row	Qwen2.5-Coder-14B Task C submission	Detector Macro F1 Qwen2.	5	317	following Table 3: The performance of the various system alterna-	Detector Macro F1	5	318	following Table 3: The performance of the various system alterna-	Qwen2.5-Coder-14B 0.68643 human	threshold metric or explicit strong claim	numeric cell 3 of 3 in exact result row	3	following Table 3: The performance of the various system alterna-; exact row/configuration for Qwen2.5-Coder-14B Task C submission; Review 26 successor re-audit binds this account to the recorded source state, exact row, and numeric column without inheriting the predecessor metric.	0.68643		extracted_primary_pdf_text	papers/2604.21365.pdf	a6d6c6cab1090ae48eb5f49534d2eedc045e3e0184d5c6e9c8bd935a9c45be9d	0a5898aa0b5d9da082b0ed091d582d09b61204d7a2c1a08083b1ae388f65b5c6	wrong_method_state	5	317	following Table 3: The performance of the various system alterna-	Detector Macro F1	fbec2b6e0f282147e209742ba1e1f49ece7639d526921da397afa22620b4b849	5	319	following Table 3: The performance of the various system alterna-	codegemma-1.1-7b-it 0.65333 0.8	0.65333	The 0.65333 row belongs to CodeGemma-1.1-7B, not the Task-C Qwen-Coder submission.
2605.03723	2605.03723:vcp	2605.03723:vcp@b6c5689cb0395d49	same_window	page=23;identity_line=1667;metric_line=1668	0.91	2605.03723:b2f4542682db05cd	source_owned_row_join	table_row	VCP change-point detector	vcp	23	1667	preceding Table A2: Results on multiple change-point detection on the Story dataset. The best results are | following Table A2 shows that WCP remains competitive as the number of change points increases. Across	VCP 0.31 -1.73 0.33 -2.81 0.31 -2.90 0.32 -3.35 0.33 -1.22	23	1667	preceding Table A2: Results on multiple change-point detection on the Story dataset. The best results are | following Table A2 shows that WCP remains competitive as the number of change points increases. Across	VCP 0.31 -1.73 0.33 -2.81 0.31 -2.90 0.32 -3.35 0.33 -1.22	threshold metric or explicit strong claim	numeric cell 1 of 10 in exact result row	1	preceding Table A2: Results on multiple change-point detection on the Story dataset. The best results are | following Table A2 shows that WCP remains competitive as the number of change points increases. Across; exact row/configuration for VCP change-point detector; Review 26 successor re-audit binds this account to the recorded source state, exact row, and numeric column without inheriting the predecessor metric.	0.31		extracted_primary_pdf_text	papers/2605.03723.pdf	bdab75fe5c8b57925582a659bbe4a59a7a7abb6e80e07f3b7c18884e71a355fe	1bd6a0fb660cf861b1d08a93b8e582f0f317f8de941cc807bdece5152b6dd067	wrong_column	23	1657	preceding Table A2: Results on multiple change-point detection on the Story dataset. The best results are | following Table A2 shows that WCP remains competitive as the number of change points increases. Across	Table A2: Results on multiple change-point detection on the Story dataset. The best results are	bd65e96059ba4e354ce5b00f3c0b793ba383e0230283837ee1c4ba13be007bad	23	1667	preceding Table A2: Results on multiple change-point detection on the Story dataset. The best results are | following Table A2 shows that WCP remains competitive as the number of change points increases. Across	VCP 0.31 -1.73 0.33 -2.81 0.31 -2.90 0.32 -3.35 0.33 -1.22	0.33	The derived alternate numeric result cell in the same source row is not the declared account metric column.
2605.03723	2605.03723:wcp	2605.03723:wcp@4d9f1fc433b25fa6	same_window	page=23;identity_line=1668;metric_line=1668	0.91	2605.03723:b2f4542682db05cd	source_owned_row_join	table_row	WCP change-point detector	wcp	23	1668	preceding Table A2: Results on multiple change-point detection on the Story dataset. The best results are | following Table A2 shows that WCP remains competitive as the number of change points increases. Across	WCP 0.26 -1.11 0.29 -1.01 0.31 -1.13 0.33 -0.91 0.33 0.68	23	1668	preceding Table A2: Results on multiple change-point detection on the Story dataset. The best results are | following Table A2 shows that WCP remains competitive as the number of change points increases. Across	WCP 0.26 -1.11 0.29 -1.01 0.31 -1.13 0.33 -0.91 0.33 0.68	threshold metric or explicit strong claim	numeric cell 1 of 10 in exact result row	1	preceding Table A2: Results on multiple change-point detection on the Story dataset. The best results are | following Table A2 shows that WCP remains competitive as the number of change points increases. Across; exact row/configuration for WCP change-point detector; Review 26 successor re-audit binds this account to the recorded source state, exact row, and numeric column without inheriting the predecessor metric.	0.26	2605.03723:b2f4542682db05cd	extracted_primary_pdf_text	papers/2605.03723.pdf	bdab75fe5c8b57925582a659bbe4a59a7a7abb6e80e07f3b7c18884e71a355fe	f7d6c31f76452bc090bc721564b1fc5c22b8c06e0bf459c5157d792433452c12	wrong_column	23	1657	preceding Table A2: Results on multiple change-point detection on the Story dataset. The best results are | following Table A2 shows that WCP remains competitive as the number of change points increases. Across	Table A2: Results on multiple change-point detection on the Story dataset. The best results are	bd65e96059ba4e354ce5b00f3c0b793ba383e0230283837ee1c4ba13be007bad	23	1668	preceding Table A2: Results on multiple change-point detection on the Story dataset. The best results are | following Table A2 shows that WCP remains competitive as the number of change points increases. Across	WCP 0.26 -1.11 0.29 -1.01 0.31 -1.13 0.33 -0.91 0.33 0.68	0.29	The derived alternate numeric result cell in the same source row is not the declared account metric column.
2605.06903	2605.06903:paper-era	2605.06903:paper-era@cb2ff853ca4fb0d1	same_window	page=17;identity_line=1069;metric_line=1069	99.99	2605.06903:034e612e818a7c96	source_owned_row_join	table_row	MELD paper-era model	meldours	17	1069	preceding Table 9: Same-data retraining of supervised baselines. “Public” is each baseline’s authors-released checkpoint	MELD (ours) 99.74 99.84 99.12 95.63 77.95 56.26 99.97 99.95 98.54 93.84 99.99 99.97	17	1069	preceding Table 9: Same-data retraining of supervised baselines. “Public” is each baseline’s authors-released checkpoint	MELD (ours) 99.74 99.84 99.12 95.63 77.95 56.26 99.97 99.95 98.54 93.84 99.99 99.97	threshold metric or explicit strong claim	numeric cell 1 of 12 in exact result row	1	preceding Table 9: Same-data retraining of supervised baselines. “Public” is each baseline’s authors-released checkpoint; exact row/configuration for MELD paper-era model; Review 26 successor re-audit binds this account to the recorded source state, exact row, and numeric column without inheriting the predecessor metric.	99.74	2605.06903:034e612e818a7c96	extracted_primary_pdf_text	papers/2605.06903.pdf	66355799287c066b054b6d4a5720d4870457801585097cae14aadf96e7380503	c9e8279f36e5e12e58157a9a0176feb633452e38ba01a145c3b45077ae7281e0	wrong_column	17	1061	preceding Table 9: Same-data retraining of supervised baselines. “Public” is each baseline’s authors-released checkpoint	AUROC TPR@5% AUROC TPR@5% AUROC TPR@5% AUROC TPR@5% AUROC TPR@5% AUROC TPR@5%	12c77417c2976a1f3e4c629824379dd72465fe55141ed21108fcfc6d907b6059	17	1069	preceding Table 9: Same-data retraining of supervised baselines. “Public” is each baseline’s authors-released checkpoint	MELD (ours) 99.74 99.84 99.12 95.63 77.95 56.26 99.97 99.95 98.54 93.84 99.99 99.97	99.84	The derived alternate numeric result cell in the same source row is not the declared account metric column.
2605.06903	2605.06903:public-v5	2605.06903:public-v5@cdc83b3e67a1268b	same_window	page=17;identity_line=1063;metric_line=1063	99.95	2605.06903:5afd898c1631e32c	source_owned_artifact_state_join	local_benchmark_row	MELD public v5 checkpoint	{'run_at': '	1	1	caption continuation	{'run_at': '2026-08-08T16:27:48.047479-07:00', 'artifact': 'MELD v5 immutable public Hugging Face revision', 'current_revision': '453acf594d48f8c55c3a38bde396f9178516d817', 'current_weight_sha256': '32b0fbf6a5bd2083b53d41db24dcd5b6756fa82c688b7396552da9fbcaf8bb91', 'paper_revision_preserved_not_executed': '51f3ac2d4ce8de9f6f3a1eba9ca4276b077bb808', 'paper_weight_sha256': 'b829b8f9482df9cbd5bc287baa484cceae0f5d0b9af77528fda42da12f06660e', 'model_config_sha256': '3b2a3f5772219ee4574f92df490d363edc7002bf506b12ab6d999460909a1f7c', 'backbone_config_sha256': '7b6bcff9950816b4a047ca21fd7e5d4976e436c7a9373a8a82a699b13827a588', 'tokenizer_sha256': '9fd55248d51d33976b324fc11592e28071da7d41e0e9401dfb7082e30574b7b1', 'parameter_count': 394833461, 'dtype': 'torch.float32', 'python': '3.13.11', 'torch': '2.9.1+cu126', 'torch_cuda_build': '12.6', 'transformers': '4.57.3', 'nvidia_smi_gpus': ('0, NVIDIA RTX A6000, 580.173.02, 49140', '1, NVIDIA RTX A6000, 580.173.02, 49140'), 'trial_rows': 8170, 'rows_with_local_text': 8022, 'trial_csv_sha256': '964cf196caacaee7cb28c106e0bc7b1177a2567478ab1058dd5ee5f8228aef46', 'longest_documents': ['data/classify/google_prelim/global.invacare.com20250408-003541.html', 'data/classify/google_prelim/www.lithia.com20250408-010228.html', 'data/classify/google_prelim/co/lukealexdavis.co.uk20250602-035309.html', 'data/classify/google_prelim/global.invacare.com20250408-002609.html', 'data/classify/google_prelim/www.bristowgroup.com20250408-002753.html', 'data/classify/google_prelim/www.strongerbyscience.com20250317-050922.html', 'data/classify/google_prelim/ie/global.invacare.com20250622-073110.html', 'data/classify/google_prelim/foreverliketh.is20250408-005430.html'], 'timing_boundary': 'device-resident token tensors entered scoring and CPU scores left it', 'timing_repetitions': 5}	1	8	caption continuation	{'method': 'MELD v5 raw score', 'evaluation_auc': 0.9552706838729282}	AUROC	evaluation_auc	1	benchmark_meld_stdout.txt line 8; immutable v5 revision identity on line 1; Review 26 successor re-audit binds this account to the recorded source state, exact row, and numeric column without inheriting the predecessor metric.	0.9552706838729282		local_benchmark_artifact	benchmark_meld_stdout.txt	9169d946bb98450c10f79231c2eb907ebecd861339db6f7f4b364dc35cf8e3fb	abe514bea64b17a50bf7f230bbce405e0fd0b743791e4f1e0df650c8deb05805	wrong_method_state	1	1	caption continuation	{'run_at': '2026-08-08T16:27:48.047479-07:00', 'artifact': 'MELD v5 immutable public Hugging Face revision', 'current_revision': '453acf594d48f8c55c3a38bde396f9178516d817', 'current_weight_sha256': '32b0fbf6a5bd2083b53d41db24dcd5b6756fa82c688b7396552da9fbcaf8bb91', 'paper_revision_preserved_not_executed': '51f3ac2d4ce8de9f6f3a1eba9ca4276b077bb808', 'paper_weight_sha256': 'b829b8f9482df9cbd5bc287baa484cceae0f5d0b9af77528fda42da12f06660e', 'model_config_sha256': '3b2a3f5772219ee4574f92df490d363edc7002bf506b12ab6d999460909a1f7c', 'backbone_config_sha256': '7b6bcff9950816b4a047ca21fd7e5d4976e436c7a9373a8a82a699b13827a588', 'tokenizer_sha256': '9fd55248d51d33976b324fc11592e28071da7d41e0e9401dfb7082e30574b7b1', 'parameter_count': 394833461, 'dtype': 'torch.float32', 'python': '3.13.11', 'torch': '2.9.1+cu126', 'torch_cuda_build': '12.6', 'transformers': '4.57.3', 'nvidia_smi_gpus': ('0, NVIDIA RTX A6000, 580.173.02, 49140', '1, NVIDIA RTX A6000, 580.173.02, 49140'), 'trial_rows': 8170, 'rows_with_local_text': 8022, 'trial_csv_sha256': '964cf196caacaee7cb28c106e0bc7b1177a2567478ab1058dd5ee5f8228aef46', 'longest_documents': ['data/classify/google_prelim/global.invacare.com20250408-003541.html', 'data/classify/google_prelim/www.lithia.com20250408-010228.html', 'data/classify/google_prelim/co/lukealexdavis.co.uk20250602-035309.html', 'data/classify/google_prelim/global.invacare.com20250408-002609.html', 'data/classify/google_prelim/www.bristowgroup.com20250408-002753.html', 'data/classify/google_prelim/www.strongerbyscience.com20250317-050922.html', 'data/classify/google_prelim/ie/global.invacare.com20250622-073110.html', 'data/classify/google_prelim/foreverliketh.is20250408-005430.html'], 'timing_boundary': 'device-resident token tensors entered scoring and CPU scores left it', 'timing_repetitions': 5}	513c1136a970c475547256690fcefbb0197ff205df11d4f4cbcd7ff027072ac6	1	11	caption continuation	{'method': 'stored DW1 Binoculars, sign-normalized', 'evaluation_auc': 0.9778986726288027}	0.9778986726288027	A result from the paired but different training state or method cannot certify this account.
2605.20761	2605.20761:sarang	2605.20761:sarang@e59b86d69d451f51	same_window	page=5;identity_line=237;metric_line=237	1.0000	2605.20761:944cc46923bad183	source_owned_row_join	table_row	Sarang	sarang	5	237	following Table 2	1 Sarang 1.0000	5	237	following Table 2	1 Sarang 1.0000	F1	numeric cell 2 of 2 in exact result row	2	following Table 2; exact row/configuration for Sarang; Review 26 successor re-audit binds this account to the recorded source state, exact row, and numeric column without inheriting the predecessor metric.	1.0000	2605.20761:944cc46923bad183	extracted_primary_pdf_text	papers/2605.20761.pdf	a80a912ab40b2d8a49a4c9c305fce4da8846e4ab9a797b0c15a3bcbe17fe35b8	cccdee47504cfc88f972d1a33633482ca0f08264a48eca93b6be0e9659b47afd	wrong_method_state	5	231	following Table 2	fine-tuning and emphasizes explainability alongside accuracy.	3668a240c55b8e8edce0ca51c106556ae4d1e0d290f5d035f96fde37c8f9f3c1	5	238	following Table 2	2 Dakiet 0.9999	0.9999	The 0.9999 result belongs to the separate Dakiet submission, not Sarang.
2605.25281	2605.25281:adadetectgpt-gemma-target	2605.25281:adadetectgpt-gemma-target@69541c7e3e126670	table_configuration_join	locator=table2;identity_line=391	0.953	2605.25281:3b4c9666d7e2e592	source_owned_state_join	table_row	Target-adapted AdaDetectGPT with Gemma sampling/scoring models	M ETHOD / D OMAIN XS UM W RITING Y ELP E SSAY AVG . XS UM W RITING Y ELP E SSAY AVG . XS UM W RITING Y ELP E SSAY AVG . A DA D ETECT GPT∗	23	1415	preceding Table 14: Out-of-distribution detection accuracy. Baselines are evaluated under the per-domain configuration, with	M ETHOD / D OMAIN XS UM W RITING Y ELP E SSAY AVG . XS UM W RITING Y ELP E SSAY AVG . XS UM W RITING Y ELP E SSAY AVG .	23	1433	preceding Table 14: Out-of-distribution detection accuracy. Baselines are evaluated under the per-domain configuration, with	A DA D ETECT GPT∗ 0.783 0.887 0.913 0.967 0.887 0.837 0.870 0.923 0.900 0.882 0.827 0.897 0.940 0.940 0.901	threshold metric or explicit strong claim	numeric cell 4 of 15 in exact result row	4	preceding Table 14: Out-of-distribution detection accuracy. Baselines are evaluated under the per-domain configuration, with; exact row/configuration for Target-adapted AdaDetectGPT with Gemma sampling/scoring models; Review 26 successor re-audit binds this account to the recorded source state, exact row, and numeric column without inheriting the predecessor metric.	0.967	2605.25281:63ad4de0558e43f8	extracted_primary_pdf_text	papers/2605.25281.pdf	0488530b9b6f45b3dd09ca8a40994f41a2cf3d716dc20bc3bd7676a53fe2999b	062a487aff69c68b160552435c7c18d6af1650519c8c6c700fdd47c5fa612e19	wrong_column	23	1410	preceding Table 14: Out-of-distribution detection accuracy. Baselines are evaluated under the per-domain configuration, with	Table 14: Out-of-distribution detection accuracy. Baselines are evaluated under the per-domain configuration, with	d174156c227708381fab95e3cf469bf65bfd4dc0d0121535a9f3589ff3744aef	23	1433	preceding Table 14: Out-of-distribution detection accuracy. Baselines are evaluated under the per-domain configuration, with	A DA D ETECT GPT∗ 0.783 0.887 0.913 0.967 0.887 0.837 0.870 0.923 0.900 0.882 0.827 0.897 0.940 0.940 0.901	0.913	The derived alternate numeric result cell in the same source row is not the declared account metric column.
2605.25281	2605.25281:grpo-cot	2605.25281:grpo-cot@ce732d5a96c1e76d	table_configuration_join	locator=table2;identity_line=240	0.920	2605.25281:c87aaec5ea3276e5	source_owned_state_join	table_row	READER GRPO CoT	N ON -C OT C OT ,→ + GRPO (R EADER )	25	1506	preceding Table 18: Detection accuracy of our base model (Qwen2.5-1.5B-Instruct), SFT model (R EADER-SFT) and R EADER | following Table 19: Output-level consistency between R EADER’s nale is output-consistent with the prediction, and	N ON -C OT C OT	25	1510	preceding Table 18: Detection accuracy of our base model (Qwen2.5-1.5B-Instruct), SFT model (R EADER-SFT) and R EADER | following Table 19: Output-level consistency between R EADER’s nale is output-consistent with the prediction, and	,→ + GRPO (R EADER ) 0.895 0.922 0.958 0.925 0.925 0.934 0.974 0.944	threshold metric or explicit strong claim	numeric cell 8 of 8 in exact result row	8	preceding Table 18: Detection accuracy of our base model (Qwen2.5-1.5B-Instruct), SFT model (R EADER-SFT) and R EADER | following Table 19: Output-level consistency between R EADER’s nale is output-consistent with the prediction, and; exact row/configuration for READER GRPO CoT; Review 26 successor re-audit binds this account to the recorded source state, exact row, and numeric column without inheriting the predecessor metric.	0.944	2605.25281:d37fb74afa27b70f	extracted_primary_pdf_text	papers/2605.25281.pdf	0488530b9b6f45b3dd09ca8a40994f41a2cf3d716dc20bc3bd7676a53fe2999b	3179d7301ee46763711eb91687a150541d01d6260fcd93bfb4c8d31cd818beab	wrong_column	25	1503	preceding Table 18: Detection accuracy of our base model (Qwen2.5-1.5B-Instruct), SFT model (R EADER-SFT) and R EADER | following Table 19: Output-level consistency between R EADER’s nale is output-consistent with the prediction, and	Table 18: Detection accuracy of our base model (Qwen2.5-1.5B-Instruct), SFT model (R EADER-SFT) and R EADER	d0c0a98973948f11810cabb3df8b9eb46ed2e2927c3dfb74cd65613e45551302	25	1510	preceding Table 18: Detection accuracy of our base model (Qwen2.5-1.5B-Instruct), SFT model (R EADER-SFT) and R EADER | following Table 19: Output-level consistency between R EADER’s nale is output-consistent with the prediction, and	,→ + GRPO (R EADER ) 0.895 0.922 0.958 0.925 0.925 0.934 0.974 0.944	0.974	The derived alternate numeric result cell in the same source row is not the declared account metric column.
2605.25281	2605.25281:grpo-noncot	2605.25281:grpo-noncot@86ec959a85b465ee	table_configuration_join	locator=table2;identity_line=240	0.920	2605.25281:c87aaec5ea3276e5	source_owned_state_join	table_row	READER GRPO non-CoT	N ON -C OT C OT ,→ + GRPO (R EADER )	25	1506	preceding Table 18: Detection accuracy of our base model (Qwen2.5-1.5B-Instruct), SFT model (R EADER-SFT) and R EADER | following Table 19: Output-level consistency between R EADER’s nale is output-consistent with the prediction, and	N ON -C OT C OT	25	1510	preceding Table 18: Detection accuracy of our base model (Qwen2.5-1.5B-Instruct), SFT model (R EADER-SFT) and R EADER | following Table 19: Output-level consistency between R EADER’s nale is output-consistent with the prediction, and	,→ + GRPO (R EADER ) 0.895 0.922 0.958 0.925 0.925 0.934 0.974 0.944	threshold metric or explicit strong claim	numeric cell 4 of 8 in exact result row	4	preceding Table 18: Detection accuracy of our base model (Qwen2.5-1.5B-Instruct), SFT model (R EADER-SFT) and R EADER | following Table 19: Output-level consistency between R EADER’s nale is output-consistent with the prediction, and; exact row/configuration for READER GRPO non-CoT; Review 26 successor re-audit binds this account to the recorded source state, exact row, and numeric column without inheriting the predecessor metric.	0.925	2605.25281:d37fb74afa27b70f	extracted_primary_pdf_text	papers/2605.25281.pdf	0488530b9b6f45b3dd09ca8a40994f41a2cf3d716dc20bc3bd7676a53fe2999b	3179d7301ee46763711eb91687a150541d01d6260fcd93bfb4c8d31cd818beab	wrong_column	25	1503	preceding Table 18: Detection accuracy of our base model (Qwen2.5-1.5B-Instruct), SFT model (R EADER-SFT) and R EADER | following Table 19: Output-level consistency between R EADER’s nale is output-consistent with the prediction, and	Table 18: Detection accuracy of our base model (Qwen2.5-1.5B-Instruct), SFT model (R EADER-SFT) and R EADER	d0c0a98973948f11810cabb3df8b9eb46ed2e2927c3dfb74cd65613e45551302	25	1510	preceding Table 18: Detection accuracy of our base model (Qwen2.5-1.5B-Instruct), SFT model (R EADER-SFT) and R EADER | following Table 19: Output-level consistency between R EADER’s nale is output-consistent with the prediction, and	,→ + GRPO (R EADER ) 0.895 0.922 0.958 0.925 0.925 0.934 0.974 0.944	0.958	The derived alternate numeric result cell in the same source row is not the declared account metric column.
2605.27921	2605.27921:aigc-mpu	2605.27921:aigc-mpu@8ee62593bd9cdd94	same_window	page=27;identity_line=1848;metric_line=1849	0.957	2605.27921:fa9ced627146a2ad	source_owned_state_join	table_row	AIGC MPU	aigcmpu	27	1887	preceding Table 7: Per-domain AUROC on the TELL benchmark test set. Best result per domain in bold. Detectors ordered	Domain TELL MAGE Pangram F-DGT ArguGPT T5Sent. DL-NPR OAI-RB AIGC MPU DL-LRR LogRank RADAR CGPT-D Binoc. DNA-GPT PHD	27	1892	preceding Table 7: Per-domain AUROC on the TELL benchmark test set. Best result per domain in bold. Detectors ordered	email 0.998 0.921 1.000 0.919 0.989 0.625 0.956 0.547 0.991 0.931 0.943 0.740 0.884 0.733 0.492 0.518	AUROC	numeric cell 9 of 16 in exact result row	9	preceding Table 7: Per-domain AUROC on the TELL benchmark test set. Best result per domain in bold. Detectors ordered; exact row/configuration for AIGC MPU; Review 26 successor re-audit binds this account to the recorded source state, exact row, and numeric column without inheriting the predecessor metric.	0.991	2605.27921:5b4adc58984af91d	extracted_primary_pdf_text	papers/2605.27921.pdf	6c746afef5a2ad5f27b5b6693cb556439509ea01b63ba1e5c8a9cb5751288578	23b5817d861f609bc82dd9c11cc1d028d02968a5c04238f6d289342e56c68229	wrong_column	27	1884	preceding Table 7: Per-domain AUROC on the TELL benchmark test set. Best result per domain in bold. Detectors ordered	Table 7: Per-domain AUROC on the TELL benchmark test set. Best result per domain in bold. Detectors ordered	7c9e9ddcd7e16a152c734d777bb422ac0fb03211dfe7042d122901ddb5bd7492	27	1892	preceding Table 7: Per-domain AUROC on the TELL benchmark test set. Best result per domain in bold. Detectors ordered	email 0.998 0.921 1.000 0.919 0.989 0.625 0.956 0.547 0.991 0.931 0.943 0.740 0.884 0.733 0.492 0.518	0.547	The derived alternate numeric result cell in the same source row is not the declared account metric column.
2605.27921	2605.27921:argugpt	2605.27921:argugpt@08f4dee6fd2379aa	same_window	page=27;identity_line=1844;metric_line=1844	1.000	2605.27921:d9864abc2bac9726	source_owned_row_join	table_row	ArguGPT	argugpt	27	1844	preceding Table 5: Detector ranking on the TELL benchmark test set (n = 5000). Failed rows imputed to score 0. AUROC | following Table 6: Pairwise ∆AUROC (row − col). Bold = BH-significant (DeLong test, FDR q = 0.05, 120 comparisons).	5 ArguGPT 0.8281 [0.8164, 0.8397] 0.4328 1.000	27	1844	preceding Table 5: Detector ranking on the TELL benchmark test set (n = 5000). Failed rows imputed to score 0. AUROC | following Table 6: Pairwise ∆AUROC (row − col). Bold = BH-significant (DeLong test, FDR q = 0.05, 120 comparisons).	5 ArguGPT 0.8281 [0.8164, 0.8397] 0.4328 1.000	AUROC	numeric cell 6 of 6 in exact result row	6	preceding Table 5: Detector ranking on the TELL benchmark test set (n = 5000). Failed rows imputed to score 0. AUROC | following Table 6: Pairwise ∆AUROC (row − col). Bold = BH-significant (DeLong test, FDR q = 0.05, 120 comparisons).; exact row/configuration for ArguGPT; Review 26 successor re-audit binds this account to the recorded source state, exact row, and numeric column without inheriting the predecessor metric.	1.000	2605.27921:d9864abc2bac9726	extracted_primary_pdf_text	papers/2605.27921.pdf	6c746afef5a2ad5f27b5b6693cb556439509ea01b63ba1e5c8a9cb5751288578	b1be19a1bea3266ccbfee157125d60650a6118a14b376f616f97d1f433e94d0f	wrong_column	27	1839	preceding Table 5: Detector ranking on the TELL benchmark test set (n = 5000). Failed rows imputed to score 0. AUROC | following Table 6: Pairwise ∆AUROC (row − col). Bold = BH-significant (DeLong test, FDR q = 0.05, 120 comparisons).	Rank Detector AUROC 95% CI TPR@1%FPR P (rank holds)	efe126a6b9527bca3d3796a086bde818decc8a0d6cf266626d7a4de5a398cc01	27	1844	preceding Table 5: Detector ranking on the TELL benchmark test set (n = 5000). Failed rows imputed to score 0. AUROC | following Table 6: Pairwise ∆AUROC (row − col). Bold = BH-significant (DeLong test, FDR q = 0.05, 120 comparisons).	5 ArguGPT 0.8281 [0.8164, 0.8397] 0.4328 1.000	0.4328	The derived alternate numeric result cell in the same source row is not the declared account metric column.
2605.27921	2605.27921:detectllm-npr	2605.27921:detectllm-npr@cbd2a4b5d29fe94f	table_configuration_join	locator=table5;identity_line=1845	1.000	2605.27921:f05730e2a66a0742	source_owned_row_join	table_row	DetectLLM-NPR	detectllmnpr	27	1846	preceding Table 5: Detector ranking on the TELL benchmark test set (n = 5000). Failed rows imputed to score 0. AUROC | following Table 6: Pairwise ∆AUROC (row − col). Bold = BH-significant (DeLong test, FDR q = 0.05, 120 comparisons).	7 DetectLLM-NPR 0.7824 [0.7692, 0.7953] 0.3196 0.749†	27	1846	preceding Table 5: Detector ranking on the TELL benchmark test set (n = 5000). Failed rows imputed to score 0. AUROC | following Table 6: Pairwise ∆AUROC (row − col). Bold = BH-significant (DeLong test, FDR q = 0.05, 120 comparisons).	7 DetectLLM-NPR 0.7824 [0.7692, 0.7953] 0.3196 0.749†	AUROC	numeric cell 2 of 6 in exact result row	2	preceding Table 5: Detector ranking on the TELL benchmark test set (n = 5000). Failed rows imputed to score 0. AUROC | following Table 6: Pairwise ∆AUROC (row − col). Bold = BH-significant (DeLong test, FDR q = 0.05, 120 comparisons).; exact row/configuration for DetectLLM-NPR; Review 26 successor re-audit binds this account to the recorded source state, exact row, and numeric column without inheriting the predecessor metric.	0.7824		extracted_primary_pdf_text	papers/2605.27921.pdf	6c746afef5a2ad5f27b5b6693cb556439509ea01b63ba1e5c8a9cb5751288578	6a9ba09fc62b88c39a26f335051804df62cb71eb36fc9efd104410fa9d7129b5	wrong_column	27	1839	preceding Table 5: Detector ranking on the TELL benchmark test set (n = 5000). Failed rows imputed to score 0. AUROC | following Table 6: Pairwise ∆AUROC (row − col). Bold = BH-significant (DeLong test, FDR q = 0.05, 120 comparisons).	Rank Detector AUROC 95% CI TPR@1%FPR P (rank holds)	efe126a6b9527bca3d3796a086bde818decc8a0d6cf266626d7a4de5a398cc01	27	1846	preceding Table 5: Detector ranking on the TELL benchmark test set (n = 5000). Failed rows imputed to score 0. AUROC | following Table 6: Pairwise ∆AUROC (row − col). Bold = BH-significant (DeLong test, FDR q = 0.05, 120 comparisons).	7 DetectLLM-NPR 0.7824 [0.7692, 0.7953] 0.3196 0.749†	0.3196	The derived alternate numeric result cell in the same source row is not the declared account metric column.
2605.27921	2605.27921:logrank-gpt2-medium	2605.27921:logrank-gpt2-medium@977a81bce863367b	same_window	page=27;identity_line=1850;metric_line=1850	0.913	2605.27921:7c4a2b736ffcf256	source_owned_row_join	table_row	LogRank GPT-2-medium	logrankgpt2medium	27	1850	preceding Table 5: Detector ranking on the TELL benchmark test set (n = 5000). Failed rows imputed to score 0. AUROC | following Table 6: Pairwise ∆AUROC (row − col). Bold = BH-significant (DeLong test, FDR q = 0.05, 120 comparisons).	11 LogRank GPT-2-medium 0.7573 [0.7440, 0.7707] 0.2320 0.913†	27	1850	preceding Table 5: Detector ranking on the TELL benchmark test set (n = 5000). Failed rows imputed to score 0. AUROC | following Table 6: Pairwise ∆AUROC (row − col). Bold = BH-significant (DeLong test, FDR q = 0.05, 120 comparisons).	11 LogRank GPT-2-medium 0.7573 [0.7440, 0.7707] 0.2320 0.913†	AUROC	numeric cell 7 of 7 in exact result row	7	preceding Table 5: Detector ranking on the TELL benchmark test set (n = 5000). Failed rows imputed to score 0. AUROC | following Table 6: Pairwise ∆AUROC (row − col). Bold = BH-significant (DeLong test, FDR q = 0.05, 120 comparisons).; exact row/configuration for LogRank GPT-2-medium; Review 26 successor re-audit binds this account to the recorded source state, exact row, and numeric column without inheriting the predecessor metric.	0.913	2605.27921:7c4a2b736ffcf256	extracted_primary_pdf_text	papers/2605.27921.pdf	6c746afef5a2ad5f27b5b6693cb556439509ea01b63ba1e5c8a9cb5751288578	c0bf543a8391b1d14171376b41ab4bd09ff3e5bc7b6e89d6c610fc5f0b0c68ee	wrong_column	27	1839	preceding Table 5: Detector ranking on the TELL benchmark test set (n = 5000). Failed rows imputed to score 0. AUROC | following Table 6: Pairwise ∆AUROC (row − col). Bold = BH-significant (DeLong test, FDR q = 0.05, 120 comparisons).	Rank Detector AUROC 95% CI TPR@1%FPR P (rank holds)	efe126a6b9527bca3d3796a086bde818decc8a0d6cf266626d7a4de5a398cc01	27	1850	preceding Table 5: Detector ranking on the TELL benchmark test set (n = 5000). Failed rows imputed to score 0. AUROC | following Table 6: Pairwise ∆AUROC (row − col). Bold = BH-significant (DeLong test, FDR q = 0.05, 120 comparisons).	11 LogRank GPT-2-medium 0.7573 [0.7440, 0.7707] 0.2320 0.913†	0.2320	The derived alternate numeric result cell in the same source row is not the declared account metric column.
2605.27921	2605.27921:mage	2605.27921:mage@0121e1d78bfd1547	same_window	page=27;identity_line=1841;metric_line=1841	0.9219	2605.27921:08a7c339f1aa1838	source_owned_row_join	table_row	MAGE classifier	mage	27	1841	preceding Table 5: Detector ranking on the TELL benchmark test set (n = 5000). Failed rows imputed to score 0. AUROC | following Table 6: Pairwise ∆AUROC (row − col). Bold = BH-significant (DeLong test, FDR q = 0.05, 120 comparisons).	2 MAGE 0.9132 [0.9042, 0.9219] 0.0424 0.647†	27	1841	preceding Table 5: Detector ranking on the TELL benchmark test set (n = 5000). Failed rows imputed to score 0. AUROC | following Table 6: Pairwise ∆AUROC (row − col). Bold = BH-significant (DeLong test, FDR q = 0.05, 120 comparisons).	2 MAGE 0.9132 [0.9042, 0.9219] 0.0424 0.647†	AUROC	numeric cell 2 of 6 in exact result row	2	preceding Table 5: Detector ranking on the TELL benchmark test set (n = 5000). Failed rows imputed to score 0. AUROC | following Table 6: Pairwise ∆AUROC (row − col). Bold = BH-significant (DeLong test, FDR q = 0.05, 120 comparisons).; exact row/configuration for MAGE classifier; Review 26 successor re-audit binds this account to the recorded source state, exact row, and numeric column without inheriting the predecessor metric.	0.9132	2605.27921:08a7c339f1aa1838	extracted_primary_pdf_text	papers/2605.27921.pdf	6c746afef5a2ad5f27b5b6693cb556439509ea01b63ba1e5c8a9cb5751288578	cd70a3ca9f03407e4d6afba6771b1dd6d400d69f954dba62f8819f2785dcaa33	wrong_column	27	1839	preceding Table 5: Detector ranking on the TELL benchmark test set (n = 5000). Failed rows imputed to score 0. AUROC | following Table 6: Pairwise ∆AUROC (row − col). Bold = BH-significant (DeLong test, FDR q = 0.05, 120 comparisons).	Rank Detector AUROC 95% CI TPR@1%FPR P (rank holds)	efe126a6b9527bca3d3796a086bde818decc8a0d6cf266626d7a4de5a398cc01	27	1841	preceding Table 5: Detector ranking on the TELL benchmark test set (n = 5000). Failed rows imputed to score 0. AUROC | following Table 6: Pairwise ∆AUROC (row − col). Bold = BH-significant (DeLong test, FDR q = 0.05, 120 comparisons).	2 MAGE 0.9132 [0.9042, 0.9219] 0.0424 0.647†	0.0424	The derived alternate numeric result cell in the same source row is not the declared account metric column.
2605.27921	2605.27921:openai-roberta	2605.27921:openai-roberta@ec5405d2f60c619f	same_window	page=27;identity_line=1847;metric_line=1849	0.957	2605.27921:fa9ced627146a2ad	source_owned_state_join	table_row	OpenAI RoBERTa	Domain TELL MAGE Pangram F-DGT ArguGPT T5Sent. DL-NPR OAI-RB AIGC MPU DL-LRR LogRank RADAR CGPT-D Binoc. DNA-GPT PHD finance	27	1887	preceding Table 7: Per-domain AUROC on the TELL benchmark test set. Best result per domain in bold. Detectors ordered	Domain TELL MAGE Pangram F-DGT ArguGPT T5Sent. DL-NPR OAI-RB AIGC MPU DL-LRR LogRank RADAR CGPT-D Binoc. DNA-GPT PHD	27	1894	preceding Table 7: Per-domain AUROC on the TELL benchmark test set. Best result per domain in bold. Detectors ordered	finance 0.964 0.987 0.989 0.986 0.997 0.605 0.987 0.986 0.919 0.976 0.981 0.647 1.000 0.779 0.798 0.842	AUROC	numeric cell 4 of 16 in exact result row	4	preceding Table 7: Per-domain AUROC on the TELL benchmark test set. Best result per domain in bold. Detectors ordered; exact row/configuration for OpenAI RoBERTa; Review 26 successor re-audit binds this account to the recorded source state, exact row, and numeric column without inheriting the predecessor metric.	0.986	2605.27921:f11b58dc8df0813c	extracted_primary_pdf_text	papers/2605.27921.pdf	6c746afef5a2ad5f27b5b6693cb556439509ea01b63ba1e5c8a9cb5751288578	6b2e35de40e6fb5f51740b1ad58f4cdb2df4f206f3e0fa4513c20667fac48950	wrong_column	27	1884	preceding Table 7: Per-domain AUROC on the TELL benchmark test set. Best result per domain in bold. Detectors ordered	Table 7: Per-domain AUROC on the TELL benchmark test set. Best result per domain in bold. Detectors ordered	7c9e9ddcd7e16a152c734d777bb422ac0fb03211dfe7042d122901ddb5bd7492	27	1894	preceding Table 7: Per-domain AUROC on the TELL benchmark test set. Best result per domain in bold. Detectors ordered	finance 0.964 0.987 0.989 0.986 0.997 0.605 0.987 0.986 0.919 0.976 0.981 0.647 1.000 0.779 0.798 0.842	0.989	The derived alternate numeric result cell in the same source row is not the declared account metric column.
2605.27921	2605.27921:radar	2605.27921:radar@bacd08182992f0a2	same_window	page=27;identity_line=1851;metric_line=1851	1.000	2605.27921:b42d6e0856cfbd73	source_owned_row_join	table_row	RADAR	radar	27	1851	preceding Table 5: Detector ranking on the TELL benchmark test set (n = 5000). Failed rows imputed to score 0. AUROC | following Table 6: Pairwise ∆AUROC (row − col). Bold = BH-significant (DeLong test, FDR q = 0.05, 120 comparisons).	12 RADAR 0.7441 [0.7301, 0.7583] 0.0128 1.000	27	1851	preceding Table 5: Detector ranking on the TELL benchmark test set (n = 5000). Failed rows imputed to score 0. AUROC | following Table 6: Pairwise ∆AUROC (row − col). Bold = BH-significant (DeLong test, FDR q = 0.05, 120 comparisons).	12 RADAR 0.7441 [0.7301, 0.7583] 0.0128 1.000	AUROC	numeric cell 6 of 6 in exact result row	6	preceding Table 5: Detector ranking on the TELL benchmark test set (n = 5000). Failed rows imputed to score 0. AUROC | following Table 6: Pairwise ∆AUROC (row − col). Bold = BH-significant (DeLong test, FDR q = 0.05, 120 comparisons).; exact row/configuration for RADAR; Review 26 successor re-audit binds this account to the recorded source state, exact row, and numeric column without inheriting the predecessor metric.	1.000	2605.27921:b42d6e0856cfbd73	extracted_primary_pdf_text	papers/2605.27921.pdf	6c746afef5a2ad5f27b5b6693cb556439509ea01b63ba1e5c8a9cb5751288578	d3629a5cbe6b4e71304983899fd4f23ca789421bb6d96dc6526989ca3723fa5f	wrong_column	27	1839	preceding Table 5: Detector ranking on the TELL benchmark test set (n = 5000). Failed rows imputed to score 0. AUROC | following Table 6: Pairwise ∆AUROC (row − col). Bold = BH-significant (DeLong test, FDR q = 0.05, 120 comparisons).	Rank Detector AUROC 95% CI TPR@1%FPR P (rank holds)	efe126a6b9527bca3d3796a086bde818decc8a0d6cf266626d7a4de5a398cc01	27	1851	preceding Table 5: Detector ranking on the TELL benchmark test set (n = 5000). Failed rows imputed to score 0. AUROC | following Table 6: Pairwise ∆AUROC (row − col). Bold = BH-significant (DeLong test, FDR q = 0.05, 120 comparisons).	12 RADAR 0.7441 [0.7301, 0.7583] 0.0128 1.000	0.0128	The derived alternate numeric result cell in the same source row is not the declared account metric column.
2605.27921	2605.27921:tell	2605.27921:tell@922cc4e9b00fa798	same_window	page=27;identity_line=1840;metric_line=1840	0.993	2605.27921:d4a41d902b1f746f	source_owned_row_join	table_row	TELL	tell	27	1840	preceding Table 5: Detector ranking on the TELL benchmark test set (n = 5000). Failed rows imputed to score 0. AUROC | following Table 6: Pairwise ∆AUROC (row − col). Bold = BH-significant (DeLong test, FDR q = 0.05, 120 comparisons).	1 TELL (ours) 0.9270 [0.9192, 0.9348] 0.6380 0.993	27	1840	preceding Table 5: Detector ranking on the TELL benchmark test set (n = 5000). Failed rows imputed to score 0. AUROC | following Table 6: Pairwise ∆AUROC (row − col). Bold = BH-significant (DeLong test, FDR q = 0.05, 120 comparisons).	1 TELL (ours) 0.9270 [0.9192, 0.9348] 0.6380 0.993	AUROC	numeric cell 2 of 6 in exact result row	2	preceding Table 5: Detector ranking on the TELL benchmark test set (n = 5000). Failed rows imputed to score 0. AUROC | following Table 6: Pairwise ∆AUROC (row − col). Bold = BH-significant (DeLong test, FDR q = 0.05, 120 comparisons).; exact row/configuration for TELL; Review 26 successor re-audit binds this account to the recorded source state, exact row, and numeric column without inheriting the predecessor metric.	0.9270	2605.27921:d4a41d902b1f746f	extracted_primary_pdf_text	papers/2605.27921.pdf	6c746afef5a2ad5f27b5b6693cb556439509ea01b63ba1e5c8a9cb5751288578	3ab8e362a488fb1cb88eca5031ab948fd6cd0b00be3e4dd7d89efc851b12822b	wrong_column	27	1839	preceding Table 5: Detector ranking on the TELL benchmark test set (n = 5000). Failed rows imputed to score 0. AUROC | following Table 6: Pairwise ∆AUROC (row − col). Bold = BH-significant (DeLong test, FDR q = 0.05, 120 comparisons).	Rank Detector AUROC 95% CI TPR@1%FPR P (rank holds)	efe126a6b9527bca3d3796a086bde818decc8a0d6cf266626d7a4de5a398cc01	27	1840	preceding Table 5: Detector ranking on the TELL benchmark test set (n = 5000). Failed rows imputed to score 0. AUROC | following Table 6: Pairwise ∆AUROC (row − col). Bold = BH-significant (DeLong test, FDR q = 0.05, 120 comparisons).	1 TELL (ours) 0.9270 [0.9192, 0.9348] 0.6380 0.993	0.6380	The derived alternate numeric result cell in the same source row is not the declared account metric column.
2606.00016	2606.00016:individual	2606.00016:individual@7d6654876be7d6b7	table_configuration_join	locator=table5;identity_line=664	99.55	2606.00016:c653d79baf50b5b6	source_owned_state_join	table_row	AEyeDE individual-generator arrangement	individual	12	663	preceding Table 5: Results under the RAID paraphrasing ad- Table 6: Results under the RAID paraphrasing ad- | following Table 7: Results under the RAID alternative-	versarial in the individual setting with GPT-neo. versarial in the unified setting with GPT-neo.	12	667	preceding Table 5: Results under the RAID paraphrasing ad- Table 6: Results under the RAID paraphrasing ad- | following Table 7: Results under the RAID alternative-	AEyeDE 72.68 74.78 89.54 81.50 77.64 23.17 AEyeDE 67.52 67.50 99.55 80.45 62.21 4.80	F1	numeric cell 3 of 12 in exact result row	3	preceding Table 5: Results under the RAID paraphrasing ad- Table 6: Results under the RAID paraphrasing ad- | following Table 7: Results under the RAID alternative-; exact row/configuration for AEyeDE individual-generator arrangement; Review 26 successor re-audit binds this account to the recorded source state, exact row, and numeric column without inheriting the predecessor metric.	89.54	2606.00016:c653d79baf50b5b6	extracted_primary_pdf_text	papers/2606.00016.pdf	af89e51b0e1e99ed0ed7b70a97479f9485bc682d7334100e7fc6973c463ae46c	9472e3f9398dadb8f0da47fe6a5fc9983066702b444135476223aaadc9b23ac9	wrong_column	12	666	preceding Table 5: Results under the RAID paraphrasing ad- Table 6: Results under the RAID paraphrasing ad- | following Table 7: Results under the RAID alternative-	Acc Prec Rec F1 AUC TPR Acc Prec Rec F1 AUC TPR	b116dbccc54f1ae8dc4a750075f3124c875dabb7257c983a4917fa34b6fa7de5	12	667	preceding Table 5: Results under the RAID paraphrasing ad- Table 6: Results under the RAID paraphrasing ad- | following Table 7: Results under the RAID alternative-	AEyeDE 72.68 74.78 89.54 81.50 77.64 23.17 AEyeDE 67.52 67.50 99.55 80.45 62.21 4.80	74.78	The derived alternate numeric result cell in the same source row is not the declared account metric column.
2606.00016	2606.00016:unified	2606.00016:unified@f7b8d1de986349aa	table_configuration_join	locator=table5;identity_line=664	99.55	2606.00016:c653d79baf50b5b6	source_owned_state_join	table_row	AEyeDE unified-generator arrangement	unified	12	663	preceding Table 5: Results under the RAID paraphrasing ad- Table 6: Results under the RAID paraphrasing ad- | following Table 7: Results under the RAID alternative-	versarial in the individual setting with GPT-neo. versarial in the unified setting with GPT-neo.	12	667	preceding Table 5: Results under the RAID paraphrasing ad- Table 6: Results under the RAID paraphrasing ad- | following Table 7: Results under the RAID alternative-	AEyeDE 72.68 74.78 89.54 81.50 77.64 23.17 AEyeDE 67.52 67.50 99.55 80.45 62.21 4.80	F1	numeric cell 9 of 12 in exact result row	9	preceding Table 5: Results under the RAID paraphrasing ad- Table 6: Results under the RAID paraphrasing ad- | following Table 7: Results under the RAID alternative-; exact row/configuration for AEyeDE unified-generator arrangement; Review 26 successor re-audit binds this account to the recorded source state, exact row, and numeric column without inheriting the predecessor metric.	99.55	2606.00016:c653d79baf50b5b6	extracted_primary_pdf_text	papers/2606.00016.pdf	af89e51b0e1e99ed0ed7b70a97479f9485bc682d7334100e7fc6973c463ae46c	9472e3f9398dadb8f0da47fe6a5fc9983066702b444135476223aaadc9b23ac9	wrong_column	12	666	preceding Table 5: Results under the RAID paraphrasing ad- Table 6: Results under the RAID paraphrasing ad- | following Table 7: Results under the RAID alternative-	Acc Prec Rec F1 AUC TPR Acc Prec Rec F1 AUC TPR	b116dbccc54f1ae8dc4a750075f3124c875dabb7257c983a4917fa34b6fa7de5	12	667	preceding Table 5: Results under the RAID paraphrasing ad- Table 6: Results under the RAID paraphrasing ad- | following Table 7: Results under the RAID alternative-	AEyeDE 72.68 74.78 89.54 81.50 77.64 23.17 AEyeDE 67.52 67.50 99.55 80.45 62.21 4.80	67.50	The derived alternate numeric result cell in the same source row is not the declared account metric column.
2606.00402	2606.00402:imbd-knockoff	2606.00402:imbd-knockoff@bf0066489b2b2f55	same_window	page=4;identity_line=244;metric_line=244	0.941	2606.00402:15dc2e671ee25e8d	source_owned_state_join	table_row	Knockoff-calibrated ImBD	IMBD Power	4	229	preceding Table 2: Empirical FDR control and detection power averaged across domains when the null mean is borrowed	IMBD	4	230	preceding Table 2: Empirical FDR control and detection power averaged across domains when the null mean is borrowed	Power 0.903 0.921 0.944 0.790 0.808 0.834	power	numeric cell 3 of 6 in exact result row	3	preceding Table 2: Empirical FDR control and detection power averaged across domains when the null mean is borrowed; exact row/configuration for Knockoff-calibrated ImBD; Review 26 successor re-audit binds this account to the recorded source state, exact row, and numeric column without inheriting the predecessor metric.	0.944	2606.00402:7a5a633fcf7c3424	extracted_primary_pdf_text	papers/2606.00402.pdf	3c438579608e7afa3a1b7e111bdbd3dbafacaa096b7d64e548788c6d67a240e9	ba81b202883ee0daf59cedc2ded5c9466063fc85a9543633d2cf4ab6c5576cd9	wrong_column	4	204	preceding Table 2: Empirical FDR control and detection power averaged across domains when the null mean is borrowed	Table 2: Empirical FDR control and detection power averaged across domains when the null mean is borrowed	9585917e2b390b60588350ff6d760bb81f06fbfdca85ea798bf93bbca07f1a37	4	230	preceding Table 2: Empirical FDR control and detection power averaged across domains when the null mean is borrowed	Power 0.903 0.921 0.944 0.790 0.808 0.834	0.921	The derived alternate numeric result cell in the same source row is not the declared account metric column.
2606.00402	2606.00402:l2d-knockoff	2606.00402:l2d-knockoff@be586b7acfd12063	same_window	page=4;identity_line=223;metric_line=224	0.953	2606.00402:004ffaf958179f29	source_owned_state_join	table_row	Knockoff-calibrated L2D	L2D Power	4	223	preceding Table 2: Empirical FDR control and detection power averaged across domains when the null mean is borrowed	L2D	4	224	preceding Table 2: Empirical FDR control and detection power averaged across domains when the null mean is borrowed	Power 0.941 0.946 0.953 0.901 0.912 0.923	power	numeric cell 3 of 6 in exact result row	3	preceding Table 2: Empirical FDR control and detection power averaged across domains when the null mean is borrowed; exact row/configuration for Knockoff-calibrated L2D; Review 26 successor re-audit binds this account to the recorded source state, exact row, and numeric column without inheriting the predecessor metric.	0.953	2606.00402:004ffaf958179f29	extracted_primary_pdf_text	papers/2606.00402.pdf	3c438579608e7afa3a1b7e111bdbd3dbafacaa096b7d64e548788c6d67a240e9	b32ef0019491cab59e954002e7de071b79806ffcb8aadc120c3d3429e78fc7f9	wrong_column	4	204	preceding Table 2: Empirical FDR control and detection power averaged across domains when the null mean is borrowed	Table 2: Empirical FDR control and detection power averaged across domains when the null mean is borrowed	9585917e2b390b60588350ff6d760bb81f06fbfdca85ea798bf93bbca07f1a37	4	224	preceding Table 2: Empirical FDR control and detection power averaged across domains when the null mean is borrowed	Power 0.941 0.946 0.953 0.901 0.912 0.923	0.946	The derived alternate numeric result cell in the same source row is not the declared account metric column.
2606.04906	2606.04906:gptzero	2606.04906:gptzero@aa9fb0781ecf8db5	same_window	page=9;identity_line=533;metric_line=534	0.908	2606.04906:17595d0457b76783	source_owned_state_join	table_row	GPTZero	gptzero	9	533	following Figure 5: F1-score (left) and FPR (right) per detector and notion in AITDNA. The last column and row	Log RankLikelihood Min K Binoculars fdGPT moBERT GPTZero Pangram median Log RankLikelihood Min K Binoculars fdGPT moBERT GPTZero Pangram median	9	534	following Figure 5: F1-score (left) and FPR (right) per detector and notion in AITDNA. The last column and row	document 0.743 0.743 0.743 0.743 0.749 0.743 0.908 0.932 document	F1	numeric cell 7 of 8 in exact result row	7	following Figure 5: F1-score (left) and FPR (right) per detector and notion in AITDNA. The last column and row; exact row/configuration for GPTZero; Review 26 successor re-audit binds this account to the recorded source state, exact row, and numeric column without inheriting the predecessor metric.	0.908	2606.04906:17595d0457b76783	extracted_primary_pdf_text	papers/2606.04906.pdf	7e0c5c050ecf81844da614ed36a842d46a92c5425dd2e3be07cd99dbb720abd5	290f2a8b250f3b34a3336e0a755120d1c155a9fe1bbdec92f3cbcae0abcb5e52	wrong_column	9	533	following Figure 5: F1-score (left) and FPR (right) per detector and notion in AITDNA. The last column and row	Log RankLikelihood Min K Binoculars fdGPT moBERT GPTZero Pangram median Log RankLikelihood Min K Binoculars fdGPT moBERT GPTZero Pangram median	1a48db1961d392ca225602924bd71f496fb91c38e6521efad2049e8ddc367270	9	534	following Figure 5: F1-score (left) and FPR (right) per detector and notion in AITDNA. The last column and row	document 0.743 0.743 0.743 0.743 0.749 0.743 0.908 0.932 document	0.743	The derived alternate numeric result cell in the same source row is not the declared account metric column.
2606.04906	2606.04906:pangram	2606.04906:pangram@83ce7e3dac2db834	same_window	page=9;identity_line=533;metric_line=534	0.932	2606.04906:17595d0457b76783	source_owned_state_join	table_row	Pangram	pangram	9	533	following Figure 5: F1-score (left) and FPR (right) per detector and notion in AITDNA. The last column and row	Log RankLikelihood Min K Binoculars fdGPT moBERT GPTZero Pangram median Log RankLikelihood Min K Binoculars fdGPT moBERT GPTZero Pangram median	9	534	following Figure 5: F1-score (left) and FPR (right) per detector and notion in AITDNA. The last column and row	document 0.743 0.743 0.743 0.743 0.749 0.743 0.908 0.932 document	F1	numeric cell 8 of 8 in exact result row	8	following Figure 5: F1-score (left) and FPR (right) per detector and notion in AITDNA. The last column and row; exact row/configuration for Pangram; Review 26 successor re-audit binds this account to the recorded source state, exact row, and numeric column without inheriting the predecessor metric.	0.932	2606.04906:17595d0457b76783	extracted_primary_pdf_text	papers/2606.04906.pdf	7e0c5c050ecf81844da614ed36a842d46a92c5425dd2e3be07cd99dbb720abd5	290f2a8b250f3b34a3336e0a755120d1c155a9fe1bbdec92f3cbcae0abcb5e52	wrong_column	9	533	following Figure 5: F1-score (left) and FPR (right) per detector and notion in AITDNA. The last column and row	Log RankLikelihood Min K Binoculars fdGPT moBERT GPTZero Pangram median Log RankLikelihood Min K Binoculars fdGPT moBERT GPTZero Pangram median	1a48db1961d392ca225602924bd71f496fb91c38e6521efad2049e8ddc367270	9	534	following Figure 5: F1-score (left) and FPR (right) per detector and notion in AITDNA. The last column and row	document 0.743 0.743 0.743 0.743 0.749 0.743 0.908 0.932 document	0.908	The derived alternate numeric result cell in the same source row is not the declared account metric column.
2606.07313	2606.07313:gemma3-1b-it	2606.07313:gemma3-1b-it@d1a582271e1a7725	same_window	page=13;identity_line=717;metric_line=717	100.00	2606.07313:952ef39184b3d4a3	source_owned_state_join	table_row	SV-Detect Gemma3-1B instruction-tuned	gemma31bit	13	748	preceding Table 2 reports AUROC on DetectRL Multi- Review 94.17 93.96 99.38 99.96 | following Table 2: Ablation on the probe LLM backbone for De-	domain pairs, especially those involving transfer Gemma3-1B-it	13	750	preceding Table 2 reports AUROC on DetectRL Multi- Review 94.17 93.96 99.38 99.96 | following Table 2: Ablation on the probe LLM backbone for De-	→ W RITING and XS UM → W RITING pairs im- ArXiv 100.00 98.83 86.38 96.05	AUROC	numeric cell 1 of 4 in exact result row	1	preceding Table 2 reports AUROC on DetectRL Multi- Review 94.17 93.96 99.38 99.96 | following Table 2: Ablation on the probe LLM backbone for De-; exact row/configuration for SV-Detect Gemma3-1B instruction-tuned; Review 26 successor re-audit binds this account to the recorded source state, exact row, and numeric column without inheriting the predecessor metric.	100.00	2606.07313:b19b9145e33ce05a	extracted_primary_pdf_text	papers/2606.07313.pdf	f40cf6302643a85b7eadafa07f2f9010b0bfe4ac7ed245809a5e77ed94d9033f	53c94858b1f37613b475fe2e17d482abc8438fbb081651ea9e84e8c0de8dbaeb	wrong_column	13	720	preceding Table 2 reports AUROC on DetectRL Multi- Review 94.17 93.96 99.38 99.96 | following Table 2: Ablation on the probe LLM backbone for De-	Table 2 reports AUROC on DetectRL Multi- Review 94.17 93.96 99.38 99.96	a9c182bfe474dfc93d468a69e10c549cc0278b6d4d4d6c32cfdee9d718161e6a	13	750	preceding Table 2 reports AUROC on DetectRL Multi- Review 94.17 93.96 99.38 99.96 | following Table 2: Ablation on the probe LLM backbone for De-	→ W RITING and XS UM → W RITING pairs im- ArXiv 100.00 98.83 86.38 96.05	98.83	The derived alternate numeric result cell in the same source row is not the declared account metric column.
2606.07313	2606.07313:gemma3-1b-pt	2606.07313:gemma3-1b-pt@580586a80b626829	same_window	page=19;identity_line=1117;metric_line=1117	100.0	2606.07313:2b1267db96f92e30	source_owned_state_join	table_row	SV-Detect Gemma3-1B pretrained	gemma31bpt	13	740	preceding Table 2 reports AUROC on DetectRL Multi- Review 94.17 93.96 99.38 99.96 | following Table 2: Ablation on the probe LLM backbone for De-	Gemma3-1B-pt	13	744	preceding Table 2 reports AUROC on DetectRL Multi- Review 94.17 93.96 99.38 99.96 | following Table 2: Ablation on the probe LLM backbone for De-	ArXiv 100.00 98.26 89.97 96.51	AUROC	numeric cell 1 of 4 in exact result row	1	preceding Table 2 reports AUROC on DetectRL Multi- Review 94.17 93.96 99.38 99.96 | following Table 2: Ablation on the probe LLM backbone for De-; exact row/configuration for SV-Detect Gemma3-1B pretrained; Review 26 successor re-audit binds this account to the recorded source state, exact row, and numeric column without inheriting the predecessor metric.	100.00	2606.07313:f33be87375107f89	extracted_primary_pdf_text	papers/2606.07313.pdf	f40cf6302643a85b7eadafa07f2f9010b0bfe4ac7ed245809a5e77ed94d9033f	4fdcf3e909d39339e14a5c2eaab432bc0a723ec41cacd45b31c34b9b31e61c57	wrong_column	13	720	preceding Table 2 reports AUROC on DetectRL Multi- Review 94.17 93.96 99.38 99.96 | following Table 2: Ablation on the probe LLM backbone for De-	Table 2 reports AUROC on DetectRL Multi- Review 94.17 93.96 99.38 99.96	a9c182bfe474dfc93d468a69e10c549cc0278b6d4d4d6c32cfdee9d718161e6a	13	744	preceding Table 2 reports AUROC on DetectRL Multi- Review 94.17 93.96 99.38 99.96 | following Table 2: Ablation on the probe LLM backbone for De-	ArXiv 100.00 98.26 89.97 96.51	98.26	The derived alternate numeric result cell in the same source row is not the declared account metric column.
2606.07313	2606.07313:gpt-neo-logreg-all	2606.07313:gpt-neo-logreg-all@17fa70d0428e9c5e	same_window	page=13;identity_line=745;metric_line=745	99.98	2606.07313:22d5b21abc16c040	source_owned_state_join	table_row	SV-Detect GPT-Neo-2.7B LogReg/all	construction AUROC AUROC	18	1031	following Table 5: SV-Detect on the COLING-2025 English	construction AUROC AUROC	18	1037	following Table 5: SV-Detect on the COLING-2025 English	6 Grape 81.88 82.23 LogReg all 0.975 0.866 0.765 0.756	AUROC	numeric cell 4 of 7 in exact result row	4	following Table 5: SV-Detect on the COLING-2025 English; exact row/configuration for SV-Detect GPT-Neo-2.7B LogReg/all; Review 26 successor re-audit binds this account to the recorded source state, exact row, and numeric column without inheriting the predecessor metric.	0.975	2606.07313:1b251268e61f9117	extracted_primary_pdf_text	papers/2606.07313.pdf	f40cf6302643a85b7eadafa07f2f9010b0bfe4ac7ed245809a5e77ed94d9033f	6d85e9c13a808c6d4a5a857f459bf550c0e0258cde1e835c45b9a08c8ebc9ebf	wrong_column	18	1031	following Table 5: SV-Detect on the COLING-2025 English	construction AUROC AUROC	e5b87907941e0a4d754e4f8317ffafb533875d70afe4b7aad9237918d1c7c1c6	18	1037	following Table 5: SV-Detect on the COLING-2025 English	6 Grape 81.88 82.23 LogReg all 0.975 0.866 0.765 0.756	0.866	The derived alternate numeric result cell in the same source row is not the declared account metric column.
2606.07313	2606.07313:gpt-neo-logreg-trimmed	2606.07313:gpt-neo-logreg-trimmed@1a19101b9078d8a4	same_window	page=13;identity_line=745;metric_line=745	99.98	2606.07313:22d5b21abc16c040	source_owned_state_join	table_row	SV-Detect GPT-Neo-2.7B LogReg/trimmed	construction AUROC AUROC	18	1031	following Table 5: SV-Detect on the COLING-2025 English	construction AUROC AUROC	18	1038	following Table 5: SV-Detect on the COLING-2025 English	7 TechExperts(IPN) 81.53 81.81 LogReg trimmed 0.952 0.873 0.755 0.740	AUROC	numeric cell 4 of 7 in exact result row	4	following Table 5: SV-Detect on the COLING-2025 English; exact row/configuration for SV-Detect GPT-Neo-2.7B LogReg/trimmed; Review 26 successor re-audit binds this account to the recorded source state, exact row, and numeric column without inheriting the predecessor metric.	0.952	2606.07313:ec86bf743f3efbbf	extracted_primary_pdf_text	papers/2606.07313.pdf	f40cf6302643a85b7eadafa07f2f9010b0bfe4ac7ed245809a5e77ed94d9033f	1c9994952791a4a217cbbe4992f378decc7e570e2a8acb82db1e14dab1fa391c	wrong_column	18	1031	following Table 5: SV-Detect on the COLING-2025 English	construction AUROC AUROC	e5b87907941e0a4d754e4f8317ffafb533875d70afe4b7aad9237918d1c7c1c6	18	1038	following Table 5: SV-Detect on the COLING-2025 English	7 TechExperts(IPN) 81.53 81.81 LogReg trimmed 0.952 0.873 0.755 0.740	0.873	The derived alternate numeric result cell in the same source row is not the declared account metric column.
2606.07313	2606.07313:llama2-logreg-all	2606.07313:llama2-logreg-all@95e9d8bc868866af	same_window	page=18;identity_line=1037;metric_line=1037	0.975	2606.07313:1b251268e61f9117	source_owned_state_join	table_row	SV-Detect Llama-2-7B LogReg/all	SV Pool Dev Test Acc. F1	18	1047	preceding Table 5: SV-Detect on the COLING-2025 English | following Table 6: SV-Detect on the COLING-2025 English	SV Pool Dev Test Acc. F1	18	1054	preceding Table 5: SV-Detect on the COLING-2025 English | following Table 6: SV-Detect on the COLING-2025 English	20 cuettransform 72.32 73.16 LogReg all 0.984 0.938 0.840 0.837	AUROC	numeric cell 4 of 7 in exact result row	4	preceding Table 5: SV-Detect on the COLING-2025 English | following Table 6: SV-Detect on the COLING-2025 English; exact row/configuration for SV-Detect Llama-2-7B LogReg/all; Review 26 successor re-audit binds this account to the recorded source state, exact row, and numeric column without inheriting the predecessor metric.	0.984	2606.07313:258e529e64177ea1	extracted_primary_pdf_text	papers/2606.07313.pdf	f40cf6302643a85b7eadafa07f2f9010b0bfe4ac7ed245809a5e77ed94d9033f	bd1a92d283be2731a679cae46906dedaa66817c3c54f4ce1aae81869d7f66a8b	wrong_column	18	1048	preceding Table 5: SV-Detect on the COLING-2025 English | following Table 6: SV-Detect on the COLING-2025 English	16 azlearning 74.14 75.17 construction AUROC AUROC	b9d7fabfe1ee9de68485fa6242eea6a8644c8b4642f3fb678b7578e90665da5c	18	1054	preceding Table 5: SV-Detect on the COLING-2025 English | following Table 6: SV-Detect on the COLING-2025 English	20 cuettransform 72.32 73.16 LogReg all 0.984 0.938 0.840 0.837	0.938	The derived alternate numeric result cell in the same source row is not the declared account metric column.
2606.07313	2606.07313:llama2-logreg-trimmed	2606.07313:llama2-logreg-trimmed@946cf8edb6feb6f1	same_window	page=18;identity_line=1038;metric_line=1038	0.952	2606.07313:ec86bf743f3efbbf	source_owned_state_join	table_row	SV-Detect Llama-2-7B LogReg/trimmed	SV Pool Dev Test Acc. F1	18	1047	preceding Table 5: SV-Detect on the COLING-2025 English | following Table 6: SV-Detect on the COLING-2025 English	SV Pool Dev Test Acc. F1	18	1055	preceding Table 5: SV-Detect on the COLING-2025 English | following Table 6: SV-Detect on the COLING-2025 English	21 rockstart 72.24 73.89 LogReg trimmed 0.974 0.937 0.850 0.848	AUROC	numeric cell 4 of 7 in exact result row	4	preceding Table 5: SV-Detect on the COLING-2025 English | following Table 6: SV-Detect on the COLING-2025 English; exact row/configuration for SV-Detect Llama-2-7B LogReg/trimmed; Review 26 successor re-audit binds this account to the recorded source state, exact row, and numeric column without inheriting the predecessor metric.	0.974	2606.07313:3a969505eb80feae	extracted_primary_pdf_text	papers/2606.07313.pdf	f40cf6302643a85b7eadafa07f2f9010b0bfe4ac7ed245809a5e77ed94d9033f	60f2d2c7bbb0ea5f7c622f42f40b04dbcf098ddea290b60927e8a3de28a5da81	wrong_column	18	1048	preceding Table 5: SV-Detect on the COLING-2025 English | following Table 6: SV-Detect on the COLING-2025 English	16 azlearning 74.14 75.17 construction AUROC AUROC	b9d7fabfe1ee9de68485fa6242eea6a8644c8b4642f3fb678b7578e90665da5c	18	1055	preceding Table 5: SV-Detect on the COLING-2025 English | following Table 6: SV-Detect on the COLING-2025 English	21 rockstart 72.24 73.89 LogReg trimmed 0.974 0.937 0.850 0.848	0.937	The derived alternate numeric result cell in the same source row is not the declared account metric column.
2606.07313	2606.07313:llama2-mean-all	2606.07313:llama2-mean-all@904eca02ee5736c2	same_window	page=18;identity_line=1050;metric_line=1050	0.922	2606.07313:6d9f506d920b01a9	source_owned_state_join	table_row	SV-Detect Llama-2-7B Mean/all	SV Pool Dev Test Acc. F1	18	1047	preceding Table 5: SV-Detect on the COLING-2025 English | following Table 6: SV-Detect on the COLING-2025 English	SV Pool Dev Test Acc. F1	18	1050	preceding Table 5: SV-Detect on the COLING-2025 English | following Table 6: SV-Detect on the COLING-2025 English	18 honghanhh 73.94 75.14 Mean all 0.922 0.912 0.716 0.690	AUROC	numeric cell 4 of 7 in exact result row	4	preceding Table 5: SV-Detect on the COLING-2025 English | following Table 6: SV-Detect on the COLING-2025 English; exact row/configuration for SV-Detect Llama-2-7B Mean/all; Review 26 successor re-audit binds this account to the recorded source state, exact row, and numeric column without inheriting the predecessor metric.	0.922	2606.07313:6d9f506d920b01a9	extracted_primary_pdf_text	papers/2606.07313.pdf	f40cf6302643a85b7eadafa07f2f9010b0bfe4ac7ed245809a5e77ed94d9033f	1f06a15609795f53462de60c7990cf573f0a746c475224eaf580eebc2f33ac1a	wrong_column	18	1048	preceding Table 5: SV-Detect on the COLING-2025 English | following Table 6: SV-Detect on the COLING-2025 English	16 azlearning 74.14 75.17 construction AUROC AUROC	b9d7fabfe1ee9de68485fa6242eea6a8644c8b4642f3fb678b7578e90665da5c	18	1050	preceding Table 5: SV-Detect on the COLING-2025 English | following Table 6: SV-Detect on the COLING-2025 English	18 honghanhh 73.94 75.14 Mean all 0.922 0.912 0.716 0.690	0.912	The derived alternate numeric result cell in the same source row is not the declared account metric column.
2606.07313	2606.07313:llama2-mean-trimmed	2606.07313:llama2-mean-trimmed@55bd31059d252b59	same_window	page=18;identity_line=1051;metric_line=1051	0.908	2606.07313:207da2d4f1b79190	source_owned_state_join	table_row	SV-Detect Llama-2-7B Mean/trimmed	SV Pool Dev Test Acc. F1 – Baseline	18	1047	preceding Table 5: SV-Detect on the COLING-2025 English | following Table 6: SV-Detect on the COLING-2025 English	SV Pool Dev Test Acc. F1	18	1051	preceding Table 5: SV-Detect on the COLING-2025 English | following Table 6: SV-Detect on the COLING-2025 English	– Baseline 73.42 74.89 Mean trimmed 0.908 0.887 0.694 0.666	AUROC	numeric cell 3 of 6 in exact result row	3	preceding Table 5: SV-Detect on the COLING-2025 English | following Table 6: SV-Detect on the COLING-2025 English; exact row/configuration for SV-Detect Llama-2-7B Mean/trimmed; Review 26 successor re-audit binds this account to the recorded source state, exact row, and numeric column without inheriting the predecessor metric.	0.908	2606.07313:207da2d4f1b79190	extracted_primary_pdf_text	papers/2606.07313.pdf	f40cf6302643a85b7eadafa07f2f9010b0bfe4ac7ed245809a5e77ed94d9033f	4ee6e00a9d3fee416e5b45236a09e2985e34bcbdad771ff45ae347a721bd6c92	wrong_column	18	1048	preceding Table 5: SV-Detect on the COLING-2025 English | following Table 6: SV-Detect on the COLING-2025 English	16 azlearning 74.14 75.17 construction AUROC AUROC	b9d7fabfe1ee9de68485fa6242eea6a8644c8b4642f3fb678b7578e90665da5c	18	1051	preceding Table 5: SV-Detect on the COLING-2025 English | following Table 6: SV-Detect on the COLING-2025 English	– Baseline 73.42 74.89 Mean trimmed 0.908 0.887 0.694 0.666	0.887	The derived alternate numeric result cell in the same source row is not the declared account metric column.
2606.07313	2606.07313:qwen3-1.7b	2606.07313:qwen3-1.7b@f4538ee317faa3a2	same_window	page=19;identity_line=1117;metric_line=1117	100.0	2606.07313:2b1267db96f92e30	source_owned_state_join	table_row	SV-Detect Qwen3-1.7B	qwen317b	13	722	preceding Table 2 reports AUROC on DetectRL Multi- Review 94.17 93.96 99.38 99.96 | following Table 2: Ablation on the probe LLM backbone for De-	Domain transfer. Overall, all tested backbones Qwen3-1.7B	13	726	preceding Table 2 reports AUROC on DetectRL Multi- Review 94.17 93.96 99.38 99.96 | following Table 2: Ablation on the probe LLM backbone for De-	formance and robust off-diagonal transfer. The ArXiv 100.00 99.34 87.49 96.28	AUROC	numeric cell 1 of 4 in exact result row	1	preceding Table 2 reports AUROC on DetectRL Multi- Review 94.17 93.96 99.38 99.96 | following Table 2: Ablation on the probe LLM backbone for De-; exact row/configuration for SV-Detect Qwen3-1.7B; Review 26 successor re-audit binds this account to the recorded source state, exact row, and numeric column without inheriting the predecessor metric.	100.00	2606.07313:b0cd7c9e7e29e153	extracted_primary_pdf_text	papers/2606.07313.pdf	f40cf6302643a85b7eadafa07f2f9010b0bfe4ac7ed245809a5e77ed94d9033f	fad6f5f8d45fd031196bd6194490485f15e97d7aeffb6bc90ed331c025b40af1	wrong_column	13	720	preceding Table 2 reports AUROC on DetectRL Multi- Review 94.17 93.96 99.38 99.96 | following Table 2: Ablation on the probe LLM backbone for De-	Table 2 reports AUROC on DetectRL Multi- Review 94.17 93.96 99.38 99.96	a9c182bfe474dfc93d468a69e10c549cc0278b6d4d4d6c32cfdee9d718161e6a	13	726	preceding Table 2 reports AUROC on DetectRL Multi- Review 94.17 93.96 99.38 99.96 | following Table 2: Ablation on the probe LLM backbone for De-	formance and robust off-diagonal transfer. The ArXiv 100.00 99.34 87.49 96.28	99.34	The derived alternate numeric result cell in the same source row is not the declared account metric column.
2606.07313	2606.07313:qwen3-1.7b-base	2606.07313:qwen3-1.7b-base@24264cb0811429b2	same_window	page=19;identity_line=1117;metric_line=1117	100.0	2606.07313:2b1267db96f92e30	source_owned_state_join	table_row	SV-Detect Qwen3-1.7B-Base	qwen317bbase	13	731	preceding Table 2 reports AUROC on DetectRL Multi- Review 94.17 93.96 99.38 99.96 | following Table 2: Ablation on the probe LLM backbone for De-	Qwen3-1.7B-Base	13	735	preceding Table 2 reports AUROC on DetectRL Multi- Review 94.17 93.96 99.38 99.96 | following Table 2: Ablation on the probe LLM backbone for De-	ArXiv 100.00 99.24 94.21 98.19	AUROC	numeric cell 1 of 4 in exact result row	1	preceding Table 2 reports AUROC on DetectRL Multi- Review 94.17 93.96 99.38 99.96 | following Table 2: Ablation on the probe LLM backbone for De-; exact row/configuration for SV-Detect Qwen3-1.7B-Base; Review 26 successor re-audit binds this account to the recorded source state, exact row, and numeric column without inheriting the predecessor metric.	100.00	2606.07313:f0eeda63e7bf36b9	extracted_primary_pdf_text	papers/2606.07313.pdf	f40cf6302643a85b7eadafa07f2f9010b0bfe4ac7ed245809a5e77ed94d9033f	3190e8380f6b336d2f57d73853d881436ee7b1e1fb253d4ed2d36fcb7461f689	wrong_column	13	720	preceding Table 2 reports AUROC on DetectRL Multi- Review 94.17 93.96 99.38 99.96 | following Table 2: Ablation on the probe LLM backbone for De-	Table 2 reports AUROC on DetectRL Multi- Review 94.17 93.96 99.38 99.96	a9c182bfe474dfc93d468a69e10c549cc0278b6d4d4d6c32cfdee9d718161e6a	13	735	preceding Table 2 reports AUROC on DetectRL Multi- Review 94.17 93.96 99.38 99.96 | following Table 2: Ablation on the probe LLM backbone for De-	ArXiv 100.00 99.24 94.21 98.19	99.24	The derived alternate numeric result cell in the same source row is not the declared account metric column.
2606.31074	2606.31074:binoculars	2606.31074:binoculars@1aa842668771a8d2	same_window	page=9;identity_line=564;metric_line=564	93	2606.31074:6927fe63bd2b4d99	source_owned_row_join	table_row	Binoculars	Binoculars (Hans et al., 2024)	9	563	following Table 3: Main results before and after humanizing attacks evaluated on Humanize-16K. The significantly	Binoculars (Hans et al., 2024) 0.916 0.629 0.772 91% 67% 79% 83% 30% 56%	9	563	following Table 3: Main results before and after humanizing attacks evaluated on Humanize-16K. The significantly	Binoculars (Hans et al., 2024) 0.916 0.629 0.772 91% 67% 79% 83% 30% 56%	AUROC	Table 3 Before-attack AUROC	2	Table 3 base Binoculars row; before-attack AUROC 0.916 is distinct from Triospect (Binoculars) 0.967.; Review 26 successor re-audit binds this account to the recorded source state, exact row, and numeric column without inheriting the predecessor metric.	0.916	2606.31074:3e4b6b522b535842	extracted_primary_pdf_text	papers/2606.31074.pdf	15f39f0866b38f615ad398cd237ce1566daff44d33f37d701c64a62401cc9fcb	c94c26a9853dffa0a102e869e1fc8a88ffbac72a66ff71cdff688899d703b696	wrong_training_state	9	554	following Table 3: Main results before and after humanizing attacks evaluated on Humanize-16K. The significantly	AUROC ACC TPR01	0f83222c062fc32478f4c5bbfae8e58923186e9c19373711f3a8268268521daf	9	564	following Table 3: Main results before and after humanizing attacks evaluated on Humanize-16K. The significantly	Triospect (Binoculars) 0.967 0.848 0.908 93%* 78% 84% 85%* 35% 59%	0.967	The following Triospect (Binoculars) row is a transformed multi-view state, not base Binoculars.
2606.31074	2606.31074:imbd	2606.31074:imbd@725c79a21d801ea4	same_window	page=9;identity_line=566;metric_line=566	92	2606.31074:7b692e9b662f7d88	source_owned_row_join	table_row	ImBD	ImBD (Chen et al., 2025)	9	565	following Table 3: Main results before and after humanizing attacks evaluated on Humanize-16K. The significantly	ImBD (Chen et al., 2025) 0.962 0.821 0.891 93% 74% 83% 85% 34% 59%	9	565	following Table 3: Main results before and after humanizing attacks evaluated on Humanize-16K. The significantly	ImBD (Chen et al., 2025) 0.962 0.821 0.891 93% 74% 83% 85% 34% 59%	AUROC	Table 3 Before-attack AUROC	2	Table 3 base ImBD row; before-attack AUROC 0.962 is distinct from Triospect (ImBD) 0.968.; Review 26 successor re-audit binds this account to the recorded source state, exact row, and numeric column without inheriting the predecessor metric.	0.962	2606.31074:9e8b1cfdea1d4e09	extracted_primary_pdf_text	papers/2606.31074.pdf	15f39f0866b38f615ad398cd237ce1566daff44d33f37d701c64a62401cc9fcb	be81f9307457043a3bfa7f5243ccdd81ddaa009b8eccc90b1ae84243a67968ef	wrong_training_state	9	554	following Table 3: Main results before and after humanizing attacks evaluated on Humanize-16K. The significantly	AUROC ACC TPR01	0f83222c062fc32478f4c5bbfae8e58923186e9c19373711f3a8268268521daf	9	566	following Table 3: Main results before and after humanizing attacks evaluated on Humanize-16K. The significantly	Triospect (ImBD) 0.968* 0.879 0.925* 92% 80%* 85%* 85% 41% 59%	0.968	The following Triospect (ImBD) row is a transformed multi-view state, not base ImBD.
2606.31074	2606.31074:raidar	2606.31074:raidar@ac37997567947b12	same_window	page=9;identity_line=562;metric_line=562	0.929	2606.31074:a54fdda2497a1a62	source_owned_row_join	table_row	RAIDAR	raidar	9	562	following Table 3: Main results before and after humanizing attacks evaluated on Humanize-16K. The significantly	Raidar (Mao et al., 2024) 0.929 0.911* 0.880 84% 76% 80% 77% 41% 19%	9	562	following Table 3: Main results before and after humanizing attacks evaluated on Humanize-16K. The significantly	Raidar (Mao et al., 2024) 0.929 0.911* 0.880 84% 76% 80% 77% 41% 19%	AUROC	numeric cell 2 of 10 in exact result row	2	following Table 3: Main results before and after humanizing attacks evaluated on Humanize-16K. The significantly; exact row/configuration for RAIDAR; Review 26 successor re-audit binds this account to the recorded source state, exact row, and numeric column without inheriting the predecessor metric.	0.929	2606.31074:a54fdda2497a1a62	extracted_primary_pdf_text	papers/2606.31074.pdf	15f39f0866b38f615ad398cd237ce1566daff44d33f37d701c64a62401cc9fcb	c6191045639d8c8346c952fb26b8ba4ee7078fdb7927c646e185b1ed3b24df55	wrong_column	9	554	following Table 3: Main results before and after humanizing attacks evaluated on Humanize-16K. The significantly	AUROC ACC TPR01	0f83222c062fc32478f4c5bbfae8e58923186e9c19373711f3a8268268521daf	9	562	following Table 3: Main results before and after humanizing attacks evaluated on Humanize-16K. The significantly	Raidar (Mao et al., 2024) 0.929 0.911* 0.880 84% 76% 80% 77% 41% 19%	0.911	The derived alternate numeric result cell in the same source row is not the declared account metric column.
2606.31074	2606.31074:triospect-fastdetectgpt	2606.31074:triospect-fastdetectgpt@8ecea863bc1c8d26	table_configuration_join	locator=table3;identity_line=568	0.968	2606.31074:525e78bf6375cd66	source_owned_state_join	table_row	Triospect-FastDetectGPT	triospectfastdetect	9	569	following Table 3: Main results before and after humanizing attacks evaluated on Humanize-16K. The significantly	Triospect (Fast-Detect)	9	568	following Table 3: Main results before and after humanizing attacks evaluated on Humanize-16K. The significantly	0.960 0.850 0.901 92% 78% 84% 84% 44%* 63%*	AUROC	numeric cell 1 of 9 in exact result row	1	following Table 3: Main results before and after humanizing attacks evaluated on Humanize-16K. The significantly; exact row/configuration for Triospect-FastDetectGPT; Review 26 successor re-audit binds this account to the recorded source state, exact row, and numeric column without inheriting the predecessor metric.	0.960	2606.31074:525e78bf6375cd66	extracted_primary_pdf_text	papers/2606.31074.pdf	15f39f0866b38f615ad398cd237ce1566daff44d33f37d701c64a62401cc9fcb	9aa59a51d284796e4034b306e7722f79f09baba06612b8c2b1b02314233dc4e7	wrong_column	9	554	following Table 3: Main results before and after humanizing attacks evaluated on Humanize-16K. The significantly	AUROC ACC TPR01	0f83222c062fc32478f4c5bbfae8e58923186e9c19373711f3a8268268521daf	9	568	following Table 3: Main results before and after humanizing attacks evaluated on Humanize-16K. The significantly	0.960 0.850 0.901 92% 78% 84% 84% 44%* 63%*	0.850	The derived alternate numeric result cell in the same source row is not the declared account metric column.
2606.31074	2606.31074:triospect-fd-gpt4o200	2606.31074:triospect-fd-gpt4o200@8b1fac8cd7654c6d	table_configuration_join	locator=table3;identity_line=550	0.929	2606.31074:a54fdda2497a1a62	source_owned_state_join	table_row	Triospect-FastDetectGPT GPT-4o max-tokens 200	Triospect (Fast-Detect) using GPT	10	642	preceding Figure 5: Transfor- Figure 6: Transformation | following Table 5: Detection efficiency, where the detection	Triospect (Fast-Detect) using GPT-4o Figure 5: Transfor- Figure 6: Transformation	10	643	preceding Figure 5: Transfor- Figure 6: Transformation | following Table 5: Detection efficiency, where the detection	0.909 65% 0.891 59% 6.5s mation LLMs. prompts.	AUROC	numeric cell 1 of 5 in exact result row	1	preceding Figure 5: Transfor- Figure 6: Transformation | following Table 5: Detection efficiency, where the detection; exact row/configuration for Triospect-FastDetectGPT GPT-4o max-tokens 200; Review 26 successor re-audit binds this account to the recorded source state, exact row, and numeric column without inheriting the predecessor metric.	0.909	2606.31074:315c58ecda431604	extracted_primary_pdf_text	papers/2606.31074.pdf	15f39f0866b38f615ad398cd237ce1566daff44d33f37d701c64a62401cc9fcb	48ecae572d6ea2b4bd600fcf8387228d8f652a7555be957d2569a1582b4b66ed	wrong_column	10	637	following Figure 5: Transfor- Figure 6: Transformation	4B t4o 3.5 -v3 f1 f2 f3 f4 f5 f6	9da2031ad158fad15082131608c9e7747d7cfa00b465cdb0acef39f97ae3acce	10	643	preceding Figure 5: Transfor- Figure 6: Transformation | following Table 5: Detection efficiency, where the detection	0.909 65% 0.891 59% 6.5s mation LLMs. prompts.	0.891	The derived alternate numeric result cell in the same source row is not the declared account metric column.
2606.31074	2606.31074:triospect-fd-qwen200	2606.31074:triospect-fd-qwen200@d815065e405250ee	table_configuration_join	locator=table3;identity_line=550	0.929	2606.31074:a54fdda2497a1a62	source_owned_state_join	table_row	Triospect-FastDetectGPT Qwen max-tokens 200	Triospect (Fast-Detect) using Qwen3	10	635	following Figure 5: Transfor- Figure 6: Transformation	Triospect (Fast-Detect) using Qwen3-4B	10	641	following Figure 5: Transfor- Figure 6: Transformation	max_tokens=200 0.901 63% 0.893 61% 2.1s	AUROC	numeric cell 2 of 6 in exact result row	2	following Figure 5: Transfor- Figure 6: Transformation; exact row/configuration for Triospect-FastDetectGPT Qwen max-tokens 200; Review 26 successor re-audit binds this account to the recorded source state, exact row, and numeric column without inheriting the predecessor metric.	0.901	2606.31074:21b4402656c50ab0	extracted_primary_pdf_text	papers/2606.31074.pdf	15f39f0866b38f615ad398cd237ce1566daff44d33f37d701c64a62401cc9fcb	342f879d064638abee76645b0f6e2f041759befc7bd64aef7120f92a1719086f	wrong_column	10	637	following Figure 5: Transfor- Figure 6: Transformation	4B t4o 3.5 -v3 f1 f2 f3 f4 f5 f6	9da2031ad158fad15082131608c9e7747d7cfa00b465cdb0acef39f97ae3acce	10	641	following Figure 5: Transfor- Figure 6: Transformation	max_tokens=200 0.901 63% 0.893 61% 2.1s	0.893	The derived alternate numeric result cell in the same source row is not the declared account metric column.
2607.14967	2607.14967:tmr	2607.14967:tmr@de501e7667a304f9	same_window	page=15;identity_line=677;metric_line=677	0.92	2607.14967:118d77037a1afa66	source_owned_row_join	table_row	TMR	tmr	15	677	following Table 3: Comparison of the performance of GTCL and related approaches on the three datasets. For	TMR 0.86 0.80 0.07 0.92	15	677	following Table 3: Comparison of the performance of GTCL and related approaches on the three datasets. For	TMR 0.86 0.80 0.07 0.92	threshold metric or explicit strong claim	numeric cell 4 of 4 in exact result row	4	following Table 3: Comparison of the performance of GTCL and related approaches on the three datasets. For; exact row/configuration for TMR; Review 26 successor re-audit binds this account to the recorded source state, exact row, and numeric column without inheriting the predecessor metric.	0.92	2607.14967:118d77037a1afa66	extracted_primary_pdf_text	papers/2607.14967.pdf	6e4cc6950d5220fa558bc14e802cc777a8809c52c1bafeef72b0ac9a1952bbde	4b42669b72c5151e2b31813d55749185dc0606bdab746256fd3c02515c546072	wrong_column	15	663	following Table 3: Comparison of the performance of GTCL and related approaches on the three datasets. For	Dataset Approach Accuracy F1-score F1-score (Human) F1-score (AI)	70f4747034affce57be7c79f0054ec090bb4b7ef8db2026d4f82c0659dce83b0	15	677	following Table 3: Comparison of the performance of GTCL and related approaches on the three datasets. For	TMR 0.86 0.80 0.07 0.92	0.07	The derived alternate numeric result cell in the same source row is not the declared account metric column.
2607.17382	2607.17382:deberta-v3-large	2607.17382:deberta-v3-large@68cf247fbdbe5460	table_configuration_join	locator=table8;identity_line=404	0.984	2607.17382:5ceb155307890504	source_owned_state_join	table_row	DACTYL DeBERTa-v3-large	debertav3large	9	420	preceding Table 10 | following Table 11	DeBERTa-V3-large test set results.	9	422	preceding Table 10 | following Table 11	BEEMO 0.8780 0.9302 0.8785 0.9041 0.9418 0.9065	AUROC	numeric cell 2 of 6 in exact result row	2	preceding Table 10 | following Table 11; exact row/configuration for DACTYL DeBERTa-v3-large; Review 26 successor re-audit binds this account to the recorded source state, exact row, and numeric column without inheriting the predecessor metric.	0.9302	2607.17382:c62ce2669a3ee916	extracted_primary_pdf_text	papers/2607.17382.pdf	871c4983bd318a7304ce6cb3d16218d6f6d26cca3db48108769675e1e9c243a0	ab34e860d7faa1192702a53b144a3ff5a7d24a0f885fba169a0b2273dc7e5ce4	wrong_column	9	421	preceding Table 10 | following Table 11	dataset AUROC 𝐹1 C@1 Brier Score 𝐹0.5𝑢 Overall	fb84b5bf28bdff91ae66d97389bf029f9a8be796b2f220d9dfb6ffe57cfe852e	9	422	preceding Table 10 | following Table 11	BEEMO 0.8780 0.9302 0.8785 0.9041 0.9418 0.9065	0.8780	The derived alternate numeric result cell in the same source row is not the declared account metric column.
2607.17382	2607.17382:modernbert-large	2607.17382:modernbert-large@ab0edfe5d81ed9e8	same_window	page=8;identity_line=366;metric_line=368	0.9329	2607.17382:28521277de93e8f1	source_owned_state_join	table_row	DACTYL ModernBERT-large	modernbertlarge	8	366	preceding Table 8 | following Table 9	ModernBERT-large test set results.	8	368	preceding Table 8 | following Table 9	BEEMO 0.8560 0.9329 0.8806 0.9032 0.9322 0.9010	F1	F1	2	Table 8 BEEMO base ModernBERT-large; Review 26 successor re-audit binds this account to the recorded source state, exact row, and numeric column without inheriting the predecessor metric.	0.9329	2607.17382:28521277de93e8f1	extracted_primary_pdf_text	papers/2607.17382.pdf	871c4983bd318a7304ce6cb3d16218d6f6d26cca3db48108769675e1e9c243a0	637d05e5d6edb9efec68d346e3176506a8532e129e14f8f39a067dec2442dc2c	wrong_training_state	8	367	preceding Table 8 | following Table 9	dataset AUROC 𝐹1 C@1 Brier Score 𝐹0.5𝑢 Overall	fb84b5bf28bdff91ae66d97389bf029f9a8be796b2f220d9dfb6ffe57cfe852e	8	388	preceding Table 9	BEEMO 0.8619 0.9337 0.8826 0.9112 0.9350 0.9049	0.9337	A result from the paired but different training state or method cannot certify this account.
2607.17382	2607.17382:modernbert-large-mcgrad	2607.17382:modernbert-large-mcgrad@d1695c23aa97143e	same_window	page=8;identity_line=366;metric_line=368	0.9329	2607.17382:28521277de93e8f1	source_owned_state_join	table_row	DACTYL ModernBERT-large with MCGrad	mcgrad	8	386	preceding Table 9	ModernBERT-large with MCGrad post-hoc calibration test set results.	8	388	preceding Table 9	BEEMO 0.8619 0.9337 0.8826 0.9112 0.9350 0.9049	F1	F1	2	Table 9 BEEMO MCGrad-calibrated ModernBERT-large; Review 26 successor re-audit binds this account to the recorded source state, exact row, and numeric column without inheriting the predecessor metric.	0.9337	2607.17382:ffa95bb65a021d64	extracted_primary_pdf_text	papers/2607.17382.pdf	871c4983bd318a7304ce6cb3d16218d6f6d26cca3db48108769675e1e9c243a0	8d6c19fd6ae4eada80efc2b53169173bf6fe8ab125f5145569dfd998d8f2555d	wrong_training_state	8	387	preceding Table 9	dataset AUROC 𝐹1 C@1 Brier Score 𝐹0.5𝑢 Overall	fb84b5bf28bdff91ae66d97389bf029f9a8be796b2f220d9dfb6ffe57cfe852e	8	368	preceding Table 8 | following Table 9	BEEMO 0.8560 0.9329 0.8806 0.9032 0.9322 0.9010	0.9329	A result from the paired but different training state or method cannot certify this account.
2608.01046	2608.01046:deberta-finetuned	2608.01046:deberta-finetuned@a7014d76020b5d69	direct_companion	candidate=2608.01046:6057e1d50a02fe98	0.976	2608.01046:6057e1d50a02fe98	source_owned_state_join	table_row	Fine-tuned DeBERTa-Sentinel	DeBERTa-Sentinel (fine-tuned)	10	448	preceding Table 4	DeBERTa-Sentinel (fine-tuned) 97.53 0.976 95.89 99.33	10	448	preceding Table 4	DeBERTa-Sentinel (fine-tuned) 97.53 0.976 95.89 99.33	F1	F1-Score	2	Table 4 GLC-AIText fine-tuned row; Review 26 successor re-audit binds this account to the recorded source state, exact row, and numeric column without inheriting the predecessor metric.	0.976	2608.01046:6057e1d50a02fe98	extracted_primary_pdf_text	papers/2608.01046.pdf	fd3a5a96be050dc7968fd619e753ccb03a2330fbacd031ea58d6023bb7b5fecf	063dbc1c61d3c30de7fc0a907139ed45a184b20abe3d54bc40cde3c99b2a0765	wrong_training_state	10	444	preceding Table 4	Model Accuracy (%) F1-Score Precision (%) Recall (%)	2812a2199e37e55136b41fefd5d2e5184114acf2f726348d51e459d4fa0bfc6c	10	447	preceding Table 4	DeBERTa-v3 (zero-shot) 50.00 0.667 50.00 100.00	100.00	A result from the paired but different training state or method cannot certify this account.
2608.01046	2608.01046:deberta-zeroshot	2608.01046:deberta-zeroshot@fddf6dbcb04064de	same_window	page=10;identity_line=430;metric_line=430	0.976	2608.01046:5b8012746335cb9e	source_owned_state_join	table_row	Zero-shot DeBERTa-Sentinel	DeBERTa-v3 (zero-shot)	10	447	preceding Table 4	DeBERTa-v3 (zero-shot) 50.00 0.667 50.00 100.00	10	447	preceding Table 4	DeBERTa-v3 (zero-shot) 50.00 0.667 50.00 100.00	recall	Recall (%)	4	Table 4 GLC-AIText zero-shot row; Review 26 successor re-audit binds this account to the recorded source state, exact row, and numeric column without inheriting the predecessor metric.	100.00	2608.01046:50c58fa424185e2a	extracted_primary_pdf_text	papers/2608.01046.pdf	fd3a5a96be050dc7968fd619e753ccb03a2330fbacd031ea58d6023bb7b5fecf	4222176e18282237228433c9147f687cfa909a738a77278a7ffa17762c5d4aea	wrong_training_state	10	444	preceding Table 4	Model Accuracy (%) F1-Score Precision (%) Recall (%)	2812a2199e37e55136b41fefd5d2e5184114acf2f726348d51e459d4fa0bfc6c	10	448	preceding Table 4	DeBERTa-Sentinel (fine-tuned) 97.53 0.976 95.89 99.33	0.976	A result from the paired but different training state or method cannot certify this account.
2608.01046	2608.01046:tfidf-logreg	2608.01046:tfidf-logreg@a46482347ac2d323	same_window	page=10;identity_line=446;metric_line=448	0.976	2608.01046:6057e1d50a02fe98	source_owned_figure_join	figure_series	TF-IDF logistic regression	lines including TF-IDF + LogReg (	9	412	preceding Figure 4: ROC-AUC comparison across baseline Figure 5: F1-score comparison across baseline mod-	lines including TF-IDF + LogReg (93.6% AUC) and ison illustrates a 12.6% improvement over TF-IDF +	9	412	preceding Figure 4: ROC-AUC comparison across baseline Figure 5: F1-score comparison across baseline mod-	lines including TF-IDF + LogReg (93.6% AUC) and ison illustrates a 12.6% improvement over TF-IDF +	AUROC	Figure 4 TF-IDF + LogReg curve	1	Figure 4 GLC-AIText baseline; Review 26 successor re-audit binds this account to the recorded source state, exact row, and numeric column without inheriting the predecessor metric.	93.6	2608.01046:da9da692398d7434	extracted_primary_pdf_text	papers/2608.01046.pdf	fd3a5a96be050dc7968fd619e753ccb03a2330fbacd031ea58d6023bb7b5fecf	cfcedd9a5c51db2646f8f99930f86f30db89135f305bdc735db694388d67351c	wrong_training_state	9	412	preceding Figure 4: ROC-AUC comparison across baseline Figure 5: F1-score comparison across baseline mod-	lines including TF-IDF + LogReg (93.6% AUC) and ison illustrates a 12.6% improvement over TF-IDF +	cfcedd9a5c51db2646f8f99930f86f30db89135f305bdc735db694388d67351c	10	448	preceding Table 4	DeBERTa-Sentinel (fine-tuned) 97.53 0.976 95.89 99.33	0.976	A result from the paired but different training state or method cannot certify this account.
2608.03859	2608.03859:bge-m3-full	2608.03859:bge-m3-full@bc97175710e42889	same_window	page=7;identity_line=418;metric_line=418	0.9221	2608.03859:cdebaddece09d370	source_owned_row_join	table_row	BGE-M3 full-document retrieval	BGE-M3 Dense-full	7	418	following Table 2: PAN26 full-corpus source retrieval over all 200 queries against 86,822 candidate sources. Every row is recomputed	BGE-M3 Dense-full 0.4483 0.5022 0.5200 0.7563 0.9221 0.7586 0.4185	7	418	following Table 2: PAN26 full-corpus source retrieval over all 200 queries against 86,822 candidate sources. Every row is recomputed	BGE-M3 Dense-full 0.4483 0.5022 0.5200 0.7563 0.9221 0.7586 0.4185	threshold metric or explicit strong claim	numeric cell 5 of 7 in exact result row	5	following Table 2: PAN26 full-corpus source retrieval over all 200 queries against 86,822 candidate sources. Every row is recomputed; exact row/configuration for BGE-M3 full-document retrieval; Review 26 successor re-audit binds this account to the recorded source state, exact row, and numeric column without inheriting the predecessor metric.	0.9221	2608.03859:cdebaddece09d370	extracted_primary_pdf_text	papers/2608.03859.pdf	94c84cf9eec8be35b1dac59124aec94d6a0e885efb26b481851937094830b352	430387f7d774484634ec5c0e02f2998ea4de4aac7d4bce283591469c3cad8ece	wrong_column	7	418	following Table 2: PAN26 full-corpus source retrieval over all 200 queries against 86,822 candidate sources. Every row is recomputed	BGE-M3 Dense-full 0.4483 0.5022 0.5200 0.7563 0.9221 0.7586 0.4185	430387f7d774484634ec5c0e02f2998ea4de4aac7d4bce283591469c3cad8ece	7	418	following Table 2: PAN26 full-corpus source retrieval over all 200 queries against 86,822 candidate sources. Every row is recomputed	BGE-M3 Dense-full 0.4483 0.5022 0.5200 0.7563 0.9221 0.7586 0.4185	0.7563	The derived alternate numeric result cell in the same source row is not the declared account metric column.
2608.03859	2608.03859:bge-m3-sentence	2608.03859:bge-m3-sentence@a8843eac5276df82	same_window	page=7;identity_line=419;metric_line=419	0.9708	2608.03859:db2670150d129ff9	source_owned_row_join	table_row	BGE-M3 sentence retrieval	BGE-M3 Dense-sentence	7	419	following Table 2: PAN26 full-corpus source retrieval over all 200 queries against 86,822 candidate sources. Every row is recomputed	BGE-M3 Dense-sentence 0.6240 0.6678 0.7321 0.9096 0.9708 0.8436 0.6071	7	419	following Table 2: PAN26 full-corpus source retrieval over all 200 queries against 86,822 candidate sources. Every row is recomputed	BGE-M3 Dense-sentence 0.6240 0.6678 0.7321 0.9096 0.9708 0.8436 0.6071	threshold metric or explicit strong claim	numeric cell 5 of 7 in exact result row	5	following Table 2: PAN26 full-corpus source retrieval over all 200 queries against 86,822 candidate sources. Every row is recomputed; exact row/configuration for BGE-M3 sentence retrieval; Review 26 successor re-audit binds this account to the recorded source state, exact row, and numeric column without inheriting the predecessor metric.	0.9708	2608.03859:db2670150d129ff9	extracted_primary_pdf_text	papers/2608.03859.pdf	94c84cf9eec8be35b1dac59124aec94d6a0e885efb26b481851937094830b352	53b3118a460ed98788428b8f367b332fad3dd3532cbb49aed76ba1ddfc090575	wrong_column	7	419	following Table 2: PAN26 full-corpus source retrieval over all 200 queries against 86,822 candidate sources. Every row is recomputed	BGE-M3 Dense-sentence 0.6240 0.6678 0.7321 0.9096 0.9708 0.8436 0.6071	53b3118a460ed98788428b8f367b332fad3dd3532cbb49aed76ba1ddfc090575	7	419	following Table 2: PAN26 full-corpus source retrieval over all 200 queries against 86,822 candidate sources. Every row is recomputed	BGE-M3 Dense-sentence 0.6240 0.6678 0.7321 0.9096 0.9708 0.8436 0.6071	0.9096	The derived alternate numeric result cell in the same source row is not the declared account metric column.
2608.03859	2608.03859:bm25-full	2608.03859:bm25-full@62d12ea6206ab75c	same_window	page=7;identity_line=416;metric_line=416	0.9221	2608.03859:7d6bc697b7a38050	source_owned_row_join	table_row	BM25 full-document retrieval	bm25full	7	416	following Table 2: PAN26 full-corpus source retrieval over all 200 queries against 86,822 candidate sources. Every row is recomputed	BM25-full 0.4962 0.5479 0.5188 0.7425 0.9221 0.7388 0.4175	7	416	following Table 2: PAN26 full-corpus source retrieval over all 200 queries against 86,822 candidate sources. Every row is recomputed	BM25-full 0.4962 0.5479 0.5188 0.7425 0.9221 0.7388 0.4175	threshold metric or explicit strong claim	numeric cell 6 of 8 in exact result row	6	following Table 2: PAN26 full-corpus source retrieval over all 200 queries against 86,822 candidate sources. Every row is recomputed; exact row/configuration for BM25 full-document retrieval; Review 26 successor re-audit binds this account to the recorded source state, exact row, and numeric column without inheriting the predecessor metric.	0.9221	2608.03859:7d6bc697b7a38050	extracted_primary_pdf_text	papers/2608.03859.pdf	94c84cf9eec8be35b1dac59124aec94d6a0e885efb26b481851937094830b352	05854809db3f140e71fb162866d854011ccdcadb481875cbd3062972e6620ceb	wrong_column	7	416	following Table 2: PAN26 full-corpus source retrieval over all 200 queries against 86,822 candidate sources. Every row is recomputed	BM25-full 0.4962 0.5479 0.5188 0.7425 0.9221 0.7388 0.4175	05854809db3f140e71fb162866d854011ccdcadb481875cbd3062972e6620ceb	7	416	following Table 2: PAN26 full-corpus source retrieval over all 200 queries against 86,822 candidate sources. Every row is recomputed	BM25-full 0.4962 0.5479 0.5188 0.7425 0.9221 0.7388 0.4175	0.7425	The derived alternate numeric result cell in the same source row is not the declared account metric column.
2608.03859	2608.03859:bm25-pair	2608.03859:bm25-pair@0c3b6a5058644830	same_window	page=6;identity_line=344;metric_line=344	0.9539	2608.03859:2a289422607657d7	source_owned_row_join	table_row	BM25 pair classifier	bm25pair	6	344	following Table 1: Pair-level binary classification on PAN25. Entries are per-metric medians over the same 20 hash-locked test partitions.	BM25 pair score 0.7483 0.9539 0.8369 0.7587 0.5977 0.2826 0.7093 0.8237	6	344	following Table 1: Pair-level binary classification on PAN25. Entries are per-metric medians over the same 20 hash-locked test partitions.	BM25 pair score 0.7483 0.9539 0.8369 0.7587 0.5977 0.2826 0.7093 0.8237	threshold metric or explicit strong claim	numeric cell 3 of 9 in exact result row	3	following Table 1: Pair-level binary classification on PAN25. Entries are per-metric medians over the same 20 hash-locked test partitions.; exact row/configuration for BM25 pair classifier; Review 26 successor re-audit binds this account to the recorded source state, exact row, and numeric column without inheriting the predecessor metric.	0.9539	2608.03859:2a289422607657d7	extracted_primary_pdf_text	papers/2608.03859.pdf	94c84cf9eec8be35b1dac59124aec94d6a0e885efb26b481851937094830b352	ac4642a73d8e381a4bbfe57f109c17480f930d9147524dc358636e9ab0f61025	wrong_column	6	341	following Table 1: Pair-level binary classification on PAN25. Entries are per-metric medians over the same 20 hash-locked test partitions.	Method Prec. Rec. F1 FPR↓ BAcc. MCC AUROC AP	c0346cdd547ea5a01610b363a32a593649a2641985880894e6667b3e2c5062bb	6	344	following Table 1: Pair-level binary classification on PAN25. Entries are per-metric medians over the same 20 hash-locked test partitions.	BM25 pair score 0.7483 0.9539 0.8369 0.7587 0.5977 0.2826 0.7093 0.8237	0.7483	The derived alternate numeric result cell in the same source row is not the declared account metric column.
2608.03859	2608.03859:bm25-sentence	2608.03859:bm25-sentence@9b0593c2be578a8e	same_window	page=7;identity_line=417;metric_line=417	0.9821	2608.03859:cb58ed8409d5af33	source_owned_row_join	table_row	BM25 sentence retrieval	bm25sentence	7	417	following Table 2: PAN26 full-corpus source retrieval over all 200 queries against 86,822 candidate sources. Every row is recomputed	BM25-sentence 0.5049 0.5629 0.6038 0.8596 0.9821 0.7260 0.4328	7	417	following Table 2: PAN26 full-corpus source retrieval over all 200 queries against 86,822 candidate sources. Every row is recomputed	BM25-sentence 0.5049 0.5629 0.6038 0.8596 0.9821 0.7260 0.4328	threshold metric or explicit strong claim	numeric cell 6 of 8 in exact result row	6	following Table 2: PAN26 full-corpus source retrieval over all 200 queries against 86,822 candidate sources. Every row is recomputed; exact row/configuration for BM25 sentence retrieval; Review 26 successor re-audit binds this account to the recorded source state, exact row, and numeric column without inheriting the predecessor metric.	0.9821	2608.03859:cb58ed8409d5af33	extracted_primary_pdf_text	papers/2608.03859.pdf	94c84cf9eec8be35b1dac59124aec94d6a0e885efb26b481851937094830b352	0984d157acf6531a37a3f57e271df5f878e38b5e2e0a6ce9dd532bd03c17967e	wrong_column	7	417	following Table 2: PAN26 full-corpus source retrieval over all 200 queries against 86,822 candidate sources. Every row is recomputed	BM25-sentence 0.5049 0.5629 0.6038 0.8596 0.9821 0.7260 0.4328	0984d157acf6531a37a3f57e271df5f878e38b5e2e0a6ce9dd532bd03c17967e	7	417	following Table 2: PAN26 full-corpus source retrieval over all 200 queries against 86,822 candidate sources. Every row is recomputed	BM25-sentence 0.5049 0.5629 0.6038 0.8596 0.9821 0.7260 0.4328	0.8596	The derived alternate numeric result cell in the same source row is not the declared account metric column.
2608.03859	2608.03859:daac	2608.03859:daac@fc174c31eb31acf3	same_window	page=7;identity_line=425;metric_line=425	0.9854	2608.03859:00ca0aa642a3e4da	source_owned_row_join	table_row	DAAC retrieval	daac	7	425	following Table 2: PAN26 full-corpus source retrieval over all 200 queries against 86,822 candidate sources. Every row is recomputed	DAAC coarse ranking 0.7678 0.7892 0.8579 0.9517 0.9854 0.9642 0.7737	7	425	following Table 2: PAN26 full-corpus source retrieval over all 200 queries against 86,822 candidate sources. Every row is recomputed	DAAC coarse ranking 0.7678 0.7892 0.8579 0.9517 0.9854 0.9642 0.7737	threshold metric or explicit strong claim	numeric cell 4 of 7 in exact result row	4	following Table 2: PAN26 full-corpus source retrieval over all 200 queries against 86,822 candidate sources. Every row is recomputed; exact row/configuration for DAAC retrieval; Review 26 successor re-audit binds this account to the recorded source state, exact row, and numeric column without inheriting the predecessor metric.	0.9517	2608.03859:00ca0aa642a3e4da	extracted_primary_pdf_text	papers/2608.03859.pdf	94c84cf9eec8be35b1dac59124aec94d6a0e885efb26b481851937094830b352	d413db3e5aca1df74f0502fb1ea116798b3f66e582b7ff4f5afa1c95eb53b1eb	wrong_column	7	425	following Table 2: PAN26 full-corpus source retrieval over all 200 queries against 86,822 candidate sources. Every row is recomputed	DAAC coarse ranking 0.7678 0.7892 0.8579 0.9517 0.9854 0.9642 0.7737	d413db3e5aca1df74f0502fb1ea116798b3f66e582b7ff4f5afa1c95eb53b1eb	7	425	following Table 2: PAN26 full-corpus source retrieval over all 200 queries against 86,822 candidate sources. Every row is recomputed	DAAC coarse ranking 0.7678 0.7892 0.8579 0.9517 0.9854 0.9642 0.7737	0.8579	The derived alternate numeric result cell in the same source row is not the declared account metric column.
2608.03859	2608.03859:daac-scdg	2608.03859:daac-scdg@0c9bfde59a486968	table_configuration_join	locator=table1;identity_line=424	0.9600	2608.03859:7e93a6ee7ba32cdf	source_owned_row_join	table_row	DAAC plus SCDG	+ fixed SCDG reranking	7	426	following Table 2: PAN26 full-corpus source retrieval over all 200 queries against 86,822 candidate sources. Every row is recomputed	+ fixed SCDG reranking 0.8315 0.8433 0.9042 0.9625 0.9854 0.9925 0.8532	7	426	following Table 2: PAN26 full-corpus source retrieval over all 200 queries against 86,822 candidate sources. Every row is recomputed	+ fixed SCDG reranking 0.8315 0.8433 0.9042 0.9625 0.9854 0.9925 0.8532	threshold metric or explicit strong claim	numeric cell 4 of 7 in exact result row	4	following Table 2: PAN26 full-corpus source retrieval over all 200 queries against 86,822 candidate sources. Every row is recomputed; exact row/configuration for DAAC plus SCDG; Review 26 successor re-audit binds this account to the recorded source state, exact row, and numeric column without inheriting the predecessor metric.	0.9625	2608.03859:e79220ff782ffc0c	extracted_primary_pdf_text	papers/2608.03859.pdf	94c84cf9eec8be35b1dac59124aec94d6a0e885efb26b481851937094830b352	a22d28496f112cc56335c01c3bf6974ad06d531c3e815886e56eef7c897df074	wrong_column	7	426	following Table 2: PAN26 full-corpus source retrieval over all 200 queries against 86,822 candidate sources. Every row is recomputed	+ fixed SCDG reranking 0.8315 0.8433 0.9042 0.9625 0.9854 0.9925 0.8532	a22d28496f112cc56335c01c3bf6974ad06d531c3e815886e56eef7c897df074	7	426	following Table 2: PAN26 full-corpus source retrieval over all 200 queries against 86,822 candidate sources. Every row is recomputed	+ fixed SCDG reranking 0.8315 0.8433 0.9042 0.9625 0.9854 0.9925 0.8532	0.9042	The derived alternate numeric result cell in the same source row is not the declared account metric column.
2608.03859	2608.03859:linq-cosine	2608.03859:linq-cosine@36b7e344a3de7c23	same_window	page=6;identity_line=345;metric_line=345	0.9497	2608.03859:afa6fa59513b3085	source_owned_row_join	table_row	Linq cosine similarity	Linq-Embed-Mistral cosine	6	345	following Table 1: Pair-level binary classification on PAN25. Entries are per-metric medians over the same 20 hash-locked test partitions.	Linq-Embed-Mistral cosine 0.7729 0.9497 0.8515 0.6597 0.6449 0.3874 0.7904 0.8813	6	345	following Table 1: Pair-level binary classification on PAN25. Entries are per-metric medians over the same 20 hash-locked test partitions.	Linq-Embed-Mistral cosine 0.7729 0.9497 0.8515 0.6597 0.6449 0.3874 0.7904 0.8813	threshold metric or explicit strong claim	numeric cell 2 of 8 in exact result row	2	following Table 1: Pair-level binary classification on PAN25. Entries are per-metric medians over the same 20 hash-locked test partitions.; exact row/configuration for Linq cosine similarity; Review 26 successor re-audit binds this account to the recorded source state, exact row, and numeric column without inheriting the predecessor metric.	0.9497	2608.03859:afa6fa59513b3085	extracted_primary_pdf_text	papers/2608.03859.pdf	94c84cf9eec8be35b1dac59124aec94d6a0e885efb26b481851937094830b352	fa8f261cb794664ff43f1194244521b572b587c7a5b607605fe3889cd3a1fc4c	wrong_column	6	341	following Table 1: Pair-level binary classification on PAN25. Entries are per-metric medians over the same 20 hash-locked test partitions.	Method Prec. Rec. F1 FPR↓ BAcc. MCC AUROC AP	c0346cdd547ea5a01610b363a32a593649a2641985880894e6667b3e2c5062bb	6	345	following Table 1: Pair-level binary classification on PAN25. Entries are per-metric medians over the same 20 hash-locked test partitions.	Linq-Embed-Mistral cosine 0.7729 0.9497 0.8515 0.6597 0.6449 0.3874 0.7904 0.8813	0.7729	The derived alternate numeric result cell in the same source row is not the declared account metric column.
2608.03859	2608.03859:linq-sentence-chunk	2608.03859:linq-sentence-chunk@0f8e4a71314c4836	same_window	page=7;identity_line=421;metric_line=421	0.9854	2608.03859:2bf9943ce7de1ebd	source_owned_row_join	table_row	Linq sentence-to-chunk retrieval	Linq sentence-to-chunk dense	7	421	following Table 2: PAN26 full-corpus source retrieval over all 200 queries against 86,822 candidate sources. Every row is recomputed	Linq sentence-to-chunk dense 0.7430 0.7679 0.8442 0.9500 0.9854 0.9468 0.7543	7	421	following Table 2: PAN26 full-corpus source retrieval over all 200 queries against 86,822 candidate sources. Every row is recomputed	Linq sentence-to-chunk dense 0.7430 0.7679 0.8442 0.9500 0.9854 0.9468 0.7543	threshold metric or explicit strong claim	numeric cell 4 of 7 in exact result row	4	following Table 2: PAN26 full-corpus source retrieval over all 200 queries against 86,822 candidate sources. Every row is recomputed; exact row/configuration for Linq sentence-to-chunk retrieval; Review 26 successor re-audit binds this account to the recorded source state, exact row, and numeric column without inheriting the predecessor metric.	0.9500	2608.03859:2bf9943ce7de1ebd	extracted_primary_pdf_text	papers/2608.03859.pdf	94c84cf9eec8be35b1dac59124aec94d6a0e885efb26b481851937094830b352	e3770bb6180abe0ec023e8637c1f3885833cffb550a1f0f19b3ef30148e3ed84	wrong_column	7	421	following Table 2: PAN26 full-corpus source retrieval over all 200 queries against 86,822 candidate sources. Every row is recomputed	Linq sentence-to-chunk dense 0.7430 0.7679 0.8442 0.9500 0.9854 0.9468 0.7543	e3770bb6180abe0ec023e8637c1f3885833cffb550a1f0f19b3ef30148e3ed84	7	421	following Table 2: PAN26 full-corpus source retrieval over all 200 queries against 86,822 candidate sources. Every row is recomputed	Linq sentence-to-chunk dense 0.7430 0.7679 0.8442 0.9500 0.9854 0.9468 0.7543	0.8442	The derived alternate numeric result cell in the same source row is not the declared account metric column.
2608.03859	2608.03859:plagbench-few-cot	2608.03859:plagbench-few-cot@2755dac6c1943564	same_window	page=6;identity_line=349;metric_line=349	1.0000	2608.03859:e1a6dc6303221abf	source_owned_row_join	table_row	PlagBench few-shot chain-of-thought	PlagBench few-shot (CoT)	6	349	following Table 1: Pair-level binary classification on PAN25. Entries are per-metric medians over the same 20 hash-locked test partitions.	PlagBench few-shot (CoT) 0.7027 1.0000 0.8254 1.0000 0.5000 0.0000 0.5197 0.7111	6	349	following Table 1: Pair-level binary classification on PAN25. Entries are per-metric medians over the same 20 hash-locked test partitions.	PlagBench few-shot (CoT) 0.7027 1.0000 0.8254 1.0000 0.5000 0.0000 0.5197 0.7111	threshold metric or explicit strong claim	numeric cell 2 of 8 in exact result row	2	following Table 1: Pair-level binary classification on PAN25. Entries are per-metric medians over the same 20 hash-locked test partitions.; exact row/configuration for PlagBench few-shot chain-of-thought; Review 26 successor re-audit binds this account to the recorded source state, exact row, and numeric column without inheriting the predecessor metric.	1.0000	2608.03859:e1a6dc6303221abf	extracted_primary_pdf_text	papers/2608.03859.pdf	94c84cf9eec8be35b1dac59124aec94d6a0e885efb26b481851937094830b352	ae631580e2854e2a140d95bd7722ad0bfc65593dc50f6304e0993080b399ee2f	wrong_column	6	341	following Table 1: Pair-level binary classification on PAN25. Entries are per-metric medians over the same 20 hash-locked test partitions.	Method Prec. Rec. F1 FPR↓ BAcc. MCC AUROC AP	c0346cdd547ea5a01610b363a32a593649a2641985880894e6667b3e2c5062bb	6	349	following Table 1: Pair-level binary classification on PAN25. Entries are per-metric medians over the same 20 hash-locked test partitions.	PlagBench few-shot (CoT) 0.7027 1.0000 0.8254 1.0000 0.5000 0.0000 0.5197 0.7111	0.7027	The derived alternate numeric result cell in the same source row is not the declared account metric column.
2608.03859	2608.03859:plagbench-zero-cot	2608.03859:plagbench-zero-cot@62dfc0902d869d8c	same_window	page=6;identity_line=347;metric_line=347	1.0000	2608.03859:99e62f199b60d266	source_owned_row_join	table_row	PlagBench zero-shot chain-of-thought	PlagBench zero-shot (CoT)	6	347	following Table 1: Pair-level binary classification on PAN25. Entries are per-metric medians over the same 20 hash-locked test partitions.	PlagBench zero-shot (CoT) 0.7032 1.0000 0.8258 0.9975 0.5012 0.0417 0.5012 0.7032	6	347	following Table 1: Pair-level binary classification on PAN25. Entries are per-metric medians over the same 20 hash-locked test partitions.	PlagBench zero-shot (CoT) 0.7032 1.0000 0.8258 0.9975 0.5012 0.0417 0.5012 0.7032	threshold metric or explicit strong claim	numeric cell 2 of 8 in exact result row	2	following Table 1: Pair-level binary classification on PAN25. Entries are per-metric medians over the same 20 hash-locked test partitions.; exact row/configuration for PlagBench zero-shot chain-of-thought; Review 26 successor re-audit binds this account to the recorded source state, exact row, and numeric column without inheriting the predecessor metric.	1.0000	2608.03859:99e62f199b60d266	extracted_primary_pdf_text	papers/2608.03859.pdf	94c84cf9eec8be35b1dac59124aec94d6a0e885efb26b481851937094830b352	1305a69dc1f8d30ca4076775ae71917f11cb4dac65e7a2867fb299b4335e46c4	wrong_column	6	341	following Table 1: Pair-level binary classification on PAN25. Entries are per-metric medians over the same 20 hash-locked test partitions.	Method Prec. Rec. F1 FPR↓ BAcc. MCC AUROC AP	c0346cdd547ea5a01610b363a32a593649a2641985880894e6667b3e2c5062bb	6	347	following Table 1: Pair-level binary classification on PAN25. Entries are per-metric medians over the same 20 hash-locked test partitions.	PlagBench zero-shot (CoT) 0.7032 1.0000 0.8258 0.9975 0.5012 0.0417 0.5012 0.7032	0.7032	The derived alternate numeric result cell in the same source row is not the declared account metric column.
2608.03859	2608.03859:rrf-scdg	2608.03859:rrf-scdg@ba4189b9589d9759	table_configuration_join	locator=table1;identity_line=423	0.9500	2608.03859:80219a5639108078	source_owned_row_join	table_row	Reciprocal-rank fusion plus SCDG	+ fixed SCDG reranking	7	424	following Table 2: PAN26 full-corpus source retrieval over all 200 queries against 86,822 candidate sources. Every row is recomputed	+ fixed SCDG reranking 0.8139 0.8322 0.8742 0.9550 0.9900 0.9925 0.8332	7	424	following Table 2: PAN26 full-corpus source retrieval over all 200 queries against 86,822 candidate sources. Every row is recomputed	+ fixed SCDG reranking 0.8139 0.8322 0.8742 0.9550 0.9900 0.9925 0.8332	threshold metric or explicit strong claim	numeric cell 4 of 7 in exact result row	4	following Table 2: PAN26 full-corpus source retrieval over all 200 queries against 86,822 candidate sources. Every row is recomputed; exact row/configuration for Reciprocal-rank fusion plus SCDG; Review 26 successor re-audit binds this account to the recorded source state, exact row, and numeric column without inheriting the predecessor metric.	0.9550	2608.03859:7e93a6ee7ba32cdf	extracted_primary_pdf_text	papers/2608.03859.pdf	94c84cf9eec8be35b1dac59124aec94d6a0e885efb26b481851937094830b352	797a8540bac43596ac85c722b42b852f25b436117619a85b71e74612a6553ab8	wrong_column	7	424	following Table 2: PAN26 full-corpus source retrieval over all 200 queries against 86,822 candidate sources. Every row is recomputed	+ fixed SCDG reranking 0.8139 0.8322 0.8742 0.9550 0.9900 0.9925 0.8332	797a8540bac43596ac85c722b42b852f25b436117619a85b71e74612a6553ab8	7	424	following Table 2: PAN26 full-corpus source retrieval over all 200 queries against 86,822 candidate sources. Every row is recomputed	+ fixed SCDG reranking 0.8139 0.8322 0.8742 0.9550 0.9900 0.9925 0.8332	0.8742	The derived alternate numeric result cell in the same source row is not the declared account metric column.
2608.03859	2608.03859:scdg-llama-avg	2608.03859:scdg-llama-avg@10167b56888918ae	same_window	page=6;identity_line=358;metric_line=357	0.9696	2608.03859:26752490611cae5a	source_owned_state_join	table_row	SCDG Llama-3.1-8B average aggregation	SCDG & Llama	6	358	following Table 1: Pair-level binary classification on PAN25. Entries are per-metric medians over the same 20 hash-locked test partitions.	SCDG & Llama-3.1-8B	6	357	following Table 1: Pair-level binary classification on PAN25. Entries are per-metric medians over the same 20 hash-locked test partitions.	Average 0.9183 0.9696 0.9433 0.2042 0.8835 0.8008 0.9387 0.9518	threshold metric or explicit strong claim	numeric cell 2 of 8 in exact result row	2	following Table 1: Pair-level binary classification on PAN25. Entries are per-metric medians over the same 20 hash-locked test partitions.; exact row/configuration for SCDG Llama-3.1-8B average aggregation; Review 26 successor re-audit binds this account to the recorded source state, exact row, and numeric column without inheriting the predecessor metric.	0.9696	2608.03859:26752490611cae5a	extracted_primary_pdf_text	papers/2608.03859.pdf	94c84cf9eec8be35b1dac59124aec94d6a0e885efb26b481851937094830b352	50cd44f3c3972fd5a7165361fd81a3313ea597adad175d21375709b6213b1bf3	wrong_column	6	341	following Table 1: Pair-level binary classification on PAN25. Entries are per-metric medians over the same 20 hash-locked test partitions.	Method Prec. Rec. F1 FPR↓ BAcc. MCC AUROC AP	c0346cdd547ea5a01610b363a32a593649a2641985880894e6667b3e2c5062bb	6	357	following Table 1: Pair-level binary classification on PAN25. Entries are per-metric medians over the same 20 hash-locked test partitions.	Average 0.9183 0.9696 0.9433 0.2042 0.8835 0.8008 0.9387 0.9518	0.9183	The derived alternate numeric result cell in the same source row is not the declared account metric column.
2608.03859	2608.03859:scdg-llama-topq	2608.03859:scdg-llama-topq@2e9a6ef7df1befb1	same_window	page=6;identity_line=358;metric_line=359	0.9707	2608.03859:4523b8b781bc5550	source_owned_state_join	table_row	SCDG Llama-3.1-8B top-q aggregation	SCDG & Llama	6	358	following Table 1: Pair-level binary classification on PAN25. Entries are per-metric medians over the same 20 hash-locked test partitions.	SCDG & Llama-3.1-8B	6	359	following Table 1: Pair-level binary classification on PAN25. Entries are per-metric medians over the same 20 hash-locked test partitions.	Top-q 0.9171 0.9707 0.9449 0.2067 0.8816 0.8046 0.9330 0.9449	threshold metric or explicit strong claim	numeric cell 2 of 8 in exact result row	2	following Table 1: Pair-level binary classification on PAN25. Entries are per-metric medians over the same 20 hash-locked test partitions.; exact row/configuration for SCDG Llama-3.1-8B top-q aggregation; Review 26 successor re-audit binds this account to the recorded source state, exact row, and numeric column without inheriting the predecessor metric.	0.9707	2608.03859:4523b8b781bc5550	extracted_primary_pdf_text	papers/2608.03859.pdf	94c84cf9eec8be35b1dac59124aec94d6a0e885efb26b481851937094830b352	a1eb8f06bd230b1b8cdca9f49ff3325cc585c533c8a058cfdc2fcff89a632cc3	wrong_column	6	341	following Table 1: Pair-level binary classification on PAN25. Entries are per-metric medians over the same 20 hash-locked test partitions.	Method Prec. Rec. F1 FPR↓ BAcc. MCC AUROC AP	c0346cdd547ea5a01610b363a32a593649a2641985880894e6667b3e2c5062bb	6	359	following Table 1: Pair-level binary classification on PAN25. Entries are per-metric medians over the same 20 hash-locked test partitions.	Top-q 0.9171 0.9707 0.9449 0.2067 0.8816 0.8046 0.9330 0.9449	0.9171	The derived alternate numeric result cell in the same source row is not the declared account metric column.
2608.03859	2608.03859:scdg-ministral-avg	2608.03859:scdg-ministral-avg@944bf53fbb16c21b	same_window	page=6;identity_line=355;metric_line=354	0.9686	2608.03859:6c8e0810f7a8b014	source_owned_state_join	table_row	SCDG Ministral-8B average aggregation	SCDG & Ministral	6	355	following Table 1: Pair-level binary classification on PAN25. Entries are per-metric medians over the same 20 hash-locked test partitions.	SCDG & Ministral-3-8B	6	354	following Table 1: Pair-level binary classification on PAN25. Entries are per-metric medians over the same 20 hash-locked test partitions.	Average 0.9117 0.9686 0.9392 0.2203 0.8737 0.7863 0.9334 0.9488	threshold metric or explicit strong claim	numeric cell 2 of 8 in exact result row	2	following Table 1: Pair-level binary classification on PAN25. Entries are per-metric medians over the same 20 hash-locked test partitions.; exact row/configuration for SCDG Ministral-8B average aggregation; Review 26 successor re-audit binds this account to the recorded source state, exact row, and numeric column without inheriting the predecessor metric.	0.9686	2608.03859:6c8e0810f7a8b014	extracted_primary_pdf_text	papers/2608.03859.pdf	94c84cf9eec8be35b1dac59124aec94d6a0e885efb26b481851937094830b352	1aa18802ac3993ea24728bfd9e68e8f596ab7a1a69e7ab1be602fcf1cb9f478e	wrong_column	6	341	following Table 1: Pair-level binary classification on PAN25. Entries are per-metric medians over the same 20 hash-locked test partitions.	Method Prec. Rec. F1 FPR↓ BAcc. MCC AUROC AP	c0346cdd547ea5a01610b363a32a593649a2641985880894e6667b3e2c5062bb	6	354	following Table 1: Pair-level binary classification on PAN25. Entries are per-metric medians over the same 20 hash-locked test partitions.	Average 0.9117 0.9686 0.9392 0.2203 0.8737 0.7863 0.9334 0.9488	0.9117	The derived alternate numeric result cell in the same source row is not the declared account metric column.
2608.03859	2608.03859:scdg-ministral-topq	2608.03859:scdg-ministral-topq@9c16405e9d1dec09	same_window	page=6;identity_line=355;metric_line=356	0.9712	2608.03859:7e9eba4a5acf898c	source_owned_state_join	table_row	SCDG Ministral-8B top-q aggregation	SCDG & Ministral	6	355	following Table 1: Pair-level binary classification on PAN25. Entries are per-metric medians over the same 20 hash-locked test partitions.	SCDG & Ministral-3-8B	6	356	following Table 1: Pair-level binary classification on PAN25. Entries are per-metric medians over the same 20 hash-locked test partitions.	Top-q 0.9124 0.9712 0.9411 0.2215 0.8767 0.7914 0.9236 0.9351	threshold metric or explicit strong claim	numeric cell 2 of 8 in exact result row	2	following Table 1: Pair-level binary classification on PAN25. Entries are per-metric medians over the same 20 hash-locked test partitions.; exact row/configuration for SCDG Ministral-8B top-q aggregation; Review 26 successor re-audit binds this account to the recorded source state, exact row, and numeric column without inheriting the predecessor metric.	0.9712	2608.03859:7e9eba4a5acf898c	extracted_primary_pdf_text	papers/2608.03859.pdf	94c84cf9eec8be35b1dac59124aec94d6a0e885efb26b481851937094830b352	1546a220d75d14eb85f2bbad342c69e73cef9b045938463a3ad89f7fe44aca0e	wrong_column	6	341	following Table 1: Pair-level binary classification on PAN25. Entries are per-metric medians over the same 20 hash-locked test partitions.	Method Prec. Rec. F1 FPR↓ BAcc. MCC AUROC AP	c0346cdd547ea5a01610b363a32a593649a2641985880894e6667b3e2c5062bb	6	356	following Table 1: Pair-level binary classification on PAN25. Entries are per-metric medians over the same 20 hash-locked test partitions.	Top-q 0.9124 0.9712 0.9411 0.2215 0.8767 0.7914 0.9236 0.9351	0.9124	The derived alternate numeric result cell in the same source row is not the declared account metric column.
2608.03859	2608.03859:scdg-qwen-avg	2608.03859:scdg-qwen-avg@01edf0d52476e10c	same_window	page=6;identity_line=352;metric_line=351	0.9602	2608.03859:78cf70d6a59e5319	source_owned_state_join	table_row	SCDG Qwen3-8B average aggregation	SCDG & Qwen3	6	352	following Table 1: Pair-level binary classification on PAN25. Entries are per-metric medians over the same 20 hash-locked test partitions.	SCDG & Qwen3-8B	6	351	following Table 1: Pair-level binary classification on PAN25. Entries are per-metric medians over the same 20 hash-locked test partitions.	Average 0.8914 0.9602 0.9233 0.2748 0.8419 0.7269 0.9161 0.9389	threshold metric or explicit strong claim	numeric cell 2 of 8 in exact result row	2	following Table 1: Pair-level binary classification on PAN25. Entries are per-metric medians over the same 20 hash-locked test partitions.; exact row/configuration for SCDG Qwen3-8B average aggregation; Review 26 successor re-audit binds this account to the recorded source state, exact row, and numeric column without inheriting the predecessor metric.	0.9602	2608.03859:78cf70d6a59e5319	extracted_primary_pdf_text	papers/2608.03859.pdf	94c84cf9eec8be35b1dac59124aec94d6a0e885efb26b481851937094830b352	da2be7a0c87aec9137652717a5df9785b52da0d48116e8dd041c10df38e79dcb	wrong_column	6	341	following Table 1: Pair-level binary classification on PAN25. Entries are per-metric medians over the same 20 hash-locked test partitions.	Method Prec. Rec. F1 FPR↓ BAcc. MCC AUROC AP	c0346cdd547ea5a01610b363a32a593649a2641985880894e6667b3e2c5062bb	6	351	following Table 1: Pair-level binary classification on PAN25. Entries are per-metric medians over the same 20 hash-locked test partitions.	Average 0.8914 0.9602 0.9233 0.2748 0.8419 0.7269 0.9161 0.9389	0.8914	The derived alternate numeric result cell in the same source row is not the declared account metric column.
2608.03859	2608.03859:scdg-qwen-topq	2608.03859:scdg-qwen-topq@31b9ef542b67d9d2	same_window	page=6;identity_line=352;metric_line=353	0.9696	2608.03859:9a4eadfda4a2cea3	source_owned_state_join	table_row	SCDG Qwen3-8B top-q aggregation	SCDG & Qwen3	6	352	following Table 1: Pair-level binary classification on PAN25. Entries are per-metric medians over the same 20 hash-locked test partitions.	SCDG & Qwen3-8B	6	353	following Table 1: Pair-level binary classification on PAN25. Entries are per-metric medians over the same 20 hash-locked test partitions.	Top-q 0.9095 0.9696 0.9386 0.2277 0.8708 0.7831 0.9222 0.9379	threshold metric or explicit strong claim	numeric cell 2 of 8 in exact result row	2	following Table 1: Pair-level binary classification on PAN25. Entries are per-metric medians over the same 20 hash-locked test partitions.; exact row/configuration for SCDG Qwen3-8B top-q aggregation; Review 26 successor re-audit binds this account to the recorded source state, exact row, and numeric column without inheriting the predecessor metric.	0.9696	2608.03859:9a4eadfda4a2cea3	extracted_primary_pdf_text	papers/2608.03859.pdf	94c84cf9eec8be35b1dac59124aec94d6a0e885efb26b481851937094830b352	11ceaae1d501c94b7e262527299a2cc29e924a8e8c23f89ba8010072e52bcd7a	wrong_column	6	341	following Table 1: Pair-level binary classification on PAN25. Entries are per-metric medians over the same 20 hash-locked test partitions.	Method Prec. Rec. F1 FPR↓ BAcc. MCC AUROC AP	c0346cdd547ea5a01610b363a32a593649a2641985880894e6667b3e2c5062bb	6	353	following Table 1: Pair-level binary classification on PAN25. Entries are per-metric medians over the same 20 hash-locked test partitions.	Top-q 0.9095 0.9696 0.9386 0.2277 0.8708 0.7831 0.9222 0.9379	0.9095	The derived alternate numeric result cell in the same source row is not the declared account metric column.
2608.03859	2608.03859:three-route-rrf	2608.03859:three-route-rrf@bf28b431979b1cbe	same_window	page=7;identity_line=423;metric_line=423	0.9900	2608.03859:80219a5639108078	source_owned_row_join	table_row	Three-route reciprocal-rank fusion	threerouterrf	7	423	following Table 2: PAN26 full-corpus source retrieval over all 200 queries against 86,822 candidate sources. Every row is recomputed	Three-Route RRF Coarse Ranking 0.6864 0.7321 0.7688 0.9600 0.9900 0.9454 0.6570	7	423	following Table 2: PAN26 full-corpus source retrieval over all 200 queries against 86,822 candidate sources. Every row is recomputed	Three-Route RRF Coarse Ranking 0.6864 0.7321 0.7688 0.9600 0.9900 0.9454 0.6570	threshold metric or explicit strong claim	numeric cell 4 of 7 in exact result row	4	following Table 2: PAN26 full-corpus source retrieval over all 200 queries against 86,822 candidate sources. Every row is recomputed; exact row/configuration for Three-route reciprocal-rank fusion; Review 26 successor re-audit binds this account to the recorded source state, exact row, and numeric column without inheriting the predecessor metric.	0.9600	2608.03859:80219a5639108078	extracted_primary_pdf_text	papers/2608.03859.pdf	94c84cf9eec8be35b1dac59124aec94d6a0e885efb26b481851937094830b352	351d871f4e0b8a325640cc290a01b19e52369f558d76ae54d77acf5fbeb8011f	wrong_column	7	423	following Table 2: PAN26 full-corpus source retrieval over all 200 queries against 86,822 candidate sources. Every row is recomputed	Three-Route RRF Coarse Ranking 0.6864 0.7321 0.7688 0.9600 0.9900 0.9454 0.6570	351d871f4e0b8a325640cc290a01b19e52369f558d76ae54d77acf5fbeb8011f	7	423	following Table 2: PAN26 full-corpus source retrieval over all 200 queries against 86,822 candidate sources. Every row is recomputed	Three-Route RRF Coarse Ranking 0.6864 0.7321 0.7688 0.9600 0.9900 0.9454 0.6570	0.7688	The derived alternate numeric result cell in the same source row is not the declared account metric column.
