row_index,token_count,sum_score,mean_score
0,2047,-69.625,-0.03401319003419639
1,2047,-49.49951171875,-0.024181490824987786
2,2047,-50.13330078125,-0.024491109321568148
3,2047,-96.205322265625,-0.04699820335399365
4,2047,-35.49853515625,-0.017341736764167073
5,2047,-55.0166015625,-0.026876698369565216
6,2047,-76.270263671875,-0.037259532814789935
7,2047,-34.2001953125,-0.016707472062774793
8,2047,-64.6669921875,-0.03159110512335125
9,2047,-52.41357421875,-0.025605068011113827
10,2047,-57.385986328125,-0.028034189705972153
11,2047,-69.30078125,-0.03385480276013678
12,2047,68.8916015625,0.03365491038715193
13,2047,-80.937744140625,-0.0395396893701148
14,2047,-20.416015625,-0.009973627564728872
15,2047,-59.283447265625,-0.02896113691530288
16,2047,-43.794921875,-0.02139468582071324
17,2047,-50.63525390625,-0.024736323354298973
18,2047,-61.815673828125,-0.03019817969131656
19,2047,-49.60009765625,-0.02423062904555447
20,2047,-69.11083984375,-0.0337620126251832
21,2047,-74.291748046875,-0.03629298878694431
22,2047,-99.02734375,-0.04837681668295066
23,2047,-69.0166015625,-0.03371597536028334
24,2047,-78.103515625,-0.03815511266487543
25,2047,-64.8876953125,-0.0316989229665364
26,2047,-63.51025390625,-0.03102601558683439
27,2047,-52.72314453125,-0.025756299233634587
28,2047,-82.140625,-0.040127320468978996
29,2047,-89.119873046875,-0.04353682122465804
30,2047,-99.865234375,-0.04878614283097216
31,2047,-71.1337890625,-0.03475026334269663
32,2047,-56.6455078125,-0.027672451300683926
33,2047,-49.9423828125,-0.02439784211651197
34,2047,-21.07373046875,-0.010294934278822667
35,2047,-57.2109375,-0.02794867489008305
36,2047,-93.8623046875,-0.04585359291035662
37,2047,-71.17236328125,-0.0347691076117489
38,2047,-64.62109375,-0.03156868282852956
39,2047,-84.86328125,-0.04145739191499756
40,2047,-40.20654296875,-0.01964169172874939
41,2047,-71.71142578125,-0.035032450308378114
42,2047,-51.9619140625,-0.02538442308866634
43,2047,-58.214111328125,-0.028438745152967758
44,2047,-78.93505859375,-0.038561337857230094
45,2047,-39.8955078125,-0.019489744901074742
46,2047,-56.04052734375,-0.027376906372129948
47,2047,-53.802490234375,-0.026283580964521252
48,2047,-64.169921875,-0.03134827644113337
49,2047,44.33056640625,0.02165635877198339
50,2047,-71.56982421875,-0.034963275143502684
51,2047,-38.97998046875,-0.01904249167989741
52,2047,-82.39013671875,-0.040249211880190525
53,2047,-65.66748046875,-0.032079863443453836
54,2047,-48.06201171875,-0.023479243633976552
55,2047,-60.62548828125,-0.029616750503786027
56,2047,-43.313232421875,-0.02115937099261114
57,2047,41.07666015625,0.020066761190156327
58,2047,-80.76171875,-0.039453697484123106
59,2047,-87.2158203125,-0.04260665379213483
60,2047,-45.018798828125,-0.021992573926783096
61,2047,-76.669921875,-0.03745477375427455
62,2047,-49.02099609375,-0.0239477264747191
63,2047,-73.08349609375,-0.035702733802515874
64,2047,-21.40966796875,-0.010459046394113337
65,2047,-112.94140625,-0.05517411150464094
66,2047,59.94189453125,0.02928280143197362
67,2047,-27.63232421875,-0.01349893708781143
68,2047,-62.18359375,-0.030377915852467026
69,2047,-61.29541015625,-0.02994402059416219
70,2047,-59.2705078125,-0.028954815736443575
71,2047,-75.489013671875,-0.03687787673271861
72,2047,-49.48828125,-0.02417600451880801
73,2047,-65.36865234375,-0.031933879992061556
74,2047,-74.142578125,-0.03622011632877382
75,2047,-84.69873046875,-0.041377005602711285
76,2047,-50.56689453125,-0.024702928447117734
77,2047,-59.88427734375,-0.02925465429592086
78,2047,-87.80419921875,-0.042894088528944795
79,2047,-38.325439453125,-0.01872273544363703
80,2047,-129.98583984375,-0.06350065454018075
81,2047,-99.87353515625,-0.048790197926844164
82,2047,-71.345703125,-0.03485378755495848
83,2047,-88.8388671875,-0.04339954430263801
84,2047,-42.88623046875,-0.02095077209025403
85,2047,-61.83056640625,-0.030205455010381046
86,2047,-68.61328125,-0.03351894540791402
87,2047,-46.75830078125,-0.02284235504702003
88,2047,-50.689697265625,-0.02476292001251832
89,2047,-11.43359375,-0.005585536761113825
90,2047,-79.595703125,-0.03888407578163166
91,2047,-40.82861328125,-0.01994558538409868
92,2047,-61.15771484375,-0.02987675370969712
93,2047,-95.1552734375,-0.04648523372618466
94,2047,-42.97900390625,-0.02099609375
95,2047,-79.8623046875,-0.0390143159196385
96,2047,-143.767578125,-0.0702333063629702
97,2047,-77.53076171875,-0.037875311049706886
98,2047,-67.38330078125,-0.03291807561370298
99,2047,-69.515625,-0.0339597581827064
100,2047,-70.353515625,-0.0343690843307279
101,2047,-56.939453125,-0.027816049401563264
102,2047,-65.130859375,-0.0318177134220811
103,2047,-65.23779296875,-0.031869952598314606
104,2047,-85.3251953125,-0.041683046073522224
105,2047,-64.02734375,-0.03127862420615535
106,2047,-93.95751953125,-0.04590010724535906
107,2047,-57.57666015625,-0.028127337643502687
108,2047,-45.708984375,-0.022329743221787983
109,2047,-50.08642578125,-0.02446820995664387
110,2047,-102.4482421875,-0.05004799325232047
111,2047,-73.517578125,-0.035914791463116755
112,2047,-68.42724609375,-0.03342806355337079
113,2047,-64.8974609375,-0.03170369366756229
114,2047,-71.68017578125,-0.03501718406509526
115,2047,-91.6640625,-0.04477970810942843
116,2047,-88.49658203125,-0.04323233123168051
117,2047,-55.6162109375,-0.027169619412554958
118,2047,-73.8154296875,-0.036060297844406446
119,2047,-87.203125,-0.04260045188080117
120,2047,-51.115234375,-0.024970803309721543
121,2047,9.33056640625,0.00455816629518808
122,2047,-42.72265625,-0.020870862848070347
123,2047,-48.04638671875,-0.023471610512335126
124,2047,-45.62890625,-0.02229062347337567
125,2047,-71.65966796875,-0.03500716559294089
126,2047,61.55908203125,0.03007282952186126
127,2047,-71.80224609375,-0.0350768178279189
128,2047,-67.22119140625,-0.03283888197667318
129,2047,-86.904296875,-0.04245446842940889
130,2047,-87.2568359375,-0.042626690736443575
131,2047,-62.58984375,-0.030576377015144113
132,2047,-79.13916015625,-0.03866104550867123
133,2047,-32.57470703125,-0.015913388877015145
134,2047,-38.8984375,-0.019002656326331215
135,2047,-20.3994140625,-0.009965517372984857
136,2047,-21.87841796875,-0.01068804004335613
137,2047,-68.41552734375,-0.03342233871213972
138,2047,-91.23583984375,-0.04457051286944309
139,2047,-45.37890625,-0.022168493527112847
140,2047,-75.19287109375,-0.03673320522410845
141,2047,-72.630859375,-0.035481611809965806
142,2047,-78.49755859375,-0.03834761045127015
143,2047,-89.20849609375,-0.043580115336468
144,2047,-37.20947265625,-0.018177563583903274
145,2047,-61.115234375,-0.02985600116023449
146,2047,-79.94189453125,-0.03905319713299951
147,2047,-61.2158203125,-0.029905139380801173
148,2047,-76.037109375,-0.037145632327796774
149,2047,-36.2333984375,-0.017700732016365413
150,2047,-67.7978515625,-0.033120591872252074
151,2047,-70.75830078125,-0.0345668298882511
152,2047,-118.853515625,-0.058062293905715684
153,2047,-76.5693359375,-0.03740563553370786
154,2047,-44.34423828125,-0.02166303775341964
155,2047,-79.857421875,-0.03901193056912555
156,2047,-55.8642578125,-0.027290795218612603
157,2047,-73.13720703125,-0.03572897265815828
158,2047,-80.64453125,-0.03939644907181241
159,2047,-55.4912109375,-0.027108554439423546
160,2047,-63.82421875,-0.031179393624816806
161,2047,-90.05908203125,-0.04399564339582315
162,2047,-67.034912109375,-0.0327478808546043
163,2047,-47.9130859375,-0.023406490443331703
164,2047,-53.0732421875,-0.0259273288654128
165,2047,-63.10498046875,-0.030828031494259892
166,2047,-80.4072265625,-0.039280521036883245
167,2047,-48.98388671875,-0.023929597810820713
168,2047,-52.439453125,-0.02561771036883244
169,2047,-75.1318359375,-0.03670338834269663
170,2047,-67.76171875,-0.033102940278456276
171,2047,-55.28466796875,-0.02700765411272594
172,2047,-20.902099609375,-0.010211089208292624
173,2047,-66.682861328125,-0.03257589708262091
174,2047,-42.1943359375,-0.020612767922569615
175,2047,-33.513671875,-0.016372091780654616
176,2047,-39.4267578125,-0.01926075125183195
177,2047,-48.3232421875,-0.02360685988641915
178,2047,-44.1259765625,-0.021556412585490962
179,2047,-40.8818359375,-0.01997158570468979
180,2047,-38.40478515625,-0.018761497389472397
181,2047,-46.64794921875,-0.022788446125427454
182,2047,-49.810546875,-0.024333437652662434
183,2047,-88.953125,-0.04345536150464094
184,2047,-37.80419921875,-0.01846809927638007
185,2047,-39.33740234375,-0.019217099337445042
186,2047,-37.01318359375,-0.018081672493282852
187,2047,-48.5234375,-0.023704659257449925
188,2047,-36.650390625,-0.01790444095017098
189,2047,-45.1962890625,-0.022079281417928677
190,2047,-84.408203125,-0.04123507724719101
191,2047,-40.17919921875,-0.019628333765876894
192,2047,-63.5498046875,-0.031045336925989254
193,2047,-39.03271484375,-0.019068253465437224
194,2047,-41.4833984375,-0.02026546088788471
195,2047,-37.30517578125,-0.01822431645395701
196,2047,-89.8212890625,-0.04387947682584269
197,2047,-39.7236328125,-0.019405780563019052
198,2047,-44.06787109375,-0.02152802691438691
199,2047,-38.63037109375,-0.018871700583170493
200,2047,-34.28515625,-0.016748977161700047
201,2047,-33.49267578125,-0.01636183477344895
202,2047,-39.07568359375,-0.01908924454995115
203,2047,-44.775390625,-0.02187366420371275
204,2047,-37.9208984375,-0.018525109153639474
205,2047,-37.919921875,-0.018524632083536885
206,2047,-49.30810546875,-0.024087985084880314
207,2047,-36.5126953125,-0.01783717406570591
208,2047,-121.76708984375,-0.05948563255679042
209,2047,-37.74072265625,-0.018437089719711773
210,2047,-37.74072265625,-0.018437089719711773
211,2047,-37.7412109375,-0.018437328254763068
212,2047,-37.74072265625,-0.018437089719711773
213,2047,-37.74072265625,-0.018437089719711773
214,2047,-37.74072265625,-0.018437089719711773
215,2047,-37.7412109375,-0.018437328254763068
216,2047,-37.74072265625,-0.018437089719711773
217,2047,-37.74072265625,-0.018437089719711773
218,2047,-37.74072265625,-0.018437089719711773
219,2047,-37.7412109375,-0.018437328254763068
220,2047,-37.74072265625,-0.018437089719711773
221,2047,-37.74072265625,-0.018437089719711773
222,2047,-37.74072265625,-0.018437089719711773
223,2047,-37.7412109375,-0.018437328254763068
224,2047,-37.74072265625,-0.018437089719711773
225,2047,-37.74072265625,-0.018437089719711773
226,2047,-37.74072265625,-0.018437089719711773
227,2047,-37.7412109375,-0.018437328254763068
228,2047,-37.74072265625,-0.018437089719711773
229,2047,-37.74072265625,-0.018437089719711773
230,2047,-37.74072265625,-0.018437089719711773
231,2047,-37.7412109375,-0.018437328254763068
232,2047,-37.74072265625,-0.018437089719711773
233,2047,-37.74072265625,-0.018437089719711773
234,2047,-37.74072265625,-0.018437089719711773
235,2047,-37.7412109375,-0.018437328254763068
236,2047,-37.74072265625,-0.018437089719711773
237,2047,-37.74072265625,-0.018437089719711773
238,2047,-37.74072265625,-0.018437089719711773
239,2047,-37.7412109375,-0.018437328254763068
240,2047,-37.74072265625,-0.018437089719711773
241,2047,-37.74072265625,-0.018437089719711773
242,2047,-37.74072265625,-0.018437089719711773
243,2047,-37.7412109375,-0.018437328254763068
244,2047,-37.74072265625,-0.018437089719711773
245,2047,-37.74072265625,-0.018437089719711773
246,2047,-37.74072265625,-0.018437089719711773
247,2047,-37.7412109375,-0.018437328254763068
248,2047,-37.74072265625,-0.018437089719711773
249,2047,-37.74072265625,-0.018437089719711773
250,2047,-37.74072265625,-0.018437089719711773
251,2047,-69.498046875,-0.033951170920859794
252,2047,-72.94091796875,-0.03563308156753786
253,2047,-67.6220703125,-0.03303471925378603
254,2047,-52.26318359375,-0.025531599215315094
255,2047,-60.8505859375,-0.02972671516243283
256,2047,-83.2177734375,-0.04065352879213483
257,2047,-46.470703125,-0.022701857901807523
258,2047,-21.71240234375,-0.010606938125915975
259,2047,-85.985595703125,-0.04200566473039814
260,2047,-78.41259765625,-0.038306105352344896
261,2047,61.1787109375,0.029887010716902786
262,2047,-61.1171875,-0.029856955300439667
263,2047,-85.0859375,-0.04156616389838789
264,2047,-64.93603515625,-0.03172253793661456
265,2047,-77.99755859375,-0.0381033505587445
266,2047,-83.32763671875,-0.04070719917867611
267,2047,-98.5634765625,-0.04815020838422081
268,2047,-29.32373046875,-0.014325222505495847
269,2047,-61.86328125,-0.03022143685881778
270,2047,-10.8056640625,-0.005278780685148999
271,2047,-56.23974609375,-0.027474228673058133
272,2047,-68.48046875,-0.033454063873961895
273,2047,-56.615234375,-0.027657662127503663
274,2047,-80.669921875,-0.03940885289447973
275,2047,-99.1669921875,-0.04844503770762091
276,2047,-82.5830078125,-0.04034343322545188
277,2047,-78.01025390625,-0.03810955247007816
278,2047,-73.88671875,-0.03609512396189546
279,2047,-123.99072265625,-0.06057192118038593
280,2047,-46.82275390625,-0.022873841673790914
281,2047,-68.9150390625,-0.03366636006961407
282,2047,-69.37109375,-0.03388915180752321
283,2047,-62.71923828125,-0.030639588803737176
284,2047,-65.1669921875,-0.031835365015876894
285,2047,-58.10400390625,-0.02838495549890083
286,2047,-51.994140625,-0.025400166402051783
287,2047,-73.93212890625,-0.03611730772166585
288,2047,-73.576171875,-0.0359434156692721
289,2047,-34.8984375,-0.017048577186126037
290,2047,-77.9111328125,-0.038061129854665365
291,2047,-64.72998046875,-0.031621876144968246
292,2047,-71.962890625,-0.03515529585979482
293,2047,-78.6572265625,-0.03842561141304348
294,2047,-52.19921875,-0.025500351123595506
295,2047,-50.1796875,-0.024513770151441135
296,2047,-63.31201171875,-0.030929170356008794
297,2047,-73.64404296875,-0.035976572041402054
298,2047,-60.77685546875,-0.029690696369687346
299,2047,-52.53466796875,-0.02566422470383488
300,2047,-90.734375,-0.044325537371763556
301,2047,45.5986328125,0.022275834300195408
302,2047,-75.50146484375,-0.03688395937652662
303,2047,-53.28271484375,-0.02602966040241817
304,2047,-80.25390625,-0.039205621030776745
305,2047,-57.02734375,-0.027858985710796286
306,2047,-34.582275390625,-0.0168941257404128
307,2047,-45.159912109375,-0.02206151055660723
308,2047,-113.30029296875,-0.05534943476734245
309,2047,-86.3720703125,-0.042194465223497804
310,2047,-38.37646484375,-0.018747662356497313
311,2047,-72.6943359375,-0.0355126213666341
312,2047,-47.609375,-0.023258121641426478
313,2047,41.6943359375,0.020368508030043968
314,2047,-33.72900390625,-0.016477285738275525
315,2047,-65.7548828125,-0.03212256121763556
316,2047,-34.9052734375,-0.01705191667684416
317,2047,-62.7548828125,-0.03065700186248168
318,2047,-71.33349609375,-0.03484782417867611
319,2047,-63.275390625,-0.0309112802271617
320,2047,-69.494140625,-0.03394926264044944
321,2047,-95.88671875,-0.04684255923302394
322,2047,-71.96728515625,-0.03515744267525647
323,2047,-89.30615234375,-0.043627822346726915
324,2047,-55.46142578125,-0.027094003801294578
325,2047,-94.208984375,-0.04602295279677577
326,2047,-18.8994140625,-0.009232737695407915
327,2047,-64.28173828125,-0.03140290096787982
328,2047,-72.552734375,-0.03544344620175867
329,2047,-49.26953125,-0.02406914081582804
330,2047,-133.5107421875,-0.0652226390754763
331,2047,-68.857421875,-0.03363821293356131
332,2047,-44.87744140625,-0.021923518029433316
333,2047,-50.351806640625,-0.024597853757022472
334,2047,24.57421875,0.012004992061553492
335,2047,-73.51904296875,-0.03591550706827064
336,2047,-85.11962890625,-0.04158262281692721
337,2047,-37.736328125,-0.018434942904250122
338,2047,-50.0771484375,-0.024463677790669273
339,2047,-81.82763671875,-0.039974419501099166
340,2047,-51.849609375,-0.025329560026868588
341,2047,-53.42919921875,-0.026101220917806547
342,2047,-53.91015625,-0.026336177943331703
343,2047,-74.298828125,-0.03629644754518808
344,2047,-30.059326171875,-0.014684575560271128
345,2047,-86.6982421875,-0.04235380663776258
346,2047,-81.13427734375,-0.03963569972826087
347,2047,-54.208984375,-0.026482161394723987
348,2047,-88.48583984375,-0.04322708346055203
349,2047,-71.40283203125,-0.03488169615595994
350,2047,-55.94287109375,-0.02732919936187103
351,2047,-45.87646484375,-0.022411560744382022
352,2047,-75.68701171875,-0.036974602696018564
353,2047,-48.6455078125,-0.02376429302027357
354,2047,-74.8955078125,-0.036587937377870056
355,2047,-47.748046875,-0.023325865595994137
356,2047,-57.16064453125,-0.02792410577979971
357,2047,-79.591796875,-0.0388821675012213
358,2047,-44.58544921875,-0.02178087406875916
359,2047,-27.61669921875,-0.013491303966170005
360,2047,-68.11279296875,-0.03327444698033708
361,2047,-65.01416015625,-0.03176070354482169
362,2047,-37.423828125,-0.018282280471421594
363,2047,-63.5673828125,-0.031053924187835858
364,2047,-43.84130859375,-0.021417346650586224
365,2047,-85.46484375,-0.04175126709819248
366,2047,-31.1259765625,-0.015205655379824132
367,2047,-73.189453125,-0.0357544959086468
368,2047,-82.568359375,-0.04033627717391304
369,2047,-86.7724609375,-0.04239006396555935
370,2047,-97.001953125,-0.04738737329018075
371,2047,-41.0400390625,-0.02004887106130923
372,2047,-79.748046875,-0.03895849871763556
373,2047,-77.2861328125,-0.0377558049890083
374,2047,-107.75439453125,-0.05264015365473864
375,2047,-65.8427734375,-0.032165497526868585
376,2047,-78.384765625,-0.038292508854421106
377,2047,-51.6162109375,-0.02521554027234978
378,2047,-75.1875,-0.03673058133854421
379,2047,-42.79296875,-0.020905211895456768
380,2047,-58.3076171875,-0.02848442461529067
381,2047,-93.583984375,-0.045717627931118714
382,2047,-76.5068359375,-0.03737510304714216
383,2047,-75.037109375,-0.03665711254274548
384,2047,-70.74560546875,-0.03456062797691744
385,2047,41.767822265625,0.0204044075552638
386,2047,-90.82568359375,-0.04437014342635564
387,2047,-78.54150390625,-0.03836907860588666
388,2047,-80.63525390625,-0.039391916905837814
389,2047,-89.14208984375,-0.04354767456949194
390,2047,-41.34228515625,-0.020196524258060577
391,2047,-41.8603515625,-0.020449609947484123
392,2047,-59.7255859375,-0.029177130404250122
393,2047,-47.3173828125,-0.02311547768075232
394,2047,-54.025390625,-0.026392472215437224
395,2047,-67.98486328125,-0.0332119507968979
396,2047,-52.3984375,-0.025597673424523692
397,2047,-71.6767578125,-0.0350155143197362
398,2047,-89.701171875,-0.04382079720322423
399,2047,-33.22265625,-0.01622992489008305
400,2047,-76.35595703125,-0.03730139571629214
401,2047,-49.31298828125,-0.02409037043539326
402,2047,44.65380859375,0.0218142689759404
403,2047,-78.07080078125,-0.03813913081643869
404,2047,-85.171875,-0.04160814606741573
405,2047,-60.57373046875,-0.029591465788348804
406,2047,-82.90771484375,-0.040502059034562776
407,2047,-91.26318359375,-0.04458387083231558
408,2047,-63.67919921875,-0.031108548714582317
409,2047,-75.3466796875,-0.036808343765266247
410,2047,-45.62255859375,-0.02228752251770884
411,2047,-20.853759765625,-0.01018747423821446
412,2047,-25.973876953125,-0.0126887527860894
413,2047,-99.852783203125,-0.048780060187164145
414,2047,-72.04345703125,-0.035194654143258425
415,2047,-65.95654296875,-0.032221076193820225
416,2047,-37.53271484375,-0.018335473787860282
417,2047,-60.8759765625,-0.029739118985100146
418,2047,-51.986083984375,-0.025396230573705422
419,2047,-31.913330078125,-0.01559029315003664
420,2047,-81.888671875,-0.040004236382510994
421,2047,-88.244140625,-0.04310900861016121
422,2047,-83.04541015625,-0.04056932591902784
423,2047,-78.1982421875,-0.038201388464826576
424,2047,-71.70263671875,-0.03502815667745481
425,2047,-84.91357421875,-0.0414819610252809
426,2047,-54.7109375,-0.026727375427454812
427,2047,-84.591796875,-0.041324766426477776
428,2047,-86.712890625,-0.04236096268930142
429,2047,-67.3603515625,-0.03290686446629214
430,2047,-63.49609375,-0.03101909807034685
431,2047,-70.74462890625,-0.03456015090681485
432,2047,-55.4853515625,-0.02710569201880801
433,2047,-71.79296875,-0.03507228566194431
434,2047,-43.4931640625,-0.02124727115901319
435,2047,-56.0634765625,-0.027388117519540792
436,2047,-48.80810546875,-0.023843725192354667
437,2047,-70.94921875,-0.03466009709330728
438,2047,-76.78515625,-0.037511068026380066
439,2047,-50.16162109375,-0.024504944354543232
440,2047,-35.2669677734375,-0.01722861151609062
441,2047,-37.98388671875,-0.018555880175256473
442,2047,-61.737060546875,-0.030159775548058133
443,2047,-69.72607421875,-0.03406256678981436
444,2047,-33.7119140625,-0.016468937011480216
445,2047,-27.68603515625,-0.013525175943453835
446,2047,-29.283203125,-0.014305424096238398
447,2047,65.138671875,0.03182152998290181
448,2047,-57.7421875,-0.028208201025891548
449,2047,-60.1083984375,-0.02936414188446507
450,2047,-98.34765625,-0.04804477589154861
451,2047,-70.82958984375,-0.034601656005740104
452,2047,-77.14599609375,-0.03768734542928676
453,2047,-108.5478515625,-0.05302777311309233
454,2047,-74.3544921875,-0.036323640541035665
455,2047,-85.294921875,-0.04166825690034196
456,2047,-62.54150390625,-0.03055276204506595
457,2047,-76.642578125,-0.037441415791402054
458,2047,-29.76806640625,-0.014542289402173914
459,2047,-66.181640625,-0.032331040852467026
460,2047,-79.966796875,-0.039065362420615535
461,2047,-82.02880859375,-0.040072695942232534
462,2047,-69.963134765625,-0.03417837555721788
463,2047,-29.60107421875,-0.014460710414631168
464,2047,-58.1474609375,-0.028406185118466046
465,2047,-32.720947265625,-0.01598483012487787
466,2047,-49.05859375,-0.023966093673668785
467,2047,-88.15576171875,-0.043065833765876894
468,2047,-50.0087890625,-0.02443028288348803
469,2047,-59.951171875,-0.029287333597948217
470,2047,-75.2314453125,-0.03675204949316072
471,2047,-58.65576171875,-0.0286545001068637
472,2047,-74.9775390625,-0.03662801126648754
473,2047,-75.17529296875,-0.03672461796226185
474,2047,-37.847412109375,-0.01848920962841964
475,2047,-74.3525390625,-0.03632268640083049
476,2047,-51.347900390625,-0.02508446526166341
477,2047,-84.033203125,-0.041051882327796774
478,2047,-78.36181640625,-0.03828129770701026
479,2047,-63.6572265625,-0.03109781463727406
480,2047,-104.839599609375,-0.051216218666035665
481,2047,-56.6279296875,-0.027663864038837322
482,2047,-62.9267578125,-0.030740966200537373
483,2047,-58.2294921875,-0.028446259007083537
484,2047,-59.56640625,-0.02909936797752809
485,2047,-130.021484375,-0.06351806759892525
486,2047,-57.05859375,-0.02787425195407914
487,2047,-82.08544921875,-0.04010036600818271
488,2047,-130.7001953125,-0.06384963132022473
489,2047,-47.02099609375,-0.02297068690461651
490,2047,-78.115234375,-0.0381608375061065
491,2047,11.935546875,0.005830750793844651
492,2047,-63.02734375,-0.030790104421104053
493,2047,-92.884765625,-0.04537604573766488
494,2047,-73.595947265625,-0.03595307633884954
495,2047,-24.73388671875,-0.01208299302332682
496,2047,-68.37744140625,-0.03340373297813874
497,2047,-93.533203125,-0.04569282028578407
498,2047,-75.640625,-0.03695194186614558
499,2047,-74.169921875,-0.03623347429164631
500,2047,-81.59521484375,-0.039860876816682954
501,2047,-36.3857421875,-0.01777515495236932
502,2047,-48.9434814453125,-0.023909859035326088
503,2047,-86.895263671875,-0.04245005553095994
504,2047,-48.087890625,-0.023491885991695164
505,2047,-51.414794921875,-0.02511714456369077
506,2047,-45.50439453125,-0.022229797035295554
507,2047,-90.4169921875,-0.04417048958842208
508,2047,-86.6748046875,-0.04234235695530044
509,2047,-44.649658203125,-0.021812241428004395
510,2047,-20.76513671875,-0.010144180126404494
511,2047,-42.302734375,-0.02066572270395701
512,2047,-86.3251953125,-0.04217156585857352
513,2047,-63.06640625,-0.03080918722520762
514,2047,-63.1083984375,-0.030829701239618954
515,2047,-40.1240234375,-0.019601379305080605
516,2047,-1.701904296875,-0.0008314139212872496
517,2047,-63.566162109375,-0.03105332785020762
518,2047,-67.565185546875,-0.03300692992031021
519,2047,-51.560546875,-0.0251883472765022
520,2047,-38.5263671875,-0.018820892617244747
521,2047,-44.701171875,-0.021837406875915975
522,2047,-78.384765625,-0.038292508854421106
523,2047,-84.41015625,-0.04123603138739619
524,2047,87.45947265625,0.042725682782730826
525,2047,-92.080078125,-0.044982939973131415
526,2047,-85.83203125,-0.041930645456765996
527,2047,-79.2802734375,-0.03872998213849536
528,2047,-22.21923828125,-0.010854537509159747
529,2047,-36.185546875,-0.017677355581338546
530,2047,-39.8662109375,-0.01947543279799707
531,2047,-94.1318359375,-0.04598526425867123
532,1963,-8.596923828125,-0.004379482337302598
533,2047,-42.91650390625,-0.020965561263434292
534,2047,-94.11279296875,-0.04597596139167074
535,2047,-85.654296875,-0.041843818698094774
536,2047,-86.8115234375,-0.04240914676966292
537,2047,-79.6162109375,-0.03889409425378603
538,2047,-99.18603515625,-0.0484543405746214
539,2047,-67.47900390625,-0.03296482848375672
540,2047,-68.934814453125,-0.0336760207391915
542,2047,-116.02783203125,-0.05668189156387396
546,2047,-56.623046875,-0.027661478688324376
547,2047,-80.36767578125,-0.039261199697728386
548,2047,-87.5830078125,-0.04278603215070836
549,2047,-44.7509765625,-0.02186173745114802
550,2047,-60.279541015625,-0.02944774841994382
551,2047,-52.43359375,-0.025614847948216904
552,2047,-49.6923828125,-0.024275712170249146
553,2047,-19.128662109375,-0.009344729901990718
554,2047,-88.38720703125,-0.043178899380190525
555,2047,-65.869140625,-0.0321783784196385
556,2047,-75.400146484375,-0.036834463353383
557,2047,-110.3486328125,-0.053907490382266735
558,2047,-34.13671875,-0.016676462506106497
559,2017,-70.81005859375,-0.03510662300136341
560,2047,-83.134765625,-0.040612977833414755
561,2046,-32.938232421875,-0.01609884282594086
562,2047,-45.197265625,-0.022079758488031266
563,2047,-124.92724609375,-0.06102943140876893
564,2019,-129.6962890625,-0.06423788462729074
565,1990,-74.5146484375,-0.037444546953517586
566,2047,-60.3115234375,-0.029463372465803616
567,2047,-109.47607421875,-0.05348122824560332
568,1995,-99.6103515625,-0.04993000078320802
569,2047,51.19482421875,0.02500968452308256
570,2020,-39.015625,-0.019314665841584158
571,2047,-82.67822265625,-0.040389947560454324
572,2047,-85.75048828125,-0.0418908101031998
573,2047,-90.375244140625,-0.0441500948415364
574,2047,-68.828125,-0.03362390083048363
575,1907,-112.28662109375,-0.05888129055781332
576,2047,-74.253173828125,-0.036274144517892036
577,2047,-33.6298828125,-0.016428863122862725
578,2046,-63.529296875,-0.031050487231182797
579,1950,-58.057861328125,-0.02977326221955128
580,2028,-43.03466796875,-0.021220250477687375
581,1853,-72.740966796875,-0.039255783484552075
582,1922,-72.8369140625,-0.03789641730619147
583,2015,-67.22021484375,-0.03335990811104218
584,2047,-57.14794921875,-0.027917903868466046
585,1911,-73.38525390625,-0.03840149340986394
586,2047,-106.74658203125,-0.05214781730886663
587,2028,-112.59619140625,-0.05552080444095168
588,2033,-95.89453125,-0.04716897749631087
589,1832,-36.15625,-0.019735944323144104
590,2017,-89.29296875,-0.044270187778879526
591,1826,-84.50244140625,-0.04627735016771632
592,2027,-55.888671875,-0.027572112419832265
593,1997,-94.24853515625,-0.047195060168377566
594,2023,-46.25634765625,-0.022865223754943154
595,2035,-37.1787109375,-0.018269636824324323
596,2047,-51.142578125,-0.02498416127259404
597,1936,-50.316162109375,-0.025989753155668906
598,1978,-46.94091796875,-0.023731505545374114
599,1978,-62.86669921875,-0.03178296219350354
600,1638,-25.420166015625,-0.015519026871565934
601,2040,-91.388427734375,-0.04479824888939951
602,2047,-59.7548828125,-0.029191442507327796
603,1943,-64.2392578125,-0.033061892852547604
604,2047,-37.93017578125,-0.01852964131961407
605,1983,-82.0615234375,-0.0413825130799294
606,1962,-85.06689453125,-0.04335723472540775
607,1907,-74.56689453125,-0.039101675160592556
608,2047,53.130859375,0.02595547600146556
609,2047,37.6826171875,0.01840870404860772
610,1977,-84.1005859375,-0.04253949718639353
611,1900,-74.10791015625,-0.039004163240131576
612,1906,-47.72412109375,-0.025038888296825813
613,1924,-61.20263671875,-0.03181010224467256
614,2047,-37.63037109375,-0.018383180798119198
615,1983,-105.419921875,-0.053161836548159355
616,1843,-41.51025390625,-0.0225231979957949
617,1899,-69.47119140625,-0.036583039181806214
618,1992,-53.13037109375,-0.026671873039031124
619,2003,-69.42333984375,-0.03465968040127309
620,1981,-48.6640625,-0.024565402574457346
621,1907,-40.5537109375,-0.021265711031725223
622,1921,-70.31689453125,-0.03660431781949505
623,1990,-82.9482421875,-0.04168253376256281
624,1915,-84.304443359375,-0.04402320802056136
625,1896,-59.54931640625,-0.031407867302874475
626,1798,-82.28564453125,-0.04576509706966073
627,1885,-80.1552734375,-0.042522691478779844
628,1898,-63.55712890625,-0.03348636928674921
629,1922,-53.51611328125,-0.02784397153030697
630,1901,-77.86328125,-0.0409591169121515
631,1990,-41.68701171875,-0.020948247094849246
632,1845,-56.48486328125,-0.030615102049457995
633,1879,-82.76708984375,-0.04404847783062799
634,1884,-42.96875,-0.022807192144373673
635,1799,-26.74609375,-0.01486720052807115
636,1893,-66.91357421875,-0.0353478997457739
637,1908,-41.75830078125,-0.02188590187696541
638,1883,51.5400390625,0.027371236889272437
639,1832,-90.64013671875,-0.049476057160889736
640,1828,-88.4638671875,-0.04839380043079869
641,2047,-26.1422119140625,-0.012770987745023204
642,1822,-80.451171875,-0.04415541815312843
643,1815,65.623291015625,0.0361560832042011
644,1830,-72.9384765625,-0.03985709101775956
645,1565,2.2177734375,0.001417107627795527
646,1893,-36.34814453125,-0.01920134417921289
647,1860,-31.724609375,-0.017056241599462365
648,1886,-52.21484375,-0.027685495095440084
649,1831,-80.25,-0.04382850901146914
650,1877,-121.869140625,-0.06492761887320192
651,1837,-90.56884765625,-0.0493025844617583
652,2047,-35.802734375,-0.017490344101123597
653,1845,-73.3232421875,-0.03974159468157182
654,1951,-65.56640625,-0.033606563941568426
655,1843,-42.78271484375,-0.02321362715341834
656,1962,-57.215576171875,-0.02916186349229103
657,1837,-57.8037109375,-0.03146636414670659
658,1877,-86.77783203125,-0.046232196074187534
659,1883,51.5390625,0.027370718268720128
660,1883,51.53955078125,0.027370977578996283
661,1878,-48.83447265625,-0.026003446568823217
662,1896,-56.42578125,-0.029760433148734177
663,1863,-78.0966796875,-0.041919849537037035
664,1809,-61.01416015625,-0.03372811506702598
665,1803,-88.423828125,-0.04904261127287854
666,1837,-71.044921875,-0.03867442671475231
667,1859,-81.30859375,-0.04373781266810113
668,1829,-68.92431640625,-0.037684153311235646
669,1864,-80.63134765625,-0.043257160759790775
670,1862,-66.75146484375,-0.03584933665077873
671,1799,-35.96826171875,-0.01999347510769872
672,1630,-41.89990234375,-0.025705461560582822
673,1779,-70.30712890625,-0.03952058960441259
674,1750,-56.5869140625,-0.03233537946428571
675,1853,-49.64697265625,-0.02679275372706422
676,1710,-29.108642578125,-0.01702259799890351
677,1618,-44.08837890625,-0.027248689064431397
678,1714,-25.6845703125,-0.014985163542882146
679,1782,-91.549072265625,-0.051374339094065656
680,1743,-83.8916015625,-0.048130580357142856
681,1755,-78.916015625,-0.04496639066951567
682,1712,-84.9814453125,-0.04963869469188084
683,1717,-21.228515625,-0.012363724883517764
684,1749,-85.49072265625,-0.04887977281660949
685,1764,-54.64013671875,-0.03097513419430272
686,1729,-35.3798828125,-0.020462627421920183
687,1741,-83.046875,-0.047700674899483056
688,1786,-57.35791015625,-0.032115291240901456
689,1759,-68.68115234375,-0.03904556699474133
690,1726,-94.609619140625,-0.054814379571625146
691,1635,-15.98779296875,-0.009778466647553517
692,1712,-59.30029296875,-0.03463802159389603
693,1642,-60.24560546875,-0.036690380918848964
694,1660,-11.647216796875,-0.007016395660768072
695,1686,-73.8994140625,-0.04383120644276394
696,1722,-61.9365234375,-0.03596778364547038
697,1770,-55.8251953125,-0.031539658368644065
698,1657,-81.28662109375,-0.04905650035832831
699,1707,-75.173828125,-0.04403856363503222
700,1730,-51.80126953125,-0.029942930364884393
701,1690,-59.339111328125,-0.0351119001941568
702,1777,-89.86279296875,-0.05056994539603264
703,1783,-47.908203125,-0.026869435291643297
704,1691,-74.154296875,-0.04385233404790065
705,1690,-46.6865234375,-0.02762516179733728
706,1637,-48.8486328125,-0.029840337698533902
707,1672,-38.52294921875,-0.023040041398773924
708,1642,-62.291015625,-0.0379360631090134
709,1584,-66.397216796875,-0.041917434846511996
710,1564,-43.14111328125,-0.02758383202125959
711,1678,-40.79638671875,-0.02431250698376043
712,1583,-53.14697265625,-0.03357357716756159
713,1723,-41.081298828125,-0.023842889627466626
714,1655,-48.21875,-0.029135196374622356
715,1553,-44.495361328125,-0.028651230732855762
716,1714,-69.275390625,-0.040417380761376895
717,1655,-74.45703125,-0.04498914274924471
718,1448,30.98095703125,0.021395688557493093
719,1647,57.4560546875,0.03488527910595021
720,1663,-57.98486328125,-0.03486762674759471
721,1618,-47.2021484375,-0.029173144893386897
722,1631,-61.8125,-0.03789852851011649
723,1654,-56.6533203125,-0.03425230974153567
724,1648,-52.341796875,-0.03176079907463592
725,1628,-91.61572265625,-0.05627501391661548
726,1666,-2.26708984375,-0.0013607982255402161
727,1689,-75.367431640625,-0.04462251725318236
728,1690,-77.603515625,-0.045919240014792896
729,1604,0.695556640625,0.00043363880338216957
730,1682,-65.8095703125,-0.03912578496581451
731,1592,-64.22119140625,-0.040339944350659546
732,1477,-36.357421875,-0.024615722325660123
733,1596,-69.359130859375,-0.04345810204221491
734,1621,-35.416015625,-0.021848251465144974
735,1654,34.86669921875,0.02108022927373035
736,1587,-59.253173828125,-0.037336593464477
737,1649,16.398681640625,0.009944621977334749
738,1967,-20.4908447265625,-0.010417307944363243
739,1600,-64.05029296875,-0.04003143310546875
740,1577,35.30126953125,0.022385078967184526
741,1635,-67.07177734375,-0.0410224937882263
742,1552,-42.91552734375,-0.02765175730911727
743,1706,-30.34423828125,-0.01778677507693435
744,1864,-25.04931640625,-0.013438474466872317
745,1556,-32.10791015625,-0.02063490369938946
747,1644,4.3916015625,0.002671290488138686
748,1602,22.34912109375,0.013950762230805243
749,1560,-50.0830078125,-0.0321044921875
750,1614,-107.21728515625,-0.0664295447064746
751,1568,-37.43798828125,-0.02387626803651148
752,1585,-80.83349609375,-0.05099905116324921
753,1519,-109.03662109375,-0.07178184403801843
754,1589,19.88232421875,0.01251247590859031
755,1554,-59.232177734375,-0.0381159444880148
756,1589,19.88232421875,0.01251247590859031
757,1620,-26.5185546875,-0.016369478202160493
758,1608,-46.283447265625,-0.02878323834926928
759,1632,-42.595703125,-0.02610030828737745
760,1560,-31.671142578125,-0.020302014473157052
761,1580,-16.00634765625,-0.01013059978243671
762,1519,-29.173583984375,-0.019205782741524027
763,1594,-54.79443359375,-0.03437542885429737
764,1525,-66.66455078125,-0.04371445952868853
765,1464,-52.000732421875,-0.03551962597122609
766,1565,-36.52880859375,-0.02334109175319489
767,1567,-3.8924560546875,-0.0024840179034380985
768,1567,-3.8924560546875,-0.0024840179034380985
769,1580,-15.595703125,-0.009870698180379747
770,1567,-3.8924560546875,-0.0024840179034380985
771,1574,-45.35205078125,-0.028813247002064803
772,1539,-30.5771484375,-0.019868192616959063
773,1546,-41.525390625,-0.026859890443078915
775,1501,-41.05712890625,-0.027353183814956696
776,1563,-81.139892578125,-0.051912919115882916
778,1465,-40.8994140625,-0.027917688779863482
779,1553,-64.55615234375,-0.04156867504426916
780,1497,-49.21240234375,-0.032874016261690044
781,1529,-28.91552734375,-0.01891139787034009
782,1558,-53.7138671875,-0.03447616635911425
783,1491,-58.921875,-0.03951836016096579
784,1594,-25.38330078125,-0.01592427903466123
785,1525,-41.435546875,-0.027170850409836064
786,1575,-40.78662109375,-0.02589626736111111
787,1523,-32.00390625,-0.021013727019041365
788,1534,-64.05810546875,-0.0417588692755867
789,1657,-12.177978515625,-0.007349413708886542
790,1529,-23.3203125,-0.015252002943100066
791,1555,46.130615234375,0.029665990504421223
792,1555,46.130615234375,0.029665990504421223
793,1546,-44.6826171875,-0.028902080975097024
794,1569,-50.16259765625,-0.03197106287842575
795,1512,-29.23828125,-0.019337487599206348
796,1522,-56.878173828125,-0.03737067925632392
797,1604,-53.537841796875,-0.03337770685590711
798,1501,-55.55859375,-0.037014386242505
799,1431,0.555419921875,0.0003881341173130678
800,1316,-96.370849609375,-0.0732301288825038
801,1539,-18.849853515625,-0.012248117943875893
802,1636,-73.219970703125,-0.04475548331486858
803,1538,-36.19921875,-0.023536553153446035
804,1509,-71.6748046875,-0.04749821384194831
805,1541,-54.22998046875,-0.03519142145927969
806,1498,-43.526611328125,-0.029056482862566756
807,1523,4.5546875,0.002990602429415627
808,1564,-92.497802734375,-0.0591418176050991
809,1422,-31.6591796875,-0.022263839442686357
810,1444,-22.94384765625,-0.015889091174688365
811,1529,48.925537109375,0.031998389214764555
812,1504,-67.3837890625,-0.04480305123836436
813,1377,-43.280517578125,-0.031431022206336236
814,1496,42.81005859375,0.028616349327372996
815,1458,-62.89208984375,-0.04313586409036351
816,1440,-31.9580078125,-0.022193060980902776
817,1552,78.480224609375,0.05056715503181379
818,1347,-26.229736328125,-0.019472706999350407
819,1448,-49.5,-0.03418508287292818
820,1504,-33.50146484375,-0.022274910135472073
821,1508,-44.103759765625,-0.029246525043517903
822,1526,12.553955078125,0.008226707128522281
823,1379,-25.446533203125,-0.018452888472171865
824,1504,-31.074462890625,-0.02066121202834109
825,1494,-0.074951171875,-5.0168120398259706e-05
826,1490,-60.34326171875,-0.04049883336828859
827,1487,7.596435546875,0.0051085645910390045
828,1475,66.992919921875,0.04541892876059322
829,1426,-52.028076171875,-0.03648532690874825
830,1475,66.992919921875,0.04541892876059322
831,1390,-34.40234375,-0.024749887589928056
832,1448,-46.38671875,-0.032035026761049724
833,1477,-56.7587890625,-0.03842842861374408
834,1439,-31.187255859375,-0.021672867171212647
835,1523,-68.160400390625,-0.04475403833921537
836,1654,-18.78271484375,-0.011355934004685611
837,1383,-15.88623046875,-0.011486789926789589
838,1461,-72.673828125,-0.04974252438398357
839,1429,-53.318115234375,-0.03731148721789713
840,1462,-33.9072265625,-0.02319235742989056
841,1444,-40.97216796875,-0.028374077540685595
842,1463,-41.54638671875,-0.028398077046308954
843,1451,56.26025390625,0.03877343480789111
844,1442,-59.95263671875,-0.04157603101161581
845,1356,-48.321044921875,-0.03563498888043879
846,1455,-31.116455078125,-0.021385879778780068
847,1400,-63.297607421875,-0.04521257672991071
848,1426,-19.048828125,-0.013358224491584853
849,1351,-42.368896484375,-0.03136113729413397
850,1454,41.19921875,0.028335088548830812
851,1464,-35.72509765625,-0.024402389109460382
852,1460,-35.00537109375,-0.023976281571061644
853,1236,-56.893310546875,-0.0460301865265979
854,1467,-95.232421875,-0.06491644299591003
855,1386,-58.18798828125,-0.0419826755275974
856,1393,-46.688232421875,-0.033516319039393394
857,1478,25.7685546875,0.017434746067320702
858,1414,-39.5732421875,-0.02798673422029703
859,1456,-33.6044921875,-0.023080008370535716
860,1457,-33.65185546875,-0.023096674995710362
861,1453,-42.75634765625,-0.029426254408981417
862,1345,-72.567138671875,-0.05395326295306691
863,1389,-71.23583984375,-0.05128570183135349
864,1413,-46.490234375,-0.0329017936128804
865,1378,-56.030517578125,-0.0406607529594521
866,1471,-40.69580078125,-0.02766539821974847
867,1391,-60.704833984375,-0.04364114592694105
868,1426,32.7705078125,0.02298072076612903
869,1346,-71.7685546875,-0.053319877182392277
870,1425,-32.661376953125,-0.02292026452850877
871,1390,-36.31982421875,-0.026129369941546764
872,1403,-13.2705078125,-0.009458665582679972
873,1410,-90.2529296875,-0.06400916999113475
874,1349,-41.337890625,-0.030643358506300962
875,1427,60.601806640625,0.042467979425805887
876,1387,-30.69970703125,-0.02213389115447008
877,1399,-98.560546875,-0.07045071256254468
878,1389,-74.35302734375,-0.05352989729571634
879,1414,-71.18896484375,-0.050345802576909474
880,1272,-8.747314453125,-0.006876819538620283
881,1392,-26.873779296875,-0.019305875931663073
882,1329,-55.099609375,-0.04145945024454477
883,1405,62.64404296875,0.04458650745106762
884,1352,-48.15673828125,-0.03561888926127959
885,1288,-47.358642578125,-0.036769132436432456
886,1397,-28.502197265625,-0.0204024318293665
887,1396,-20.809326171875,-0.01490639410592765
888,1397,-46.66259765625,-0.03340200261721546
889,1280,-48.614990234375,-0.03798046112060547
890,1392,-57.695068359375,-0.04144760658001077
891,1397,-48.052734375,-0.034397089745884034
892,1349,-26.40673828125,-0.019575046909747963
893,1351,-55.146484375,-0.04081901138045892
894,1419,43.894775390625,0.03093359787922833
895,1411,56.5390625,0.040070207299787386
896,1367,-21.09619140625,-0.015432473596378933
897,1289,-48.087646484375,-0.03730616484435609
898,1389,-52.05078125,-0.03747356461483081
899,1286,-19.7147216796875,-0.015330265691825428
900,1369,-23.3837890625,-0.01708092699963477
901,1388,-38.0537109375,-0.027416218254682996
902,1333,-17.900390625,-0.01342865013128282
903,1338,55.522705078125,0.04149679004344171
904,1311,-28.424560546875,-0.02168158699227689
905,1363,-27.71826171875,-0.020336215494314015
906,1377,-29.52392578125,-0.021440759463507625
907,1363,-30.822265625,-0.02261354778063096
908,1319,-33.6162109375,-0.025486134145185746
909,1394,32.26025390625,0.023142219444942613
911,1350,37.36572265625,0.027678313078703703
912,1379,-43.338134765625,-0.03142721882931472
913,1338,55.5224609375,0.04149660757660688
914,1342,-93.119873046875,-0.06938887708410954
915,1297,-119.34521484375,-0.0920163568571704
916,1348,-46.310791015625,-0.03435518621337166
917,1362,31.71240234375,0.023283702161343612
918,1305,-55.1943359375,-0.042294510296934866
919,1354,43.499755859375,0.032126850708548746
920,1344,40.52197265625,0.030150277273995534
921,1358,41.82666015625,0.03080019157308542
922,1377,-44.701904296875,-0.03246325656998911
923,1272,-4.57666015625,-0.0035980032674921385
924,1290,-12.02294921875,-0.009320115673449612
925,1343,16.8212890625,0.01252515939128816
926,1352,53.534423828125,0.039596467328494825
927,1365,-135.5869140625,-0.09933107257326007
928,1375,-47.990234375,-0.03490198863636364
929,1317,50.763671875,0.038544929290053154
930,1187,-50.190673828125,-0.042283634227569505
931,1294,-63.673583984375,-0.04920678824140263
932,1350,-12.570556640625,-0.0093115234375
933,1278,34.48974609375,0.026987281763497652
935,1318,-35.916015625,-0.027250391217754175
936,1278,34.489501953125,0.02698709073014476
937,1278,34.489501953125,0.02698709073014476
938,1278,34.489501953125,0.02698709073014476
939,1351,23.0712890625,0.01707719397668394
940,1291,-36.445556640625,-0.028230485391653758
941,1329,24.9677734375,0.01878688746237773
942,1237,-37.611328125,-0.03040527738480194
943,1319,68.143798828125,0.051663228831027294
944,1306,-57.244384765625,-0.04383184132130551
945,1312,-35.29833984375,-0.026904222441882623
946,1174,-57.843017578125,-0.04927003200862436
947,1326,36.08349609375,0.02721228966346154
948,1303,-35.474609375,-0.02722533336531082
949,1006,-7.767822265625,-0.007721493305790259
950,1317,-9.390625,-0.00713031511009871
951,1301,48.4833984375,0.03726625552459646
952,1334,-39.025146484375,-0.029254232746907798
953,1201,-26.971923828125,-0.0224578882832015
954,1302,33.823974609375,0.025978475122407835
955,1241,-56.046875,-0.04516267123287671
956,1311,44.459228515625,0.0339124550081045
957,1207,-53.306640625,-0.04416457384009942
958,1324,-23.443603515625,-0.017706649180985648
959,1316,-52.575927734375,-0.03995131286806611
960,1257,-61.6787109375,-0.04906818690334129
961,1331,-30.44921875,-0.02287694872276484
962,1275,-39.0703125,-0.030643382352941177
963,1281,-41.9482421875,-0.03274648102068696
964,1347,34.52197265625,0.02562878445155902
965,1321,44.99658203125,0.03406251478520061
966,1280,-36.59716796875,-0.02859153747558594
967,1322,41.47021484375,0.03136930018437973
968,1308,-65.19140625,-0.0498405246559633
969,1296,-56.260986328125,-0.0434112548828125
970,1255,-47.8603515625,-0.03813573829681275
971,1323,43.5751953125,0.03293665556500378
972,1305,23.457275390625,0.01797492367097701
973,1297,40.7646484375,0.03142995253469545
974,1318,21.134765625,0.016035482264795144
975,1291,-40.52392578125,-0.031389562959914796
976,1312,-61.454833984375,-0.04684057468321265
977,1203,-27.41552734375,-0.0227892995376143
978,1272,-38.9697265625,-0.03063657748624214
979,1329,46.93408203125,0.03531533636662904
980,1302,7.879638671875,0.006051949824788787
981,1291,-22.046142578125,-0.017076795180577073
982,1197,-41.2327880859375,-0.034446773672462405
983,1108,-53.203369140625,-0.048017481173849276
984,1298,42.690185546875,0.03288920304073575
985,1207,-48.896240234375,-0.04051055528945733
986,1293,34.14892578125,0.02641061545340294
987,1132,-19.998779296875,-0.017666766163317138
988,1308,-32.29736328125,-0.024692173762423546
989,1233,-27.614013671875,-0.02239579373225872
990,1216,-33.18115234375,-0.027287131861636515
991,1285,-24.7314453125,-0.019246260943579768
992,1277,-31.6279296875,-0.024767368588488645
993,1480,-21.09344482421875,-0.014252327583931588
994,1280,48.15625,0.0376220703125
995,1259,55.22265625,0.04386231632247816
996,1180,-16.97021484375,-0.014381538003177966
997,1296,-51.8212890625,-0.03998556254822531
998,1259,55.22265625,0.04386231632247816
999,1273,44.6962890625,0.03511098905145326
1000,1286,38.238037109375,0.02973408795441291
1001,1285,78.16943359375,0.06083224404182879
1002,1183,-42.80078125,-0.03617986580726965
1003,1254,-35.865966796875,-0.02860124943929426
1004,1170,-24.958984375,-0.02133246527777778
1005,1285,78.16943359375,0.06083224404182879
1006,1283,-14.482421875,-0.011287935989867498
1007,1285,78.169189453125,0.060832054049124513
1008,1255,-26.42919921875,-0.021059122883466137
1009,1285,78.169921875,0.06083262402723735
1010,1292,24.42822265625,0.01890729307759288
1011,1274,-49.84619140625,-0.039125738937401885
1012,1280,48.15673828125,0.03762245178222656
1013,1280,48.15673828125,0.03762245178222656
1014,1233,-18.80517578125,-0.015251561866382806
1015,1325,35.483642578125,0.026780107606132076
1016,1280,48.15673828125,0.03762245178222656
1017,1291,-55.18212890625,-0.04274370945487994
1018,1290,32.87939453125,0.0254879027374031
1019,1241,-26.30078125,-0.021193216156325544
1020,1282,64.5888671875,0.05038133165951638
1021,1157,-36.099609375,-0.031201045267934314
1022,1255,46.31103515625,0.03690122323207171
1023,1239,33.6611328125,0.027167984513720742
1024,1229,-83.2275390625,-0.06771972258950366
1025,1222,-49.362548828125,-0.04039488447473404
1026,1223,-25.35009765625,-0.02072779857420278
1027,1288,98.420166015625,0.07641317237237966
1028,1271,55.148193359375,0.0433896092520653
1029,1248,28.35205078125,0.022717989408052884
1030,1256,47.67529296875,0.037958035803144906
1031,1287,63.559326171875,0.049385645821192696
1032,1277,47.142333984375,0.03691647140514879
1033,1250,-47.048828125,-0.0376390625
1034,1286,44.199462890625,0.03436972230997278
1035,1288,42.945556640625,0.03334282347874612
1036,1270,-36.353271484375,-0.028624623216043307
1037,1250,33.217041015625,0.0265736328125
1038,1273,70.373046875,0.055281262274155536
1039,1257,24.2724609375,0.01930983368138425
1040,1233,57.7412109375,0.04682985477493917
1041,1256,58.29833984375,0.04641587567177548
1042,1062,39.6328125,0.0373190324858757
1043,1261,13.69140625,0.010857578310864393
1044,1256,74.26953125,0.05913179239649682
1045,1245,-69.78076171875,-0.0560488045933735
1046,1287,39.593017578125,0.030763805422008548
1047,1242,-15.69775390625,-0.01263909332226248
1048,1299,33.36572265625,0.02568569873460354
1049,1234,68.844970703125,0.05579008971079822
1050,1198,-43.004150390625,-0.035896619691673626
1051,1245,31.771484375,0.025519264558232932
1052,1189,-21.6435546875,-0.018203157853238016
1053,1229,41.955078125,0.034137573738812044
1054,1202,-64.024169921875,-0.05326470043417221
1055,1267,56.37841796875,0.04449756745757695
1056,1231,26.538330078125,0.0215583509976645
1057,1217,-38.61669921875,-0.03173105934161873
1058,1253,30.35986328125,0.024229739250798084
1059,1219,49.765380859375,0.04082475870334291
1060,1265,38.210205078125,0.030205695713932806
1061,1287,39.5927734375,0.030763615724553224
1062,1256,47.675048828125,0.0379578414236664
1063,1256,47.675048828125,0.0379578414236664
1064,1256,47.675048828125,0.0379578414236664
1065,1242,34.291015625,0.027609513385668277
1066,1232,-49.78662109375,-0.040411218420251624
1067,1238,38.06787109375,0.03074949199818255
1068,1126,-17.525390625,-0.015564290075488455
1069,1245,-21.806640625,-0.017515373995983935
1070,1299,-30.44921875,-0.0234405071208622
1071,1185,-54.714111328125,-0.04617224584651899
1072,1238,20.21337890625,0.016327446612479805
1073,1240,-33.345703125,-0.026891696068548385
1074,1233,68.880859375,0.05586444393755069
1075,1222,35.00634765625,0.02864676567614566
1076,1244,41.441162109375,0.03331283127763263
1077,1180,-56.964111328125,-0.048274670617055086
1078,1086,-52.328857421875,-0.04818495158552026
1079,1230,46.2705078125,0.03761829903455285
1080,1198,-47.113525390625,-0.039326815851940734
1081,1254,-15.025390625,-0.011981970195374801
1082,1232,60.26220703125,0.048914129083806816
1083,1076,-37.99072265625,-0.03530736306342937
1084,1246,29.306396484375,0.02352038241121589
1085,1224,54.750732421875,0.04473099054074755
1086,1181,-39.776611328125,-0.033680449896803556
1087,1223,40.28759765625,0.03294161705335241
1088,1228,45.41748046875,0.036984918948493484
1089,1252,39.414794921875,0.03148146559255192
1090,1190,44.18994140625,0.037134404543067226
1091,1199,-58.60546875,-0.048878622810675565
1092,1199,-49.309326171875,-0.041125376290137614
1093,1225,42.7822265625,0.034924266581632654
1094,1212,28.0126953125,0.02311278491130363
1095,1155,-36.66357421875,-0.03174335430194805
1096,1215,28.6513671875,0.023581372170781892
1097,1077,-63.50634765625,-0.058965968111652736
1098,1212,28.012939453125,0.023112986347462873
1099,1270,29.661865234375,0.02335579939714567
1100,1177,-33.8427734375,-0.02875341838360238
1101,1185,-48.35791015625,-0.04080836300105485
1102,1184,-4.38525390625,-0.0037037617451435812
1103,1187,-24.717041015625,-0.020823117957561078
1104,1208,-40.4072265625,-0.03344969086299669
1105,1215,28.9873046875,0.023857863940329217
1106,1214,58.2626953125,0.04799233551276771
1108,1191,-47.290771484375,-0.03970677706496641
1109,1228,32.618408203125,0.026562221663782574
1110,1220,67.302490234375,0.05516597560194672
1111,1123,-82.4306640625,-0.07340219417853963
1112,1072,-18.196533203125,-0.016974377987989737
1113,1231,27.342529296875,0.022211640371141348
1114,1191,-19.0478515625,-0.01599315832283795
1115,1203,57.93115234375,0.04815557135806318
1116,1194,45.261962890625,0.03790784161693886
1117,1221,-53.078857421875,-0.043471627700143324
1118,1197,72.865966796875,0.06087382355628655
1119,1220,37.5849609375,0.030807345030737704
1120,1182,31.828857421875,0.026927967361992385
1121,1209,52.68896484375,0.043580616082506206
1122,1190,-67.40771484375,-0.056645138524159665
1123,1219,66.788330078125,0.054789442229799014
1124,1187,-40.128173828125,-0.033806380647114574
1125,1213,29.93408203125,0.02467772632419621
1126,1208,43.1181640625,0.03569384442259934
1127,1203,43.1787109375,0.035892527795095594
1128,1136,-44.6318359375,-0.039288587973151406
1129,1176,60.4873046875,0.05143478289753401
1130,1498,-22.71630859375,-0.015164424962449933
1131,1194,-40.01416015625,-0.033512696948283086
1132,1209,-20.563232421875,-0.017008463541666668
1133,1163,-22.609375,-0.019440563198624247
1134,1208,35.0927734375,0.02905030913700331
1135,1167,-45.088134765625,-0.038635933818016284
1136,1184,-30.86279296875,-0.02606654811549831
1137,1144,-52.41796875,-0.045819902753496504
1138,1203,7.851318359375,0.006526449176537822
1139,1180,-37.3818359375,-0.031679521980932206
1140,1047,-17.8046875,-0.01700543218720153
1141,1160,-17.18408203125,-0.014813863820043103
1142,1244,32.982666015625,0.026513397118669613
1143,1214,49.418701171875,0.04070733210203872
1144,1178,58.5927734375,0.04973919646646859
1145,1186,44.47509765625,0.0375000823408516
1146,1187,-27.5751953125,-0.023230998578348778
1147,1204,57.25048828125,0.04755023943625415
1148,1122,-59.492431640625,-0.05302355761196524
1149,1180,50.3515625,0.0426708156779661
1150,1210,61.56689453125,0.050881731017561986
1151,1223,38.099365234375,0.03115238367487735
1152,1165,24.140625,0.02072156652360515
1153,1180,70.319580078125,0.05959286447298729
1154,1199,41.37158203125,0.03450507258653044
1155,1237,-26.2275390625,-0.0212025376414713
1156,1198,47.571533203125,0.0397091262129591
1157,1114,-5.25830078125,-0.004720198187836625
1158,1164,51.485595703125,0.04423161142880155
1159,1207,40.850341796875,0.03384452510097349
1160,1187,24.166015625,0.020358901116259476
1161,1194,45.26220703125,0.03790804608982412
1162,1181,31.508056640625,0.02667913348063082
1163,1198,47.57177734375,0.03970933000313022
1164,1221,-40.024169921875,-0.03277982794584357
1165,1194,45.26220703125,0.03790804608982412
1166,1169,50.28125,0.04301218990590248
1167,1174,13.5,0.011499148211243612
1168,1179,48.363525390625,0.04102080185803647
1169,1181,31.5078125,0.026678926756985605
1170,1179,50.20458984375,0.04258234931615776
1171,1204,22.519287109375,0.01870372683502907
1172,1133,-43.211181640625,-0.03813873048598852
1173,1173,64.85498046875,0.055289838421781756
1174,1177,42.9658203125,0.036504520231520815
1175,1165,62.697998046875,0.053818024074570814
1176,1196,71.09521484375,0.05944415956835284
1177,1174,67.2529296875,0.05728528934199319
1178,1183,-50.876220703125,-0.04300610372199915
1179,1185,30.93115234375,0.026102238264767933
1180,1178,38.49169921875,0.03267546622983871
1181,1098,-5.027587890625,-0.00457885964537796
1182,1207,60.828857421875,0.050396733572390225
1183,1169,49.4658203125,0.04231464526304534
1184,1148,20.499267578125,0.017856504858993903
1185,1181,23.41357421875,0.019825211023497036
1186,1181,45.73486328125,0.038725540458298055
1187,1177,38.031005859375,0.03231181466387001
1188,1151,-49.427001953125,-0.042942660254669855
1189,1170,24.54833984375,0.020981487045940172
1190,1171,65.069580078125,0.05556753209062767
1191,1194,54.85107421875,0.04593892313128141
1192,1176,34.6123046875,0.02943223187712585
1193,1032,-21.524658203125,-0.020857226941012597
1194,1139,-83.617919921875,-0.07341345032649253
1195,1264,-25.63134765625,-0.020277964917919302
1196,1143,-44.968017578125,-0.03934209761865704
1197,1175,22.015625,0.018736702127659575
1198,1113,-30.342529296875,-0.027261931084344115
1199,1175,-36.575439453125,-0.03112803357712766
1200,1168,16.96337890625,0.014523440844392123
1201,1218,-19.0235595703125,-0.015618686018318966
1202,1165,35.873291015625,0.03079252447693133
1203,1188,49.4970703125,0.04166420059974747
1204,1166,64.854248046875,0.055621138976736706
1205,1169,67.067138671875,0.05737137610938837
1207,1132,30.409912109375,0.02686387995527827
1208,1113,-30.13330078125,-0.02707394499663073
1209,1168,59.740234375,0.0511474609375
1210,1112,-17.6826171875,-0.015901634161420864
1211,1158,15.9541015625,0.013777289777633851
1212,1143,67.131103515625,0.0587323740294182
1213,1137,39.2919921875,0.03455760086851363
1214,1125,-39.894775390625,-0.035462022569444446
1215,1143,-37.28955078125,-0.03262427889873141
1216,1167,62.760498046875,0.053779347083868896
1217,1146,47.80615234375,0.04171566522142234
1218,1120,-39.309326171875,-0.03509761265345982
1219,1119,-24.0693359375,-0.02150968359025916
1220,1149,-30.239990234375,-0.026318529359769364
1221,1160,70.9736328125,0.06118416621767241
1222,1133,55.63720703125,0.04910609623234775
1223,1154,41.152587890625,0.03566082139568891
1224,1156,23.5048828125,0.020332943609429065
1225,1147,48.0126953125,0.04185936818875327
1226,1136,-1.618896484375,-0.0014250849334286973
1227,1136,54.27587890625,0.047778062417473594
1228,1139,53.27734375,0.046775543239683935
1229,1150,-27.313232421875,-0.023750636888586956
1231,1135,45.28271484375,0.03989666506057269
1232,1118,52.714111328125,0.047150367914244186
1233,1136,12.541259765625,0.011039841342979754
1234,1161,59.446044921875,0.051202450406438414
1235,1151,24.137939453125,0.02097127667517376
1236,1134,43.930908203125,0.038739777956900354
1237,1121,59.472412109375,0.053052999205508475
1238,1121,59.472412109375,0.053052999205508475
1239,1102,-35.343994140625,-0.03207258996426951
1240,1146,48.50537109375,0.04232580374672775
1241,1147,43.46728515625,0.03789649970030514
1242,1160,-55.07958984375,-0.04748240503771552
1243,1045,45.82666015625,0.04385326330741627
1244,1073,-35.2802734375,-0.032880031162628144
1245,1156,31.783935546875,0.02749475393328287
1246,1185,34.8564453125,0.029414721782700423
1247,1146,47.80615234375,0.04171566522142234
1248,1134,42.33056640625,0.03732854180445326
1249,1130,15.127685546875,0.013387332342367256
1250,1165,44.86181640625,0.03850799691523605
1251,1161,35.42138671875,0.03050937701873385
1252,1134,42.33056640625,0.03732854180445326
1253,1141,37.65673828125,0.03300327632011393
1254,1062,-8.573974609375,-0.008073422419373822
1255,975,-37.81396484375,-0.038783553685897434
1256,1160,60.525634765625,0.05217727134967672
1257,1120,44.3526611328125,0.039600590297154015
1258,1114,-31.4306640625,-0.028214240630610413
1259,1143,33.082763671875,0.028943800237860893
1260,1172,17.701171875,0.015103388971843004
1261,1144,18.037353515625,0.015766917408763112
1262,1059,-5.279296875,-0.0049851717422096315
1263,1147,54.851806640625,0.04782197614701395
1264,1142,35.662353515625,0.031227980311405428
1265,1065,-22.8388671875,-0.021444945715962442
1266,1116,-44.21337890625,-0.039617723034274195
1267,1013,-50.1943359375,-0.04955018355133268
1268,1157,29.525390625,0.025518920159896284
1269,1125,15.167236328125,0.013481987847222222
1270,1121,36.73046875,0.03276580619982159
1271,1066,29.991455078125,0.0281345732440197
1272,1140,40.39990234375,0.03543851082785088
1273,1141,67.87744140625,0.05948943155674847
1274,1148,21.0107421875,0.018302040233013937
1275,1129,36.723388671875,0.03252735931964128
1276,1022,-24.2930908203125,-0.02377014757369129
1277,1140,40.39990234375,0.03543851082785088
1278,1127,48.823486328125,0.04332163826807897
1279,1122,-28.005126953125,-0.024960006197081105
1280,1130,43.582275390625,0.03856838530143805
1281,1131,56.039794921875,0.04954889029343501
1282,1195,-13.860107421875,-0.011598416252615063
1283,1072,-33.465087890625,-0.03121743273379198
1284,1136,39.295166015625,0.03459081515459947
1285,1098,-34.028564453125,-0.030991406605760472
1286,1141,40.89794921875,0.03584395198838738
1287,1112,-17.336669921875,-0.015590530505283274
1288,1127,64.40869140625,0.057150569127107365
1289,1134,41.25341796875,0.0363786754574515
1290,1074,-23.029052734375,-0.021442320981727186
1291,1107,64.932373046875,0.058656163547312554
1292,1095,36.49853515625,0.033331995576484016
1293,1145,40.423095703125,0.035304013714519654
1294,1099,-27.626953125,-0.02513826489990901
1295,1062,45.7099609375,0.04304139447975518
1296,1119,-55.448486328125,-0.04955181977491063
1297,1133,-37.356201171875,-0.03297105134322595
1298,1124,59.91796875,0.05330780137900356
1299,1131,56.039794921875,0.04954889029343501
1300,1133,30.2822265625,0.026727472694174758
1301,1126,31.59765625,0.028061861678507993
1302,1131,56.0400390625,0.04954910615605659
1303,1116,50.328125,0.04509688620071685
1304,1131,56.0400390625,0.04954910615605659
1305,1110,-37.1396484375,-0.03345914273648649
1306,1135,31.429931640625,0.027691569727422906
1307,1122,64.36572265625,0.057366954239081995
1308,1118,52.714111328125,0.047150367914244186
1309,1122,35.335693359375,0.031493487842580214
1310,1144,48.37255859375,0.042283705064466784
1311,1049,-35.04833984375,-0.03341119146210677
1312,1113,-13.404296875,-0.01204339341868823
1313,1127,70.4501953125,0.06251126469609583
1314,1088,-32.06640625,-0.029472799862132353
1315,1036,-43.41162109375,-0.04190310916385135
1316,1151,-16.791259765625,-0.014588409874565595
1317,887,-45.05908203125,-0.050799416044250284
1319,1121,24.296142578125,0.021673632986730598
1320,1128,-41.685546875,-0.03695527205230496
1321,1115,-24.545654296875,-0.022014039728139013
1322,1125,36.3681640625,0.032327256944444445
1323,1142,28.7294921875,0.025157173544220666
1324,1079,-24.507568359375,-0.022713223688021315
1325,985,-24.9261474609375,-0.02530573346288071
1326,1050,-36.25732421875,-0.03453078497023809
1327,997,-21.256591796875,-0.02132055345724674
1328,1094,-41.584228515625,-0.038011177802216634
1329,1133,93.13427734375,0.08220148044461606
1330,1103,-25.95068359375,-0.023527364998866727
1331,1105,-53.906005859375,-0.04878371570984163
1332,1105,-69.74951171875,-0.06312173006221719
1333,1125,24.493896484375,0.021772352430555555
1334,1125,12.087158203125,0.010744140625
1335,1043,-31.634033203125,-0.030329849667425694
1336,1063,6.242919921875,0.005872925608537159
1337,1112,52.435791015625,0.04715448832340378
1338,1018,-49.328125,-0.0484559184675835
1339,1035,-38.265380859375,-0.03697138247282609
1340,1103,54.9716796875,0.049838331538984586
1341,1070,-19.852294921875,-0.018553546655957945
1342,1125,44.966796875,0.03997048611111111
1343,1142,31.484375,0.027569505253940457
1344,1070,-19.85205078125,-0.01855331848714953
1345,1135,37.97607421875,0.03345909622797357
1346,1136,12.8046875,0.011271731954225352
1347,1112,32.461181640625,0.02919171010847572
1348,1126,39.180908203125,0.034796543697269096
1349,1114,18.281005859375,0.016410238652939856
1350,1122,63.2333984375,0.05635775261809269
1351,1115,-55.341796875,-0.0496338985426009
1352,1107,54.95947265625,0.04964722010501355
1353,1113,40.6474609375,0.03652062977313567
1354,1124,33.9801025390625,0.03023140795290258
1355,1115,47.678955078125,0.04276139468890135
1356,1087,-19.10888671875,-0.017579472602345905
1357,1108,81.149169921875,0.0732393230341832
1358,1140,56.73583984375,0.049768280564692985
1359,1094,21.542724609375,0.019691704396138026
1360,1129,36.723388671875,0.03252735931964128
1361,1129,31.183837890625,0.02762075986769265
1362,1075,-41.216552734375,-0.0383409792877907
1363,1118,60.67724609375,0.054273028706395346
1364,1097,-34.6572265625,-0.03159273159753874
1365,1095,64.3525390625,0.05876944206621004
1366,1095,44.8134765625,0.04092554937214612
1367,1105,63.27783203125,0.05726500636312217
1368,1103,-20.23974609375,-0.018349724473028104
1369,1111,69.163818359375,0.062253661889626465
1370,1119,67.0126953125,0.05988623352323503
1371,1107,56.87451171875,0.05137715602416441
1372,1108,24.185546875,0.021828110898014442
1373,1113,43.44580078125,0.03903486143867924
1374,1106,21.827880859375,0.0197358778113698
1375,1095,74.3212890625,0.06787332334474885
1376,1093,45.488037109375,0.04161760028305123
1377,1115,39.015625,0.034991591928251124
1378,1132,29.961181640625,0.026467474947548586
1379,1093,43.78369140625,0.040058272100869166
1380,1097,34.087890625,0.031073738035551503
1381,1112,27.849609375,0.02504461274730216
1382,1112,32.543701171875,0.029265918320031475
1383,1092,28.541748046875,0.026137131911057692
1384,1089,15.55419921875,0.014283011220156107
1385,1097,45.867431640625,0.04181169702882862
1386,1068,-49.849853515625,-0.04667589280489232
1387,967,-25.4700927734375,-0.02633928932103154
1388,1086,73.3310546875,0.06752399142495397
1389,1086,43.41748046875,0.039979263783379376
1390,1138,40.3349609375,0.0354437266586116
1391,1085,39.972412109375,0.03684093281970046
1392,1038,-39.87744140625,-0.03841757360910405
1393,1090,-35.769287109375,-0.03281585973337156
1394,1095,-36.177490234375,-0.03303880386700913
1395,1085,39.482421875,0.03638932891705069
1396,1117,27.6767578125,0.02477775990376007
1397,1108,15.1531982421875,0.013676171698725181
1398,1080,12.222412109375,0.011317048249421296
1399,1062,45.7099609375,0.04304139447975518
1400,1095,30.119873046875,0.027506733376141554
1401,1093,31.3095703125,0.028645535510064043
1402,1112,40.92822265625,0.0368059556261241
1403,1088,21.2723388671875,0.019551782047047335
1405,1068,-29.9052734375,-0.02800119235720974
1406,1111,37.3134765625,0.0335854874549955
1407,1088,41.4072265625,0.038058112649356615
1408,1108,15.153564453125,0.013676502214011732
1409,1072,66.567138671875,0.062096211447644586
1410,965,-11.169921875,-0.011575048575129534
1411,1084,13.580322265625,0.01252797256976476
1412,1088,41.4072265625,0.038058112649356615
1413,1093,53.38720703125,0.04884465419144556
1414,1090,31.957763671875,0.029319049240252294
1415,1077,-48.611083984375,-0.04513563972551068
1416,1097,43.061767578125,0.03925411812044211
1417,1077,35.902099609375,0.03333528283136026
1418,1078,62.374267578125,0.057861101649466604
1419,1101,34.78515625,0.03159414736603088
1420,1070,53.910400390625,0.050383551766939254
1421,1099,62.792236328125,0.0571357928372384
1422,1094,42.280517578125,0.038647639468121574
1423,1098,55.439697265625,0.050491527564321494
1424,1112,23.69140625,0.021305221447841728
1425,1086,25.096435546875,0.023109056672997237
1426,1073,10.84375,0.01010601118359739
1427,1069,84.499267578125,0.07904515208430776
1428,1047,-8.0302734375,-0.007669793159025788
1429,1062,45.7099609375,0.04304139447975518
1430,1068,-39.5712890625,-0.03705176878511236
1431,1080,30.1326904296875,0.027900639286747686
1432,1029,-25.666259765625,-0.024942915224125364
1433,1125,26.43115234375,0.02349435763888889
1434,1079,78.186279296875,0.07246179730943003
1435,1079,20.802001953125,0.019278963811978685
1436,1083,32.89111328125,0.03037037237419206
1437,1084,71.422607421875,0.06588801422682196
1438,1092,6.25146484375,0.005724784655448718
1439,1087,48.082763671875,0.04423437320319687
1440,975,-50.10498046875,-0.05138972355769231
1441,1093,53.7646484375,0.04918998027218664
1442,1083,27.595947265625,0.025481022405932596
1443,1097,4.34912109375,0.0039645588821786695
1444,1093,39.68603515625,0.03630927278705398
1445,969,-38.2763671875,-0.039500894930340556
1446,1060,-58.53125,-0.055218160377358494
1447,1110,33.637451171875,0.03030401006475225
1448,1060,-32.489990234375,-0.03065093418337264
1449,1084,36.1142578125,0.033315735989391145
1450,915,-9.778076171875,-0.010686422045765028
1451,1093,53.7646484375,0.04918998027218664
1452,401,7.25787353515625,0.018099435249766208
1453,1093,53.7646484375,0.04918998027218664
1454,1060,-48.8505859375,-0.046085458431603776
1455,1097,42.334228515625,0.03859091022390611
1456,1081,25.71484375,0.02378801456984274
1457,1109,28.1376953125,0.025372132833633904
1458,1061,-34.408935546875,-0.03243066498291706
1459,1025,-81.849365234375,-0.07985303925304878
1460,1041,-12.081298828125,-0.011605474378602305
1461,1081,43.25634765625,0.04001512271623497
1462,1071,21.821533203125,0.02037491428863212
1463,1079,56.33935546875,0.05221441656047266
1464,1026,-38.520751953125,-0.03754459254690546
1465,1057,-17.35009765625,-0.01641447271168401
1466,1071,14.36865234375,0.01341610863095238
1467,1194,45.261962890625,0.03790784161693886
1468,1025,-10.38720703125,-0.010133860518292683
1469,1084,49.4853515625,0.045650693323339486
1470,1074,36.90283203125,0.034360178800046555
1471,1062,32.540283203125,0.03064056798787665
1472,1077,58.48779296875,0.05430621445566388
1473,1074,45.84375,0.042685055865921785
1474,1100,55.3056640625,0.050277876420454545
1475,1109,16.510498046875,0.014887734938570785
1476,1022,-33.23388671875,-0.03251848015533268
1477,1095,49.875732421875,0.04554861408390411
1478,1074,23.383056640625,0.021771933557378956
1479,1027,-13.14208984375,-0.012796582126338852
1480,1056,28.1845703125,0.026689934008049244
1481,1068,44.96826171875,0.04210511396886704
1482,1077,-32.1627197265625,-0.02986324951398561
1483,1071,47.36669921875,0.04422660991479925
1484,1076,21.438232421875,0.019924007827021376
1485,1065,32.7099609375,0.030713578345070422
1486,1077,54.740234375,0.0508265871634169
1487,1010,50.07275390625,0.04957698406559406
1488,1062,-48.30712890625,-0.0454869387064501
1489,1066,20.728515625,0.01944513660881801
1490,1080,41.755126953125,0.03866215458622685
1491,933,-11.53564453125,-0.012364034867363344
1492,1076,57.30859375,0.053260774860594794
1493,1093,33.0849609375,0.030269863620768528
1494,982,1.67822265625,0.001708984375
1495,1066,33.22314453125,0.03116617685858349
1496,1083,30.802001953125,0.028441368377770084
1497,1067,32.614501953125,0.030566543536199624
1498,1056,51.509033203125,0.04877749356356534
1499,1081,19.555908203125,0.018090571880781683
1500,1059,44.64013671875,0.04215310360599622
1501,1082,45.640625,0.04218172365988909
1502,1062,39.632080078125,0.03731834282309322
1504,1084,48.5498046875,0.04478764270064576
1505,1075,69.28369140625,0.06444994549418605
1506,1063,45.19482421875,0.042516297477657575
1507,1079,6.47265625,0.005998754633920297
1508,1064,28.602294921875,0.026881856129581768
1509,1048,-86.413330078125,-0.08245546763179866
1510,1079,41.0732421875,0.03806602612372567
1511,1064,68.359375,0.06424753289473684
1512,1075,22.526123046875,0.020954533066860466
1513,1062,45.7099609375,0.04304139447975518
1514,1102,30.89794921875,0.028038066441696916
1515,1053,35.38330078125,0.03360237491096866
1516,1068,37.654541015625,0.03525706087605337
1517,1065,43.63525390625,0.040972069395539906
1518,1065,45.300537109375,0.042535715595657275
1519,1017,-21.400390625,-0.021042665314650936
1520,1062,45.709716796875,0.043041164592161014
1521,1062,45.964111328125,0.043280707465277776
1522,1057,42.637939453125,0.040338637136352884
1523,1059,53.662109375,0.05067243567044381
1524,1050,19.3994140625,0.01847563244047619
1525,1057,76.879638671875,0.07273381142088457
1526,1077,58.458984375,0.05427946552924791
1527,1061,47.75048828125,0.0450051727438737
1528,1063,29.77587890625,0.028011174888287863
1529,1063,-18.0302734375,-0.016961687147224836
1530,1064,13.8524169921875,0.013019188902431861
1531,1003,32.9921875,0.03289350697906281
1532,1051,61.5498046875,0.058563087238344434
1533,1056,67.35986328125,0.06378774931936552
1534,1029,-44.2685546875,-0.043020947218172984
1535,1057,30.2490234375,0.02861780836092715
1536,1073,30.134765625,0.028084590517241378
1537,1042,57.2889404296875,0.05497978927993042
1538,1067,21.72314453125,0.020359085783739458
1539,1077,38.56982421875,0.035812278754642525
1540,1053,26.04931640625,0.024738192218660967
1541,1049,21.3642578125,0.020366308686844616
1542,1057,42.4931640625,0.0402016689333018
1543,1057,42.4931640625,0.0402016689333018
1544,1130,-43.4765625,-0.03847483407079646
1545,395,15.2984619140625,0.03873028332674051
1546,1071,21.797607421875,0.02035257462359944
1547,1058,37.23974609375,0.03519824772566162
1548,1055,15.982666015625,0.015149446460308058
1549,1057,42.4931640625,0.0402016689333018
1550,1064,39.500732421875,0.03712474851679981
1551,1052,66.18017578125,0.06290891233959126
1552,996,-36.48486328125,-0.03663138883659638
1553,1045,45.82666015625,0.04385326330741627
1554,1058,47.059326171875,0.044479514340146506
1555,1071,0.59326171875,0.0005539325105042017
1556,1022,-25.48486328125,-0.024936265441536203
1557,1052,66.18017578125,0.06290891233959126
1558,1053,18.4873046875,0.01755679457502374
1559,1048,48.80126953125,0.04656609688096374
1560,1037,15.97216796875,0.015402283479990357
1561,1025,-34.14990234375,-0.033316977896341464
1562,1045,45.82666015625,0.04385326330741627
1563,1033,-14.25537109375,-0.013799972017182962
1564,1020,-46.016357421875,-0.04511407590379902
1565,1051,40.27294921875,0.03831869573620362
1566,1052,23.021484375,0.02188354028041825
1567,1055,54.4525146484375,0.051613757960604266
1568,1050,48.806396484375,0.04648228236607143
1569,1043,37.98388671875,0.036417916317114093
1570,998,-25.843017578125,-0.02589480719251002
1571,1021,-10.131103515625,-0.009922726264079335
1572,1050,25.46044921875,0.024248046875
1573,1050,59.326171875,0.05650111607142857
1574,1042,46.8583984375,0.04496967220489444
1575,1055,26.110595703125,0.024749379813388626
1576,1018,-6.2041015625,-0.006094402320726915
1577,1087,-18.684814453125,-0.017189341723206072
1578,1010,-44.10791015625,-0.043671198174504954
1579,1011,-38.169677734375,-0.03775437955922354
1580,967,-38.245849609375,-0.03955103372220786
1581,1051,31.61376953125,0.03007970459681256
1582,1021,38.723388671875,0.0379269232829334
1583,1015,14.447265625,0.014233759236453201
1584,995,-71.602294921875,-0.0719621054491206
1585,1045,64.62890625,0.06184584330143541
1586,1046,35.775390625,0.034202094287762906
1587,1050,38.95263671875,0.037097749255952384
1588,1055,47.412109375,0.044940388033175356
1589,1036,35.0302734375,0.033813005248552123
1590,1028,33.18017578125,0.03227643558487354
1591,1004,-21.344482421875,-0.021259444643301793
1592,1040,38.3212890625,0.036847393329326926
1593,1034,40.374755859375,0.0390471526686412
1594,1034,28.5284423828125,0.02759036980929642
1595,1040,16.7109375,0.016068209134615385
1596,1048,58.7529296875,0.05606195580868321
1597,1041,43.764892578125,0.04204120324507685
1598,1015,-23.861328125,-0.023508697660098523
1599,1044,36.5177001953125,0.03497864003382423
1600,1036,42.088623046875,0.040626084022080115
1601,1062,51.033447265625,0.04805409347045669
1602,1042,28.066650390625,0.026935365058181383
1603,1030,36.458251953125,0.03539636111953884
1604,1048,49.5693359375,0.04729898467318702
1605,1069,-31.694580078125,-0.029648812046889617
1606,1004,-40.7392578125,-0.0405769500124502
1607,1062,51.03369140625,0.04805432335805085
1608,1045,57.090576171875,0.05463213030801435
1609,1026,-34.8408203125,-0.03395791453460039
1610,1062,45.709716796875,0.043041164592161014
1611,1038,57.1591796875,0.0550666470977842
1612,1016,14.6962890625,0.014464851439468504
1613,1046,-2.00439453125,-0.0019162471618068833
1614,1033,57.18701171875,0.05536012751089061
1615,1053,26.9169921875,0.025562195809591643
1616,1040,29.055908203125,0.027938373272235577
1617,1005,9.31201171875,0.009265683302238805
1618,1047,9.41796875,0.008995194603629417
1619,1050,41.04541015625,0.03909086681547619
1620,1014,-32.52978515625,-0.03208065597263313
1621,1041,26.083740234375,0.02505642673811239
1622,1039,36.018798828125,0.03466679386730029
1623,1031,27.6224365234375,0.026791887995574686
1624,1043,44.17333984375,0.04235219543983701
1625,845,-30.927978515625,-0.0366011580066568
1626,1032,59.19482421875,0.057359325793362406
1627,1040,29.0556640625,0.027938138521634615
1628,1000,-18.009765625,-0.018009765625
1629,1031,31.666015625,0.0307138851842871
1630,1054,34.811279296875,0.03302777921904649
1631,999,-11.208740234375,-0.01121996019456957
1632,998,-34.854248046875,-0.034924096239353705
1633,986,16.53955078125,0.01677439227307302
1634,1041,43.21533203125,0.04151328725384246
1635,1024,7.3406982421875,0.0071686506271362305
1636,1043,-13.269775390625,-0.012722699319870566
1637,1031,64.910888671875,0.06295915487087779
1638,1018,27.427978515625,0.026943004435780942
1639,1024,32.859619140625,0.0320894718170166
1640,1023,22.7677001953125,0.022255816417705278
1641,996,-12.96142578125,-0.013013479700050202
1642,1031,30.000244140625,0.02909819994241028
1643,1016,20.234619140625,0.019915963721087598
1644,970,-11.9501953125,-0.012319788981958762
1645,1000,-20.4384765625,-0.0204384765625
1646,1035,25.40283203125,0.02454379906400966
1647,1043,40.852783203125,0.03916853614872962
1648,1031,41.6298828125,0.04037815985693501
1649,960,21.7197265625,0.022624715169270834
1650,1040,29.0556640625,0.027938138521634615
1651,969,30.623779296875,0.03160348740647575
1652,996,9.144775390625,0.00918150139620984
1653,1030,29.912841796875,0.029041593977548543
1654,1044,10.899658203125,0.010440285635177203
1655,1043,29.498779296875,0.028282626363255032
1656,1028,17.724365234375,0.017241600422543774
1657,1020,44.848876953125,0.04396948720894608
1658,1036,56.52587890625,0.05456165917591699
1659,995,-21.447021484375,-0.02155479546168342
1660,1037,25.47314453125,0.024564266664657667
1661,974,39.99267578125,0.04106024207520534
1662,955,-9.69580078125,-0.01015267097513089
1663,1030,39.9951171875,0.038830210861650484
1664,1028,62.451416015625,0.060750404684460114
1665,1032,34.5595703125,0.033487955729166664
1666,1023,49.837646484375,0.04871715198863636
1667,1014,-30.73291015625,-0.030308589897682446
1668,1067,13.00732421875,0.012190556906044986
1669,1030,7.40478515625,0.007189111802184466
1670,964,-26.519287109375,-0.02750963393088693
1671,1029,27.1373291015625,0.026372525851858602
1672,1015,32.86865234375,0.03238290871305419
1673,1027,21.346923828125,0.02078570966711295
1674,998,23.8060302734375,0.023853737748935372
1675,1051,33.660400390625,0.03202702225558991
1676,1025,27.344482421875,0.02667754382621951
1677,973,-67.96923828125,-0.0698553322520555
1678,981,1.942138671875,0.0019797539978338432
1679,1004,38.058349609375,0.037906722718501
1680,1004,-21.4013671875,-0.02131610277639442
1681,1029,41.38720703125,0.04022080372327502
1682,1002,-38.91552734375,-0.03883785164046906
1683,913,-29.705322265625,-0.032535949907584884
1684,984,-23.5673828125,-0.023950592289126018
1685,1002,60.185302734375,0.06006517238959581
1686,989,-29.260986328125,-0.029586437136627907
1687,1014,21.16259765625,0.0208704118897929
1688,1027,3.1484375,0.003065664556962025
1689,1034,20.79931640625,0.02011539304279497
1690,950,-37.64892578125,-0.03963044819078947
1691,1022,45.46240234375,0.044483759631849314
1692,1020,30.452880859375,0.029855765548406864
1693,1022,42.044921875,0.041139845278864974
1694,1029,51.608642578125,0.05015417160167639
1695,994,27.5965576171875,0.027763136435802315
1696,1008,33.3564453125,0.03309171161954365
1697,998,-17.170654296875,-0.017205064425726453
1698,1025,46.4371337890625,0.04530452076981707
1699,991,52.2156982421875,0.05268990740886731
1700,1030,34.820068359375,0.03380589161104369
1701,1257,-16.3929443359375,-0.013041324054047334
1702,1010,30.1490478515625,0.029850542427289604
1703,1009,41.21533203125,0.040847702706888006
1704,1024,33.050537109375,0.03227591514587402
1705,1015,29.0545654296875,0.028625187615455665
1706,1027,43.776611328125,0.04262571696993671
1707,1016,45.797607421875,0.045076385257750984
1708,1009,39.4166259765625,0.03906504061106293
1709,993,-32.3350830078125,-0.03256302417705186
1710,1007,-17.4755859375,-0.01735410718718967
1711,997,4.7216796875,0.004735887349548646
1712,1014,31.33251953125,0.030899920642258383
1713,1013,43.340576171875,0.04278437924173248
1714,981,20.01611328125,0.02040378520005097
1715,999,45.6527099609375,0.04569840836930681
1716,1020,26.429443359375,0.02591121897977941
1717,1015,44.364501953125,0.043708868919334974
1718,1010,37.645263671875,0.03727253828898515
1719,1039,32.490478515625,0.03127091291205486
1720,1013,14.11328125,0.013932163129318855
1721,1009,39.41650390625,0.03906491962958375
1722,1009,31.66748046875,0.03138501533077304
1723,1014,21.871337890625,0.021569366756040435
1724,976,-33.678955078125,-0.03450712610463627
1725,1003,36.89892578125,0.03678856010094716
1726,1007,22.694580078125,0.022536822321871895
1727,1014,27.392333984375,0.027014136079265286
1728,1012,45.623291015625,0.04508230337512352
1729,1003,17.6435546875,0.017590782340478565
1730,990,6.7879638671875,0.006856529158775253
1731,999,56.648681640625,0.056705387027652654
1732,1049,9.71630859375,0.009262448611773118
1733,983,43.112548828125,0.04385813715984232
1734,1003,9.768798828125,0.009739580087861415
1735,999,48.115478515625,0.04816364215778278
1737,1000,31.4803466796875,0.0314803466796875
1738,977,38.2393798828125,0.03913959046347237
1739,987,39.705810546875,0.04022878474860689
1740,1181,31.5078125,0.026678926756985605
1741,997,27.901123046875,0.02798507828172016
1742,993,31.301513671875,0.031522168853851965
1743,995,16.014892578125,0.016095369425251256
1744,1008,0.0673828125,6.684802827380953e-05
1745,991,54.03662109375,0.05452736740035318
1746,1010,12.59130859375,0.012466642172029703
1747,1002,24.708740234375,0.024659421391591815
1748,988,-12.4990234375,-0.012650833438765182
1749,971,-31.04150390625,-0.031968593106333675
1750,1020,33.06982421875,0.03242139629289216
1751,1002,11.792236328125,0.01176869893026447
1752,980,28.84716796875,0.02943588568239796
1753,1010,-57.49462890625,-0.05692537515470297
1754,907,-28.259521484375,-0.03115713504341235
1755,995,27.951904296875,0.028092366127512564
1756,1005,34.99755859375,0.03482344138681592
1757,1012,-8.69921875,-0.008596065958498024
1758,1009,29.494140625,0.029231061075322102
1759,998,24.025634765625,0.02407378233028557
1760,951,22.022705078125,0.02315741858898528
1761,994,-14.564453125,-0.014652367328973842
1762,879,-41.37890625,-0.04707497866894198
1763,881,-29.789794921875,-0.03381361512131101
1764,1008,58.418701171875,0.05795506068638393
1765,984,18.086181640625,0.018380265894944105
1766,1034,-12.314697265625,-0.011909765247219536
1767,997,56.044921875,0.056213562562688064
1768,984,23.2919921875,0.023670723767784552
1769,910,-43.66455078125,-0.047983022836538464
1770,995,4.3594970703125,0.004381404090766331
1771,976,44.20947265625,0.04529659083632172
1772,1040,29.0556640625,0.027938138521634615
1773,976,40.595947265625,0.04159420826396004
1774,1051,40.272705078125,0.03831846344255471
1775,985,19.18212890625,0.019474242544416244
1776,988,26.2208251953125,0.02653929675638917
1777,975,-3.234375,-0.0033173076923076923
1778,999,-12.2762451171875,-0.012288533650838339
1779,988,11.536865234375,0.011676989103618422
1780,988,27.010009765625,0.027338066564397773
1781,997,43.276123046875,0.04340634207309428
1782,987,-57.67431640625,-0.058433957858409324
1783,1011,6.56103515625,0.006489649017062314
1784,1003,25.198974609375,0.025123603797981058
1785,989,35.14892578125,0.03553986428842265
1786,1009,33.66845703125,0.033368143737611496
1787,983,13.39501953125,0.013626672971770091
1788,1016,34.6431884765625,0.03409762645330955
1789,989,12.161376953125,0.012296639993048534
1790,968,43.595458984375,0.04503663118220558
1791,971,-1.30517578125,-0.0013441563143666323
1792,995,3.2894287109375,0.003305958503454774
1793,997,28.0576171875,0.028142043317452358
1794,990,65.562255859375,0.06622450086805555
1795,989,21.1326904296875,0.02136773552041203
1796,978,23.0965576171875,0.023616112083013802
1797,987,36.9951171875,0.037482388234549135
1798,981,30.016845703125,0.03059821172591743
1799,992,38.284912109375,0.03859366140057964
1800,1000,63.100830078125,0.063100830078125
1801,990,57.93115234375,0.05851631549873738
1802,972,47.450927734375,0.04881782688721708
1803,971,-12.77978515625,-0.013161467720133883
1804,994,30.48876953125,0.0306728063694668
1805,990,8.168701171875,0.008251213304924242
1806,1003,27.6390380859375,0.0275563689790005
1807,962,-69.95947265625,-0.07272294454911643
1808,983,44.968994140625,0.04574668783379959
1809,986,10.4364013671875,0.010584585565098885
1810,993,25.82177734375,0.026003803971550856
1811,981,8.947509765625,0.009120805061799185
1812,1001,22.519287109375,0.022496790319055944
1813,975,30.83056640625,0.03162109375
1814,924,-20.687744140625,-0.022389333485524892
1815,994,20.708251953125,0.02083325146189638
1816,985,59.4365234375,0.060341648159898474
1817,978,23.563232421875,0.024093284684943764
1818,980,44.28759765625,0.045191426179846936
1819,963,9.97021484375,0.010353286442107996
1820,989,42.520263671875,0.04299318874810414
1821,998,6.6270751953125,0.006640355907126754
1822,864,-28.8265380859375,-0.03336404871057581
1823,967,35.3707275390625,0.03657779476635212
1824,964,-19.398193359375,-0.020122607219268673
1825,966,27.1285400390625,0.0280833747816382
1826,983,24.0782470703125,0.024494656226157173
1827,989,62.52294921875,0.063218351080637
1828,962,48.435546875,0.050348801325363825
1829,989,35.5704345703125,0.03596606124399646
1830,966,36.9405517578125,0.03824073680932971
1831,984,15.5625,0.015815548780487805
1832,972,31.9384765625,0.032858514981995886
1833,991,-0.50634765625,-0.0005109461717961655
1834,988,41.516845703125,0.042021098889802634
1835,927,-56.101318359375,-0.060519221531148866
1836,990,28.05712890625,0.028340534248737375
1837,1006,17.14404296875,0.017041792215457256
1838,1017,-21.594482421875,-0.021233512705875122
1839,959,27.9879150390625,0.029184478664298748
1840,979,38.58447265625,0.039412127330183865
1841,978,24.7813720703125,0.02533882624776329
1842,997,25.14892578125,0.02522459957998997
1843,909,-9.8292236328125,-0.010813227318825632
1844,973,39.123291015625,0.040208932184609456
1845,998,-23.4375,-0.02348446893787575
1846,982,10.39892578125,0.010589537455448066
1847,979,20.66064453125,0.021103824853166496
1848,969,50.54296875,0.05215992647058824
1849,987,45.80615234375,0.046409475525582576
1850,970,42.509033203125,0.043823745570231956
1851,990,23.937744140625,0.02417953953598485
1852,974,26.32568359375,0.027028422580852154
1853,983,63.7587890625,0.06486143343082401
1854,994,45.436767578125,0.04571103378080986
1855,982,11.240478515625,0.011446515800025458
1856,967,40.5631103515625,0.041947373683104965
1857,988,14.192626953125,0.01436500703757591
1858,980,23.581298828125,0.024062549824617346
1859,978,30.72802734375,0.031419250862730064
1860,989,36.451171875,0.03685659441354904
1861,981,41.588623046875,0.042394111158893986
1862,966,46.94287109375,0.04859510465191511
1863,974,23.530517578125,0.02415864227733573
1864,984,17.5361328125,0.01782127318343496
1865,924,-57.6376953125,-0.062378458130411256
1867,966,21.801513671875,0.022568854732789856
1868,970,13.85205078125,0.014280464722938145
1869,973,24.527587890625,0.025208209548432683
1870,954,38.42041015625,0.04027296662080713
1871,974,11.48828125,0.011794949948665298
1872,979,37.87255859375,0.03868494238381001
1873,965,33.8770751953125,0.035105777404468914
1874,975,57.11083984375,0.0585752203525641
1875,971,38.74658203125,0.0399037919992276
1876,985,26.326171875,0.02672707804568528
1877,984,13.343017578125,0.013559977213541666
1878,964,34.32080078125,0.03560249043698133
1879,972,-47.7431640625,-0.04911848154578189
1880,936,29.35986328125,0.03136737530048077
1881,976,10.751220703125,0.01101559498271004
1882,967,28.17724609375,0.02913882739788004
1883,947,19.6640625,0.020764585533262936
1884,956,47.5389404296875,0.04972692513565638
1885,933,-15.623779296875,-0.016745744155278672
1886,930,26.427490234375,0.028416656165994623
1887,943,-28.078857421875,-0.029776094827014845
1888,970,43.3516845703125,0.04469245831990979
1889,956,25.001220703125,0.026151904501176777
1890,976,4.911865234375,0.00503264880571209
1891,985,46.59912109375,0.047308752379441626
1892,963,17.219970703125,0.017881589515186917
1893,962,48.181396484375,0.05008461173011954
1894,976,20.838134765625,0.021350547915599385
1895,912,10.54638671875,0.011564020524945175
1896,964,36.765380859375,0.038138361887318464
1897,977,43.297607421875,0.0443168960305783
1898,968,33.9442138671875,0.035066336639656505
1899,999,11.472900390625,0.0114843847754004
1900,983,16.936279296875,0.017229175276576806
1901,999,27.543701171875,0.02757127244431932
1902,980,18.443115234375,0.01881950534119898
1903,973,-5.857666015625,-0.006020211732399795
1904,939,37.93359375,0.04039786341853035
1905,979,18.594970703125,0.01899384137193565
1906,872,-32.587158203125,-0.03737059426963876
1907,980,37.950439453125,0.03872493821747449
1908,976,11.55078125,0.011834816854508197
1909,971,0.584716796875,0.0006021800173789907
1910,931,-30.501708984375,-0.03276230825389366
1911,908,-31.2982177734375,-0.03446940283418227
1912,955,-24.406982421875,-0.025557049656413613
1913,968,19.986328125,0.020647033186983473
1914,970,7.8585205078125,0.00810156753382732
1915,896,-5.72601318359375,-0.00639063971383231
1916,896,-5.72601318359375,-0.00639063971383231
1917,896,-5.72601318359375,-0.00639063971383231
1918,896,-5.72601318359375,-0.00639063971383231
1919,968,22.337158203125,0.023075576656120866
1920,896,-5.72601318359375,-0.00639063971383231
1921,896,-5.7261962890625,-0.006390844072614398
1922,896,-5.7261962890625,-0.006390844072614398
1923,896,-5.7261962890625,-0.006390844072614398
1924,896,-5.7261962890625,-0.006390844072614398
1925,896,-5.7261962890625,-0.006390844072614398
1926,896,-5.7261962890625,-0.006390844072614398
1927,896,-5.7261962890625,-0.006390844072614398
1928,896,-5.7261962890625,-0.006390844072614398
1929,896,-5.72601318359375,-0.00639063971383231
1930,896,-5.72601318359375,-0.00639063971383231
1931,896,-5.72601318359375,-0.00639063971383231
1932,896,-5.72601318359375,-0.00639063971383231
1933,994,18.2900390625,0.01840044171277666
1934,896,-5.72601318359375,-0.00639063971383231
1935,896,-5.72601318359375,-0.00639063971383231
1936,904,15.060302734375,0.016659626918556415
1937,896,-5.7261962890625,-0.006390844072614398
1938,896,-5.7261962890625,-0.006390844072614398
1939,896,-5.7261962890625,-0.006390844072614398
1940,896,-5.7261962890625,-0.006390844072614398
1941,896,-5.7261962890625,-0.006390844072614398
1942,896,-5.7261962890625,-0.006390844072614398
1943,896,-5.7261962890625,-0.006390844072614398
1944,896,-5.7261962890625,-0.006390844072614398
1945,896,-5.7261962890625,-0.006390844072614398
1946,896,-5.7261962890625,-0.006390844072614398
1947,896,-5.7261962890625,-0.006390844072614398
1948,896,-5.7261962890625,-0.006390844072614398
1949,896,-5.7261962890625,-0.006390844072614398
1950,896,-5.7261962890625,-0.006390844072614398
1951,896,-5.7261962890625,-0.006390844072614398
1952,896,-5.7261962890625,-0.006390844072614398
1953,896,-5.72601318359375,-0.00639063971383231
1954,896,-5.72601318359375,-0.00639063971383231
1955,896,-5.72601318359375,-0.00639063971383231
1956,896,-5.72601318359375,-0.00639063971383231
1957,896,-5.72601318359375,-0.00639063971383231
1958,896,-5.72601318359375,-0.00639063971383231
1959,896,-5.72601318359375,-0.00639063971383231
1960,982,16.6549072265625,0.016960190658413952
1961,896,-5.7261962890625,-0.006390844072614398
1962,896,-5.7261962890625,-0.006390844072614398
1963,896,-5.7261962890625,-0.006390844072614398
1964,896,-5.7261962890625,-0.006390844072614398
1965,896,-5.7261962890625,-0.006390844072614398
1966,896,-5.7261962890625,-0.006390844072614398
1967,896,-5.7261962890625,-0.006390844072614398
1968,896,-5.7261962890625,-0.006390844072614398
1969,896,-5.7261962890625,-0.006390844072614398
1970,896,-5.7261962890625,-0.006390844072614398
1971,896,-5.7261962890625,-0.006390844072614398
1972,896,-5.7261962890625,-0.006390844072614398
1973,896,-5.7261962890625,-0.006390844072614398
1974,896,-5.7261962890625,-0.006390844072614398
1975,896,-5.7261962890625,-0.006390844072614398
1976,896,-5.7261962890625,-0.006390844072614398
1977,896,-5.7261962890625,-0.006390844072614398
1978,896,-5.7261962890625,-0.006390844072614398
1979,896,-5.7261962890625,-0.006390844072614398
1980,896,-5.7261962890625,-0.006390844072614398
1981,896,-5.7261962890625,-0.006390844072614398
1982,896,-5.7261962890625,-0.006390844072614398
1983,896,-5.7261962890625,-0.006390844072614398
1984,896,-5.7261962890625,-0.006390844072614398
1985,896,-5.72607421875,-0.006390707833426339
1986,956,23.2147216796875,0.024283181673313285
1987,896,-5.72607421875,-0.006390707833426339
1988,896,-5.72607421875,-0.006390707833426339
1989,896,-5.72607421875,-0.006390707833426339
1990,896,-5.72607421875,-0.006390707833426339
1991,896,-5.72607421875,-0.006390707833426339
1992,896,-5.72607421875,-0.006390707833426339
1993,896,-5.72601318359375,-0.00639063971383231
1994,896,-5.7259521484375,-0.006390571594238281
1995,896,-5.72601318359375,-0.00639063971383231
1996,896,-5.7259521484375,-0.006390571594238281
1997,896,-5.72601318359375,-0.00639063971383231
1998,896,-5.7259521484375,-0.006390571594238281
1999,896,-5.72601318359375,-0.00639063971383231
2000,979,10.537109375,0.010763135214504596
2001,958,19.7039794921875,0.0205678282799452
2002,959,41.00048828125,0.042753376727059436
2003,976,16.9970703125,0.017415031057889344
2004,966,24.6826171875,0.025551363548136644
2005,963,16.90625,0.01755581516095535
2006,956,35.4954833984375,0.03712916673476726
2007,955,-27.41943359375,-0.028711448789267017
2008,955,34.445068359375,0.03606813440772251
2009,989,29.0701904296875,0.02939351914023003
2010,946,-22.16748046875,-0.023432854618128964
2011,1026,16.755615234375,0.016331009000365496
2012,948,34.1243896484375,0.035996191612275845
2013,961,52.081787109375,0.05419540802224246
2014,968,24.5517578125,0.025363386169938017
2015,970,21.9774169921875,0.02265713091978093
2016,962,18.8831787109375,0.01962908389910343
2017,960,32.20849609375,0.03355051676432292
2018,979,36.842529296875,0.03763281848506129
2019,944,11.3807373046875,0.012055865788863878
2020,968,25.090576171875,0.02592001670648244
2021,965,27.952880859375,0.028966715916450777
2022,967,29.8612060546875,0.03088025445158997
2023,966,25.55126953125,0.026450589576863356
2024,792,-30.228271484375,-0.03816700944996843
2025,926,58.7840576171875,0.06348170369026727
2026,964,42.673828125,0.04426745656120332
2027,963,24.673583984375,0.025621582538291797
2028,964,22.2698974609375,0.02310155338271525
2029,957,68.080810546875,0.07113982293299373
2030,812,-37.0341796875,-0.045608595674261086
2031,953,28.1546630859375,0.029543193164677333
2032,948,-10.6767578125,-0.011262402755801688
2033,966,33.203125,0.03437176501035197
2034,970,23.681640625,0.0244140625
2035,953,30.066650390625,0.031549475750918154
2036,978,30.49658203125,0.031182599213957055
2037,890,-12.383056640625,-0.013913546787219101
2038,963,22.324462890625,0.023182204455477674
2039,974,11.0775146484375,0.011373218324884497
2040,961,4.3564453125,0.00453324174037461
2041,959,25.925048828125,0.027033419007429615
2042,949,20.375244140625,0.02147022564870917
2043,955,14.852783203125,0.015552652568717278
2044,939,-20.085693359375,-0.021390514759717785
2045,956,23.11669921875,0.02418064771835774
2046,953,-38.70556640625,-0.04061444533709339
2047,967,34.65771484375,0.035840449683298865
2048,930,37.274169921875,0.040079752604166664
2049,962,17.1005859375,0.017776076858108107
2050,922,20.6766357421875,0.022425852214953905
2051,941,-16.532470703125,-0.017569044317879916
2052,971,2.6578369140625,0.0027372161833805354
2053,956,-16.390869140625,-0.017145260607348327
2054,957,-38.248046875,-0.039966611154649945
2055,979,39.60498046875,0.040454525504341164
2056,936,18.8486328125,0.020137428218482904
2057,954,25.3663330078125,0.026589447597287735
2058,953,22.552734375,0.02366498885099685
2059,918,-51.22119140625,-0.0557965047998366
2060,955,40.092529296875,0.04198170607002618
2061,961,14.8048095703125,0.015405629105424038
2062,949,53.93310546875,0.056831512611959956
2063,933,57.7720947265625,0.06192078748827706
2064,953,38.2952880859375,0.04018393293382739
2065,956,55.7479248046875,0.05831372887519613
2066,938,-23.5736083984375,-0.0251317786763726
2067,950,51.96240234375,0.054697265625
2068,969,7.98779296875,0.008243336397058824
2069,964,16.318359375,0.016927758687759337
2070,946,41.2379150390625,0.043591876362645346
2071,955,36.82666015625,0.038561947807591625
2072,958,2.5538330078125,0.0026657964590944675
2073,954,28.0047607421875,0.02935509511759696
2074,939,38.9927978515625,0.041525876306243346
2075,953,9.0751953125,0.00952276528069255
2076,948,36.6480712890625,0.03865830304753428
2077,951,17.6263427734375,0.018534534987841744
2078,948,20.55419921875,0.021681644745516877
2079,886,-25.024658203125,-0.02824453521797404
2080,926,47.5201416015625,0.05131764751788607
2081,965,32.55419921875,0.033734921470207256
2082,957,11.81396484375,0.012344790850313479
2083,950,37.782958984375,0.03977153577302631
2084,962,20.391845703125,0.021197344805743243
2085,957,22.651123046875,0.023668885106452455
2086,960,25.03173828125,0.026074727376302082
2087,965,10.1192626953125,0.010486282585816062
2088,973,-12.4534912109375,-0.012799065992741521
2089,944,20.9266357421875,0.02216804633706303
2090,946,40.660888671875,0.04298191191530127
2091,952,33.756103515625,0.03545809192817752
2092,957,5.92333984375,0.006189487820010449
2093,957,25.5006103515625,0.026646405801005746
2094,934,23.947021484375,0.02563920929804604
2095,958,21.8211669921875,0.02277783610875522
2096,926,16.8741455078125,0.01822261933889039
2097,927,-22.39453125,-0.024158070388349516
2098,941,18.93505859375,0.020122272681987248
2099,941,20.952880859375,0.02226661090263018
2100,951,29.87451171875,0.031413787296267086
2101,944,-33.94580078125,-0.035959534725900424
2102,900,-21.99658203125,-0.024440646701388888
2103,950,35.4229736328125,0.03728734066611842
2104,923,-35.480224609375,-0.03844011333626761
2105,943,42.981201171875,0.045579216513123015
2106,947,42.843505859375,0.04524129446607709
2107,919,25.8927001953125,0.028174864195116976
2108,955,25.65625,0.026865183246073298
2109,958,38.35595703125,0.040037533435542796
2110,954,10.922607421875,0.011449274027122642
2111,958,28.0047607421875,0.029232526870759393
2112,954,-5.5977783203125,-0.005867692159656709
2113,964,28.7120361328125,0.029784269847315872
2114,932,5.4925537109375,0.0058932979731089056
2115,908,24.648681640625,0.027146125154873347
2116,932,9.9840087890625,0.010712455782255902
2117,924,37.7496337890625,0.04085458202279491
2118,927,-8.8948974609375,-0.009595358641788026
2119,922,-10.493896484375,-0.011381666468953363
2120,927,25.18310546875,0.02716624106661273
2121,944,34.1871337890625,0.03621518409858316
2122,945,16.65234375,0.017621527777777778
2123,957,18.7657470703125,0.019608931107954544
2124,942,35.4937744140625,0.03767916604465234
2125,949,33.46484375,0.0352632705479452
2126,946,11.52392578125,0.012181739726479915
2127,950,18.8480224609375,0.019840023643092106
2128,945,18.7529296875,0.01984437003968254
2129,959,34.8779296875,0.036369061196558916
2130,942,-31.1357421875,-0.033052804869957535
2131,928,30.487548828125,0.03285296209927263
2132,945,43.0,0.0455026455026455
2133,930,29.8544921875,0.032101604502688175
2134,958,22.258056640625,0.023233879583115867
2135,947,45.8907470703125,0.048459078215747096
2136,935,30.426025390625,0.0325412036263369
2137,935,22.321533203125,0.023873297543449197
2138,941,23.963134765625,0.025465605489505844
2139,941,17.71435546875,0.01882503237911796
2140,937,-28.28125,-0.030182764140875132
2141,940,40.1524658203125,0.04271538917054521
2142,938,38.051025390625,0.04056612514992004
2143,932,20.195068359375,0.021668528282591203
2144,900,-39.4091796875,-0.043787977430555555
2145,953,59.38427734375,0.062312987768887725
2146,931,17.5623779296875,0.018863993479793232
2147,940,17.8883056640625,0.01903011240857713
2148,937,16.94140625,0.018080476254002133
2149,938,29.6263427734375,0.0315845871785048
2150,921,22.774658203125,0.02472818480252443
2151,934,46.481689453125,0.04976626279777837
2152,941,28.73828125,0.030540150106269925
2153,940,45.84521484375,0.04877150515292553
2154,935,54.594970703125,0.05839034299799465
2155,934,24.0670166015625,0.025767683727582976
2156,931,51.495849609375,0.05531240559546187
2157,940,18.306884765625,0.01947540932513298
2158,940,16.49853515625,0.01755163314494681
2159,903,18.447265625,0.020428865586932448
2160,945,18.1290283203125,0.01918415695271164
2161,932,42.4908447265625,0.045591035114337444
2162,940,37.926025390625,0.04034683552194149
2163,944,-64.007080078125,-0.06780411025225105
2164,927,52.18115234375,0.05629034772788565
2165,924,37.0316162109375,0.04007750672179383
2166,912,15.9537353515625,0.01749313086794134
2167,932,-47.7841796875,-0.0512705790638412
2168,945,38.1380615234375,0.04035773706183862
2169,935,52.2803955078125,0.05591486150568182
2170,929,20.328125,0.021881727664155005
2171,917,22.685791015625,0.024739139602644494
2172,931,32.0526123046875,0.03442815499966434
2173,930,11.382568359375,0.012239320816532258
2174,948,-20.79345703125,-0.021934026404272153
2175,954,22.4697265625,0.023553172497379454
2176,935,33.379638671875,0.03570014831216577
2177,926,28.2177734375,0.03047275749190065
2178,884,-25.873779296875,-0.02926898110506222
2179,929,29.1536865234375,0.03138179388959903
2180,945,-31.317626953125,-0.033140345982142855
2181,942,22.140869140625,0.02350410736796709
2182,932,37.064697265625,0.03976898848243026
2183,913,24.0562744140625,0.026348602863157173
2184,944,8.1744384765625,0.00865936279296875
2185,912,12.29052734375,0.01347645542077851
2186,926,26.8587646484375,0.029005145408679805
2187,957,2.1629638671875,0.002260150331439394
2188,934,-27.106689453125,-0.02902215144874197
2189,912,46.1881103515625,0.05064485784162555
2190,934,47.548095703125,0.05090802537807816
2191,925,14.179443359375,0.01532912795608108
2192,924,29.98388671875,0.03245009385146104
2193,909,18.068359375,0.019877183030803082
2194,897,32.390869140625,0.03611022200738573
2195,902,-60.7789306640625,-0.06738240650117794
2196,919,-1.3890380859375,-0.0015114669052638738
2197,932,-34.0076904296875,-0.036488938229278435
2198,931,-34.982421875,-0.037575104054779804
2199,859,-25.336181640625,-0.029494972806315484
2200,869,-21.29345703125,-0.024503402797756042
2201,926,16.37890625,0.017687803725701945
2202,948,4.10107421875,0.004326027656909283
2203,902,18.8277587890625,0.020873346772796564
2204,965,-37.21826171875,-0.03856814685880829
2205,928,20.1038818359375,0.021663665771484375
2206,912,-44.872314453125,-0.04920209918105811
2207,935,8.6103515625,0.009208932152406417
2208,920,49.19970703125,0.05347794242527174
2209,941,53.267822265625,0.05660767509630712
2210,940,23.234375,0.024717420212765958
2211,938,1.5638427734375,0.0016672097797841151
2212,930,14.8033447265625,0.015917574974798388
2213,926,20.9407958984375,0.02261425043027808
2214,898,33.0811767578125,0.036838726901795654
2215,935,49.027587890625,0.0524359228776738
2216,932,36.1419677734375,0.038778935379224784
2217,945,34.853271484375,0.036881768766534394
2218,935,35.0128173828125,0.03744686351102941
2219,916,35.463134765625,0.038715212626228165
2220,930,2.541748046875,0.002733062415994624
2221,838,-13.736083984375,-0.016391508334576373
2222,807,-14.925537109375,-0.018495089354863693
2223,929,12.491455078125,0.013446130331673843
2224,933,36.336669921875,0.03894605565045552
2225,928,51.030517578125,0.05498978187297952
2226,920,30.53125,0.03318614130434783
2227,934,20.985595703125,0.022468517883431478
2228,934,14.086181640625,0.015081564925722699
2229,916,18.791015625,0.020514209197598252
2230,950,33.90234375,0.03568667763157895
2231,928,25.6715087890625,0.027663263781317348
2232,927,37.89990234375,0.04088446854773463
2233,938,16.7703857421875,0.01787887605776919
2234,960,17.31640625,0.018037923177083335
2235,927,22.93115234375,0.024736949669633225
2236,911,37.752685546875,0.04144092815244237
2237,934,24.898193359375,0.026657594603185224
2238,938,-22.432373046875,-0.023915109858075694
2239,926,13.02294921875,0.014063660063444925
2240,926,6.2884521484375,0.006790985041509179
2241,912,20.5634765625,0.022547671669407895
2242,915,35.9190673828125,0.039255811347336064
2243,926,11.5042724609375,0.012423620368183045
2244,931,18.984375,0.02039138023630505
2245,825,-18.051513671875,-0.021880622632575758
2246,908,-1.8031005859375,-0.001985793596847467
2247,918,-27.0869140625,-0.029506442333877995
2248,927,53.517578125,0.057732015237324706
2249,919,36.72900390625,0.0399662719328074
2250,920,25.4971923828125,0.027714339546535325
2251,923,24.828125,0.026899377031419286
2252,929,25.063232421875,0.02697872165971475
2253,917,28.8468017578125,0.03145779908158397
2254,914,59.4808349609375,0.06507749995726203
2255,923,39.41552734375,0.042703713265167934
2256,870,-32.1673583984375,-0.03697397517061782
2257,916,22.7706298828125,0.0248587662476119
2258,916,-10.6591796875,-0.011636659047489083
2259,910,10.767333984375,0.011832235147664835
2260,923,-6.64404296875,-0.007198313075568797
2261,911,15.4044189453125,0.01690935120231888
2262,910,31.0272216796875,0.03409584799965659
2263,929,42.662353515625,0.045922877842438106
2264,902,4.4892578125,0.004977004226718404
2265,906,35.624755859375,0.03932092258209161
2266,927,7.7977294921875,0.008411790174959547
2267,811,-35.39697265625,-0.043646082190197284
2268,919,22.1119384765625,0.024060868853713276
2269,916,16.6669921875,0.018195406318231442
2270,924,56.678955078125,0.061340860474161256
2271,927,40.85595703125,0.044073308555825245
2272,875,-20.135986328125,-0.02301255580357143
2273,912,73.7286376953125,0.08084280449047423
2274,933,36.628662109375,0.03925901619439979
2275,926,19.58056640625,0.021145320093142548
2276,926,13.4259033203125,0.014498815680683045
2277,864,-9.126953125,-0.010563603153935185
2278,925,22.44384765625,0.024263619087837838
2279,904,38.1529541015625,0.042204595245091264
2280,936,33.8961181640625,0.03621380145733173
2281,920,63.2454833984375,0.06874509065047554
2282,912,0.3228759765625,0.0003540306760553728
2283,918,29.401611328125,0.0320278990502451
2284,927,41.421630859375,0.044683528435140236
2285,918,42.3931884765625,0.04617994387425109
2286,917,6.1077880859375,0.006660619504839149
2287,924,26.7059326171875,0.028902524477475648
2288,915,31.5501708984375,0.03448106109118852
2289,931,13.9613037109375,0.014996029764701933
2290,904,37.5482177734375,0.041535639129908736
2291,908,16.9039306640625,0.01861666372694108
2292,918,36.7593994140625,0.04004291875170207
2293,934,21.615966796875,0.023143433401365095
2294,924,45.757568359375,0.04952117787811147
2295,944,24.710205078125,0.0261760647014036
2296,892,17.6650390625,0.019803855451233185
2297,918,2.3619384765625,0.0025729177304602397
2298,886,-43.69677734375,-0.049319161787528217
2299,907,53.3323974609375,0.05880087922925854
2300,919,-38.14111328125,-0.04150284361398259
2301,905,41.26904296875,0.04560115245165746
2302,905,-29.67578125,-0.03279091850828729
2303,918,23.2452392578125,0.025321611391952614
2304,911,57.751953125,0.06339402099341383
2305,922,35.388916015625,0.03838277225122017
2306,906,-5.27685546875,-0.005824343784492274
2307,907,32.6866455078125,0.03603819791379548
2308,907,6.6192626953125,0.007297974305746968
2309,906,20.97705078125,0.023153477683498895
2310,906,26.962158203125,0.029759556515590507
2311,894,-40.041748046875,-0.04478942734549776
2312,910,35.9365234375,0.039490685096153846
2313,923,-36.588134765625,-0.039640449366874324
2314,834,-28.8580322265625,-0.034601957106190045
2315,896,6.341064453125,0.0070770808628627235
2316,866,20.84130859375,0.02406617620525404
2317,837,-2.439697265625,-0.002914811547939068
2318,914,11.30859375,0.012372640864332604
2319,894,14.8555908203125,0.016616991969029642
2320,885,-10.124267578125,-0.011439850370762712
2321,910,21.886962890625,0.024051607572115385
2322,913,13.697998046875,0.015003283731516976
2323,898,53.772705078125,0.05988051790437082
2324,910,27.664794921875,0.03040087354052198
2325,907,17.801025390625,0.019626268346885335
2326,884,-31.3109130859375,-0.035419584938843326
2327,900,38.0050048828125,0.042227783203125
2328,914,50.3804931640625,0.05512088967621718
2329,905,33.3973388671875,0.03690313686982044
2330,919,22.6258544921875,0.024620081057875408
2331,904,3.709716796875,0.004103669023091814
2332,922,10.4915771484375,0.011379150920214208
2333,907,47.137939453125,0.05197126731325799
2334,887,29.873291015625,0.033679020310738446
2335,899,20.8570556640625,0.023200284387166297
2336,898,43.6806640625,0.04864216488028953
2337,918,24.8990478515625,0.027123145807802288
2338,937,16.005126953125,0.017081245414220916
2339,919,63.544189453125,0.0691449286758705
2340,917,-40.9248046875,-0.04462901274536532
2341,903,9.54638671875,0.01057185683139535
2342,893,25.915771484375,0.02902102069918813
2343,908,1.1416015625,0.0012572704432819383
2344,904,10.1409912109375,0.011217910631568032
2345,885,16.330322265625,0.018452341543079096
2346,815,-15.8861083984375,-0.01949215754409509
2347,829,-16.74267578125,-0.020196231340470445
2348,870,-25.0322265625,-0.028772674209770116
2349,904,4.7138671875,0.0052144548534292035
2350,915,6.861083984375,0.007498452441939891
2351,911,42.318359375,0.04645264475850713
2352,912,11.054443359375,0.01212110017475329
2353,897,30.655517578125,0.03417560488085284
2354,904,37.6883544921875,0.041690657624101214
2355,898,26.30908203125,0.02929741874304009
2356,910,17.8067626953125,0.01956787109375
2357,871,-42.344482421875,-0.04861593848665327
2358,905,16.94140625,0.01871978591160221
2359,895,29.44384765625,0.03289815380586592
2360,899,33.615234375,0.03739180686874305
2361,890,17.078125,0.01918890449438202
2362,899,48.5146484375,0.053965126181868744
2363,898,27.2911376953125,0.030391021932419264
2364,910,30.4071044921875,0.033414400540865384
2365,858,-27.057373046875,-0.03153539982153263
2366,927,-27.809814453125,-0.029999799841558792
2367,909,34.4583740234375,0.03790800222600385
2368,909,34.170166015625,0.037590941711358634
2369,869,-12.818359375,-0.014750701237054084
2370,882,-10.729248046875,-0.012164680325255101
2371,915,23.328125,0.025495218579234973
2372,905,37.938232421875,0.04192069880870166
2373,887,3.591796875,0.004049376409244645
2374,878,-35.52197265625,-0.04045782762670843
2375,914,19.126220703125,0.020925843220049235
2376,878,20.144287109375,0.022943379395643507
2377,904,36.616943359375,0.0405054683178927
2378,899,-34.884033203125,-0.03880315150514461
2379,916,13.5291748046875,0.014769841489833515
2380,897,8.9970703125,0.010030178720735786
2381,906,23.9461669921875,0.02643064789424669
2382,880,20.3209228515625,0.023091957785866476
2383,907,-13.02734375,-0.01436311328555678
2384,789,-18.3455810546875,-0.023251687014813054
2385,896,20.222900390625,0.022570201328822544
2386,807,-24.060302734375,-0.029814501529584883
2387,897,34.2099609375,0.038138195025083615
2388,878,16.78515625,0.019117490034168565
2389,898,41.55712890625,0.04627742639894209
2390,897,26.3878173828125,0.02941785661406076
2391,903,32.0838623046875,0.035530301555578625
2392,895,29.8526611328125,0.033354928640013964
2393,898,14.744873046875,0.0164196804530902
2394,889,36.944091796875,0.04155690865790214
2395,814,-26.863525390625,-0.03300187394425676
2396,856,-47.867919921875,-0.0559204671984521
2397,898,24.73046875,0.02753949749443207
2398,894,-25.18408203125,-0.02817011412891499
2399,883,24.6898193359375,0.02796129030117497
2400,903,46.35302734375,0.051332256194629014
2401,890,26.823974609375,0.030139297313904495
2402,886,43.95703125,0.04961290208803612
2403,901,29.5087890625,0.032751153232519425
2404,899,20.2313232421875,0.022504252772177418
2405,808,-13.1064453125,-0.016220848159034653
2406,907,10.4227294921875,0.011491432736700662
2407,897,-11.33447265625,-0.012635978435061316
2408,904,24.440185546875,0.027035603481056415
2409,887,9.7020263671875,0.010938022961879932
2410,895,55.5380859375,0.06205372730446927
2411,893,46.8990478515625,0.05251853062884938
2412,894,23.769775390625,0.02658811564946868
2413,894,12.61474609375,0.014110454243568233
2414,894,29.0084228515625,0.03244790028138982
2415,882,-31.39111328125,-0.03559083138463719
2416,901,11.0120849609375,0.01222206987895394
2417,848,-20.64794921875,-0.024348996720224055
2418,860,25.786376953125,0.029984159247819768
2419,901,17.241943359375,0.019136452119173142
2420,885,34.8193359375,0.03934388241525424
2421,895,28.623046875,0.03198105796089386
2422,897,41.38623046875,0.04613849550585284
2423,890,15.256103515625,0.017141689343398877
2424,871,10.906982421875,0.012522367878157291
2425,901,7.4010009765625,0.008214207521157047
2426,893,16.914306640625,0.01894099287863942
2427,844,-17.4326171875,-0.020654759700829382
2428,901,32.5247802734375,0.036098535264636515
2429,867,-18.386962890625,-0.021207569654700116
2430,882,37.4288330078125,0.04243631860296202
2431,890,40.3642578125,0.04535309866573034
2432,867,28.9072265625,0.03334166846885813
2433,888,18.2376708984375,0.020537917678420607
2434,887,32.8392333984375,0.03702281104671646
2435,904,26.7239990234375,0.029561945822386616
2436,806,-30.830078125,-0.038250717276674936
2437,886,38.790771484375,0.04378190912457675
2438,899,-34.21484375,-0.038058780589543935
2439,904,22.4259033203125,0.024807415177336836
2440,881,33.591552734375,0.038128890731413165
2441,892,30.943359375,0.03468986477017937
2442,870,23.302490234375,0.026784471533764367
2443,935,24.12744140625,0.0258047501671123
2444,892,35.290771484375,0.03956364516185538
2445,870,11.5694580078125,0.013298227595186781
2446,892,17.8035888671875,0.019959180344380604
2447,887,-26.873291015625,-0.030296833163049604
2448,883,7.0728759765625,0.008010052068587202
2449,900,22.0823974609375,0.024535997178819446
2450,897,9.250244140625,0.010312423791109254
2451,891,22.3515625,0.025085928731762065
2452,883,35.4676513671875,0.04016721559137882
2453,889,17.614501953125,0.019813837967519687
2454,884,7.138916015625,0.008075696850254525
2455,876,25.577392578125,0.029197936733019406
2456,895,24.23388671875,0.027076968400837988
2457,843,-3.844970703125,-0.004561056587336892
2458,890,22.0479736328125,0.024773004081811798
2459,888,18.280029296875,0.020585618577561936
2460,924,0.6444091796875,0.000697412532129329
2461,882,39.56201171875,0.04485488857001134
2462,880,20.1929931640625,0.022946583140980113
2463,859,-34.42626953125,-0.04007714730064028
2464,876,-21.977783203125,-0.025088793610873288
2465,885,41.724609375,0.04714645127118644
2466,892,28.3787841796875,0.03181478047050168
2467,872,41.7001953125,0.047821324899655966
2468,870,-41.080078125,-0.04721848060344828
2469,875,67.962158203125,0.07767103794642857
2470,747,-7.3275146484375,-0.00980925655747992
2471,874,17.972412109375,0.020563400582808925
2472,907,-40.14794921875,-0.04426455261163175
2473,882,24.2191162109375,0.02745931543190193
2474,808,-26.404541015625,-0.03267888739557549
2475,854,-31.970458984375,-0.03743613464212529
2476,865,12.319580078125,0.01424228910765896
2477,891,14.175048828125,0.015909145710578002
2478,866,15.6419677734375,0.018062318445077944
2479,880,-34.28271484375,-0.03895763050426136
2480,876,24.49560546875,0.027963019941495432
2481,853,-42.228515625,-0.049505879982415006
2482,842,-29.101806640625,-0.03456271572520784
2483,806,-33.924072265625,-0.04208941968439826
2484,891,43.8516845703125,0.049216256532337264
2485,896,17.5789794921875,0.01961939675467355
2486,932,-29.8851318359375,-0.03206559209864539
2487,763,-27.266357421875,-0.03573572401294233
2488,886,19.04345703125,0.021493743827595935
2489,885,-35.931396484375,-0.0406004480049435
2490,789,-28.2197265625,-0.03576644684727503
2491,880,16.987060546875,0.019303477894176135
2492,888,-16.3499755859375,-0.018412134668848536
2493,798,-7.90625,-0.009907581453634086
2494,873,11.1885986328125,0.012816264184206758
2495,868,-5.547119140625,-0.006390690254176267
2496,868,-21.548583984375,-0.024825557585685484
2497,884,38.2518310546875,0.043271302098062785
2498,877,21.785400390625,0.024840821426026227
2499,873,18.11865234375,0.020754470038659795
2500,839,-51.662109375,-0.061575815703218115
2501,885,38.3114013671875,0.043289719058968924
2502,856,4.29443359375,0.005016861674941589
2503,871,24.3857421875,0.027997407792766934
2504,879,14.272216796875,0.016236879177332197
2505,861,29.788330078125,0.03459736362151568
2506,885,30.123291015625,0.03403761696680791
2507,850,-18.258056640625,-0.021480066636029412
2508,843,-52.663818359375,-0.06247190789961447
2509,869,42.5111083984375,0.04891957238025029
2510,866,13.1036376953125,0.015131221357173787
2511,884,19.33056640625,0.021867156568156108
2512,864,9.1295166015625,0.010566570140697338
2513,872,25.9764404296875,0.02978949590560493
2514,902,-23.68408203125,-0.026257297152161862
2515,868,32.0174560546875,0.03688647010908698
2516,877,19.570068359375,0.02231478718286773
2517,892,-27.0672607421875,-0.03034446271545684
2518,861,-4.3671875,-0.00507222706155633
2519,866,41.4664306640625,0.04788271439268187
2520,844,-26.2021484375,-0.03104519957049763
2521,861,24.885986328125,0.028903584585511035
2522,791,0.6558837890625,0.0008291830455910241
2523,888,30.4874267578125,0.03433268779032939
2524,861,60.28173828125,0.07001363331155633
2525,860,-35.53125,-0.041315406976744184
2526,867,23.697509765625,0.027332767895761247
2527,876,7.57080078125,0.008642466645262557
2528,842,-22.16455078125,-0.026323694514548693
2529,865,48.514404296875,0.05608601652817919
2530,874,-42.979736328125,-0.04917589968893021
2531,864,45.119873046875,0.052222075285734956
2532,862,19.9351806640625,0.023126659703088748
2533,874,17.673583984375,0.02022149197296911
2534,860,7.828369140625,0.009102754814680232
2535,879,-33.52392578125,-0.038138709648748575
2536,889,-2.4158935546875,-0.002717540556453881
2537,870,30.577392578125,0.03514642825071839
2538,870,28.5693359375,0.03283831716954023
2539,854,29.413818359375,0.03444241025687939
2540,876,26.5909423828125,0.030354957058005137
2541,861,23.98193359375,0.027853581409698024
2542,862,20.5885009765625,0.023884571898564386
2543,854,28.396240234375,0.03325086678498244
2544,863,12.6259765625,0.014630332053881808
2545,857,-19.5927734375,-0.02286204601808635
2546,851,16.7716064453125,0.019708115681918333
2547,864,11.0784912109375,0.01282232779043692
2548,852,-36.81494140625,-0.04321002512470657
2549,864,51.42578125,0.059520580150462965
2550,869,-6.7919921875,-0.007815871331990795
2551,789,-70.25244140625,-0.08903984969106464
2552,770,-24.118896484375,-0.0313232421875
2553,850,20.852783203125,0.02453268612132353
2554,855,23.5042724609375,0.02749037714729532
2555,888,-14.6004638671875,-0.01644196381440034
2556,823,-44.67919921875,-0.05428821290249089
2557,865,9.9554443359375,0.011509184203395953
2558,856,12.98974609375,0.01517493702540888
2559,829,9.18212890625,0.011076150670989144
2560,865,30.2012939453125,0.03491479068822254
2561,846,19.517333984375,0.02307013473330378
2562,862,-0.93994140625,-0.0010904192647911834
2563,862,-39.88330078125,-0.046268330372679814
2564,874,8.217529296875,0.009402207433495423
2565,854,19.9971923828125,0.023415916139124707
2566,867,32.250732421875,0.03719807661115917
2567,861,34.9996337890625,0.040649981171965735
2568,828,-26.06640625,-0.03148116696859903
2569,845,-40.256103515625,-0.04764035919008876
2570,824,-51.32373046875,-0.06228608066595874
2571,830,-41.32861328125,-0.04979350997740964
2572,853,-3.1221923828125,-0.0036602489833675264
2573,864,32.478271484375,0.0375905919958044
2574,850,9.524169921875,0.011204905790441177
2575,849,-44.860595703125,-0.052839335339369846
2576,864,31.3349609375,0.03626731589988426
2577,785,-16.803466796875,-0.021405690187101912
2578,844,-26.21875,-0.031064869668246446
2579,861,34.01904296875,0.039511083587398375
2580,855,19.3985595703125,0.02268837376644737
2581,858,-23.2933349609375,-0.0271484090453817
2582,862,20.18701171875,0.023418807098317864
2583,831,-41.224853515625,-0.04960872865899519
2584,868,8.6854248046875,0.010006249774985598
2585,814,-14.77587890625,-0.018152185388513514
2586,848,32.5035400390625,0.03832964627247936
2587,859,34.527587890625,0.040195096496653086
2588,833,-0.65087890625,-0.0007813672343937575
2589,807,-31.308837890625,-0.03879657731180297
2590,858,53.0506591796875,0.06183060510453089
2591,752,-7.5780029296875,-0.010077131555435504
2592,850,14.8792724609375,0.017505026424632354
2593,872,-42.170654296875,-0.04836084208357225
2594,865,-57.52783203125,-0.06650616419797688
2595,853,10.1943359375,0.011951155847010552
2596,857,21.007568359375,0.024512915238477245
2597,866,47.4404296875,0.05478109663683603
2598,856,8.533447265625,0.009968980450496495
2599,864,26.181884765625,0.030303107367621526
2600,857,17.43603515625,0.020345431920945158
2601,880,-15.62744140625,-0.017758456143465908
2602,859,-1.8876953125,-0.0021975498399301515
2603,867,-22.1251220703125,-0.0255191719380767
2604,873,-26.505126953125,-0.030360970163946163
2605,857,43.11865234375,0.05031347998103851
2606,860,-27.051025390625,-0.031454680686773255
2607,867,-11.5369873046875,-0.013306790432165514
2608,848,-58.708740234375,-0.06923200499336675
2609,855,-33.201171875,-0.03883177997076023
2610,842,-33.683837890625,-0.040004558064875295
2611,853,24.2225341796875,0.028396874771028723
2612,837,-29.0166015625,-0.034667385379330944
2613,864,-25.078125,-0.029025607638888888
2614,857,5.143310546875,0.006001529226225205
2615,822,-12.5968017578125,-0.015324576347703772
2616,858,31.488525390625,0.03669991304268648
2617,712,-15.7080078125,-0.022061808725421347
2618,830,-3.6328125,-0.004376882530120482
2619,855,10.6390380859375,0.01244331939875731
2620,808,-41.44580078125,-0.051294307897586634
2621,833,-26.450439453125,-0.03175322863520408
2622,841,-6.8948974609375,-0.008198451202065993
2623,807,-36.083984375,-0.0447137352850062
2624,851,21.9822998046875,0.02583113960597826
2625,821,-29.82470703125,-0.03632729236449452
2626,843,-22.2120361328125,-0.02634879731057236
2627,836,27.921875,0.03339937200956938
2628,850,-5.2470703125,-0.006173023897058824
2629,841,15.6700439453125,0.01863263251523484
2630,817,-18.922607421875,-0.023161086195685434
2631,799,-25.99755859375,-0.032537620267521904
2632,842,28.2252197265625,0.03352163863012173
2633,832,41.76171875,0.05019437349759615
2634,852,26.2579345703125,0.030819172030883215
2635,845,26.353515625,0.0311875924556213
2636,843,32.935546875,0.0390694506227758
2637,788,-41.7109375,-0.052932661802030455
2638,838,25.6524658203125,0.030611534391781027
2639,830,32.95947265625,0.039710208019578315
2640,837,23.506103515625,0.02808375569369773
2641,835,9.8101806640625,0.011748719358158683
2642,843,33.148681640625,0.03932227952624555
2643,854,-12.00537109375,-0.014057811585187353
2644,840,-2.318115234375,-0.0027596609933035715
2645,837,31.9283447265625,0.03814617052158005
2646,850,13.692138671875,0.0161083984375
2647,868,-28.656982421875,-0.03301495670722926
2648,852,15.076904296875,0.01769589706205986
2649,797,-44.65771484375,-0.056032264546737764
2650,848,-34.156494140625,-0.04027888459979363
2651,763,-18.80322265625,-0.024643804267693317
2652,752,-36.593994140625,-0.048662226250831116
2653,840,-25.621337890625,-0.030501592726934524
2654,837,-45.454345703125,-0.0543062672677718
2655,834,34.8984375,0.04184464928057554
2656,793,-65.07958984375,-0.08206757861759142
2657,821,-17.994384765625,-0.02191764283267357
2658,831,43.2645263671875,0.05206320862477437
2659,833,15.8707275390625,0.019052494044492798
2660,832,-0.5712890625,-0.0006866455078125
2661,828,16.8441162109375,0.020343135520455916
2662,823,36.8203125,0.04473914034021871
2663,840,-23.01123046875,-0.027394321986607142
2664,838,24.0863037109375,0.028742605860307278
2665,801,-26.6943359375,-0.03332626209425718
2666,824,24.0537109375,0.02919139676881068
2667,815,23.6298828125,0.028993721242331287
2668,710,-32.2298583984375,-0.04539416675836268
2669,842,-32.51220703125,-0.03861307248366983
2670,835,-8.23291015625,-0.009859772642215568
2671,832,-25.403564453125,-0.0305331303523137
2672,835,19.848388671875,0.023770525355538922
2673,822,-31.444580078125,-0.03825374705368005
2674,821,14.3677978515625,0.01750036279118453
2675,794,-32.054443359375,-0.04037083546520781
2676,823,-17.4224853515625,-0.021169484023769745
2677,747,-8.9063720703125,-0.011922854177125167
2678,786,-66.6259765625,-0.08476587348918575
2679,829,12.11669921875,0.014616042483413751
2680,817,-27.43798828125,-0.03358382898561812
2681,823,7.7213134765625,0.009381911879176792
2682,815,23.04638671875,0.028277775115030674
2683,812,-32.416259765625,-0.03992150217441502
2684,816,31.6004638671875,0.038726058660768996
2685,797,1.241943359375,0.0015582727219259724
2686,845,-9.84375,-0.01164940828402367
2687,849,-5.582763671875,-0.006575693370877503
2688,743,-5.54833984375,-0.007467482966016151
2689,810,-26.03662109375,-0.032143976658950614
2690,824,-60.28857421875,-0.07316574541110436
2691,819,27.9876708984375,0.03417298033997253
2692,800,-16.513671875,-0.02064208984375
2693,751,-15.01904296875,-0.019998725657456723
2694,751,-15.01904296875,-0.019998725657456723
2695,751,-15.01904296875,-0.019998725657456723
2696,751,-15.01904296875,-0.019998725657456723
2697,751,-15.0185546875,-0.019998075482689746
2698,751,-15.0189208984375,-0.01999856311376498
2699,751,-15.0185546875,-0.019998075482689746
2700,788,-32.4619140625,-0.0411953224143401
2701,803,-24.8876953125,-0.030993393913449564
2702,814,-20.318115234375,-0.024960829526259214
2703,806,-45.4835205078125,-0.05643116688314206
2704,778,-8.28466796875,-0.010648673481683805
2705,778,-13.452392578125,-0.017290993031009
2706,804,-19.0784912109375,-0.02372946668027052
2707,808,-39.51318359375,-0.0489024549427599
2708,798,-5.922607421875,-0.007421813811873433
2709,830,-15.067138671875,-0.018153179122740965
2710,805,-24.0302734375,-0.029851271350931678
2711,823,24.4873046875,0.02975371164945322
2712,814,17.2994384765625,0.02125238142083845
2713,802,-22.087890625,-0.02754101075436409
2714,827,-20.057373046875,-0.02425317176163845
2715,795,-13.071533203125,-0.01644218012971698
2716,795,-13.0712890625,-0.016441873034591194
2717,805,-23.36181640625,-0.029020889945652172
2718,759,-33.63330078125,-0.04431264925065876
2719,818,18.9078369140625,0.023114715053866138
2720,790,-3.86328125,-0.004890229430379747
2721,804,-33.64404296875,-0.041845824587997515
2722,816,14.046142578125,0.01721341002221201
2723,698,-1.12451171875,-0.0016110483076647564
2724,810,-30.890869140625,-0.038136875482253085
2725,702,-8.220703125,-0.011710403311965812
2726,680,-19.20166015625,-0.028237735523897058
2727,748,2.9130859375,0.00389449991644385
2728,797,29.4710693359375,0.03697750230356023
2729,783,11.844970703125,0.01512767650462963
2730,795,-50.146240234375,-0.06307703174135221
2731,789,-11.699462890625,-0.01482821659141318
2732,790,-7.9521484375,-0.010066010680379748
2733,712,-1.376953125,-0.0019339229283707865
2734,789,-21.149169921875,-0.026805031586660328
2735,802,-33.669921875,-0.04198244622817955
2736,652,-30.1654052734375,-0.04626595900833973
2737,720,-13.9765625,-0.01941189236111111
2738,766,-17.76611328125,-0.023193359375
2739,825,-17.902099609375,-0.0216995146780303
2740,795,-22.406494140625,-0.02818426935927673
2741,789,-73.177734375,-0.09274744534220532
2742,773,-48.32177734375,-0.06251200173835705
2743,747,-38.2034912109375,-0.05114255851531124
2744,788,-2.173583984375,-0.0027583553101205582
2745,796,-36.6578369140625,-0.04605255893726445
2746,771,-16.033447265625,-0.020795651446984437
2747,784,44.88037109375,0.05724537129304847
2748,773,-38.399169921875,-0.04967551089505175
2749,787,-51.2762451171875,-0.0651540598693615
2750,810,-24.201171875,-0.029877989969135803
2751,804,-46.479248046875,-0.057810010008550995
2752,802,-39.642333984375,-0.04942934412016833
2753,772,-23.85498046875,-0.03090023376781088
2754,775,-25.399169921875,-0.03277312247983871
2755,867,8.7745361328125,0.010120572240844868
2756,716,-15.4385986328125,-0.021562288593313546
2757,790,-46.3876953125,-0.05871860166139241
2758,681,-40.841552734375,-0.05997291150422173
2759,813,-22.15478515625,-0.027250658248769988
2760,788,-25.066650390625,-0.03181047003886421
2761,755,-20.31982421875,-0.026913674461920528
2762,794,-49.1627197265625,-0.06191778303093514
2763,754,-9.68212890625,-0.012841019769562334
2764,780,-20.39990234375,-0.026153720953525642
2765,713,-22.217041015625,-0.031159945323457224
2766,792,-26.17431640625,-0.033048379300820704
2767,714,-28.955078125,-0.04055333070728291
2768,769,20.2005615234375,0.026268610563637843
2769,773,-19.401123046875,-0.0250984774215718
2770,748,-52.50927734375,-0.07019956864137701
2771,763,-28.9964599609375,-0.03800322406413827
2772,715,-32.90380859375,-0.04601931271853147
2773,791,-21.0618896484375,-0.026626914852639065
2774,735,-57.9549560546875,-0.0788502803465136
2775,747,-22.75537109375,-0.030462344168340028
2776,751,-56.0252685546875,-0.07460089021929095
2777,754,-39.710693359375,-0.0526667020681366
2778,691,-24.4361572265625,-0.0353634692135492
2779,750,-30.682373046875,-0.040909830729166666
2780,750,-12.762451171875,-0.0170166015625
2781,740,-10.8115234375,-0.014610166807432432
2782,766,-12.124267578125,-0.01582802555890992
2783,740,-32.63330078125,-0.044099055109797294
2784,748,-19.20703125,-0.02567784926470588
2785,783,-18.66845703125,-0.023842218430715198
2786,761,1.502197265625,0.001973978010019711
2787,749,-37.687744140625,-0.05031741540804406
2788,766,-23.50634765625,-0.030687137932441252
2789,738,-8.4375,-0.011432926829268292
2790,642,-26.1915283203125,-0.04079677308459891
2791,779,-22.25830078125,-0.028572914995186136
2793,748,-36.397705078125,-0.04866003352690508
2794,724,-29.495361328125,-0.04073944934823895
2795,762,5.6929931640625,0.007471119637877297
2796,732,-20.796630859375,-0.028410697895321038
2797,740,-23.7506103515625,-0.03209541939400338
2798,763,-37.5252685546875,-0.04918121697862057
2799,763,-37.5252685546875,-0.04918121697862057
2800,763,-37.5252685546875,-0.04918121697862057
2801,1040,29.0556640625,0.027938138521634615
2802,740,-33.822021484375,-0.04570543443834459
2803,768,-25.917236328125,-0.03374640146891276
2804,757,-21.25244140625,-0.028074559321334215
2805,741,-48.69091796875,-0.06570974084851552
2806,753,-27.938720703125,-0.03710321474518592
2807,754,-34.86474609375,-0.046239716304708224
2808,645,-26.0213623046875,-0.040343197371608526
2809,705,9.7978515625,0.013897661790780141
2810,739,-27.77099609375,-0.03757915574255751
2811,774,-11.902099609375,-0.015377389676195091
2812,748,-29.45849609375,-0.03938301616811497
2813,742,-44.023681640625,-0.05933110733237871
2814,747,-30.7421875,-0.04115420013386881
2815,762,-23.79638671875,-0.031228853961614175
2816,731,-24.65087890625,-0.03372213256668947
2817,690,-5.6318359375,-0.008162081068840579
2819,748,-23.257080078125,-0.03109235304562166
2820,679,-34.97509765625,-0.051509716724963184
2821,720,-16.519287109375,-0.02294345431857639
2822,711,-26.203125,-0.036853902953586495
2823,746,-22.936767578125,-0.030746337236092495
2824,643,-21.1490478515625,-0.03289120972249222
2825,684,-22.9774169921875,-0.03359271490085892
2826,673,-33.484130859375,-0.04975353768109213
2827,739,-23.726318359375,-0.032105978835419484
2828,720,-36.681640625,-0.05094672309027778
2829,707,-42.870849609375,-0.06063769393122348
2830,743,-26.8897705078125,-0.03619080822047443
2831,733,-21.83740234375,-0.029791817658594816
2832,723,-12.350830078125,-0.017082752528526972
2833,728,0.13427734375,0.0001844469007554945
2834,741,-9.2679443359375,-0.012507347281966936
2835,699,-10.265625,-0.014686158798283262
2836,713,-18.5185546875,-0.025972727471949508
2837,713,-15.710205078125,-0.022033948216164095
2838,716,-36.73876953125,-0.05131113063023743
2839,743,34.107666015625,0.045905337840679676
2840,762,-30.348876953125,-0.03982792251066273
2841,705,-27.7724609375,-0.039393561613475174
2842,705,-27.7724609375,-0.039393561613475174
2843,739,15.277587890625,0.02067332596836942
2844,712,-20.13623046875,-0.0282812225684691
2846,716,-30.8798828125,-0.043128327950418995
2847,731,-31.8309326171875,-0.043544367465372776
2848,733,-16.3095703125,-0.02225043698840382
2849,698,-14.39697265625,-0.0206260353241404
2850,688,-22.1083984375,-0.032134300054505814
2851,711,-35.64404296875,-0.05013226859177215
2852,735,-13.8775634765625,-0.018881038743622448
2853,617,-30.81982421875,-0.049951092737034034
2854,720,-9.3114013671875,-0.012932501898871528
2855,710,-20.481689453125,-0.028847449933978874
2856,718,-56.5860595703125,-0.07881066792522633
2857,690,-13.659423828125,-0.019796266417572463
2858,734,-24.1226806640625,-0.03286468755321866
2859,629,-24.344970703125,-0.03870424595091415
2860,700,-17.125,-0.024464285714285713
2861,716,-25.5263671875,-0.035651350820530725
2862,724,-35.282470703125,-0.04873269434133287
2863,689,-22.265380859375,-0.03231550197296807
2864,712,-10.46484375,-0.014697814255617978
2865,707,-7.744140625,-0.010953522807637906
2866,680,-1.741943359375,-0.002561681410845588
2867,738,-32.38916015625,-0.04388775088922764
2868,729,-27.859619140625,-0.03821621281292867
2869,712,-28.634521484375,-0.04021702455670646
2870,674,-23.300537109375,-0.034570529835867954
2871,723,-22.95849609375,-0.031754489756224066
2872,721,-12.83251953125,-0.01779822403779473
2873,703,-20.6195068359375,-0.029330735186255334
2874,709,-12.2491455078125,-0.017276650927803245
2875,709,-28.1767578125,-0.03974154839562764
2876,695,-25.8740234375,-0.037228810701438846
2877,702,-20.752197265625,-0.02956153456641738
2878,699,-14.8358154296875,-0.021224342531741772
2879,723,-27.9248046875,-0.0386235196230982
2880,709,-10.3546142578125,-0.014604533508903386
2881,698,-23.140380859375,-0.03315240810798711
2882,700,-17.109130859375,-0.024441615513392856
2883,690,-16.93408203125,-0.02454214787137681
2884,701,-0.8642578125,-0.001232892742510699
2885,699,-13.0888671875,-0.018725131884835478
2886,718,-28.029052734375,-0.03903767790302925
2887,683,-21.5953369140625,-0.03161835565748536
2888,698,-17.66552734375,-0.02530877842944126
2889,714,-18.81878662109375,-0.026356844007134103
2890,685,-24.425537109375,-0.03565771840784671
2891,727,-10.741943359375,-0.014775713011519946
2892,706,-16.812744140625,-0.023814085185021247
2893,708,-7.111083984375,-0.01004390393273305
2894,696,-41.203125,-0.05919989224137931
2895,732,-21.7510986328125,-0.029714615618596313
2896,691,-18.239501953125,-0.02639580601031114
2897,704,-5.0113525390625,-0.0071183984929865055
2898,699,-5.82568359375,-0.008334311292918456
2899,734,-19.5228271484375,-0.02659785715045981
2900,650,-6.0811767578125,-0.009355656550480769
2901,650,-6.0810546875,-0.00935546875
2902,694,-19.539306640625,-0.028154620519632564
2903,736,3.1121826171875,0.004228508990743886
2904,679,-31.4658203125,-0.04634141430412371
2905,701,-25.35400390625,-0.036168336528174035
2906,640,-16.4814453125,-0.02575225830078125
2908,739,-11.947998046875,-0.016167791673714477
2909,677,-22.8790283203125,-0.033794724254523636
2910,679,-30.716796875,-0.04523828700294551
2911,683,-33.607421875,-0.04920559571742313
2912,699,-37.56298828125,-0.053738180659871244
2913,674,-72.847900390625,-0.10808293826502226
2914,683,-15.8914794921875,-0.023267173487829428
2915,674,-24.713134765625,-0.03666637205582344
2916,683,-22.126953125,-0.03239671028550512
2917,659,-18.7900390625,-0.028512957606221547
2918,706,-21.8233642578125,-0.030911280818431305
2919,679,-35.41064453125,-0.05215117014911635
2920,717,-20.005859375,-0.027902174860529986
2921,689,4.4449462890625,0.00645130085495283
2922,712,-3.5390625,-0.004970593398876405
2923,718,-40.19580078125,-0.05598300944463788
2924,602,-17.294189453125,-0.028727889457018273
2925,706,-29.132080078125,-0.04126356951575779
2926,668,-15.90478515625,-0.02380955861714072
2927,692,-9.947265625,-0.014374661307803469
2929,668,-51.90771484375,-0.07770615994573353
2930,663,-17.5504150390625,-0.026471214236896683
2931,681,6.3179931640625,0.009277523001560206
2932,703,-19.8922119140625,-0.028296176264669275
2933,692,-13.068603515625,-0.018885265195989886
2934,724,-12.496337890625,-0.01726013520804558
2935,699,-57.528076171875,-0.08230053815718884
2936,654,-14.9403076171875,-0.022844507059919725
2937,703,-18.4052734375,-0.02618104329658606
2938,692,-19.2303466796875,-0.027789518323247834
2939,690,17.898681640625,0.025940118319746377
2940,693,-72.3436279296875,-0.10439195949449856
2941,652,-17.9554443359375,-0.027539025055118866
2942,707,-20.4744873046875,-0.028959670869430694
2943,643,-16.1142578125,-0.0250610541407465
2944,676,-16.417724609375,-0.02428657486593935
2945,667,-16.696044921875,-0.025031551607008994
2946,601,-13.2833251953125,-0.02210203859452995
2947,669,-38.621337890625,-0.057729952003923765
2948,666,-17.7034912109375,-0.02658181863504129
2949,693,-9.4598388671875,-0.013650561135912698
2950,694,-26.260009765625,-0.03783863078620317
2951,688,-31.756591796875,-0.0461578369140625
2952,672,-14.5499267578125,-0.02165167672293527
2953,675,-22.619873046875,-0.03351092303240741
2954,616,-23.1558837890625,-0.03759072043678977
2955,620,-18.161865234375,-0.029293331023185484
2956,619,-20.4595947265625,-0.03305265707037561
2957,677,-12.7689208984375,-0.018861035300498524
2958,686,-6.4635009765625,-0.009422013085368075
2959,680,-28.47119140625,-0.041869399126838236
2960,711,-12.514404296875,-0.017601131219233474
2961,695,-19.138427734375,-0.0275373060926259
2962,659,-27.33251953125,-0.041475750426783003
2963,659,-27.33251953125,-0.041475750426783003
2964,659,-27.33251953125,-0.041475750426783003
2965,659,-27.3326416015625,-0.04147593566246206
2966,652,-28.725830078125,-0.04405802159221626
2967,659,-27.33251953125,-0.041475750426783003
2968,661,-27.2607421875,-0.041241667454614224
2969,666,-23.23388671875,-0.03488571579391892
2970,681,-30.09375,-0.04419052863436124
2971,708,-26.4669189453125,-0.037382653877560026
2972,663,-38.231201171875,-0.05766395350207391
2973,677,-32.869140625,-0.04855116783604136
2974,662,-14.290771484375,-0.021587268103285498
2975,648,-9.839111328125,-0.015183813777970678
2976,651,3.026123046875,0.004648422499039939
2977,631,-31.733642578125,-0.05029103419671157
2978,646,-7.2601318359375,-0.011238594173277864
2979,670,-10.2095947265625,-0.015238201084421641
2980,628,-33.8470458984375,-0.05389656990197054
2981,663,-3.061279296875,-0.00461731417326546
2982,650,-30.962158203125,-0.04763408954326923
2983,652,-12.4168701171875,-0.019044279320839724
2984,685,-25.53515625,-0.037277600364963505
2985,668,-24.9228515625,-0.03730965802769461
2986,722,-39.3480224609375,-0.054498646067780473
2987,662,-15.783935546875,-0.023842802940898793
2988,650,7.8292236328125,0.012044959435096154
2989,671,-41.1192626953125,-0.06128057033578614
2990,657,-29.1610107421875,-0.04438510006421233
2991,662,-19.51904296875,-0.02948495916729607
2992,639,-24.3310546875,-0.03807676789906103
2993,626,-13.84814453125,-0.022121636631389777
2994,589,-22.257080078125,-0.037787911847410864
2995,572,-11.4632568359375,-0.02004065880408654
2996,572,-22.49609375,-0.03932883522727273
2997,706,-39.951171875,-0.05658806214589235
2998,640,-7.4737548828125,-0.011677742004394531
2999,670,-20.700439453125,-0.030896178288246267
3000,653,-9.932861328125,-0.01521111995118683
3001,632,-25.502197265625,-0.04035157795193829
3002,653,-33.705810546875,-0.05161686148066616
3003,648,-23.7220458984375,-0.036608095522280094
3004,572,-18.5533447265625,-0.03243591735413025
3005,618,4.70947265625,0.007620505916262136
3006,632,-22.6865234375,-0.03589639784414557
3007,672,-33.475830078125,-0.049815223330543154
3008,666,-7.573974609375,-0.01137233424831081
3009,662,-13.654541015625,-0.020626194887651057
3010,603,10.755859375,0.017837246061359866
3011,670,-23.138916015625,-0.034535695545708955
3012,652,-8.63330078125,-0.013241258866947853
3013,648,-13.774658203125,-0.021257188585069444
3014,640,-24.18701171875,-0.037792205810546875
3015,564,-12.3424072265625,-0.02188370075631649
3016,660,-15.064453125,-0.022824928977272726
3017,647,-22.660400390625,-0.035023802767581144
3018,651,-6.480224609375,-0.009954262072772658
3019,648,1.21923828125,0.001881540557484568
3020,630,-15.91650390625,-0.02526429191468254
3021,643,-16.55908203125,-0.025752849193234836
3022,673,-37.234619140625,-0.05532632858933878
3023,666,-14.84130859375,-0.022284247137762763
3024,666,-25.157958984375,-0.03777471318975225
3025,649,-48.18701171875,-0.07424809201656395
3026,626,-25.287353515625,-0.04039513341154154
3027,617,-12.025146484375,-0.01948970256786872
3028,596,-21.4219970703125,-0.035942948104551176
3029,614,-23.76904296875,-0.03871179636604234
3030,639,-15.435302734375,-0.02415540334017997
3031,633,-11.297119140625,-0.017846949669233808
3032,653,-22.552490234375,-0.034536738490620215
3033,633,-30.19580078125,-0.04770268685821485
3034,629,-32.015869140625,-0.050899632973966616
3035,626,0.81298828125,0.0012987033246805112
3036,649,-35.899658203125,-0.055315343918528506
3037,647,-24.4041748046875,-0.03771897187741499
3038,555,1.8720703125,0.003373099662162162
3039,610,-8.6669921875,-0.014208183913934426
3040,675,-26.550048828125,-0.0393334056712963
3041,617,-1.67724609375,-0.0027183891308752025
3042,652,-33.0595703125,-0.05070486244248466
3043,656,-34.713623046875,-0.05291710830316311
3044,621,-10.531494140625,-0.01695892776268116
3045,629,-11.7398681640625,-0.01866433730375596
3046,576,-23.431640625,-0.040679931640625
3047,603,-51.079833984375,-0.08470950909514925
3048,637,-24.03125,-0.037725667189952905
3049,640,-28.985595703125,-0.04528999328613281
3050,641,-37.8306884765625,-0.059018234752827615
3051,652,9.4764404296875,0.014534417836944018
3052,632,-24.02001953125,-0.03800636001780063
3053,634,-32.88812255859375,-0.051874010344785094
3054,613,-22.3446044921875,-0.0364512308192292
3055,647,-18.587158203125,-0.028728219788446675
3056,653,-29.12841796875,-0.044607071927641656
3057,604,-39.1339111328125,-0.06479124359737169
3058,636,-24.5592041015625,-0.03861510078862028
3059,631,-49.7041015625,-0.0787703669770206
3060,637,-16.0203857421875,-0.025149742138441917
3061,609,-5.1815185546875,-0.008508240648091133
3062,598,-17.9298095703125,-0.029982959147679764
3063,635,-6.0028076171875,-0.009453240342027559
3064,567,-12.5062255859375,-0.022056835248567018
3065,638,-26.006591796875,-0.040762683067202196
3066,640,-11.22705078125,-0.017542266845703126
3067,614,-11.1494140625,-0.018158654824918567
3068,641,-25.6024169921875,-0.039941368162539
3069,604,-14.8818359375,-0.02463880122102649
3070,665,-5.0325927734375,-0.0075678086818609025
3071,562,-23.3858642578125,-0.04161185810998665
3072,637,-6.0147705078125,-0.009442339886675824
3073,554,1.01953125,0.0018403091155234656
3074,597,-20.211181640625,-0.03385457561243719
3075,600,-23.552978515625,-0.03925496419270833
3076,621,-38.0068359375,-0.061202634359903384
3077,593,-30.016357421875,-0.050617803409569985
3078,624,-3.5885009765625,-0.005750802847055288
3079,669,-15.60498046875,-0.023325830297085202
3080,626,-15.680419921875,-0.02504859412440096
3081,617,-18.861083984375,-0.030569017802876824
3082,584,-12.00146484375,-0.02055045349957192
3083,607,-21.1319580078125,-0.03481376937036656
3084,520,-24.478759765625,-0.047074538010817304
3085,629,-19.4053955078125,-0.0308511852270469
3086,652,-9.8856201171875,-0.015161994044766104
3087,605,-19.8099365234375,-0.03274369673295455
3088,570,-29.3529052734375,-0.051496325041118424
3089,571,-21.9295654296875,-0.0384055436596979
3090,630,-40.218017578125,-0.06383812313988095
3091,631,-21.6988525390625,-0.03438803888916402
3092,629,-29.8980712890625,-0.047532704752086645
3093,619,-27.1591796875,-0.04387589610258481
3094,555,-17.6014404296875,-0.03171430708051802
3095,554,-20.681884765625,-0.037331921959611915
3096,632,-7.6546630859375,-0.012111808680280854
3097,538,-13.655517578125,-0.025382002933317844
3098,570,-12.0738525390625,-0.021182197436951756
3099,622,-21.359130859375,-0.0343394386806672
3100,641,-21.0875244140625,-0.0328978540000975
3101,622,-28.067626953125,-0.045124802175442125
3102,636,-5.8660888671875,-0.009223410168533805
3103,618,-23.84521484375,-0.03858449003843042
3104,630,-11.429443359375,-0.018141973586309524
3105,624,-11.841796875,-0.018977238581730768
3106,604,-9.318115234375,-0.015427343103269868
3107,619,4.839599609375,0.007818416170234248
3108,540,-14.259765625,-0.02640697337962963
3109,615,-29.3935546875,-0.04779439786585366
3110,604,-13.4857177734375,-0.02232734730701573
3111,615,-14.4996337890625,-0.023576640307418698
3112,581,-19.900634765625,-0.03425238341759897
3113,615,-23.7945556640625,-0.038690334413109755
3114,666,-11.6900634765625,-0.017552647862706456
3115,581,-14.5963134765625,-0.025122742644685888
3116,572,7.22149658203125,0.012624994024530158
3117,596,-13.7174072265625,-0.023015783937185404
3118,591,-24.4000244140625,-0.041285997316518615
3119,620,-24.656005859375,-0.03976775138608871
3120,794,-24.28607177734375,-0.03058699216290145
3121,617,-43.716552734375,-0.0708534079973663
3122,558,-17.53125,-0.03141801075268817
3123,602,-14.996826171875,-0.02491167138185216
3124,618,-30.65869140625,-0.04960953301982201
3125,597,-5.1973876953125,-0.00870584203569933
3126,588,-20.5478515625,-0.034945325786564625
3127,612,-33.8828125,-0.0553640727124183
3128,584,5.92706298828125,0.010149080459385703
3129,613,-21.19677734375,-0.03457875586256118
3130,612,-26.09716796875,-0.04264243132148693
3131,601,-11.5076904296875,-0.019147571430428452
3132,582,-8.1861572265625,-0.01406556224495275
3133,603,-6.62939453125,-0.010994020781509121
3134,567,-34.7923583984375,-0.06136218412422839
3135,626,-33.71044921875,-0.053850557857428115
3136,547,-11.4139404296875,-0.02086643588608318
3137,595,-19.104736328125,-0.03210880055147059
3138,592,-24.4697265625,-0.04133399757179054
3139,598,-22.4810791015625,-0.0375937777618102
3140,580,-27.7569580078125,-0.04785682415140086
3141,614,-27.6669921875,-0.04506024786237785
3142,598,-31.7979736328125,-0.05317386895119147
3143,667,-15.07122802734375,-0.022595544268881183
3144,597,-16.76708984375,-0.028085577627721944
3145,652,-4.595703125,-0.007048624424846626
3146,598,-29.142822265625,-0.04873381649770067
3147,589,-6.7828369140625,-0.0115158521461163
3148,594,-12.5068359375,-0.021055279356060608
3149,548,-18.6290283203125,-0.03399457722684763
3150,592,-11.0460205078125,-0.018658818425358954
3151,593,-2.3099365234375,-0.0038953398371627318
3152,579,-35.2232666015625,-0.06083465734294041
3153,605,-10.509765625,-0.017371513429752065
3154,532,-6.1788330078125,-0.011614347759046052
3155,600,1.1016845703125,0.0018361409505208333
3156,559,-26.003662109375,-0.046518179086538464
3157,620,-24.0247802734375,-0.03874964560231855
3158,590,-28.951416015625,-0.04907019663665254
3159,603,-21.5042724609375,-0.03566214338463931
3160,587,-14.4471435546875,-0.02461182888362436
3161,586,-26.18798828125,-0.04468939979735495
3162,525,-11.07421875,-0.02109375
3163,518,-12.4114990234375,-0.023960422825168918
3164,579,-13.654541015625,-0.023582972393134716
3165,591,-27.57958984375,-0.04666597266285956
3166,606,-15.568115234375,-0.025689959132632015
3167,598,-13.17919921875,-0.022038794680183948
3168,601,-6.6322021484375,-0.011035278117200498
3169,537,-12.0460205078125,-0.022432067984753258
3170,613,-15.2957763671875,-0.02495232686327488
3171,561,-19.43402099609375,-0.034641748656138595
3172,547,-13.768310546875,-0.025170586008912248
3173,585,-24.978271484375,-0.0426978999732906
3174,597,-24.467529296875,-0.04098413617567002
3175,588,-31.32666015625,-0.05327663291879252
3176,581,-11.787109375,-0.020287623709122203
3177,594,7.247802734375,0.012201688105008417
3178,592,-16.2161865234375,-0.027392206965266046
3179,585,-10.27880859375,-0.01757061298076923
3180,594,-25.361572265625,-0.042696249605429296
3181,580,-12.6187744140625,-0.021756507610452586
3182,599,4.727783203125,0.0078927933274207
3183,594,-21.15087890625,-0.03560754024621212
3184,576,-3.225341796875,-0.005599551730685764
3185,591,9.4058837890625,0.015915200996721657
3186,553,-8.739013671875,-0.015802918032323688
3187,569,-16.89447021484375,-0.02969151180113137
3188,570,0.8963623046875,0.0015725654468201754
3189,553,-15.4197998046875,-0.02788390561426311
3190,553,-8.7388916015625,-0.0158026972903481
3191,584,-14.319580078125,-0.024519828900898974
3192,583,-29.520263671875,-0.05063510063786449
3193,558,-3.466796875,-0.006212897625448029
3194,574,-8.4759521484375,-0.01476646715755662
3195,568,-8.0675048828125,-0.014203353666923416
3196,573,-50.773681640625,-0.08861026464332461
3197,632,-12.36279296875,-0.019561381279667722
3198,598,-9.447021484375,-0.015797694789924748
3199,624,-13.15087890625,-0.021075126452323716
3200,586,-22.802734375,-0.03891251599829351
3201,609,0.0548095703125,8.999929443760263e-05
3202,619,-13.57861328125,-0.021936370405896608
3203,587,-0.6669921875,-0.0011362728918228278
3204,575,-15.839599609375,-0.027547129755434784
3205,585,-24.112548828125,-0.041218032184829057
3206,534,-30.975830078125,-0.05800717243094569
3207,568,-31.960205078125,-0.05626796668683979
3208,564,-6.207763671875,-0.011006673177083334
3209,504,-4.7364501953125,-0.009397718641493056
3210,579,-15.235595703125,-0.026313636792962003
3211,560,-12.065673828125,-0.021545846121651786
3212,554,-22.61376953125,-0.04081907857626354
3213,561,-12.751953125,-0.022730754233511587
3214,549,-6.817138671875,-0.012417374630009108
3215,576,-24.546630859375,-0.04261567857530382
3216,574,-21.8145751953125,-0.03800448640298345
3217,580,-6.1337890625,-0.01057549838362069
3218,555,-18.593505859375,-0.03350181235923423
3219,593,3.771240234375,0.006359595673482293
3220,538,-11.771240234375,-0.021879628688429367
3221,543,-19.638916015625,-0.036167432809622466
3222,570,-15.3134765625,-0.026865748355263157
3223,565,-11.39599609375,-0.020169904590707964
3224,633,-2.039794921875,-0.003222424837085308
3225,565,-29.2950439453125,-0.05184963530143805
3226,581,-22.349853515625,-0.03846790622310671
3227,520,-2.3828125,-0.004582331730769231
3228,522,-30.102294921875,-0.05766723165110153
3229,560,-33.3564453125,-0.05956508091517857
3230,507,-15.49884033203125,-0.03056970479690582
3231,579,-20.5458984375,-0.035485144106217614
3232,602,-5.2142333984375,-0.008661517273151993
3233,543,-36.503662109375,-0.0672258970706722
3234,559,-34.37060546875,-0.06148587740384615
3235,516,-19.7205810546875,-0.038218180338541664
3236,583,-24.9874267578125,-0.04286008020207976
3237,545,-26.8089599609375,-0.049190752221903666
3238,547,-7.3499755859375,-0.013436884069355576
3239,556,-15.29248046875,-0.027504461274730215
3240,563,-34.802734375,-0.06181657970692717
3241,573,-24.7493896484375,-0.04319265209151396
3242,546,-47.33642578125,-0.08669675051510989
3243,556,-23.9453125,-0.04306710881294964
3244,616,-8.1031494140625,-0.013154463334517046
3245,558,-12.4063720703125,-0.022233641703068997
3246,605,13.32861328125,0.022030765754132233
3247,523,-48.637939453125,-0.09299797218570746
3248,557,-22.1728515625,-0.039807632966786355
3249,545,-36.528564453125,-0.06702488890481652
3250,550,-15.278564453125,-0.02777920809659091
3251,538,-29.104248046875,-0.05409711532876394
3252,547,-24.090576171875,-0.04404127270909507
3253,565,1.6268310546875,0.0028793469994469025
3254,512,-12.155517578125,-0.02374124526977539
3255,617,-29.8486328125,-0.04837703859400324
3256,540,-21.9935302734375,-0.040728759765625
3257,513,-2.5267333984375,-0.0049254062347709555
3258,483,-6.6846923828125,-0.013839942821557972
3259,519,0.9835205078125,0.0018950298801782273
3260,490,-22.3243408203125,-0.04555987922512755
3261,531,-11.9619140625,-0.022527145127118644
3262,540,-24.27001953125,-0.04494448061342592
3263,534,9.4619140625,0.017718940191947564
3264,527,-9.4224853515625,-0.01787947884546964
3265,537,-12.2037353515625,-0.02272576415560987
3266,528,-14.2867431640625,-0.02705822568951231
3267,506,-12.138671875,-0.023989470108695652
3268,481,-13.6063232421875,-0.02828757430808212
3269,543,-24.359619140625,-0.04486117705455801
3270,433,-19.4635009765625,-0.04495034867566397
3271,536,-9.23779296875,-0.017234688374533583
3272,517,-21.87841796875,-0.042318023150386845
3273,548,-21.58837890625,-0.03939485201870438
3274,554,-23.240234375,-0.0419498815433213
3275,516,-21.403564453125,-0.04147977607194767
3276,530,-9.90771484375,-0.018693801591981134
3277,531,-12.7291259765625,-0.023971988656426555
3278,550,-13.2060546875,-0.02401100852272727
3279,465,-11.11285400390625,-0.02389861076108871
3280,533,-6.0634765625,-0.011376128635084427
3281,558,-16.4368896484375,-0.029456791484655017
3282,545,-26.906005859375,-0.04936881809059633
3283,522,-14.944091796875,-0.028628528346503833
3284,567,-18.471435546875,-0.03257748773699295
3285,514,-14.7362060546875,-0.028669661584995135
3286,544,-30.3802490234375,-0.05584604599896599
3287,536,-19.101806640625,-0.03563769895638993
3288,546,-18.7733154296875,-0.03438336159283425
3289,524,-0.3072509765625,-0.0005863568255009542
3290,535,-5.2742919921875,-0.009858489705023364
3291,551,-22.574462890625,-0.04096998709732305
3292,530,-19.16650390625,-0.03616321491745283
3293,547,-10.139892578125,-0.01853728076439671
3294,541,2.4510498046875,0.0045305911362061
3295,529,-1.2657470703125,-0.0023927165790406427
3296,524,-22.155517578125,-0.0422815220956584
3297,538,-9.0919189453125,-0.016899477593517658
3298,546,-20.997314453125,-0.03845661987751831
3299,533,-3.15673828125,-0.005922585893527205
3300,517,-24.81884765625,-0.048005508039168275
3301,536,-26.154296875,-0.04879532999067164
3302,495,-26.834716796875,-0.05421154908459596
3303,509,-4.2713623046875,-0.008391674468934185
3304,540,-27.03857421875,-0.05007143373842592
3305,539,-14.72021484375,-0.027310231621057515
3306,530,-9.5103759765625,-0.01794410561615566
3307,528,-2.3564453125,-0.004462964607007576
3308,528,-17.3128662109375,-0.03278951933889678
3309,511,-46.1929931640625,-0.0903972468964041
3310,528,-24.384033203125,-0.04618188106652462
3311,531,-14.3934326171875,-0.027106276115230695
3312,529,-9.31787109375,-0.01761412305056711
3313,529,-9.3179931640625,-0.017614353807301513
3314,528,-14.759521484375,-0.027953639174952652
3315,557,-18.2679443359375,-0.03279702753310144
3316,454,-22.201904296875,-0.04890287290060573
3317,546,-33.2557373046875,-0.060907943781478936
3318,530,-18.9326171875,-0.035721919221698116
3319,448,-24.806884765625,-0.05537251063755581
3320,527,-14.3739013671875,-0.02727495515595351
3321,528,-82.6268310546875,-0.15649021033084753
3322,522,-18.282470703125,-0.03502389023587165
3324,522,-16.5848388671875,-0.03177172196779215
3325,541,-22.0260009765625,-0.04071349533560536
3326,536,-1.0316162109375,-0.0019246571099580225
3327,523,-16.99951171875,-0.03250384649856596
3328,566,-11.351806640625,-0.020056195478136044
3329,515,-7.0399169921875,-0.013669741732402912
3330,512,-20.80224609375,-0.04062938690185547
3331,523,-17.2503662109375,-0.03298349179911568
3332,513,-4.6661376953125,-0.009095784981115984
3333,513,-8.869384765625,-0.01728924905579922
3334,539,1.85052490234375,0.0034332558485041745
3335,543,-18.6455078125,-0.034337951772559855
3336,519,16.5654296875,0.03191797627649326
3337,499,-12.252197265625,-0.024553501534318636
3338,532,-23.192626953125,-0.043595163445723686
3339,520,-6.870361328125,-0.013212233323317307
3340,525,-22.0791015625,-0.042055431547619045
3341,514,-33.7379150390625,-0.06563796700206712
3342,538,-15.237548828125,-0.02832258146491636
3343,533,13.81134033203125,0.025912458409064257
3344,522,-22.3656005859375,-0.04284597813397988
3345,498,-24.21826171875,-0.04863104762801205
3346,527,-13.2686767578125,-0.025177754758657495
3347,500,-21.251220703125,-0.04250244140625
3348,537,-18.8486328125,-0.035099874883612665
3350,504,-10.4466552734375,-0.0207274906218998
3351,534,-0.499267578125,-0.0009349580114700374
3352,522,-2.603759765625,-0.004988045528017241
3353,525,-10.0904541015625,-0.019219912574404762
3354,519,8.8648681640625,0.01708067083634393
3355,524,-32.0162353515625,-0.061099685785424615
3356,523,-15.6392822265625,-0.029903025289794456
3357,510,-14.1480712890625,-0.027741316253063725
3358,521,-14.150146484375,-0.027159590181142036
3359,567,-13.7421875,-0.02423666225749559
3360,505,-23.5208740234375,-0.04657598816522277
3361,514,-10.51513671875,-0.020457464433365758
3362,503,-21.5,-0.042743538767395624
3363,518,-14.3426513671875,-0.02768851615287162
3364,524,-19.8416748046875,-0.037865791611999045
3365,536,-23.606689453125,-0.04404233106926306
3366,504,-21.7977294921875,-0.043249463278149804
3367,518,-14.566131591796875,-0.028119945157909026
3368,496,-11.6343994140625,-0.02345645043157762
3369,515,-5.2568359375,-0.010207448422330097
3370,496,-12.3082275390625,-0.024814974877142137
3371,489,-7.0775146484375,-0.014473445088829244
3372,523,-19.5611572265625,-0.037401830261113767
3373,468,-1.88037109375,-0.004017886952457265
3374,508,-6.802001953125,-0.013389767624261811
3375,516,-6.5242919921875,-0.012643976729045542
3376,525,17.89410400390625,0.0340840076264881
3377,500,-16.567626953125,-0.03313525390625
3378,516,-19.0751953125,-0.03696743277616279
3379,516,-13.3712158203125,-0.02591320895409399
3380,520,-35.469482421875,-0.06821054311899039
3381,504,-40.431396484375,-0.08022102477058532
3382,470,1.4833984375,0.0031561668882978725
3383,553,-16.0496826171875,-0.02902293420829566
3385,518,-20.164794921875,-0.03892817552485521
3386,507,-10.88232421875,-0.021464150332840236
3387,501,-6.4693603515625,-0.012912894913298403
3388,503,-12.6171875,-0.025083871769383696
3389,535,-11.5328369140625,-0.021556704512266354
3390,500,-10.19085693359375,-0.0203817138671875
3391,510,-25.112548828125,-0.04924029181985294
3392,493,-1.2711181640625,-0.002578332989984787
3393,497,12.6240234375,0.02540044957243461
3394,497,6.12689208984375,0.012327750683790242
3395,493,-8.502197265625,-0.017245836238590263
3396,513,-15.2962646484375,-0.02981728001644737
3397,455,-11.42584228515625,-0.02511174128605769
3398,486,-13.99365234375,-0.02879352334104938
3399,501,-13.4134521484375,-0.026773357581711576
3400,500,-7.5181884765625,-0.015036376953125
3401,503,23.530517578125,0.04678035303802187
3402,493,-23.1533203125,-0.04696413856490872
3403,508,-15.238037109375,-0.029996136042076772
3404,497,-35.23095703125,-0.07088723748742455
3405,465,-21.3094482421875,-0.045826770413306454
3406,489,-23.77490234375,-0.04861943219580777
3407,516,-23.7322998046875,-0.045992829078851744
3408,469,-18.631591796875,-0.03972620852212153
3409,507,-19.0467529296875,-0.03756756001910749
3410,511,-7.411376953125,-0.014503673098091977
3411,509,-11.1016845703125,-0.02181077518725442
3412,484,-16.403076171875,-0.03389065324767562
3413,432,-22.35986328125,-0.051758942780671294
3414,540,-17.7186279296875,-0.03281227394386574
3415,541,-6.95263671875,-0.01285145419362292
3416,507,-5.26611328125,-0.010386811205621302
3417,473,-10.2000732421875,-0.021564636875660678
3418,490,-18.726318359375,-0.03821697624362245
3419,499,-24.32080078125,-0.04873907972194389
3420,492,-10.925048828125,-0.022205383797002032
3421,508,29.51434326171875,0.058099100908895175
3422,473,-8.8092041015625,-0.018624110151294927
3423,486,19.8623046875,0.04086893968621399
3424,488,-14.2921142578125,-0.02928711938076332
3425,509,-9.1890869140625,-0.018053215941183694
3426,483,0.612060546875,0.0012672061011904762
3427,483,-19.83984375,-0.041076281055900624
3428,498,-16.865966796875,-0.0338674032065763
3429,498,-16.865966796875,-0.0338674032065763
3430,501,-7.653564453125,-0.015276575754740519
3431,508,16.2044677734375,0.031898558609128935
3432,493,-15.137939453125,-0.030705759539807302
3433,487,-14.409912109375,-0.029589141908367558
3434,473,-16.7747802734375,-0.03546465174088266
3435,507,-23.97119140625,-0.04728045642258383
3436,491,-1.5889892578125,-0.0032362306676425663
3437,495,-17.06396484375,-0.03447265625
3438,471,-2.26953125,-0.004818537685774947
3439,494,-20.4537353515625,-0.04140432257401316
3440,453,-0.48779296875,-0.0010768056705298013
3441,535,-16.9305419921875,-0.031645872882593455
3442,474,-18.3148193359375,-0.038638859358517935
3443,466,-11.6568603515625,-0.025014721784468882
3444,502,-9.8951416015625,-0.019711437453311755
3445,484,21.7354736328125,0.044908003373579544
3446,489,15.5103759765625,0.03171856027926891
3447,492,-23.20166015625,-0.047157845846036585
3448,494,-16.9188232421875,-0.03424863004491397
3449,475,-0.3095703125,-0.0006517269736842106
3450,557,-2.2633056640625,-0.004063385393289946
3451,502,-18.0919189453125,-0.036039679173929286
3452,475,-7.8377685546875,-0.016500565378289474
3454,544,-22.495361328125,-0.0413517671472886
3455,489,-26.6539306640625,-0.05450701567292945
3456,470,-15.559814453125,-0.0331059881981383
3457,484,-10.929443359375,-0.022581494544163222
3458,482,-11.9224853515625,-0.024735446787474066
3459,476,-20.1536865234375,-0.04233967757024685
3460,481,-6.404296875,-0.013314546517671519
3461,507,-5.32861328125,-0.010510085367357001
3462,493,-17.033447265625,-0.03455060297287018
3463,457,1.8380126953125,0.004021909617751641
3464,483,-15.845703125,-0.032806838768115944
3465,483,-23.7532958984375,-0.049178666456392336
3466,494,-40.9554443359375,-0.08290575776505567
3467,494,-15.2589111328125,-0.030888484074519232
3468,477,-10.042724609375,-0.021053929998689727
3469,495,-7.2933349609375,-0.01473401002209596
3470,488,23.0406494140625,0.047214445520619874
3471,451,-8.910400390625,-0.019756985345066518
3472,405,-16.734771728515625,-0.04132042402102624
3473,527,-17.7913818359375,-0.033759737829103416
3474,480,-14.641845703125,-0.03050384521484375
3475,481,-11.531982421875,-0.023975015430093557
3476,486,-9.639404296875,-0.01983416521990741
3477,487,-19.4122314453125,-0.03986084485690452
3479,478,-15.160888671875,-0.031717340317730124
3481,489,-28.8232421875,-0.058943235557259714
3482,485,-19.955810546875,-0.04114600112757732
3483,448,-6.740478515625,-0.015045710972377233
3484,488,-13.212158203125,-0.027074094678534836
3485,464,5.9127197265625,0.012742930445177802
3486,502,6.0609130859375,0.0120735320437002
3487,487,-14.490966796875,-0.029755578638347022
3489,486,13.5372314453125,0.027854385689943417
3490,474,-19.3427734375,-0.040807538897679324
3491,475,1.6087646484375,0.0033868729440789474
3492,475,-18.71142578125,-0.039392475328947366
3493,472,-18.8641357421875,-0.03996638928429555
3495,461,-11.615966796875,-0.025197324938991322
3498,453,-9.416259765625,-0.020786445398730685
3499,496,-16.521728515625,-0.0333099365234375
3501,486,-27.134033203125,-0.05583134403935185
3503,457,-21.529296875,-0.04711005880743983
3504,476,10.25628662109375,0.021546820632549896
3506,485,-18.597412109375,-0.03834517960695876
3507,430,-3.697509765625,-0.00859885992005814
3508,465,-10.2747802734375,-0.02209630166330645
3509,463,-25.6234130859375,-0.055342144894033475
3510,480,-21.6199951171875,-0.045041656494140624
3511,458,-6.2125244140625,-0.013564463786162663
3512,478,16.61505126953125,0.034759521484375
3513,505,-32.7669677734375,-0.06488508469987624
3514,489,-18.0567626953125,-0.03692589508243865
3515,477,17.2825927734375,0.03623185067806604
3516,491,-21.4002685546875,-0.04358506833948574
3517,448,5.43798828125,0.01213836669921875
3518,474,-17.3173828125,-0.03653456289556962
3524,467,-18.873046875,-0.04041337660599572
3525,475,-7.9471435546875,-0.01673082853618421
3530,482,7.0201416015625,0.014564609131872406
3533,477,-20.2613525390625,-0.042476630060927674
3534,465,0.59771728515625,0.0012854135164650537
3536,465,-0.3118896484375,-0.0006707304267473118
3541,445,-17.0704345703125,-0.03836052712429775
3558,446,-1.0068359375,-0.0022574796804932734
3561,449,-12.9354248046875,-0.028809409364560133
3566,460,-13.1171875,-0.028515625
3580,485,6.371826171875,0.013137785921391752
3584,449,-18.4482421875,-0.04108739908129176
3588,453,7.607421875,0.016793425772626932
3596,449,-15.42498779296875,-0.034354093080108575
3610,450,17.87890625,0.03973090277777778
3613,417,-16.3414306640625,-0.039188083127248204
3616,461,-12.8902587890625,-0.027961515811415403
3635,472,13.0682373046875,0.027686943442134532
3640,456,15.4676513671875,0.0339202880859375
3651,462,-15.427734375,-0.03339336444805195
3655,451,-16.4927978515625,-0.036569396566657426
3661,450,-19.36279296875,-0.04302842881944444
3667,460,2.8843994140625,0.006270433508831522
3671,437,-11.84912109375,-0.027114693578375287
3676,455,-11.496826171875,-0.025267749828296705
3685,482,-20.2420654296875,-0.041995986368646265
3691,455,2.580780029296875,0.005672044020432692
3695,484,-14.7142333984375,-0.030401308674457644
3711,460,-22.8109130859375,-0.04958894149116848
3732,455,-10.6356201171875,-0.023374989268543957
3735,462,-19.892578125,-0.04305752840909091
3745,468,17.5679931640625,0.03753844693175748
3754,473,-25.273193359375,-0.053431698434196616
3758,453,3.8037261962890625,0.008396746570174531
3761,499,-16.4259033203125,-0.032917641924473946
3762,460,-7.7718505859375,-0.016895327360733695
3763,414,-11.37109375,-0.027466410024154588
3764,442,-6.4439697265625,-0.014579117028421946
3769,452,-25.509521484375,-0.05643699443445797
3771,441,1.383544921875,0.0031372900722789116
3773,452,-2.2608642578125,-0.005001912074806416
3774,469,-23.0506591796875,-0.04914852703558102
3775,462,1.36334228515625,0.0029509573271780305
3777,459,-10.785888671875,-0.023498668130446623
3780,470,-13.61474609375,-0.02896754488031915
3783,463,-16.656005859375,-0.035974094728671704
3784,470,-13.99951171875,-0.029786195146276596
3785,460,-21.331298828125,-0.046372388756793476
3786,445,-13.6585693359375,-0.030693414238061798
3787,449,-17.291748046875,-0.03851168830038976
3789,436,-19.133056640625,-0.04388315743262615
3792,522,-7.8046875,-0.014951508620689655
3793,469,-11.072509765625,-0.023608762826492536
3794,426,-20.8602294921875,-0.048967674864289906
3795,444,29.283935546875,0.06595480979025901
3796,465,3.2525634765625,0.006994760164650538
3797,400,6.35211181640625,0.015880279541015625
3798,491,-2.496337890625,-0.005084191223268839
3799,459,-7.205810546875,-0.01569893365332244
3800,438,-25.5699462890625,-0.058378872806078765
3802,451,-95.5550537109375,-0.21187373328367518
3805,462,9.98876953125,0.021620713271103896
3808,460,18.71484375,0.04068444293478261
3809,459,14.89453125,0.0324499591503268
3811,421,-5.67041015625,-0.01346890773456057
3813,439,-17.6302490234375,-0.04016002055452733
3817,408,-11.185546875,-0.02741555606617647
3822,448,-18.0489501953125,-0.040287835257393975
3830,445,-18.51416015625,-0.041604854283707866
3831,454,-27.24267578125,-0.06000589379129956
3832,463,21.40087890625,0.04622220066144708
3833,445,-18.51416015625,-0.041604854283707866
3837,474,-11.8211669921875,-0.024939170869593883
3838,466,-19.6973876953125,-0.042269072307537556
3839,471,-6.8507080078125,-0.014545027617436306
3840,449,-13.9739990234375,-0.031122492257099107
3841,440,-11.7562255859375,-0.026718694513494318
3843,441,-4.8067626953125,-0.010899688651502268
3845,436,9.54736328125,0.021897622204701834
3846,436,9.54736328125,0.021897622204701834
3847,436,9.54736328125,0.021897622204701834
3849,448,-9.32281494140625,-0.020809854779924666
3850,436,9.54736328125,0.021897622204701834
3851,436,9.54736328125,0.021897622204701834
3852,434,-26.777099609375,-0.06169838619671659
3853,443,-22.4405517578125,-0.05065587304246614
3855,449,5.18890380859375,0.01155657863829343
3856,440,-19.37841796875,-0.044041859019886366
3857,458,-13.9649658203125,-0.030491191747407206
3858,449,-9.9991455078125,-0.022269811821408685
3860,433,-1.455810546875,-0.003362149068995381
3861,443,-10.8067626953125,-0.024394498183549662
3862,449,-16.4892578125,-0.03672440492761693
3864,449,-17.97235107421875,-0.040027507960398105
3867,412,-9.026611328125,-0.021909250796419904
3868,433,-13.4334716796875,-0.03102418401775404
3869,412,-23.3165283203125,-0.056593515340564324
3870,445,19.17138671875,0.04308176790730337
3871,442,-22.727783203125,-0.05142032398897059
3872,433,-21.1414794921875,-0.048825587741772515
3873,431,-16.0916748046875,-0.037335672400667055
3874,445,9.68328857421875,0.021760199043188204
3875,427,-28.58642578125,-0.06694713297716627
3876,436,-8.6795654296875,-0.019907260159833715
3877,422,-7.1617431640625,-0.016970955365077013
3878,421,-7.727783203125,-0.01835577957986936
3879,428,-22.409912109375,-0.05235960773218458
3880,421,-9.1900634765625,-0.02182912939801069
3881,440,-14.3387451171875,-0.03258805708451704
3882,419,-17.4490966796875,-0.041644622147225537
3883,426,-37.5618896484375,-0.08817344987896127
3884,436,-9.7210693359375,-0.022296030587012614
3885,434,-11.5594482421875,-0.026634673369095623
3886,443,-10.0496826171875,-0.022685513808549662
3887,436,-19.070068359375,-0.043738688897649085
3888,448,-13.0096435546875,-0.029039382934570312
3890,428,-17.4290771484375,-0.040722142870181076
3891,442,12.679931640625,0.028687628146210408
3892,411,-4.195556640625,-0.01020816700881995
3893,426,-12.87109375,-0.030213835093896715
3894,385,-8.33648681640625,-0.021653212510146104
3895,420,-13.97021484375,-0.033262416294642855
3897,416,-8.301025390625,-0.019954387958233174
3898,426,0.2216796875,0.000520374853286385
3899,414,-8.0201416015625,-0.019372322709088164
3900,416,-22.9705810546875,-0.055217742919921875
3901,422,-2.8448486328125,-0.006741347471119668
3902,425,-9.1151123046875,-0.02144732306985294
3903,413,-7.5914306640625,-0.018381188048577482
3904,413,-6.635009765625,-0.01606539894824455
3905,427,-25.050537109375,-0.05866636325380562
3906,427,11.929931640625,0.027938949978044497
3907,425,-2.256103515625,-0.005308478860294117
3908,441,-8.392822265625,-0.01903134300595238
3909,442,15.33746337890625,0.03470014339119061
3910,454,-11.36376953125,-0.025030329363986786
3911,430,-6.5048828125,-0.01512763444767442
3912,417,-11.12744140625,-0.02668451176558753
3914,427,-32.656982421875,-0.07648005251024591
3915,434,8.35809326171875,0.019258279404881912
3916,434,-28.92431640625,-0.06664589033698157
3917,417,0.8834228515625,0.002118520027727818
3918,432,-15.14501953125,-0.035057915581597224
3919,409,-5.887939453125,-0.01439593998319071
3920,409,-5.88787841796875,-0.014395790752979828
3921,409,-5.887939453125,-0.01439593998319071
3922,409,-5.88787841796875,-0.014395790752979828
3923,409,-5.887939453125,-0.01439593998319071
3924,429,-11.6800537109375,-0.02722623242642774
3925,409,-5.887939453125,-0.01439593998319071
3926,409,-5.887939453125,-0.01439593998319071
3927,409,-5.8878173828125,-0.014395641522768949
3928,409,-5.88787841796875,-0.014395790752979828
3929,409,-5.887939453125,-0.01439593998319071
3930,409,-5.887939453125,-0.01439593998319071
3931,409,-5.8878173828125,-0.014395641522768949
3932,435,-21.2537841796875,-0.048859273976293104
3933,409,-5.8878173828125,-0.014395641522768949
3934,409,-5.887939453125,-0.01439593998319071
3935,409,-5.887939453125,-0.01439593998319071
3936,409,-5.88787841796875,-0.014395790752979828
3937,409,-5.8878173828125,-0.014395641522768949
3938,409,-5.887939453125,-0.01439593998319071
3939,409,-5.887939453125,-0.01439593998319071
3940,409,-5.88787841796875,-0.014395790752979828
3941,409,-5.887939453125,-0.01439593998319071
3942,428,-13.550048828125,-0.0316589925890771
3943,437,6.46490478515625,0.014793832460311785
3944,420,-14.92919921875,-0.03554571242559524
3945,423,-10.8062744140625,-0.025546748023788417
3946,411,-12.092529296875,-0.02942221240115572
3947,428,-6.815185546875,-0.015923330716997662
3948,426,-6.168212890625,-0.014479372982687793
3949,419,-24.064453125,-0.05743306235083532
3950,423,10.19976806640625,0.02411292687093676
3951,399,-9.98175048828125,-0.025016918516995616
3952,411,-27.1002197265625,-0.06593727427387469
3953,417,7.80291748046875,0.01871203232726319
3954,416,-8.069580078125,-0.019398029033954326
3955,427,-26.3636474609375,-0.061741563140368855
3956,417,-3.120849609375,-0.007484051821043165
3957,401,-7.996337890625,-0.01994099224594763
3958,427,-8.4578857421875,-0.01980769494657494
3959,409,-15.0352783203125,-0.036761071687805624
3960,425,-2.9046630859375,-0.00683450137867647
3961,429,-15.26708984375,-0.035587622013403264
3962,383,0.58489990234375,0.001527153792020235
3963,409,-5.8878173828125,-0.014395641522768949
3964,412,-13.904296875,-0.03374829338592233
3965,428,18.48907470703125,0.043198772679979555
3966,423,8.07244873046875,0.019083803145316193
3967,429,13.23828125,0.030858464452214452
3968,428,18.05963134765625,0.04219540034499124
3969,415,21.58837890625,0.05202019013554217
3970,418,15.140625,0.03622159090909091
3971,419,-15.7010498046875,-0.037472672564886636
3972,409,-4.252197265625,-0.010396570331601468
3973,408,-10.6895751953125,-0.026199939204197303
3974,428,0.238037109375,0.0005561614705023364
3975,380,-8.4320068359375,-0.022189491673519735
3976,376,-14.8297119140625,-0.03944072317569814
3977,383,-29.9310302734375,-0.0781489041081919
3978,413,-39.93707275390625,-0.09669993402882869
3979,420,-26.0323486328125,-0.06198178245907738
3980,411,-15.017333984375,-0.036538525509428224
3981,418,15.140625,0.03622159090909091
3982,430,12.180908203125,0.028327693495639534
3983,417,-23.1763916015625,-0.05557887674235611
3984,429,-26.29296875,-0.06128897144522145
3985,409,-3.886474609375,-0.009502382908007334
3986,417,-22.4434814453125,-0.05382129843000599
3987,415,20.18072509765625,0.04862825324736446
3988,413,-10.0306396484375,-0.02428726307127724
3989,421,-40.7943115234375,-0.09689860219343824
3990,414,-12.24755859375,-0.029583474864130436
3991,385,-14.4161376953125,-0.03744451349431818
3992,423,5.686279296875,0.013442740654550827
3993,413,4.505615234375,0.010909479986380146
3994,415,-11.0032958984375,-0.026513966020331327
3995,421,-22.5535888671875,-0.05357146999331948
3996,431,-5.89501953125,-0.013677539515661252
3997,441,-9.2259521484375,-0.020920526413690476
3998,403,-9.60205078125,-0.023826428737593053
3999,440,-1.2484130859375,-0.0028373024680397726
4000,397,-1.676025390625,-0.004221726424748111
4001,405,-7.8431396484375,-0.019365776909722222
4002,409,-16.744873046875,-0.0409410098945599
4003,413,-19.27447509765625,-0.04666943122919189
4004,419,11.856201171875,0.028296422844570405
4005,390,-15.700439453125,-0.04025753705929487
4006,382,-0.02142333984375,-5.608204147578534e-05
4007,389,-25.3802490234375,-0.06524485610138175
4008,422,7.411376953125,0.017562504628258292
4009,401,0.207275390625,0.0005168962359725686
4010,402,-19.3822021484375,-0.04821443320506841
4011,414,28.69891357421875,0.06932104728072162
4012,414,21.50482177734375,0.05194401395493659
4013,410,-0.1060791015625,-0.0002587295160060976
4014,411,-20.98876953125,-0.05106756576946472
4015,407,11.4044189453125,0.02802068536931818
4016,410,-19.326416015625,-0.04713760003810975
4017,407,-16.306396484375,-0.0400648562269656
4018,398,-3.26025390625,-0.008191592729271356
4019,405,10.5477294921875,0.026043776523919752
4020,387,-9.57177734375,-0.02473327479005168
4021,395,13.1043701171875,0.03317562054984177
4022,394,-11.5589599609375,-0.02933746182979061
4023,389,-29.82598876953125,-0.07667349298080013
4024,412,3.16162109375,0.00767383760618932
4025,397,-4.78057861328125,-0.012041759731187028
4026,398,-15.1600341796875,-0.03809053813991834
4027,415,-27.096923828125,-0.06529379235692771
4028,392,-16.342529296875,-0.04169012575733418
4029,387,-22.4761962890625,-0.058078026586724806
4030,401,7.2576904296875,0.018098978627649625
4031,380,-2.602783203125,-0.006849429481907894
4032,348,-23.5677490234375,-0.0677234167340158
4033,417,-9.8485107421875,-0.023617531755845324
4034,379,-22.3861083984375,-0.05906624907239446
4035,406,21.27197265625,0.052394021320812806
4036,370,-18.7689208984375,-0.05072681323902027
4037,397,-5.0458984375,-0.012710071630982367
4038,375,-8.504638671875,-0.022679036458333333
4039,401,7.2579345703125,0.018099587457138404
4041,360,-2.67449951171875,-0.007429165310329861
4042,410,0.8817138671875,0.0021505216272865854
4043,401,-13.4468994140625,-0.033533414997662096
4044,365,-5.43408203125,-0.014887895976027398
4045,394,-20.810791015625,-0.05281926653711929
4046,397,-21.2708740234375,-0.05357902776684509
4047,402,14.578125,0.03626399253731343
4048,379,-18.0020751953125,-0.04749887914330475
4049,408,-35.3634033203125,-0.08667500813802083
4050,394,-11.4110107421875,-0.02896195619844543
4051,390,-13.2152099609375,-0.03388515374599359
4052,399,19.791748046875,0.04960337856359649
4053,416,-4.437744140625,-0.010667654184194712
4054,394,-6.8609619140625,-0.017413608918940355
4055,396,-24.719482421875,-0.062422935408775256
4056,399,-12.3153076171875,-0.030865432624530075
4057,399,-12.3153076171875,-0.030865432624530075
4058,395,-15.1717529296875,-0.038409501087816454
4059,389,-29.8355712890625,-0.07669812670710155
4060,414,-21.1884765625,-0.051179895078502416
4061,393,2.8858642578125,0.007343166050413486
4062,397,-13.54052734375,-0.03410712177267002
4063,397,-17.0567626953125,-0.04296413777156801
4064,402,-20.99615478515625,-0.05222924075909515
4065,395,15.29815673828125,0.03872951072982595
4066,380,7.1588134765625,0.01883898283305921
4067,379,-19.311767578125,-0.050954531868403694
4068,419,3.8829345703125,0.009267146945853223
4069,394,7.2064208984375,0.01829040837166878
4070,381,-23.1114501953125,-0.060659974265912076
4071,385,-14.9752197265625,-0.038896674614448054
4072,396,-12.758544921875,-0.032218547782512624
4073,395,15.29827880859375,0.03872981976859177
4074,388,-4.406494140625,-0.011356943661404639
4075,380,-18.243896484375,-0.04801025390625
4076,394,-8.3843994140625,-0.021280201558534263
4077,384,-3.1748046875,-0.008267720540364584
4078,386,-16.12939453125,-0.04178599619494819
4079,383,-14.41070556640625,-0.03762586309766645
4080,395,-18.9537353515625,-0.04798414013053798
4081,381,-16.3310546875,-0.042863660597112864
4082,390,-13.865234375,-0.035551883012820515
4083,359,-23.76031494140625,-0.06618472128525418
4084,339,-11.690673828125,-0.03448576350479351
4085,392,3.12603759765625,0.00797458570830676
4086,398,1.1387939453125,0.0028612913198806534
4087,398,1.138671875,0.0028609846105527637
4088,379,3.542236328125,0.00934626999505277
4089,391,-15.9998779296875,-0.040920403912244246
4090,391,17.25689697265625,0.04413528637507992
4091,374,-23.0906982421875,-0.06173983487215909
4092,389,22.5751953125,0.05803392111182519
4093,391,-7.7738037109375,-0.01988185092311381
4094,398,1.1387939453125,0.0028612913198806534
4095,398,1.138671875,0.0028609846105527637
4096,390,-13.11572265625,-0.033630058092948716
4097,394,10.5400390625,0.02675136817893401
4098,393,-16.9462890625,-0.043120328403307887
4099,378,-5.826416015625,-0.01541379898313492
4100,389,20.09637451171875,0.05166163113552378
4101,393,-8.71624755859375,-0.022178746968431935
4102,403,-2.9296875,-0.007269696029776675
4103,359,-4.29150390625,-0.011954049878133704
4104,362,-4.5255126953125,-0.012501416285393646
4105,373,1.3975830078125,0.0037468713346179624
4106,388,-12.254638671875,-0.03158412028833763
4107,380,-8.5836181640625,-0.022588468852796053
4108,381,-7.6470947265625,-0.020071114767880576
4109,370,-22.4063720703125,-0.06055776235219595
4110,368,-7.46368408203125,-0.020281750222911007
4111,386,-5.52001953125,-0.01430056873380829
4112,385,-10.61279296875,-0.027565696022727272
4113,366,-14.623046875,-0.0399536799863388
4114,424,-20.8507080078125,-0.04917619813163326
4115,369,-13.3560791015625,-0.03619533631859756
4116,366,-14.623046875,-0.0399536799863388
4117,389,13.64947509765625,0.03508862492970758
4118,366,-14.623046875,-0.0399536799863388
4119,378,39.1932373046875,0.10368581297536375
4120,387,14.64703369140625,0.03784763227753553
4121,385,-23.169189453125,-0.06017971286525974
4122,378,-9.43994140625,-0.02497338996362434
4123,392,-13.2889404296875,-0.03390035823899872
4124,372,-8.86859130859375,-0.023840299216649867
4125,379,-3.7589111328125,-0.009917971326682058
4126,382,-16.178466796875,-0.042352007321662305
4127,377,-19.04449462890625,-0.05051590087243037
4128,370,-8.0401611328125,-0.021730165223817568
4129,365,-8.1441650390625,-0.022312780928938358
4130,379,6.3743896484375,0.01681897004864776
4131,368,-17.017333984375,-0.04624275539232337
4132,385,-8.4759521484375,-0.022015460125811688
4133,368,-13.75238037109375,-0.03737059883449389
4134,374,-11.217041015625,-0.02999208827707219
4135,357,-22.004638671875,-0.061637643338585436
4136,363,-20.4580078125,-0.056358148243801656
4137,363,-20.4578857421875,-0.056357811961949035
4138,361,-16.74169921875,-0.046375898112880884
4139,371,-12.90838623046875,-0.034793493882665096
4140,370,-22.2940673828125,-0.06025423616976351
4141,357,-11.7628173828125,-0.03294906829919468
4142,373,21.20709228515625,0.056855475295325066
4143,362,-2.507354736328125,-0.006926394299248964
4144,378,-7.8529052734375,-0.02077488167576058
4145,367,-17.8619384765625,-0.048670132088726156
4146,387,-21.0130615234375,-0.054297316598029714
4147,342,-26.04937744140625,-0.07616777029650951
4148,375,-21.702880859375,-0.057874348958333335
4149,381,-3.837890625,-0.01007320374015748
4150,375,-10.194580078125,-0.027185546875
4151,357,-11.917236328125,-0.0333816143644958
4152,384,-10.7353515625,-0.027956644694010418
4153,353,-12.9866943359375,-0.036789502368094903
4154,354,-11.355224609375,-0.032076905676200564
4155,355,-9.043212890625,-0.025473839128521126
4156,355,-13.32440185546875,-0.0375335263534331
4157,329,-1.336181640625,-0.004061342372720365
4158,365,-9.1044921875,-0.024943814212328767
4159,362,-16.939697265625,-0.04679474382769337
4160,370,-14.80804443359375,-0.04002174171241554
4161,376,1.977783203125,0.00526006171043883
4162,410,-13.5985107421875,-0.03316709937118902
4163,349,-14.164306640625,-0.040585405847063036
4164,356,-4.0628662109375,-0.011412545536341292
4165,357,-25.01556396484375,-0.07007160774466037
4166,349,-10.735107421875,-0.030759620119985672
4167,355,-14.7747802734375,-0.041619099361795774
4168,353,-43.588134765625,-0.12347913531338527
4169,379,-26.7353515625,-0.07054182470316622
4170,357,-6.8101806640625,-0.01907613631390056
4171,347,-4.56640625,-0.013159672190201728
4172,315,-15.89495849609375,-0.05046018570188492
4173,351,-10.517578125,-0.029964610042735044
4174,348,-14.309814453125,-0.04112015647449713
4175,352,0.856689453125,0.00243377685546875
4176,401,-10.882568359375,-0.027138574462281795
4177,354,-0.5347900390625,-0.0015107063250353106
4178,340,-22.566162109375,-0.06637106502757353
4179,364,6.33935546875,0.017415811727335164
4180,357,-18.5625,-0.051995798319327734
4181,349,3.5147705078125,0.010070975667084528
4182,350,-3.2222900390625,-0.00920654296875
4183,369,-3.01885986328125,-0.008181192041412601
4184,355,7.95257568359375,0.022401621643926055
4185,326,-21.3349609375,-0.06544466545245399
4186,352,-10.131591796875,-0.028782931241122158
4187,358,-8.61138916015625,-0.024054159665240923
4188,344,0.6409912109375,0.0018633465434229651
4189,365,-14.00274658203125,-0.03836368926583904
4190,354,4.3160400390625,0.012192203500176553
4191,354,-6.278076171875,-0.017734678451624294
4192,350,-7.82611083984375,-0.022360316685267858
4193,358,-18.886962890625,-0.052756879582751395
4194,359,-17.25823974609375,-0.048073091214745824
4195,348,-23.987060546875,-0.06892833490481322
4196,318,-8.234619140625,-0.025895028744103772
4197,311,-5.4879150390625,-0.017646029064509645
4198,361,-7.406982421875,-0.02051795684729917
4199,332,-15.704345703125,-0.04730224609375
4200,352,-4.12274169921875,-0.01171233437278054
4201,351,-5.23773193359375,-0.014922313201121794
4202,331,-21.1806640625,-0.06398992163897281
4203,351,-11.7320556640625,-0.03342466001157408
4204,354,-13.539306640625,-0.03824662892831921
4205,342,1.0401611328125,0.0030414068210891814
4206,342,1.0401611328125,0.0030414068210891814
4207,378,-14.6259765625,-0.03869305968915344
4208,342,-13.22760009765625,-0.03867719326800073
4209,341,-11.7314453125,-0.03440306543255132
4210,344,-1.60467529296875,-0.004664753758630087
4211,351,-6.87628173828125,-0.019590546262909545
4212,335,-14.25213623046875,-0.042543690240205226
4213,339,-5.7283935546875,-0.016897916090523598
4214,351,9.5260009765625,0.027139603921830485
4215,348,-8.2510986328125,-0.023710053542564655
4216,335,-12.636962890625,-0.03772227728544776
4217,363,-5.56396484375,-0.0153277268422865
4218,333,-10.2882080078125,-0.03089551954298048
4219,328,-13.564208984375,-0.04135429568407012
4220,335,-14.0054931640625,-0.041807442280783584
4221,347,-12.71392822265625,-0.03663956260131484
4222,342,-11.66046142578125,-0.034094916449652776
4223,354,-16.3529052734375,-0.046194647665077686
4224,359,-18.84527587890625,-0.05249380467661908
4225,360,-17.3167724609375,-0.04810214572482639
4226,342,-7.6016845703125,-0.022227147866410817
4228,359,8.77935791015625,0.024455035961438023
4229,344,-9.0831298828125,-0.026404447333757266
4230,345,-4.2108154296875,-0.012205262115036232
4231,347,-14.33544921875,-0.041312533771613834
4232,335,-5.84686279296875,-0.01745332177005597
4233,303,-11.7757568359375,-0.03886388394698845
4234,342,-7.44952392578125,-0.021782233701114765
4235,342,-9.2242431640625,-0.026971471239948832
4236,305,-18.8096923828125,-0.06167112256659836
4237,341,-8.59417724609375,-0.02520286582432185
4238,329,-3.328857421875,-0.010118107665273556
4239,346,-18.939453125,-0.05473830382947977
4240,336,-4.9892578125,-0.014848981584821428
4241,328,-7.309326171875,-0.022284531011814025
4242,321,5.722412109375,0.017826829001168224
4243,349,-5.27813720703125,-0.015123602312410458
4244,337,-13.75732421875,-0.04082292053041543
4245,335,-9.55120849609375,-0.028511070137593283
4246,340,14.9010009765625,0.04382647346047794
4247,359,-14.7862548828125,-0.0411873395064415
4248,342,12.6729736328125,0.03705547845851608
4249,337,-6.4222412109375,-0.019057095581416914
4250,337,-6.4222412109375,-0.019057095581416914
4251,337,-6.4222412109375,-0.019057095581416914
4252,337,-6.4222412109375,-0.019057095581416914
4253,337,-6.4222412109375,-0.019057095581416914
4254,337,-6.4222412109375,-0.019057095581416914
4255,337,-6.4222412109375,-0.019057095581416914
4256,365,-10.678466796875,-0.02925607341609589
4257,337,-6.4222412109375,-0.019057095581416914
4258,337,-6.4222412109375,-0.019057095581416914
4259,337,-6.4222412109375,-0.019057095581416914
4260,337,-6.4222412109375,-0.019057095581416914
4261,337,-6.4222412109375,-0.019057095581416914
4262,337,-6.42236328125,-0.0190574578078635
4263,337,-6.4224853515625,-0.01905782003431009
4264,337,-6.4224853515625,-0.01905782003431009
4265,337,-6.4224853515625,-0.01905782003431009
4266,317,-3.59197998046875,-0.011331167130816246
4267,337,-6.4224853515625,-0.01905782003431009
4268,337,-6.4224853515625,-0.01905782003431009
4269,337,-6.4224853515625,-0.01905782003431009
4270,337,-6.42242431640625,-0.019057638921086795
4271,337,-6.42242431640625,-0.019057638921086795
4272,337,-6.42242431640625,-0.019057638921086795
4273,337,-6.42242431640625,-0.019057638921086795
4274,335,2.63494873046875,0.00786551859841418
4275,308,-0.20526123046875,-0.0006664325664569805
4277,336,14.2996826171875,0.04255857921781994
4278,340,1.9359130859375,0.005693862017463235
4279,360,-15.17889404296875,-0.04216359456380208
4281,336,-9.7696533203125,-0.029076349167596726
4282,306,-11.62554931640625,-0.037991991230085786
4283,327,-11.7509765625,-0.03593570814220184
4284,346,-11.128173828125,-0.032162352104407516
4285,332,-10.0093994140625,-0.030148793415850902
4286,325,-5.77960205078125,-0.017783390925480768
4287,334,-14.56787109375,-0.04361638052020958
4288,337,-9.18035888671875,-0.02724142102883902
4289,333,-17.37109375,-0.0521654466966967
4290,337,22.7833251953125,0.06760630621754452
4291,329,-11.08526611328125,-0.03369381797349924
4292,339,2.100830078125,0.006197138873525074
4293,329,-0.296417236328125,-0.0009009642441584347
4294,351,-11.79693603515625,-0.03360950437366453
4295,324,-10.191162109375,-0.03145420404128087
4296,349,-26.8819580078125,-0.0770256676441619
4297,327,-23.623291015625,-0.07224248017010704
4298,336,17.285888671875,0.05144609723772321
4299,331,-5.5040283203125,-0.01662848435139728
4300,311,-11.36517333984375,-0.03654396572297026
4301,324,8.97100830078125,0.027688297224633486
4302,323,-15.7509765625,-0.04876463332043344
4303,329,-8.4139404296875,-0.02557428702032675
4305,331,-6.341552734375,-0.019158769590256797
4307,343,-5.28271484375,-0.01540150100218659
4308,343,12.99749755859375,0.037893578888028426
4309,311,-3.79608154296875,-0.012206049977391479
4310,321,-8.9031982421875,-0.027735820069119937
4311,351,-2.26715087890625,-0.006459119313123219
4312,291,-7.510986328125,-0.025810949581185568
4313,322,-16.44091796875,-0.051058751455745344
4314,337,-4.33447265625,-0.012861936665430267
4315,314,-3.0882568359375,-0.00983521285330414
4316,323,11.13671875,0.034479005417956655
4317,321,-8.2926025390625,-0.025833652769665108
4318,324,-8.4747314453125,-0.026156578534915122
4319,327,-1.896240234375,-0.005798899799311926
4320,320,-14.9222412109375,-0.046632003784179685
4321,304,-11.0765380859375,-0.03643598054584704
4322,325,0.2205810546875,0.0006787109375
4323,319,-5.2938232421875,-0.016595057185540753
4324,367,-20.1475830078125,-0.05489804634281335
4325,326,-8.428955078125,-0.025855690423696318
4326,320,-9.87908935546875,-0.030872154235839843
4327,316,-2.8353271484375,-0.008972554267207278
4328,319,-2.26513671875,-0.007100742065047022
4329,305,-15.98529052734375,-0.0524107886142418
4330,316,-5.87469482421875,-0.018590806405755538
4331,324,-18.3157958984375,-0.05653023425443673
4332,326,-1.82647705078125,-0.005602690339819786
4333,315,-10.4998779296875,-0.033332945808531744
4334,320,-29.29595947265625,-0.09154987335205078
4335,330,-8.5709228515625,-0.025972493489583335
4336,325,7.31787109375,0.022516526442307692
4337,309,-22.396240234375,-0.07247974185881877
4338,318,-2.54827880859375,-0.00801345537293632
4339,317,5.8558349609375,0.018472665491916403
4340,322,-6.85528564453125,-0.021289706970593944
4341,313,-12.905029296875,-0.04123012554912141
4342,323,-13.2230224609375,-0.04093815003386223
4343,320,-19.7147216796875,-0.061608505249023435
4344,306,-0.38916015625,-0.001271765216503268
4345,334,-14.6953125,-0.04399794161676647
4346,288,-4.710205078125,-0.016354878743489582
4347,333,-2.70355224609375,-0.008118775513795045
4348,314,-8.1546630859375,-0.025970264604896497
4349,305,-14.1563720703125,-0.04641433465676229
4350,330,-21.6282958984375,-0.06554029060132575
4351,322,-14.561767578125,-0.04522288067740683
4352,316,-10.473388671875,-0.03314363503757911
4353,292,-15.69635009765625,-0.05375462362211045
4354,292,-15.6964111328125,-0.05375483264661815
4355,333,-3.588134765625,-0.010775179476351352
4356,299,-17.99542236328125,-0.06018535907451923
4357,314,-19.0152587890625,-0.06055814900975318
4360,334,-13.7257080078125,-0.041094934155127244
4361,303,-6.9307861328125,-0.022873881626443895
4363,334,-12.1641845703125,-0.036419714282372756
4364,311,-13.6002197265625,-0.043730610053255625
4365,321,-13.7657470703125,-0.0428839472595405
4366,316,-8.12652587890625,-0.025716854047171677
4368,296,1.21710205078125,0.004111831252639358
4369,330,-13.75103759765625,-0.04166981090198864
4370,328,-12.822265625,-0.03909227324695122
4371,310,-7.225341796875,-0.023307554183467742
4372,303,-10.6910400390625,-0.035283960524958746
4373,308,-25.271484375,-0.0820502739448052
4374,300,-2.44403076171875,-0.008146769205729166
4375,310,-14.83819580078125,-0.04786514774445565
4376,297,-10.53948974609375,-0.035486497461595115
4377,302,-2.6680908203125,-0.008834737815604305
4378,288,-8.8341064453125,-0.030673980712890625
4379,302,-13.5179443359375,-0.04476140508588576
4380,323,-10.9931640625,-0.03403456366099071
4381,298,-24.123046875,-0.08094982172818792
4382,304,6.1644287109375,0.020277726022820724
4383,326,-5.6907958984375,-0.01745642913631135
4384,299,4.93157958984375,0.016493577223557692
4385,316,-6.1650390625,-0.019509617286392406
4386,294,-5.17669677734375,-0.017607812167835885
4387,296,-10.55029296875,-0.035642881651182436
4388,311,-12.14532470703125,-0.039052491019393086
4389,303,-2.385009765625,-0.00787131935849835
4390,300,-24.83758544921875,-0.08279195149739584
4391,299,-4.16656494140625,-0.01393499980403428
4392,304,-7.7791748046875,-0.025589390804893093
4393,298,0.08282470703125,0.0002779352584941275
4394,319,-18.20849609375,-0.05707992505877743
4396,294,-10.548095703125,-0.0358778765412415
4397,298,-14.95245361328125,-0.05017601883651426
4398,302,-13.59820556640625,-0.04502717074968957
4399,306,-1.40802001953125,-0.004601372612847222
4401,288,-7.68267822265625,-0.026675966050889757
4402,306,-1.40802001953125,-0.004601372612847222
4403,306,-1.40802001953125,-0.004601372612847222
4404,302,-21.38397216796875,-0.07080785486082368
4405,306,-1.40802001953125,-0.004601372612847222
4406,296,-8.0693359375,-0.02726127005912162
4409,293,-11.70367431640625,-0.039944280943366044
4410,295,-5.400634765625,-0.018307236493644068
4412,290,2.542236328125,0.008766332165948276
4413,305,1.62445068359375,0.005326067815061475
4414,292,-1.021240234375,-0.003497398062928082
4415,350,-2.8804931640625,-0.00822998046875
4416,318,-7.74420166015625,-0.024352835409296385
4417,285,-20.54296875,-0.07208059210526316
4419,286,-1.08514404296875,-0.003794209940450175
4420,300,-13.3072509765625,-0.04435750325520833
4421,279,-12.269287109375,-0.04397593946012545
4422,290,-13.48046875,-0.046484375
4423,304,-11.2215576171875,-0.03691301847759046
4424,287,-17.646484375,-0.06148600827526132
4425,291,-2.12176513671875,-0.007291289129617698
4426,295,-5.89111328125,-0.019969875529661018
4427,292,-16.1636962890625,-0.0553551242776113
4428,297,-5.431640625,-0.018288352272727272
4430,291,-30.3306884765625,-0.10422917002255154
4431,297,-7.44677734375,-0.02507332438973064
4433,279,-9.7489013671875,-0.034942298807123656
4434,289,-8.4171142578125,-0.029124962829801038
4435,298,-13.51617431640625,-0.045356289652369965
4436,289,-8.4171142578125,-0.029124962829801038
4437,289,-8.417236328125,-0.029125385218425604
4438,290,-1.1519775390625,-0.003972336341594828
4439,279,-13.726806640625,-0.049200023801523295
4440,300,-16.3525390625,-0.05450846354166667
4441,285,-12.740966796875,-0.04470514665570175
4442,287,3.57159423828125,0.012444579227460801
4443,279,-4.45849609375,-0.015980272737455198
4444,296,-10.45166015625,-0.035309662690033786
4445,282,-13.34942626953125,-0.04733839102670656
4446,296,-10.45166015625,-0.035309662690033786
4447,284,-14.583251953125,-0.05134947870818662
4448,286,-5.46160888671875,-0.01909653456894668
4449,278,-14.6502685546875,-0.05269880775067446
4450,299,-2.49822998046875,-0.008355284215614548
4451,289,-12.77996826171875,-0.04422134346615485
4452,288,-28.55596923828125,-0.09915267096625434
4453,294,-8.997802734375,-0.030604771205357144
4454,291,-4.25152587890625,-0.014610054566688145
4455,300,-12.51171875,-0.041705729166666664
4456,294,-4.92315673828125,-0.016745431082589284
4458,307,-14.9249267578125,-0.048615396605252444
4459,290,-12.9798583984375,-0.04475813240840517
4460,296,-3.1072998046875,-0.010497634475295609
4461,295,-21.1002197265625,-0.07152616856461864
4462,302,-12.94378662109375,-0.042860220599648176
4463,282,-19.76806640625,-0.07009952626329788
4464,281,-40.339111328125,-0.14355555632784697
4465,275,-6.24224853515625,-0.022699085582386362
4466,279,-1.26336669921875,-0.004528196054547491
4467,295,-14.148681640625,-0.04796163268008474
4468,286,-9.812255859375,-0.03430858692089161
4470,273,-20.04144287109375,-0.07341187864869506
4471,284,-5.824462890625,-0.020508672150088027
4473,286,-9.812255859375,-0.03430858692089161
4474,286,-9.812255859375,-0.03430858692089161
4475,286,-9.812255859375,-0.03430858692089161
4476,290,31.91290283203125,0.1100444925242457
4477,286,-9.812255859375,-0.03430858692089161
4478,286,-9.812255859375,-0.03430858692089161
4479,281,3.06591796875,0.010910740102313167
4480,286,-9.812255859375,-0.03430858692089161
4482,287,-16.39306640625,-0.05711869827961673
4483,299,-16.73370361328125,-0.05596556392401756
4484,282,-6.9049072265625,-0.024485486619015957
4485,285,-1.488037109375,-0.005221182839912281
4486,290,3.664306640625,0.012635540140086207
4487,274,0.2034912109375,0.0007426686530565694
4488,285,-9.3082275390625,-0.03266044750548246
4489,311,-14.58734130859375,-0.04690463443277733
4490,283,-3.22601318359375,-0.011399339871356008
4491,272,-8.752685546875,-0.03217899098115809
4492,262,-10.8299560546875,-0.04133571013239504
4493,276,-0.469970703125,-0.0017027924026268115
4494,267,-12.0286865234375,-0.04505126038740637
4495,282,-10.94171142578125,-0.038800395126883866
4497,277,-16.008056640625,-0.057790818197202165
4498,282,-3.9466552734375,-0.013995231466090425
4499,274,-9.74884033203125,-0.035579709240989965
4500,262,-0.0068359375,-2.6091364503816793e-05
4501,289,-16.43133544921875,-0.05685583200421713
4502,280,-9.5152587890625,-0.033983067103794645
4504,272,-27.1663818359375,-0.09987640380859375
4505,271,-11.96307373046875,-0.04414418350726476
4506,278,1.36956787109375,0.004926503133430756
4507,279,-0.44757080078125,-0.0016041964185707885
4508,270,-5.903564453125,-0.021865053530092594
4509,284,-7.0457763671875,-0.024809071715448945
4510,270,-12.0325927734375,-0.04456515842013889
4511,272,-12.3682861328125,-0.0454716401941636
4512,266,-14.0618896484375,-0.052864246798637216
4515,279,-0.65625,-0.0023521505376344087
4517,270,-10.767333984375,-0.03987901475694444
4521,285,-48.9287109375,-0.1716796875
4524,274,-16.6983642578125,-0.06094293524749088
4525,273,-9.007080078125,-0.03299296731913919
4526,253,-6.294677734375,-0.024880149147727272
4527,268,-14.641357421875,-0.05463193067863806
4528,273,-7.3431396484375,-0.026897947430173992
4529,271,-3.6622314453125,-0.013513769170894833
4530,275,-13.9581298828125,-0.0507568359375
4531,275,7.8819580078125,0.028661665482954544
4532,276,-19.925048828125,-0.07219220589900362
4533,267,-8.19287109375,-0.030684910463483147
4534,257,-9.0789794921875,-0.03532676845209144
4535,274,-46.4464111328125,-0.16951244938982665
4536,260,-19.92779541015625,-0.07664536696213942
4537,268,-17.24127197265625,-0.06433310437558303
4538,264,-5.96478271484375,-0.02259387391986269
4539,271,-4.71923828125,-0.017414163399446493
4540,269,-14.8511962890625,-0.05520890813777881
4541,278,10.528564453125,0.03787253400404676
4542,296,-1.50213623046875,-0.005074784562394426
4543,278,-7.12109375,-0.02561544514388489
4544,290,4.853271484375,0.01673541891163793
4545,272,-4.6214599609375,-0.01699066162109375
4546,256,-10.035400390625,-0.039200782775878906
4547,251,-15.671142578125,-0.06243483098854582
4548,281,-9.2655029296875,-0.03297332003447509
4549,262,-7.22100830078125,-0.02756110038466126
4550,269,-7.64044189453125,-0.028403129719447025
4551,262,6.802734375,0.02596463501908397
4552,269,25.5823974609375,0.09510184929716543
4554,272,4.545654296875,0.016711964326746324
4555,273,-8.61248779296875,-0.031547574333218864
4556,274,-1.7938232421875,-0.006546800153968978
4557,256,-13.3560791015625,-0.052172183990478516
4558,260,-7.11767578125,-0.02737567608173077
4559,269,-6.88348388671875,-0.025589159430181228
4560,264,-7.44708251953125,-0.028208645907315342
4561,256,-11.888916015625,-0.046441078186035156
4562,271,-10.28045654296875,-0.03793526399619465
4563,271,-9.71905517578125,-0.035863672235355165
4564,270,-8.99737548828125,-0.03332361291956019
4565,266,-20.065673828125,-0.07543486401550752
4566,264,-13.9495849609375,-0.05283933697324811
4567,270,-7.64642333984375,-0.02832008644386574
4568,260,-11.55792236328125,-0.04445354755108173
4569,257,-16.85858154296875,-0.06559759355240759
4570,253,-12.8287353515625,-0.050706463840167984
4571,248,-14.4493408203125,-0.05826347104964718
4572,269,-9.56695556640625,-0.03556489058143587
4573,251,-16.06927490234375,-0.06402101554718626
4574,254,-26.75213623046875,-0.10532337098609744
4575,262,-13.9375,-0.053196564885496185
4576,267,-7.4991455078125,-0.028086687295177902
4577,267,-7.4991455078125,-0.028086687295177902
4578,267,-7.499267578125,-0.02808714448735955
4579,267,-7.49920654296875,-0.028086915891268726
4580,267,-7.4991455078125,-0.028086687295177902
4581,267,-7.4991455078125,-0.028086687295177902
4582,267,-7.499267578125,-0.02808714448735955
4583,267,-7.49920654296875,-0.028086915891268726
4584,267,-7.4991455078125,-0.028086687295177902
4585,263,-33.526611328125,-0.1274776096126426
4586,267,-7.499267578125,-0.02808714448735955
4587,267,-7.49920654296875,-0.028086915891268726
4588,267,-7.4991455078125,-0.028086687295177902
4589,267,-7.4991455078125,-0.028086687295177902
4590,267,-7.4991455078125,-0.028086687295177902
4591,267,-7.49920654296875,-0.028086915891268726
4593,267,-7.49920654296875,-0.028086915891268726
4594,267,-7.4991455078125,-0.028086687295177902
4595,267,-7.4991455078125,-0.028086687295177902
4596,267,-7.49920654296875,-0.028086915891268726
4597,269,-11.59869384765625,-0.04311782099500465
4600,267,-7.4991455078125,-0.028086687295177902
4601,267,-7.499267578125,-0.02808714448735955
4602,252,1.0743255615234375,0.004263196672712054
4603,252,1.074371337890625,0.004263378324962798
4604,252,1.0743560791015625,0.00426331777421255
4605,252,1.0743255615234375,0.004263196672712054
4606,252,1.0743255615234375,0.004263196672712054
4607,252,1.074371337890625,0.004263378324962798
4608,252,1.0743560791015625,0.00426331777421255
4609,252,1.0743560791015625,0.00426331777421255
4610,252,1.0743560791015625,0.00426331777421255
4611,260,-9.80560302734375,-0.037713857797475964
4612,252,1.0743560791015625,0.00426331777421255
4613,252,1.0743560791015625,0.00426331777421255
4614,264,-14.79620361328125,-0.05604622580788352
4615,252,1.0743560791015625,0.00426331777421255
4616,252,1.0741424560546875,0.004262470063709077
4617,252,1.0741424560546875,0.004262470063709077
4618,252,1.0741424560546875,0.004262470063709077
4619,252,1.0741424560546875,0.004262470063709077
4620,252,1.0741424560546875,0.004262470063709077
4621,252,1.0741424560546875,0.004262470063709077
4622,252,1.0741424560546875,0.004262470063709077
4623,252,1.0741424560546875,0.004262470063709077
4624,252,1.0741424560546875,0.004262470063709077
4625,252,1.0741424560546875,0.004262470063709077
4626,252,1.0741424560546875,0.004262470063709077
4627,252,1.0741424560546875,0.004262470063709077
4628,252,1.0741424560546875,0.004262470063709077
4629,252,1.0741424560546875,0.004262470063709077
4630,252,1.0741424560546875,0.004262470063709077
4631,252,1.0741424560546875,0.004262470063709077
4632,252,1.0741424560546875,0.004262470063709077
4633,252,1.0741424560546875,0.004262470063709077
4634,252,1.0741424560546875,0.004262470063709077
4635,252,1.0741424560546875,0.004262470063709077
4636,252,1.0741424560546875,0.004262470063709077
4637,252,1.0741424560546875,0.004262470063709077
4638,252,1.0741424560546875,0.004262470063709077
4639,252,1.0741424560546875,0.004262470063709077
4640,252,1.0741424560546875,0.004262470063709077
4641,252,1.0741424560546875,0.004262470063709077
4642,252,1.0741424560546875,0.004262470063709077
4643,252,1.0741424560546875,0.004262470063709077
4644,252,1.0741424560546875,0.004262470063709077
4645,252,1.0741424560546875,0.004262470063709077
4646,252,1.0741424560546875,0.004262470063709077
4647,252,1.0741424560546875,0.004262470063709077
4648,252,1.0743560791015625,0.00426331777421255
4649,252,1.0743255615234375,0.004263196672712054
4650,252,1.0743560791015625,0.00426331777421255
4651,252,1.0743255615234375,0.004263196672712054
4652,252,1.0743560791015625,0.00426331777421255
4653,252,1.0743255615234375,0.004263196672712054
4654,262,-0.54986572265625,-0.0020987241322757634
4655,252,1.0743255615234375,0.004263196672712054
4656,252,1.0743560791015625,0.00426331777421255
4657,252,1.074371337890625,0.004263378324962798
4658,252,1.0743255615234375,0.004263196672712054
4659,260,-16.8619384765625,-0.06485360952524039
4660,254,-14.04052734375,-0.05527766670767716
4661,250,-10.745361328125,-0.0429814453125
4662,265,4.47088623046875,0.016871268794221697
4663,259,-16.8336181640625,-0.06499466472611004
4664,260,1.620849609375,0.006234036959134616
4665,264,-13.9263916015625,-0.05275148333925189
4666,242,-6.02838134765625,-0.024910666725852272
4667,258,-23.400634765625,-0.0907001347504845
4668,256,7.8746337890625,0.03076028823852539
4669,262,-2.8458251953125,-0.010861928226383587
4670,252,-7.13775634765625,-0.028324429951016864
4671,246,-20.2032470703125,-0.08212702061102642
4672,257,-6.886962890625,-0.026797520975194552
4673,268,-14.0452880859375,-0.05240779136543843
4674,268,-9.23358154296875,-0.03445366247376399
4675,244,-16.6202392578125,-0.06811573466316598
4676,255,-10.06280517578125,-0.039461981081495096
4677,242,-14.927001953125,-0.061681826252582644
4678,267,-9.81903076171875,-0.03677539611130618
4679,249,-8.96514892578125,-0.03600461415976405
4680,248,-1.4312744140625,-0.005771267798639113
4681,254,-0.24896240234375,-0.0009801669383612205
4682,255,-13.932861328125,-0.054638671875
4683,248,-4.09075927734375,-0.016494997086063508
4684,249,-10.27734375,-0.041274472891566265
4685,251,-6.3074951171875,-0.025129462618276893
4686,248,-10.3162841796875,-0.04159792007938508
4687,255,3.027587890625,0.01187289368872549
4688,250,-13.36456298828125,-0.053458251953125
4689,237,-12.2152099609375,-0.05154097029931434
4690,248,-10.2620849609375,-0.04137937484248992
4691,255,-13.85211181640625,-0.054322007123161764
4692,266,-10.83978271484375,-0.04075106283775846
4693,236,-7.1719970703125,-0.030389818094544493
4694,254,-11.2276611328125,-0.04420339028666338
4695,250,-20.099853515625,-0.0803994140625
4696,246,-14.83746337890625,-0.06031489178417175
4697,244,-10.2366943359375,-0.04195366531121926
4698,244,-10.2366943359375,-0.04195366531121926
4699,244,-10.2366943359375,-0.04195366531121926
4700,254,-11.53021240234375,-0.045394537017101375
4701,246,-12.3475341796875,-0.050193228372713415
4702,244,-11.1695556640625,-0.045776867475665985
4703,256,-27.4638671875,-0.10728073120117188
4705,238,0.841064453125,0.003533884256827731
4707,247,-10.118408203125,-0.040965215397267205
4709,243,-3.901123046875,-0.016054004308127572
4710,249,8.50726318359375,0.03416571559676205
4712,239,-2.42144775390625,-0.010131580560277197
4713,245,-3.0673828125,-0.012519929846938775
4714,237,5.12158203125,0.02161005076476793
4715,252,-5.2601318359375,-0.020873539031498016
4716,246,0.50054931640625,0.0020347533187245934
4717,243,-2.02191162109375,-0.008320623955118314
4718,255,-0.78619384765625,-0.0030831131280637256
4719,249,-6.9202880859375,-0.027792321630271084
4720,261,-6.42236328125,-0.02460675586685824
4721,244,-20.08197021484375,-0.0823031566182121
4722,215,-7.4296875,-0.03455668604651163
4723,250,-5.2330322265625,-0.02093212890625
4724,252,-4.868896484375,-0.019321017795138888
4725,241,-7.6292724609375,-0.031656732203060166
4726,239,-8.82611083984375,-0.03692933405792364
4727,244,-6.10772705078125,-0.025031668240906763
4728,250,-5.83599853515625,-0.023343994140625
4729,244,-14.42474365234375,-0.05911780185386783
4730,240,-12.38134765625,-0.051588948567708334
4731,245,-7.9483642578125,-0.032442303093112246
4732,235,-15.73846435546875,-0.06697218874667553
4733,249,-4.942626953125,-0.019849907442269075
4734,267,-5.472686767578125,-0.02049695418568586
4735,238,-8.9798583984375,-0.03773049747242647
4737,246,-14.8997802734375,-0.060568212493648375
4738,228,-12.54052734375,-0.05500231291118421
4739,228,-12.54058837890625,-0.05500258060923794
4740,238,-12.9874267578125,-0.05456901999080882
4741,227,-10.281036376953125,-0.04529090914957324
4742,235,-4.21795654296875,-0.017948751246675533
4743,234,-15.1650390625,-0.06480785924145299
4744,230,-29.90924072265625,-0.13004017705502718
4745,243,0.55145263671875,0.0022693524144804527
4746,236,-15.99554443359375,-0.06777773065082097
4747,245,-35.1253662109375,-0.1433688416772959
4748,227,-23.103515625,-0.1017776018722467
4749,229,-7.1876220703125,-0.031386995940229256
4750,241,-15.18634033203125,-0.06301386029888485
4751,237,-5.806884765625,-0.02450162348364979
4752,231,-13.7301025390625,-0.05943767332927489
4753,241,-12.3931884765625,-0.05142401857494813
4754,260,-3.040374755859375,-0.011693749060997596
4755,233,-14.83636474609375,-0.06367538517636803
4756,234,-42.12786865234375,-0.18003362671941772
4758,256,-3.013092041015625,-0.011769890785217285
4759,231,-31.4569091796875,-0.1361770960159632
4760,258,-3.60760498046875,-0.01398296504057655
4761,234,-1.9351806640625,-0.008270002837873932
4762,225,-1.327880859375,-0.005901692708333333
4763,242,1.7449951171875,0.007210723624741735
4765,235,-7.1951904296875,-0.03061783161569149
4766,234,-4.9122314453125,-0.020992442073985044
4767,235,-8.4600830078125,-0.03600035322473404
4768,238,-12.4608154296875,-0.05235636735162815
4770,235,-11.52557373046875,-0.04904499459773936
4771,246,-20.5537109375,-0.08355167047764228
4772,234,2.75701904296875,0.011782132662259616
4774,258,-3.078887939453125,-0.01193367418392684
4775,246,-20.5537109375,-0.08355167047764228
4776,224,-6.06829833984375,-0.02709061758858817
4777,231,-17.79595947265625,-0.0770387855959145
4778,231,-11.15380859375,-0.04828488568722944
4779,245,-1.44305419921875,-0.005890017139668367
4780,231,-7.99664306640625,-0.03461750245197511
4781,239,-3.18817138671875,-0.013339629233132845
4782,230,4.16607666015625,0.018113376783288043
4783,232,-6.5201416015625,-0.02810405862742457
4784,233,-3.1990966796875,-0.013730028668186695
4785,226,-36.0367431640625,-0.15945461577018805
4786,225,-3.49755859375,-0.01554470486111111
4787,233,-4.0469970703125,-0.017369086138680257
4790,221,-3.12835693359375,-0.01415546123798077
4791,235,-12.017333984375,-0.05113759142287234
4792,215,-19.58270263671875,-0.09108233784520349
4793,226,-5.64642333984375,-0.02498417407010509
4794,228,-4.35540771484375,-0.01910266541598136
4795,226,-1.70745849609375,-0.007555126088910398
4796,229,-7.3896484375,-0.032269207150655024
4798,223,-7.2613525390625,-0.03256211900924888
4799,225,-6.25555419921875,-0.02780246310763889
4800,229,-11.33294677734375,-0.04948885055608625
4801,249,-5.477386474609375,-0.021997536042607933
4802,224,-10.513916015625,-0.04693712506975446
4803,225,-7.31396484375,-0.03250651041666667
4804,230,-13.98760986328125,-0.06081569505774456
4805,212,-3.73614501953125,-0.01762332556382665
4806,235,-11.568603515625,-0.04922810006648936
4808,242,-7.07257080078125,-0.029225499176782025
4809,220,5.239501953125,0.02381591796875
4810,249,-2.843994140625,-0.011421663215361446
4811,226,-11.04913330078125,-0.04888997035743916
4812,229,-16.37347412109375,-0.07149988699167577
4814,229,13.944091796875,0.0608912305540393
4816,207,-5.7635498046875,-0.0278432357714372
4818,221,-9.1649169921875,-0.04147021263433258
4819,227,-13.6326904296875,-0.060055904976596915
4820,228,4.9173583984375,0.0215673613966557
4821,218,6.319580078125,0.028988899440940366
4822,226,-6.614013671875,-0.02926554722068584
4823,224,-3.49456787109375,-0.01560074942452567
4824,231,-39.56500244140625,-0.1712770668459145
4825,223,-1.39520263671875,-0.006256514066003363
4827,223,-13.7449951171875,-0.06163674940442825
4828,213,-6.2672119140625,-0.029423530112969484
4829,217,-2.10595703125,-0.009704871111751152
4831,216,-0.0931396484375,-0.00043120207609953704
4832,215,-16.248046875,-0.07557231104651163
4834,222,-2.30596923828125,-0.010387248821086712
4837,235,-14.37603759765625,-0.06117462807513298
4838,227,-10.3001708984375,-0.04537520219575991
4839,209,-5.7755126953125,-0.02763403203498804
4840,222,-6.6796875,-0.030088682432432432
4845,221,-4.729034423828125,-0.021398345809177037
4846,225,0.755126953125,0.0033561197916666665
4847,224,-31.87530517578125,-0.1423004695347377
4848,220,-5.39031982421875,-0.024501453746448864
4849,221,-10.05084228515625,-0.04547892436722285
4850,224,-11.686279296875,-0.05217088971819196
4851,215,-14.2861328125,-0.06644712936046511
4853,217,-4.45355224609375,-0.020523282240063365
4855,221,-10.35675048828125,-0.04686312438136312
4856,209,-17.47174072265625,-0.08359684556294857
4857,226,-7.6455078125,-0.03382968058628318
4858,217,-4.82965087890625,-0.022256455663162443
4860,220,-0.700927734375,-0.00318603515625
4861,210,-24.231201171875,-0.11538667224702381
4867,216,-2.355224609375,-0.01090381763599537
4868,213,-16.51654052734375,-0.07754244379034625
4869,214,10.2156982421875,0.047736907673773366
4870,212,-9.94940185546875,-0.04693114082768278
4871,214,-4.86083984375,-0.02271420487733645
4874,221,-15.29119873046875,-0.06919094448175905
4876,218,0.6964111328125,0.0031945464807912843
4877,223,-4.31878662109375,-0.019366756148402466
4878,210,-8.532470703125,-0.04063081287202381
4880,214,-7.14227294921875,-0.03337510723933995
4881,207,-12.76898193359375,-0.06168590306083937
4885,203,-9.087158203125,-0.044764326123768475
4886,212,-10.34033203125,-0.04877515109080189
4887,210,-25.8048095703125,-0.12288004557291667
4888,212,-3.51123046875,-0.016562407871462265
4889,222,-3.95831298828125,-0.017830238685951575
4890,207,-10.752685546875,-0.051945340806159424
4891,220,-17.671112060546875,-0.08032323663884944
4892,209,-8.65673828125,-0.04141980038875598
4894,209,-6.3980712890625,-0.030612781287380382
4895,230,-1.047119140625,-0.004552691915760869
4896,212,-6.61639404296875,-0.03120940586306014
4897,211,-2.24725341796875,-0.010650490132553318
4898,209,2.101806640625,0.010056491103468899
4900,214,-3.09228515625,-0.014449930636682243
4901,206,-9.5438232421875,-0.046329239039745146
4904,220,1.54852294921875,0.007038740678267046
4907,211,-5.3575439453125,-0.02539120353228673
4908,203,-9.7213134765625,-0.04788824372690887
4909,221,-6.68463134765625,-0.03024720066812783
4910,200,-12.5257568359375,-0.0626287841796875
4912,208,-8.77264404296875,-0.04217617328350361
4913,211,-17.4923095703125,-0.08290194109152843
4915,212,-20.2347412109375,-0.09544689250442218
4916,201,7.908233642578125,0.03934444598297575
4920,200,-6.5859375,-0.0329296875
4922,205,-0.649810791015625,-0.0031698087366615856
4923,200,0.15020751953125,0.00075103759765625
4924,204,-11.94818115234375,-0.05856951545266544
4925,196,-2.26397705078125,-0.0115509033203125
4926,206,-7.48919677734375,-0.036355324161862865
4927,211,-15.3472900390625,-0.07273597174911138
4928,214,-21.66790771484375,-0.10125190520955023
4930,202,-3.1153564453125,-0.015422556659962871
4932,200,-14.99847412109375,-0.07499237060546875
4936,208,-4.5784912109375,-0.022011976975661058
4937,199,-10.10906982421875,-0.05079934585034548
4941,216,-12.01202392578125,-0.0556112218786169
4943,204,-4.0087890625,-0.019650926776960783
4946,204,-6.84136962890625,-0.033536125631893385
4948,197,-5.65350341796875,-0.028697986893242385
4949,187,-1.61651611328125,-0.00864447119401738
4951,200,-17.82818603515625,-0.08914093017578124
4952,208,-14.57598876953125,-0.07007686908428486
4953,182,-5.496612548828125,-0.030201167850703984
4954,194,-10.4493408203125,-0.05386258154800258
4955,209,-0.2474365234375,-0.0011839068107057417
4956,198,19.9957275390625,0.10098852292455808
4958,189,-1.57952880859375,-0.008357295283564815
4959,194,-22.88592529296875,-0.1179686870771585
4962,186,-6.013671875,-0.03233156922043011
4963,204,-8.97955322265625,-0.04401741775811887
4964,190,-25.61968994140625,-0.13484047337582236
4965,190,-8.38653564453125,-0.04413966128700658
4966,194,-19.8179931640625,-0.1021546039384665
4967,191,3.9608154296875,0.0207372535585733
4968,196,-4.003662109375,-0.020426847496811226
4969,195,-8.59014892578125,-0.04405204577323718
4970,194,-15.07293701171875,-0.07769555160679768
4971,202,-12.67822265625,-0.06276347849628713
4972,194,-7.32025146484375,-0.03773325497342139
4973,200,-16.7369384765625,-0.0836846923828125
4974,196,-30.39117431640625,-0.15505701181839923
4976,184,-36.9415283203125,-0.20076917565387228
4978,189,1.72930908203125,0.009149783502810847
4980,186,-1.4459228515625,-0.0077737787718413975
4981,188,-5.5537109375,-0.029541015625
4982,192,-3.91583251953125,-0.02039496103922526
4983,183,-20.68695068359375,-0.11304344635843579
4986,203,-5.664794921875,-0.027905393703817734
4987,191,-8.6864013671875,-0.04547854118946335
4988,201,-4.35980224609375,-0.021690558438277364
4989,194,-13.10614013671875,-0.0675574233851482
4990,189,-5.02410888671875,-0.026582586702215607
4992,191,11.20831298828125,0.058682266954352094
4993,189,-3.0057373046875,-0.015903371982473546
4995,187,-26.30596923828125,-0.14067363229027408
4997,194,-7.7713623046875,-0.0400585685808634
4998,187,-26.30596923828125,-0.14067363229027408
4999,187,-1.1234130859375,-0.0060075566092914435
5000,187,-12.916259765625,-0.06907090783756685
5002,184,-6.65777587890625,-0.036183564559273095
5003,186,-0.7711181640625,-0.004145796580981183
5004,186,-41.40521240234375,-0.2226086688298051
5006,188,-8.3758544921875,-0.04455241751163564
5007,187,3.3055419921875,0.0176766951453877
5008,187,-4.3507080078125,-0.023265818223596257
5009,191,-5.97186279296875,-0.03126629734538613
5010,188,-18.48419189453125,-0.09832016965176196
5011,181,-3.8802490234375,-0.021437839908494474
5012,194,-10.32623291015625,-0.05322800469152706
5013,199,-1.3555908203125,-0.006812014172424623
5016,183,-1.35382080078125,-0.007397927873121585
5017,189,-8.33551025390625,-0.044103228856646824
5018,183,-8.8511962890625,-0.04836719283640711
5019,183,-16.87994384765625,-0.09224013031506148
5020,172,-17.01812744140625,-0.0989426014035247
5021,180,-6.39910888671875,-0.03555060492621528
5022,183,-8.923828125,-0.0487640881147541
5023,186,-0.15875244140625,-0.0008535077494959678
5024,186,-12.29583740234375,-0.06610665270077284
5025,188,-2.517333984375,-0.013390074384973404
5028,182,-32.39654541015625,-0.17800299675910028
5029,180,-8.54241943359375,-0.0474578857421875
5030,183,-6.37109375,-0.03481471994535519
5031,184,2.40887451171875,0.013091709302819294
5032,178,-3.4090576171875,-0.019152009085323034
5033,186,-7.9241943359375,-0.04260319535450269
5034,183,-28.651885986328125,-0.15656768298539958
5035,182,-15.057037353515625,-0.08273097446986608
5036,181,-5.198974609375,-0.028723616626381215
5037,188,0.659698486328125,0.0035090345017453456
5038,182,-13.76171875,-0.07561383928571429
5039,190,-2.13916015625,-0.011258737664473684
5042,181,1.2591552734375,0.006956658969267956
5045,172,-5.0006103515625,-0.029073315997456394
5046,175,-4.5887451171875,-0.026221400669642857
5048,175,-4.40966796875,-0.025198102678571428
5050,179,-8.753173828125,-0.0489004124476257
5051,174,-24.54266357421875,-0.14104979065642959
5053,178,0.37530517578125,0.0021084560437148875
5054,179,-4.163116455078125,-0.023257633827252096
5055,172,-9.55303955078125,-0.05554092762082122
5056,172,-10.155975341796875,-0.059046368266260904
5057,177,-15.4866943359375,-0.0874954482256356
5058,180,-11.1583251953125,-0.06199069552951389
5060,174,-8.1397705078125,-0.04678029027478448
5061,176,14.4114990234375,0.08188351717862216
5063,175,-8.45928955078125,-0.048338797433035714
5065,180,5.153076171875,0.02862820095486111
5066,176,-33.8173828125,-0.19214422052556818
5068,175,-11.816650390625,-0.06752371651785714
5069,177,0.56781005859375,0.003207966432733051
5071,166,-12.09307861328125,-0.07284987116434488
5072,171,-14.4622802734375,-0.08457473844115497
5073,175,-8.4642333984375,-0.04836704799107143
5074,172,1.10638427734375,0.006432466728742732
5075,175,-8.4642333984375,-0.04836704799107143
5076,165,-18.4190673828125,-0.11163071141098485
5077,175,-8.4642333984375,-0.04836704799107143
5078,175,-8.4642333984375,-0.04836704799107143
5079,175,-8.4642333984375,-0.04836704799107143
5080,170,-7.3548583984375,-0.043263872931985296
5081,171,1.972869873046875,0.011537250719572368
5084,176,-12.781982421875,-0.07262490012428978
5086,166,0.818572998046875,0.004931162638836597
5087,172,-5.46575927734375,-0.03177767021711483
5088,183,-9.40850830078125,-0.05141261366547131
5089,170,-5.96441650390625,-0.035084802964154414
5091,175,-0.68743896484375,-0.00392822265625
5092,162,-8.1875,-0.050540123456790126
5093,165,-4.8040771484375,-0.029115619081439392
5094,188,-2.689910888671875,-0.014308036641871675
5095,166,-1.68621826171875,-0.01015794133565512
5096,172,-43.888916015625,-0.25516811636991277
5097,167,-5.83673095703125,-0.03495048477264222
5099,167,-4.48919677734375,-0.02688141782840569
5101,167,-20.4547119140625,-0.12248330487462575
5104,164,-0.56903076171875,-0.0034696997665777437
5105,162,-29.234375,-0.1804591049382716
5106,168,-10.15887451171875,-0.06046949114118304
5107,168,-2.13702392578125,-0.012720380510602678
5108,165,-8.94708251953125,-0.054224742542613634
5109,165,-12.90411376953125,-0.07820675011837121
5110,163,-21.934326171875,-0.13456641823236196
5111,161,-4.030609130859375,-0.02503483932210792
5113,174,-4.8125,-0.027658045977011495
5114,159,-14.614471435546875,-0.09191491468897406
5115,150,-10.9725341796875,-0.07315022786458333
5117,159,-17.79541015625,-0.1119208185927673
5118,160,-7.4666748046875,-0.046666717529296874
5119,170,-2.266845703125,-0.013334386488970588
5121,160,-8.36529541015625,-0.052283096313476565
5123,164,-2.36700439453125,-0.014432953625190549
5124,160,-3.2847900390625,-0.020529937744140626
5125,166,-3.700469970703125,-0.02229198777532003
5127,161,-2.378631591796875,-0.0147741092658191
5128,159,-4.9954833984375,-0.031418134581367926
5130,162,-7.001617431640625,-0.04321986068913966
5131,163,-13.45013427734375,-0.08251616121069785
5132,162,-7.267578125,-0.04486159336419753
5133,167,-5.57037353515625,-0.03335553015063623
5135,151,-5.565032958984375,-0.03685452290718129
5137,168,0.1314697265625,0.0007825578962053571
5140,158,-1.646697998046875,-0.010422139228144778
5141,161,-7.03106689453125,-0.04367122294739907
5147,155,-4.096405029296875,-0.026428419543850806
5148,173,-2.695404052734375,-0.015580370247019509
5149,167,-10.93798828125,-0.06549693581586827
5150,165,-4.5849609375,-0.027787642045454544
5151,160,-10.42596435546875,-0.06516227722167969
5154,158,-14.76177978515625,-0.09342898598200158
5155,166,-5.40386962890625,-0.032553431499435244
5156,144,-21.08575439453125,-0.14642884996202257
5157,147,-3.115997314453125,-0.021197260642538265
5158,165,-2.5477294921875,-0.015440784801136363
5159,151,-3.67596435546875,-0.024344134804428808
5162,160,1.85931396484375,0.011620712280273438
5163,153,-8.0052490234375,-0.052321889042075166
5164,156,-4.5220947265625,-0.028987786708733976
5165,160,-1.032928466796875,-0.006455802917480468
5166,160,1.85931396484375,0.011620712280273438
5167,165,-4.07733154296875,-0.024711100260416667
5169,166,-12.0450439453125,-0.07256050569465361
5170,156,-5.901611328125,-0.03783084184695513
5176,153,0.195587158203125,0.001278347439236111
5177,158,-0.53125,-0.003362341772151899
5180,160,-7.76007080078125,-0.048500442504882814
5182,153,0.195587158203125,0.001278347439236111
5186,141,-8.15838623046875,-0.05786089525155142
5189,148,-15.671142578125,-0.1058860985008446
5191,155,0.291259765625,0.001879095262096774
5192,150,-1.322723388671875,-0.008818155924479166
5193,151,-5.8070068359375,-0.03845699891349338
5194,144,1.994537353515625,0.013850953843858507
5199,156,-2.344970703125,-0.015031863481570512
5201,156,-8.846588134765625,-0.056708898299779646
5202,148,-14.79766845703125,-0.09998424633129223
5209,147,-1.100860595703125,-0.007488847589817177
5211,146,-3.7928466796875,-0.025978401915667807
5212,147,5.002532958984375,0.03403083645567602
5215,156,-5.7164306640625,-0.03664378630809295
5216,154,-4.955169677734375,-0.032176426478794644
5217,152,-1.681304931640625,-0.011061216655530427
5220,145,-3.399078369140625,-0.023441919787176725
5224,159,-4.7493896484375,-0.02987037514740566
5225,141,1.0888671875,0.007722462322695036
5228,142,-8.76422119140625,-0.06171986754511444
5235,144,-9.67413330078125,-0.06718148125542535
5239,146,-6.2674560546875,-0.042927781196489725
5253,146,1.174957275390625,0.008047652571168665
5257,139,-2.909912109375,-0.020934619491906475
5258,143,-4.29736328125,-0.030051491477272728
5259,143,-5.06585693359375,-0.035425572962194056
5260,142,-24.39111328125,-0.1717684033890845
5261,150,0.2835693359375,0.0018904622395833333
5262,143,-6.448760986328125,-0.04509623067362325
5264,144,-8.9920654296875,-0.0624448988172743
5267,147,-5.915435791015625,-0.040241059802827384
5271,136,2.63104248046875,0.019345900591681984
5276,143,-2.287322998046875,-0.015995265720607516
5278,148,-3.1580810546875,-0.02133838550464527
5279,141,-13.40313720703125,-0.09505771068816489
5283,138,-12.079864501953125,-0.08753525001415308
5287,139,-5.826202392578125,-0.04191512512646133
5289,131,1.344329833984375,0.010262059801407443
5292,137,-2.93878173828125,-0.021450961593293797
5293,139,-4.760833740234375,-0.03425060244772932
5296,142,5.149932861328125,0.0362671328262544
5299,134,-1.11273193359375,-0.008303969653684701
5305,144,-4.65032958984375,-0.03229395548502604
5307,137,-3.03271484375,-0.022136604698905108
5314,135,0.1998291015625,0.0014802155671296297
5320,134,1.875274658203125,0.013994587001515858
5323,134,-0.400299072265625,-0.0029873065094449627
5325,132,0.834808349609375,0.006324305678858902
5326,127,-2.794158935546875,-0.022001251460999016
5332,135,2.865203857421875,0.021223732277199075
5337,131,-5.036376953125,-0.038445625596374045
5340,136,4.2275390625,0.03108484604779412
5342,131,-4.494171142578125,-0.03430664994334447
5346,135,7.158111572265625,0.05302304868344907
5347,138,9.9071044921875,0.07179061226222826
5349,130,-2.87994384765625,-0.022153414212740384
5352,134,4.321502685546875,0.032250020041394586
5353,132,-9.53350830078125,-0.07222354773319128
5354,134,2.098724365234375,0.015662122128614737
5363,136,11.38189697265625,0.08369041891659007
5375,131,1.68841552734375,0.012888668147662213
5381,136,-0.110198974609375,-0.0008102865780101103
5383,134,7.298095703125,0.054463400769589554
5384,131,-1.7694091796875,-0.013506940302958015
5385,132,-1.353363037109375,-0.010252750281131628
5387,132,-5.5389404296875,-0.041961669921875
5388,129,1.334930419921875,0.010348297828851744
5390,132,-11.72454833984375,-0.0888223359079072
5391,130,0.27691650390625,0.002130126953125
5392,133,-8.7017822265625,-0.06542693403430451
5393,131,9.117950439453125,0.06960267511032919
5399,134,5.78497314453125,0.04317144137709888
5400,133,2.642608642578125,0.019869237914121242
5401,129,-1.576171875,-0.012218386627906976
5403,133,-0.6571044921875,-0.004940635279605263
5410,131,-5.33538818359375,-0.04072815407323473
5411,135,3.20538330078125,0.023743580005787038
5412,131,6.327850341796875,0.048304201082418896
5413,132,-4.264556884765625,-0.032307249127012314
5415,129,-3.96099853515625,-0.03070541500121124
5417,130,-2.993743896484375,-0.023028799203725962
5418,128,-0.74615478515625,-0.005829334259033203
5420,129,-2.78741455078125,-0.021607864734738372
5421,130,-2.2359619140625,-0.01719970703125
5428,131,0.861053466796875,0.006572927227457061
5430,128,4.965728759765625,0.038794755935668945
5431,129,-4.913421630859375,-0.03808853977410368
5433,130,-1.295684814453125,-0.009966806265024039
5434,133,-2.111968994140625,-0.01587946612135808
5451,133,-7.3929443359375,-0.05558604763862782
5452,130,7.669677734375,0.05899752103365385
5454,128,-17.163421630859375,-0.13408923149108887
5455,131,-2.21600341796875,-0.016916056625715648
5457,132,-2.61865234375,-0.019838275331439392
5460,132,3.662994384765625,0.027749957460345642
5464,128,1.23211669921875,0.009625911712646484
5466,128,-3.725830078125,-0.029108047485351562
5468,131,5.44244384765625,0.04154537288287214
5471,125,-7.2916259765625,-0.0583330078125
5473,131,14.12286376953125,0.10780812037810114
5474,129,-1.1767578125,-0.009122153585271318
5475,130,3.358551025390625,0.025835007887620193
5476,129,7.8114013671875,0.060553498970445735
5477,130,0.936279296875,0.0072021484375
5478,127,6.402984619140625,0.05041720172551673
5479,128,4.857513427734375,0.037949323654174805
5481,129,4.457977294921875,0.03455796352652616
5488,130,-6.557952880859375,-0.05044579139122596
5492,129,1.67413330078125,0.012977777525436046
5493,124,-4.68701171875,-0.03779848160282258
5496,131,7.997344970703125,0.06104843489086355
5497,125,1.14605712890625,0.00916845703125
5498,123,-9.990264892578125,-0.08122166579331809
5499,126,-6.558685302734375,-0.052053057958209324
5504,129,1.071014404296875,0.008302437242611434
5507,127,-3.73126220703125,-0.029380017378198817
5509,128,1.980987548828125,0.015476465225219727
5510,127,-3.066497802734375,-0.024145651990034447
5511,126,0.150665283203125,0.0011957562158978175
5512,126,-8.056365966796875,-0.06393941243489583
5514,127,-5.943328857421875,-0.04679786501906988
5516,128,-7.34039306640625,-0.05734682083129883
5517,123,-7.66754150390625,-0.062337735804115856
5519,125,-8.1334228515625,-0.0650673828125
5520,124,0.197601318359375,0.0015935590190272178
5521,128,-5.8206787109375,-0.04547405242919922
5522,126,-3.80621337890625,-0.030208042689732144
5523,130,0.18212890625,0.0014009915865384615
5524,126,3.71392822265625,0.029475620814732144
5525,129,7.931396484375,0.061483693677325583
5533,124,-3.52142333984375,-0.028398575321320566
5535,126,1.626129150390625,0.012905786907862104
5538,124,-11.596099853515625,-0.09351693430254536
5542,126,2.25054931640625,0.017861502511160716
5543,127,0.31781005859375,0.00250244140625
5544,125,3.12359619140625,0.02498876953125
5545,126,-4.388214111328125,-0.03482709612165179
5549,127,0.3414306640625,0.0026884304256889766
5551,126,-1.42657470703125,-0.011322021484375
5552,127,-7.2598876953125,-0.05716447004183071
5553,127,4.322265625,0.034033587598425195
5554,128,8.3455810546875,0.0651998519897461
5555,126,-2.58685302734375,-0.020530579582093252
5556,124,6.786285400390625,0.05472810806766633
5559,127,-1.524810791015625,-0.012006384181225394
5560,126,-1.496246337890625,-0.01187497093563988
5570,130,1.64190673828125,0.012630051832932693
5571,125,3.06134033203125,0.02449072265625
5572,124,0.70343017578125,0.005672823998235887
5573,127,-6.240753173828125,-0.049139788770300195
5574,122,1.97021484375,0.01614930199795082
5575,124,0.63629150390625,0.0051313830960181455
5578,123,-8.180419921875,-0.06650747903963415
5579,124,1.551025390625,0.012508269279233871
5580,127,-1.573883056640625,-0.012392779973548228
5583,125,6.412689208984375,0.051301513671875
5588,123,3.179931640625,0.025853102769308942
5590,126,-3.161956787109375,-0.025094895135788692
5594,127,1.50030517578125,0.011813426580954724
5595,125,-1.66357421875,-0.01330859375
5600,124,5.34326171875,0.0430908203125
5604,126,0.2093505859375,0.0016615125868055555
5606,123,-2.997283935546875,-0.02436816207761687
5608,126,-4.051177978515625,-0.032152206178695436
5617,123,2.872314453125,0.023352150025406505
5624,120,-3.28680419921875,-0.027390034993489583
5627,122,-1.28582763671875,-0.01053957079277664
5633,123,3.57952880859375,0.029101860232469513
5638,125,-3.0677490234375,-0.0245419921875
5639,125,13.008148193359375,0.104065185546875
5640,121,2.427490234375,0.020061902763429753
5641,122,1.16925048828125,0.00958402039574795
5646,123,3.369903564453125,0.027397589954903455
5649,124,-0.07940673828125,-0.0006403769216229839
5661,123,-0.8477783203125,-0.006892506669207317
5696,118,-4.80743408203125,-0.040740966796875
5699,120,3.86944580078125,0.03224538167317708
5707,121,-8.104583740234375,-0.06698003091102789
5709,122,-1.014984130859375,-0.008319542056224385
5737,114,0.51361083984375,0.004505358244243421
6143,1194,45.26171875,0.0379076371440536
7019,1287,39.593505859375,0.030764184816919192
7947,1129,36.72314453125,0.03252714307462356
